Naa	Frame	2_bonds	no_bonds	303_350
324	0	213.70068359375	221.77810668945313	218.83103942871094
325	0	238.97592163085938	237.95252990722656	238.09579467773438
326	0	223.84326171875	219.8436279296875	219.6729736328125
327	0	282.0029602050781	284.8140563964844	275.4098815917969
328	0	250.57217407226563	239.8990478515625	253.48028564453125
329	0	362.3724670410156	352.8152160644531	346.7343444824219
330	0	241.7654266357422	233.0674591064453	245.4071502685547
331	0	244.34152221679688	246.6371307373047	244.0429229736328
332	0	180.1454620361328	183.95233154296875	181.90274047851563
333	0	278.0229187011719	289.4271240234375	273.4505310058594
334	0	286.06158447265625	287.0603942871094	284.73712158203125
335	0	255.20138549804688	255.32150268554688	264.92144775390625
336	0	363.3045654296875	363.48077392578125	342.4708251953125
337	0	241.13607788085938	242.8350830078125	240.92347717285156
338	0	283.6018981933594	288.6756896972656	280.57464599609375
324	1	216.2408447265625	228.1872100830078	216.29037475585938
325	1	238.5712890625	246.09202575683594	247.81361389160156
326	1	229.7388916015625	224.87745666503906	220.71322631835938
327	1	284.0392150878906	283.333984375	284.1570739746094
328	1	244.5516357421875	242.2364044189453	241.04409790039063
329	1	343.014404296875	342.1885986328125	344.4862060546875
330	1	245.64187622070313	236.9364013671875	240.04632568359375
331	1	247.48916625976563	252.3538055419922	246.1246795654297
332	1	181.91104125976563	187.23492431640625	185.25747680664063
333	1	267.41693115234375	282.2628173828125	273.4530334472656
334	1	291.1427001953125	283.001953125	286.801025390625
335	1	261.8082580566406	259.292236328125	264.4014587402344
336	1	348.733154296875	368.9853820800781	355.1633605957031
337	1	241.5736541748047	240.69725036621094	241.95968627929688
338	1	290.87957763671875	286.007080078125	283.46087646484375
324	2	222.49664306640625	224.38287353515625	219.54583740234375
325	2	242.8916015625	242.5553436279297	246.82765197753906
326	2	222.4157257080078	226.30751037597656	231.36273193359375
327	2	285.3036193847656	276.8808898925781	280.0704650878906
328	2	245.03970336914063	247.2071533203125	243.38723754882813
329	2	358.60052490234375	352.82373046875	350.7781677246094
330	2	241.3343963623047	248.3660125732422	241.43466186523438
331	2	244.84617614746094	250.44097900390625	251.8368377685547
332	2	184.5595245361328	178.84609985351563	180.52723693847656
333	2	269.3377990722656	271.1430969238281	272.54974365234375
334	2	292.6700134277344	287.4208068847656	281.68402099609375
335	2	261.5202331542969	250.35528564453125	259.351318359375
336	2	358.25445556640625	367.56585693359375	353.6264953613281
337	2	245.42599487304688	246.29283142089844	241.8305206298828
338	2	308.9537658691406	291.11102294921875	293.750244140625
324	3	219.79135131835938	225.1478729248047	218.91171264648438
325	3	246.20989990234375	246.5667724609375	246.81307983398438
326	3	227.27059936523438	224.06768798828125	224.73321533203125
327	3	276.0723571777344	279.63140869140625	276.5347900390625
328	3	240.43890380859375	249.02099609375	248.31649780273438
329	3	351.8139343261719	353.8056640625	344.41180419921875
330	3	243.67196655273438	238.4287872314453	240.99937438964844
331	3	240.7613525390625	247.066650390625	245.85501098632813
332	3	183.28504943847656	184.27450561523438	180.16204833984375
333	3	279.19537353515625	279.2830810546875	275.0200500488281
334	3	288.833251953125	276.8670654296875	283.8459167480469
335	3	258.0408935546875	251.54306030273438	254.42929077148438
336	3	365.0324401855469	358.7465515136719	355.6056823730469
337	3	243.13238525390625	244.8361358642578	236.9306182861328
338	3	295.2773132324219	302.02294921875	286.0631408691406
324	4	216.93353271484375	221.435791015625	212.0645294189453
325	4	242.43319702148438	243.4091033935547	239.76361083984375
326	4	223.664306640625	219.8451385498047	228.68508911132813
327	4	284.5343017578125	283.25885009765625	286.30340576171875
328	4	239.6806640625	240.01768493652344	239.17799377441406
329	4	352.0572204589844	341.4952087402344	350.6387023925781
330	4	234.01824951171875	248.26119995117188	248.8061065673828
331	4	240.9860382080078	249.08279418945313	252.50613403320313
332	4	187.054931640625	181.47850036621094	176.69874572753906
333	4	269.1123352050781	274.1434326171875	263.7955322265625
334	4	274.3027648925781	286.71405029296875	279.8789367675781
335	4	261.75372314453125	259.0607604980469	256.705322265625
336	4	348.4049072265625	367.584228515625	356.553466796875
337	4	238.94027709960938	244.88766479492188	241.39370727539063
338	4	286.9191589355469	290.57220458984375	294.5175476074219
324	5	213.54965209960938	214.34585571289063	215.00054931640625
325	5	243.36212158203125	240.83074951171875	253.392822265625
326	5	218.88656616210938	221.4652099609375	227.3766632080078
327	5	280.7928161621094	280.0827941894531	284.7102355957031
328	5	244.39556884765625	250.03485107421875	250.2776336669922
329	5	345.4337463378906	350.0536193847656	347.7913818359375
330	5	240.8659210205078	256.22406005859375	246.35089111328125
331	5	247.40618896484375	250.45806884765625	252.6272735595703
332	5	189.63507080078125	183.88671875	178.31881713867188
333	5	275.16558837890625	277.97894287109375	276.0904846191406
334	5	281.73651123046875	283.7197265625	282.13739013671875
335	5	256.6613464355469	255.1659393310547	256.03704833984375
336	5	345.1278991699219	366.0983581542969	351.4593200683594
337	5	238.68966674804688	240.3823699951172	239.20465087890625
338	5	288.34619140625	292.0577697753906	293.4996643066406
324	6	217.12954711914063	225.3901824951172	213.37396240234375
325	6	243.37393188476563	242.68252563476563	250.00242614746094
326	6	225.15342712402344	227.47244262695313	222.8492431640625
327	6	280.3368835449219	285.808837890625	277.3634338378906
328	6	246.2596435546875	247.6178436279297	247.3463897705078
329	6	353.27386474609375	357.5791320800781	343.4982604980469
330	6	233.1949005126953	247.27200317382813	241.66815185546875
331	6	247.42730712890625	249.5454864501953	240.90762329101563
332	6	180.31838989257813	183.17120361328125	184.7165985107422
333	6	274.59832763671875	272.4027404785156	274.5611267089844
334	6	281.328125	283.8492126464844	280.013427734375
335	6	254.98272705078125	253.6444091796875	254.5325927734375
336	6	359.2132568359375	373.1123962402344	349.53204345703125
337	6	245.05804443359375	238.6650390625	242.00794982910156
338	6	294.2742614746094	302.9013366699219	301.53485107421875
324	7	218.71792602539063	224.63494873046875	215.006591796875
325	7	235.93362426757813	244.85650634765625	242.30401611328125
326	7	226.874267578125	228.85372924804688	219.43699645996094
327	7	277.8323974609375	284.10955810546875	276.98822021484375
328	7	246.135986328125	245.53758239746094	249.5037841796875
329	7	357.5308532714844	347.7158203125	341.6542053222656
330	7	242.4419708251953	248.22756958007813	246.74899291992188
331	7	245.5797882080078	247.79373168945313	242.8888397216797
332	7	182.5187530517578	180.25302124023438	180.51742553710938
333	7	274.3178405761719	277.96484375	272.132080078125
334	7	283.1882019042969	285.1518249511719	287.9825134277344
335	7	258.99615478515625	245.4928436279297	263.30694580078125
336	7	361.1690979003906	365.9664306640625	351.4897155761719
337	7	239.4788360595703	245.15280151367188	238.9231414794922
338	7	295.8726806640625	298.64306640625	293.6396484375
324	8	212.3470458984375	222.60397338867188	220.18893432617188
325	8	244.42672729492188	237.6675262451172	239.023193359375
326	8	224.2292938232422	227.10147094726563	216.52357482910156
327	8	281.4847106933594	288.533447265625	286.04351806640625
328	8	243.4093475341797	248.6497802734375	238.85630798339844
329	8	345.4882507324219	341.7132873535156	346.63079833984375
330	8	239.689208984375	241.13861083984375	240.6072998046875
331	8	243.9027099609375	251.8946533203125	243.65188598632813
332	8	184.90158081054688	182.20960998535156	188.45559692382813
333	8	274.97906494140625	279.4501953125	277.00506591796875
334	8	271.3273010253906	290.1260986328125	282.6053771972656
335	8	266.75213623046875	254.2664337158203	262.95233154296875
336	8	346.1711120605469	363.60064697265625	351.54351806640625
337	8	238.98924255371094	248.9722137451172	239.70150756835938
338	8	287.8066101074219	298.7762756347656	276.3437805175781
324	9	212.54910278320313	221.27114868164063	219.88108825683594
325	9	242.61390686035156	238.1885223388672	238.24684143066406
326	9	227.14471435546875	222.83718872070313	219.83181762695313
327	9	281.7320251464844	277.1915283203125	286.48236083984375
328	9	235.206787109375	243.84136962890625	243.78912353515625
329	9	352.669189453125	352.21051025390625	343.1343688964844
330	9	238.02392578125	243.2733612060547	237.7645263671875
331	9	251.91476440429688	250.27659606933594	251.39224243164063
332	9	180.8494415283203	187.49603271484375	184.62814331054688
333	9	270.34814453125	274.19342041015625	280.8702087402344
334	9	278.3267822265625	287.5776062011719	286.1119079589844
335	9	265.2511901855469	255.4552001953125	258.4610900878906
336	9	349.5919189453125	363.341796875	355.1738586425781
337	9	243.62850952148438	244.7567138671875	240.85812377929688
338	9	298.60565185546875	295.3984375	285.7992248535156
324	10	211.78858947753906	223.52383422851563	224.3454132080078
325	10	243.60186767578125	245.80877685546875	236.880615234375
326	10	219.48875427246094	225.9038848876953	216.987548828125
327	10	280.8169250488281	271.37481689453125	279.1114196777344
328	10	241.516357421875	241.95968627929688	244.3226776123047
329	10	349.7158508300781	359.30645751953125	346.8326110839844
330	10	235.89892578125	254.083984375	241.67572021484375
331	10	242.99464416503906	251.8624725341797	241.9820556640625
332	10	181.62753295898438	182.21188354492188	182.73110961914063
333	10	278.4878845214844	272.654296875	285.8389892578125
334	10	282.5882568359375	288.8973693847656	274.8996887207031
335	10	264.0546569824219	260.3852844238281	261.23297119140625
336	10	344.0330505371094	363.0761413574219	349.24664306640625
337	10	240.27227783203125	245.2882843017578	244.5523681640625
338	10	299.8836364746094	300.487060546875	293.0404968261719
324	11	216.71963500976563	220.64686584472656	223.99203491210938
325	11	243.83810424804688	247.4702911376953	237.93214416503906
326	11	221.2012939453125	225.47714233398438	219.91854858398438
327	11	281.01873779296875	276.3493347167969	286.7972412109375
328	11	240.3775634765625	251.96481323242188	245.35614013671875
329	11	344.21246337890625	358.5813903808594	343.312744140625
330	11	239.23655700683594	247.09532165527344	234.78179931640625
331	11	241.31326293945313	247.425048828125	243.13865661621094
332	11	187.18186950683594	178.67770385742188	181.96934509277344
333	11	281.814208984375	272.9169616699219	280.61181640625
334	11	289.9911193847656	297.5880432128906	276.6979064941406
335	11	256.42584228515625	255.26571655273438	252.84292602539063
336	11	353.4344787597656	359.4093017578125	352.9448547363281
337	11	239.68743896484375	242.84210205078125	237.06507873535156
338	11	304.04132080078125	284.3857727050781	286.35394287109375
324	12	213.62351989746094	221.67306518554688	217.7968292236328
325	12	241.87774658203125	242.33444213867188	246.86334228515625
326	12	220.85523986816406	221.66200256347656	219.83258056640625
327	12	287.47357177734375	287.543212890625	287.227783203125
328	12	239.4147491455078	248.15969848632813	244.80899047851563
329	12	340.70294189453125	351.89434814453125	349.48187255859375
330	12	234.71240234375	243.73077392578125	240.71864318847656
331	12	243.99642944335938	253.33551025390625	245.3035888671875
332	12	182.88417053222656	186.52993774414063	189.37698364257813
333	12	267.8899230957031	272.0320129394531	274.35955810546875
334	12	283.24951171875	291.0316162109375	279.7945251464844
335	12	261.29833984375	260.2259216308594	255.15789794921875
336	12	354.7383728027344	360.2486877441406	351.3672790527344
337	12	240.3883819580078	244.1263885498047	245.94398498535156
338	12	290.1813659667969	292.4405822753906	293.8371887207031
324	13	218.65611267089844	217.5490264892578	220.62803649902344
325	13	240.96142578125	239.9221954345703	243.44253540039063
326	13	221.82159423828125	224.06039428710938	217.53518676757813
327	13	281.259765625	277.0563049316406	287.34515380859375
328	13	243.2117919921875	247.6781463623047	243.130126953125
329	13	340.3827819824219	345.4945373535156	346.462158203125
330	13	238.64794921875	249.30824279785156	236.30859375
331	13	241.295166015625	239.9060821533203	237.82687377929688
332	13	183.12142944335938	184.47808837890625	181.85699462890625
333	13	281.9215087890625	279.0955810546875	272.4477233886719
334	13	286.8977966308594	292.6544189453125	285.7904357910156
335	13	256.1810607910156	257.2313537597656	263.757080078125
336	13	359.5037536621094	361.02880859375	357.25238037109375
337	13	240.42633056640625	245.70272827148438	245.60243225097656
338	13	296.79705810546875	299.7227783203125	294.11663818359375
324	14	213.90628051757813	218.64505004882813	227.7161865234375
325	14	244.44281005859375	244.30157470703125	247.19862365722656
326	14	223.3938751220703	217.99761962890625	222.73916625976563
327	14	282.50384521484375	287.107177734375	281.5040283203125
328	14	244.2919921875	244.97711181640625	242.61941528320313
329	14	342.3936462402344	349.9292297363281	342.0852966308594
330	14	234.38217163085938	243.02029418945313	245.2176513671875
331	14	251.949462890625	249.99990844726563	246.55746459960938
332	14	186.8604278564453	184.3262939453125	182.36041259765625
333	14	277.6190490722656	268.14349365234375	264.7950744628906
334	14	291.9120178222656	287.0775146484375	285.443115234375
335	14	260.72052001953125	259.78204345703125	250.600830078125
336	14	350.77691650390625	358.203369140625	371.80474853515625
337	14	241.89556884765625	245.6476593017578	246.32725524902344
338	14	302.0706481933594	296.4291076660156	306.5428161621094
324	15	216.12045288085938	210.9315643310547	219.79563903808594
325	15	240.91970825195313	245.2749481201172	241.42837524414063
326	15	226.02403259277344	221.43077087402344	225.67369079589844
327	15	287.3642578125	285.5338439941406	286.0113830566406
328	15	249.6744384765625	246.20233154296875	245.45138549804688
329	15	344.55810546875	339.7630310058594	357.144775390625
330	15	246.37551879882813	239.35491943359375	240.06695556640625
331	15	247.80557250976563	245.24655151367188	243.79385375976563
332	15	182.37899780273438	184.142578125	184.73797607421875
333	15	269.6022033691406	280.1695251464844	273.5022888183594
334	15	289.01068115234375	288.8458251953125	282.72601318359375
335	15	252.43978881835938	262.7678527832031	257.48468017578125
336	15	360.29241943359375	358.4791259765625	365.2401123046875
337	15	241.4980010986328	241.16900634765625	236.79490661621094
338	15	292.111083984375	292.7499694824219	304.1665344238281
324	16	224.8468017578125	219.44000244140625	224.4703369140625
325	16	232.40069580078125	243.63052368164063	249.49952697753906
326	16	225.78526306152344	217.269287109375	220.42343139648438
327	16	286.48211669921875	283.1595764160156	281.5973205566406
328	16	247.6256103515625	247.49795532226563	248.2421417236328
329	16	348.80633544921875	347.44183349609375	343.91595458984375
330	16	237.76251220703125	229.2435302734375	243.9811248779297
331	16	245.68685913085938	246.1573486328125	247.56980895996094
332	16	185.30947875976563	186.62115478515625	179.85064697265625
333	16	276.3207092285156	280.5063171386719	270.4991760253906
334	16	284.2364807128906	286.02264404296875	285.1319885253906
335	16	261.06634521484375	260.61749267578125	263.0739440917969
336	16	354.57098388671875	347.7723388671875	368.0019226074219
337	16	238.6605224609375	245.3998565673828	242.84109497070313
338	16	307.8009338378906	304.5633544921875	300.79290771484375
324	17	220.31585693359375	219.70037841796875	224.25015258789063
325	17	239.36903381347656	239.98802185058594	245.58534240722656
326	17	226.08685302734375	222.97769165039063	219.8926239013672
327	17	287.57135009765625	280.6477966308594	288.7508239746094
328	17	245.83316040039063	249.36856079101563	246.87013244628906
329	17	349.4408874511719	344.2414245605469	344.1521911621094
330	17	241.9878387451172	239.9407958984375	233.0705108642578
331	17	241.25421142578125	241.14187622070313	249.15542602539063
332	17	186.87777709960938	184.54595947265625	185.82821655273438
333	17	285.0552978515625	272.720947265625	271.78948974609375
334	17	279.577880859375	270.5074462890625	277.1995544433594
335	17	258.8959045410156	270.7939758300781	262.3468933105469
336	17	354.0753479003906	352.037109375	352.72369384765625
337	17	246.160888671875	244.88314819335938	240.14788818359375
338	17	305.9454040527344	296.3107604980469	308.939208984375
324	18	220.13693237304688	221.30560302734375	218.1725616455078
325	18	238.20864868164063	244.81777954101563	247.98931884765625
326	18	224.58090209960938	220.98263549804688	221.65744018554688
327	18	293.37298583984375	281.82098388671875	288.5128479003906
328	18	240.51004028320313	242.54705810546875	242.3155517578125
329	18	344.1119689941406	346.85321044921875	344.2801208496094
330	18	242.369873046875	240.39039611816406	236.36891174316406
331	18	242.32662963867188	248.45751953125	247.42050170898438
332	18	180.2819366455078	181.75848388671875	181.69491577148438
333	18	272.26324462890625	274.64459228515625	277.8701171875
334	18	283.010986328125	285.3596496582031	283.1668395996094
335	18	256.7902526855469	263.3363342285156	260.6798400878906
336	18	349.80328369140625	345.6290283203125	361.10675048828125
337	18	243.49984741210938	240.65155029296875	244.14273071289063
338	18	301.9842224121094	296.67340087890625	310.2061462402344
324	19	222.18902587890625	218.12730407714844	218.45277404785156
325	19	242.310546875	244.6946563720703	242.3894805908203
326	19	224.84051513671875	217.56207275390625	227.522705078125
327	19	283.3410339355469	288.5294189453125	284.8818664550781
328	19	240.03326416015625	247.45196533203125	246.4413604736328
329	19	348.35235595703125	338.4106140136719	349.52508544921875
330	19	237.37774658203125	241.14564514160156	240.1269989013672
331	19	244.07308959960938	250.82223510742188	247.08023071289063
332	19	187.25375366210938	183.3501434326172	181.91329956054688
333	19	281.3396911621094	274.54278564453125	283.6119079589844
334	19	275.7195129394531	282.2962646484375	285.3681640625
335	19	262.7962341308594	256.1684875488281	260.8605041503906
336	19	349.220703125	353.66241455078125	360.4769592285156
337	19	237.6536865234375	244.71072387695313	238.84902954101563
338	19	305.81695556640625	299.98492431640625	288.17626953125
324	20	216.33836364746094	220.22061157226563	219.45985412597656
325	20	246.8261260986328	240.49267578125	250.5048370361328
326	20	231.2264862060547	224.0008544921875	221.32972717285156
327	20	281.7576599121094	279.68719482421875	282.5123596191406
328	20	243.8778076171875	242.58299255371094	247.63818359375
329	20	343.1461486816406	339.282470703125	354.7964172363281
330	20	241.1262969970703	245.28700256347656	239.63064575195313
331	20	244.74993896484375	255.26922607421875	247.98599243164063
332	20	180.81549072265625	180.3319549560547	180.43048095703125
333	20	277.587646484375	279.4562072753906	284.96710205078125
334	20	280.19537353515625	281.24920654296875	286.6861877441406
335	20	256.2182312011719	261.40264892578125	259.0615234375
336	20	353.343505859375	356.982666015625	367.6216125488281
337	20	244.73788452148438	246.31947326660156	246.417236328125
338	20	297.5832214355469	301.605224609375	295.3097229003906
324	21	215.911865234375	220.061279296875	218.01724243164063
325	21	246.11212158203125	243.87631225585938	244.19577026367188
326	21	228.3105926513672	218.06448364257813	223.9410400390625
327	21	284.9060363769531	284.803466796875	281.771728515625
328	21	245.92562866210938	245.88668823242188	253.6308135986328
329	21	347.0243835449219	344.9242858886719	350.95916748046875
330	21	241.66439819335938	238.9445343017578	255.50320434570313
331	21	248.72943115234375	247.13653564453125	246.89625549316406
332	21	183.78042602539063	187.26708984375	180.26585388183594
333	21	269.2966003417969	275.6433410644531	283.6675109863281
334	21	266.46539306640625	281.9700012207031	288.6307067871094
335	21	255.77439880371094	255.98599243164063	250.6407928466797
336	21	369.4407653808594	352.4444580078125	375.07147216796875
337	21	250.4339599609375	243.31484985351563	241.88229370117188
338	21	304.6120910644531	302.749755859375	295.9159240722656
324	22	226.30853271484375	226.4075469970703	221.80072021484375
325	22	245.80776977539063	244.9115447998047	250.63702392578125
326	22	228.7582244873047	220.49105834960938	229.06307983398438
327	22	281.2270812988281	284.85125732421875	274.2768859863281
328	22	246.7208251953125	250.59230041503906	244.09017944335938
329	22	355.0426940917969	354.0147399902344	343.25140380859375
330	22	230.03294372558594	247.28282165527344	242.4085693359375
331	22	252.75997924804688	247.4793243408203	245.12893676757813
332	22	183.54391479492188	182.41970825195313	182.92062377929688
333	22	280.4452209472656	271.9671936035156	275.6390686035156
334	22	294.2333068847656	290.0984802246094	281.26177978515625
335	22	260.49786376953125	261.6328430175781	249.93780517578125
336	22	364.26971435546875	366.739013671875	364.80352783203125
337	22	239.46200561523438	249.92050170898438	244.10903930664063
338	22	303.03125	292.9660949707031	287.5892028808594
324	23	215.586669921875	223.86788940429688	220.12637329101563
325	23	239.91539001464844	248.20042419433594	244.30007934570313
326	23	229.02890014648438	226.14390563964844	223.0533447265625
327	23	277.0037841796875	278.5321044921875	286.25640869140625
328	23	246.11236572265625	247.9101104736328	248.19285583496094
329	23	347.95556640625	347.9075622558594	349.3207702636719
330	23	236.6219940185547	242.18765258789063	243.98489379882813
331	23	248.86614990234375	251.64410400390625	246.50094604492188
332	23	186.61915588378906	187.25376892089844	180.702392578125
333	23	265.1268310546875	272.3089904785156	272.3152770996094
334	23	284.9188537597656	287.1606750488281	289.2818603515625
335	23	264.2056884765625	255.17776489257813	251.10296630859375
336	23	351.5467224121094	373.72613525390625	363.2269287109375
337	23	246.3740234375	243.02609252929688	248.34869384765625
338	23	288.5176086425781	301.8146057128906	303.6382141113281
324	24	222.4559326171875	220.67425537109375	219.9006805419922
325	24	238.96539306640625	237.37774658203125	250.11651611328125
326	24	233.33212280273438	221.57501220703125	222.86509704589844
327	24	277.79998779296875	283.39501953125	281.3912353515625
328	24	242.66592407226563	245.349853515625	247.4031982421875
329	24	349.6854248046875	346.8841552734375	351.74456787109375
330	24	233.78050231933594	248.05764770507813	247.937255859375
331	24	248.78924560546875	250.1386260986328	246.90127563476563
332	24	185.29766845703125	180.84263610839844	184.87545776367188
333	24	270.79400634765625	278.24407958984375	274.8295593261719
334	24	282.0893859863281	288.1333312988281	285.5386047363281
335	24	263.5738525390625	250.61288452148438	257.2421569824219
336	24	372.2021179199219	365.7131042480469	358.0767517089844
337	24	251.30633544921875	244.6343231201172	237.14852905273438
338	24	296.41229248046875	312.75360107421875	283.74664306640625
324	25	215.2330322265625	228.86074829101563	226.51010131835938
325	25	244.06558227539063	244.34832763671875	248.3685302734375
326	25	226.4334259033203	218.79583740234375	230.43710327148438
327	25	287.55780029296875	286.11968994140625	280.7400207519531
328	25	244.87811279296875	245.52603149414063	252.95123291015625
329	25	342.96795654296875	349.5605163574219	360.89990234375
330	25	233.6686553955078	250.06021118164063	248.0521240234375
331	25	251.12582397460938	245.68463134765625	246.2767333984375
332	25	182.92767333984375	183.9068145751953	184.62913513183594
333	25	273.4771728515625	277.0462646484375	274.3316955566406
334	25	280.4052734375	284.04119873046875	283.470947265625
335	25	259.6325378417969	256.52532958984375	251.61996459960938
336	25	358.450439453125	363.05047607421875	361.0247802734375
337	25	242.1969451904297	239.33860778808594	237.11009216308594
338	25	288.4527587890625	301.3790283203125	293.1419982910156
324	26	216.04354858398438	218.34320068359375	220.65869140625
325	26	245.56423950195313	239.09432983398438	241.53895568847656
326	26	220.91580200195313	219.66970825195313	231.10159301757813
327	26	277.7882080078125	288.1177673339844	285.7816467285156
328	26	244.23846435546875	250.69583129882813	248.9508819580078
329	26	346.2560729980469	350.27606201171875	346.9178161621094
330	26	231.97018432617188	242.9725341796875	245.20358276367188
331	26	248.87750244140625	250.36280822753906	247.58389282226563
332	26	179.56640625	184.28683471679688	182.0651092529297
333	26	275.77880859375	274.12786865234375	274.6020812988281
334	26	286.3785400390625	289.52642822265625	282.76873779296875
335	26	258.8699951171875	252.62026977539063	252.7901611328125
336	26	352.6538391113281	361.4306945800781	370.9786071777344
337	26	244.24224853515625	244.44003295898438	241.05442810058594
338	26	292.27947998046875	299.42169189453125	289.6589050292969
324	27	210.6211700439453	218.07931518554688	224.56683349609375
325	27	249.8893280029297	240.37355041503906	240.87496948242188
326	27	225.35902404785156	223.38180541992188	225.12953186035156
327	27	286.02569580078125	286.16668701171875	280.3406677246094
328	27	244.71951293945313	249.52540588378906	246.6848907470703
329	27	352.140380859375	351.01171875	356.1990661621094
330	27	241.18006896972656	242.67169189453125	239.45846557617188
331	27	242.70437622070313	247.71356201171875	245.54937744140625
332	27	183.19808959960938	182.26490783691406	181.89772033691406
333	27	281.57720947265625	267.2507629394531	274.48345947265625
334	27	284.086669921875	296.82220458984375	288.20819091796875
335	27	255.43157958984375	253.51220703125	255.7384796142578
336	27	351.6399841308594	364.33074951171875	364.13800048828125
337	27	240.97573852539063	245.87887573242188	238.79168701171875
338	27	295.18505859375	300.1927490234375	296.79229736328125
324	28	218.62318420410156	217.20794677734375	213.75244140625
325	28	236.75497436523438	242.1846160888672	238.82640075683594
326	28	222.79598999023438	219.74862670898438	223.79800415039063
327	28	283.9881591796875	288.4185791015625	283.5420837402344
328	28	239.19610595703125	246.59365844726563	244.4903106689453
329	28	345.90142822265625	335.84283447265625	350.6286926269531
330	28	236.59384155273438	246.17721557617188	241.9119415283203
331	28	249.6975555419922	249.27029418945313	252.94168090820313
332	28	183.65274047851563	179.2235870361328	180.66897583007813
333	28	278.20989990234375	281.07354736328125	272.5970153808594
334	28	285.4742736816406	289.66741943359375	287.55450439453125
335	28	265.7372741699219	254.91061401367188	253.2837371826172
336	28	352.4123229980469	361.3221435546875	362.79315185546875
337	28	241.1479034423828	251.96177673339844	236.91529846191406
338	28	293.6695556640625	300.9768981933594	290.14569091796875
324	29	215.8459930419922	223.31796264648438	220.48074340820313
325	29	238.76910400390625	242.38140869140625	250.27061462402344
326	29	230.58462524414063	226.33917236328125	226.9272918701172
327	29	292.66424560546875	282.804931640625	282.070556640625
328	29	242.2962188720703	246.929443359375	253.213134765625
329	29	343.18255615234375	346.0942687988281	358.46630859375
330	29	233.3389129638672	247.1822967529297	248.05691528320313
331	29	245.11962890625	249.70558166503906	243.1147918701172
332	29	184.30642700195313	181.9597930908203	183.3511505126953
333	29	273.4628601074219	280.1064147949219	271.8208923339844
334	29	286.49566650390625	278.2347717285156	283.1427001953125
335	29	258.9459228515625	254.84300231933594	245.05276489257813
336	29	350.7804260253906	361.59832763671875	368.1283264160156
337	29	241.21575927734375	247.7178497314453	242.6332550048828
338	29	300.3161315917969	293.7663269042969	284.2301940917969
324	30	210.2222900390625	216.9873046875	218.9629669189453
325	30	242.258544921875	240.00210571289063	245.43679809570313
326	30	223.08828735351563	217.35800170898438	229.15554809570313
327	30	278.2508850097656	286.4029541015625	282.47216796875
328	30	250.08384704589844	249.6417694091797	245.36643981933594
329	30	348.2579040527344	352.5108947753906	360.20294189453125
330	30	240.3599853515625	245.63058471679688	248.7608642578125
331	30	247.63189697265625	246.50119018554688	249.8227081298828
332	30	187.54830932617188	181.95050048828125	181.6883544921875
333	30	266.3819274902344	283.89971923828125	272.45025634765625
334	30	286.1136474609375	292.68585205078125	288.24188232421875
335	30	258.2841796875	262.3988952636719	254.62255859375
336	30	348.35137939453125	360.3210754394531	366.6224365234375
337	30	242.38442993164063	247.88197326660156	239.93197631835938
338	30	291.9587707519531	293.57330322265625	300.88189697265625
324	31	217.0066680908203	224.88174438476563	220.27944946289063
325	31	240.2456512451172	241.93505859375	243.47518920898438
326	31	225.11447143554688	222.80224609375	222.06410217285156
327	31	291.1929931640625	286.4662780761719	278.8603515625
328	31	243.3930206298828	246.06436157226563	249.61135864257813
329	31	335.5362243652344	343.28485107421875	349.52532958984375
330	31	246.2314910888672	238.30865478515625	249.0059051513672
331	31	242.67044067382813	240.29867553710938	252.58029174804688
332	31	184.02243041992188	183.5635223388672	182.82562255859375
333	31	266.79486083984375	275.28021240234375	278.7341613769531
334	31	287.9297180175781	291.5508728027344	286.2270202636719
335	31	259.4462890625	264.1596984863281	257.8076171875
336	31	350.893310546875	370.4737548828125	360.5294494628906
337	31	242.83001708984375	244.65945434570313	238.41270446777344
338	31	288.9408264160156	301.22320556640625	284.2525634765625
324	32	215.4145050048828	225.44619750976563	219.23419189453125
325	32	243.18515014648438	241.23585510253906	243.24148559570313
326	32	225.98330688476563	221.07867431640625	226.4030303955078
327	32	283.23468017578125	277.0653991699219	275.2731628417969
328	32	240.44570922851563	245.9954833984375	245.40032958984375
329	32	337.02252197265625	348.43505859375	350.1618957519531
330	32	241.23939514160156	246.20033264160156	242.822998046875
331	32	246.101806640625	250.13661193847656	250.44122314453125
332	32	182.55946350097656	187.44752502441406	186.16273498535156
333	32	270.1907958984375	275.8185119628906	274.839111328125
334	32	287.7351989746094	285.9819641113281	286.70654296875
335	32	255.4102325439453	246.20889282226563	250.29319763183594
336	32	353.5661926269531	369.8765869140625	366.150634765625
337	32	245.30686950683594	245.08746337890625	247.00506591796875
338	32	299.2777099609375	296.3258056640625	281.054443359375
324	33	218.302978515625	224.252685546875	224.93353271484375
325	33	241.80035400390625	240.1591796875	242.70034790039063
326	33	221.57627868652344	219.79237365722656	223.32199096679688
327	33	278.0656433105469	278.8593444824219	282.36688232421875
328	33	242.34347534179688	242.08084106445313	252.17691040039063
329	33	353.1394348144531	338.24725341796875	355.3890380859375
330	33	237.016357421875	243.11227416992188	247.90408325195313
331	33	249.02346801757813	243.89163208007813	251.2484893798828
332	33	181.24502563476563	183.85606384277344	176.8668975830078
333	33	277.5672912597656	273.4683837890625	288.525390625
334	33	277.9507751464844	291.02484130859375	274.7765197753906
335	33	259.0750732421875	255.50094604492188	260.009765625
336	33	351.94915771484375	362.6448669433594	358.3428955078125
337	33	248.80935668945313	255.4522247314453	250.0187530517578
338	33	293.0128173828125	291.10552978515625	294.7817077636719
324	34	218.48745727539063	228.57676696777344	221.13169860839844
325	34	243.8388671875	243.0997314453125	243.01702880859375
326	34	227.3666229248047	224.08531188964844	226.27182006835938
327	34	280.7684326171875	279.56707763671875	284.62005615234375
328	34	243.89138793945313	247.54293823242188	247.73089599609375
329	34	346.6172180175781	336.7164306640625	359.634521484375
330	34	235.369384765625	239.76560974121094	247.90859985351563
331	34	243.82806396484375	254.46044921875	251.70716857910156
332	34	183.425537109375	183.826416015625	180.232421875
333	34	277.24505615234375	274.58074951171875	270.92041015625
334	34	290.5199279785156	283.28271484375	289.7978820800781
335	34	259.3213806152344	260.2809753417969	255.13827514648438
336	34	350.312744140625	361.5440673828125	358.9530944824219
337	34	245.33956909179688	245.2264404296875	241.935302734375
338	34	297.1107482910156	286.118408203125	308.2153625488281
324	35	211.82907104492188	228.7426300048828	227.61566162109375
325	35	244.8532257080078	242.15298461914063	247.30340576171875
326	35	222.4033966064453	223.18905639648438	219.1416778564453
327	35	290.35858154296875	282.7066650390625	280.517822265625
328	35	246.34210205078125	245.4046173095703	246.1812286376953
329	35	346.2590637207031	346.67926025390625	360.2632751464844
330	35	241.38565063476563	245.98342895507813	247.33432006835938
331	35	251.17837524414063	250.66915893554688	247.18978881835938
332	35	186.4691162109375	179.45834350585938	186.20849609375
333	35	278.0694580078125	274.02130126953125	274.0688171386719
334	35	285.1178894042969	282.787841796875	286.70880126953125
335	35	252.8182830810547	255.4258270263672	263.54669189453125
336	35	354.6730041503906	366.2958679199219	369.447265625
337	35	243.58956909179688	246.77337646484375	242.38267517089844
338	35	301.3735046386719	296.10516357421875	286.8399963378906
324	36	210.66943359375	225.52565002441406	223.9003143310547
325	36	243.11251831054688	245.922119140625	249.43795776367188
326	36	218.56739807128906	219.80567932128906	223.3353271484375
327	36	281.9079284667969	283.437255859375	277.7178039550781
328	36	240.77418518066406	245.57025146484375	259.48248291015625
329	36	343.59124755859375	341.3106689453125	349.4298095703125
330	36	240.87847900390625	247.4635009765625	248.99009704589844
331	36	249.50100708007813	248.85134887695313	250.1464385986328
332	36	182.4013671875	187.7951202392578	183.27825927734375
333	36	282.16204833984375	273.1074523925781	277.8145446777344
334	36	282.2388916015625	290.83056640625	280.5771484375
335	36	255.46026611328125	258.0328369140625	253.7145233154297
336	36	354.8758239746094	363.6496887207031	357.68695068359375
337	36	238.88519287109375	247.969970703125	239.0093536376953
338	36	305.7239685058594	290.9039306640625	292.5712585449219
324	37	217.22705078125	218.88430786132813	223.20916748046875
325	37	243.48776245117188	239.1315155029297	248.2484130859375
326	37	224.65377807617188	217.473876953125	226.47767639160156
327	37	280.4032287597656	283.7652587890625	290.78631591796875
328	37	240.31777954101563	240.24386596679688	244.7908935546875
329	37	351.1747741699219	337.09722900390625	351.43365478515625
330	37	234.36634826660156	236.4465789794922	244.9276123046875
331	37	247.84324645996094	248.60023498535156	249.13131713867188
332	37	183.81761169433594	185.38790893554688	179.6649169921875
333	37	272.61083984375	272.8714599609375	281.85491943359375
334	37	282.62847900390625	292.1517639160156	279.92620849609375
335	37	251.87631225585938	265.1622314453125	248.92323303222656
336	37	352.4414367675781	367.6239318847656	367.208984375
337	37	246.8120880126953	250.14341735839844	233.6161346435547
338	37	295.92291259765625	294.2275085449219	291.1409606933594
324	38	217.06195068359375	228.57826232910156	226.61715698242188
325	38	245.69091796875	250.27359008789063	253.04324340820313
326	38	230.69747924804688	223.16744995117188	219.45205688476563
327	38	284.1377258300781	274.62548828125	286.38458251953125
328	38	243.38572692871094	244.41891479492188	245.2744598388672
329	38	346.8853759765625	336.4062805175781	356.0902404785156
330	38	238.83116149902344	247.28280639648438	241.89207458496094
331	38	252.27694702148438	246.9399871826172	245.9751434326172
332	38	182.46697998046875	185.5643310546875	181.74264526367188
333	38	282.5574035644531	276.95050048828125	272.63824462890625
334	38	282.64654541015625	298.2246398925781	286.041015625
335	38	251.40733337402344	257.0154724121094	257.721435546875
336	38	350.8729248046875	355.505126953125	365.7633361816406
337	38	239.43609619140625	247.45948791503906	248.93527221679688
338	38	300.66827392578125	294.3562316894531	289.90216064453125
324	39	215.30816650390625	228.13392639160156	224.58944702148438
325	39	240.4127655029297	243.00848388671875	246.85330200195313
326	39	222.520263671875	223.5718231201172	221.59112548828125
327	39	284.1666259765625	276.69390869140625	285.2480773925781
328	39	241.64678955078125	245.21942138671875	246.66807556152344
329	39	346.4339904785156	347.494873046875	356.3169250488281
330	39	235.18844604492188	243.35731506347656	247.71484375
331	39	246.05856323242188	243.05020141601563	250.208251953125
332	39	186.73802185058594	182.53256225585938	177.26223754882813
333	39	270.51654052734375	278.43939208984375	274.37689208984375
334	39	287.416015625	300.34429931640625	285.56048583984375
335	39	251.44078063964844	266.31231689453125	251.40232849121094
336	39	348.7803649902344	366.9923400878906	360.83782958984375
337	39	243.3155975341797	244.42596435546875	239.24510192871094
338	39	297.5168762207031	288.0931091308594	270.7698669433594
324	40	216.902099609375	224.37356567382813	221.56747436523438
325	40	244.26060485839844	235.26785278320313	245.65219116210938
326	40	223.71258544921875	218.4859619140625	224.2981719970703
327	40	282.78961181640625	278.60174560546875	282.2316589355469
328	40	245.69691467285156	245.3614044189453	248.43338012695313
329	40	344.3243408203125	338.27337646484375	354.1266174316406
330	40	242.88157653808594	252.5229949951172	246.49012756347656
331	40	247.10511779785156	248.65252685546875	244.89794921875
332	40	180.96278381347656	187.566650390625	183.6007080078125
333	40	277.40692138671875	279.8749694824219	276.52374267578125
334	40	290.93463134765625	286.8427429199219	287.54595947265625
335	40	255.54367065429688	261.1025390625	262.34814453125
336	40	363.3578796386719	369.99822998046875	364.1490783691406
337	40	242.20852661132813	245.82760620117188	241.45831298828125
338	40	296.0357971191406	290.2542724609375	295.8277282714844
324	41	215.93650817871094	224.36099243164063	225.1280517578125
325	41	244.99876403808594	248.85939025878906	242.7938232421875
326	41	221.8655548095703	221.0823974609375	222.59869384765625
327	41	286.7934875488281	277.95257568359375	289.3879699707031
328	41	247.52232360839844	243.071044921875	246.3450927734375
329	41	350.56378173828125	344.3117980957031	350.6706237792969
330	41	244.87661743164063	245.45114135742188	249.9046630859375
331	41	247.527587890625	244.17160034179688	244.58505249023438
332	41	181.206298828125	182.55519104003906	177.46102905273438
333	41	266.412353515625	273.0343322753906	272.62969970703125
334	41	290.4410095214844	281.1021728515625	286.826171875
335	41	257.0380859375	264.01947021484375	258.5845031738281
336	41	372.8980407714844	361.5553283691406	358.98553466796875
337	41	240.61985778808594	241.22906494140625	242.98233032226563
338	41	304.79534912109375	298.9876708984375	289.5465393066406
324	42	215.331298828125	224.42333984375	226.28140258789063
325	42	246.46298217773438	243.78382873535156	243.3236541748047
326	42	223.26295471191406	219.34246826171875	225.78097534179688
327	42	278.7711181640625	277.51873779296875	286.485595703125
328	42	250.12884521484375	250.20701599121094	251.34449768066406
329	42	354.5054016113281	350.4635314941406	347.2018127441406
330	42	240.67491149902344	241.42889404296875	248.859375
331	42	238.503173828125	254.3533935546875	244.49908447265625
332	42	180.2540283203125	185.969482421875	183.44363403320313
333	42	281.1353454589844	274.1632995605469	268.46142578125
334	42	287.4366455078125	289.670166015625	294.20465087890625
335	42	253.5747833251953	263.048828125	252.982666015625
336	42	359.25347900390625	358.77117919921875	370.7815856933594
337	42	251.04920959472656	247.35568237304688	247.2838134765625
338	42	309.9480285644531	307.1736145019531	292.4918518066406
324	43	214.76229858398438	226.94212341308594	222.1988067626953
325	43	244.19952392578125	239.176513671875	236.98016357421875
326	43	224.5806427001953	219.378662109375	225.3760986328125
327	43	287.2861022949219	270.511474609375	284.0243835449219
328	43	250.78982543945313	242.7056427001953	248.3949432373047
329	43	355.8351745605469	349.0623779296875	349.43084716796875
330	43	239.0736846923828	252.2854766845703	248.93051147460938
331	43	244.77932739257813	245.78363037109375	250.22885131835938
332	43	184.765869140625	185.61334228515625	181.18495178222656
333	43	266.83282470703125	269.9450378417969	273.311767578125
334	43	281.8606872558594	289.6141357421875	292.162841796875
335	43	253.24227905273438	258.677734375	256.20367431640625
336	43	351.7734680175781	366.6352233886719	361.6287536621094
337	43	242.05343627929688	246.96463012695313	236.45864868164063
338	43	296.32379150390625	295.4291076660156	292.84619140625
324	44	211.9004364013672	227.7380828857422	219.5098876953125
325	44	245.033935546875	237.01380920410156	238.1453094482422
326	44	229.51345825195313	220.17613220214844	224.34690856933594
327	44	286.84100341796875	269.24859619140625	284.3405456542969
328	44	245.614501953125	247.39239501953125	246.39158630371094
329	44	354.34881591796875	349.99609375	341.238037109375
330	44	242.37765502929688	244.40713500976563	244.44808959960938
331	44	252.83209228515625	251.0979461669922	249.0157012939453
332	44	184.43687438964844	188.77932739257813	186.60182189941406
333	44	275.1427307128906	274.3831787109375	275.5174560546875
334	44	295.0443115234375	289.6309814453125	278.18096923828125
335	44	252.83888244628906	261.74920654296875	259.5264892578125
336	44	352.18560791015625	366.96014404296875	351.1152038574219
337	44	240.38839721679688	244.07034301757813	241.47463989257813
338	44	297.58551025390625	292.6788330078125	281.9984436035156
324	45	217.645263671875	226.61917114257813	218.81747436523438
325	45	246.32452392578125	243.20404052734375	245.68157958984375
326	45	222.5411376953125	218.78024291992188	224.62315368652344
327	45	283.6571960449219	274.489501953125	286.5202941894531
328	45	242.41709899902344	241.54147338867188	242.54931640625
329	45	361.156494140625	343.2627868652344	345.63177490234375
330	45	243.23492431640625	246.024169921875	240.688720703125
331	45	248.9923095703125	242.11549377441406	243.6227264404297
332	45	181.63531494140625	184.99984741210938	181.73257446289063
333	45	275.93414306640625	268.17919921875	273.72271728515625
334	45	294.119140625	289.4042663574219	291.1396484375
335	45	257.260009765625	259.5101318359375	267.0866394042969
336	45	362.9567565917969	358.3424072265625	356.76678466796875
337	45	240.2559356689453	244.02435302734375	241.26577758789063
338	45	308.6735534667969	284.6293029785156	308.83892822265625
324	46	215.69171142578125	225.72494506835938	218.04287719726563
325	46	248.19766235351563	249.3331298828125	246.13473510742188
326	46	228.21359252929688	220.78936767578125	232.05313110351563
327	46	281.33819580078125	274.1819152832031	287.0898132324219
328	46	245.5679931640625	244.5264892578125	249.65182495117188
329	46	354.555908203125	352.0044250488281	348.2599182128906
330	46	250.45730590820313	249.8177032470703	239.32907104492188
331	46	240.6442413330078	250.3843994140625	250.9154815673828
332	46	178.98733520507813	181.48577880859375	181.91732788085938
333	46	274.23419189453125	282.5191650390625	272.243896484375
334	46	285.4360656738281	286.6514892578125	298.2595520019531
335	46	254.8656005859375	259.5264892578125	249.1101837158203
336	46	356.5712890625	369.9273376464844	365.72113037109375
337	46	239.96414184570313	245.0389404296875	242.88206481933594
338	46	298.3985290527344	299.64337158203125	295.3484191894531
324	47	218.0426025390625	225.8003387451172	227.27285766601563
325	47	246.67384338378906	241.7277069091797	244.1837158203125
326	47	227.44528198242188	224.0204620361328	221.7130126953125
327	47	277.375	279.6668701171875	284.8653259277344
328	47	247.17474365234375	249.3160400390625	243.24571228027344
329	47	356.3822937011719	337.7998962402344	341.6716003417969
330	47	237.33627319335938	246.56854248046875	239.14959716796875
331	47	246.4647216796875	244.368408203125	244.60842895507813
332	47	182.8092803955078	190.14126586914063	179.4960479736328
333	47	274.3110656738281	271.7940368652344	275.6086730957031
334	47	283.4317321777344	288.84783935546875	290.0340881347656
335	47	256.8093566894531	258.575927734375	256.4886779785156
336	47	367.5281677246094	366.3177490234375	360.567138671875
337	47	243.75015258789063	247.11065673828125	246.64947509765625
338	47	311.7347106933594	295.1986389160156	287.98077392578125
324	48	217.85086059570313	227.94943237304688	220.85397338867188
325	48	249.729736328125	242.48873901367188	247.16192626953125
326	48	229.0560302734375	226.865966796875	218.45907592773438
327	48	278.3353271484375	270.32452392578125	286.07342529296875
328	48	250.59051513671875	247.9490966796875	244.5089111328125
329	48	358.86968994140625	342.2240295410156	341.896240234375
330	48	244.5619354248047	239.39112854003906	240.4944610595703
331	48	246.61978149414063	249.76466369628906	244.74310302734375
332	48	177.8651580810547	186.499755859375	187.15798950195313
333	48	272.48193359375	278.7055358886719	277.5695495605469
334	48	293.66021728515625	285.306396484375	288.8428039550781
335	48	257.1763000488281	263.2850646972656	261.2744445800781
336	48	365.9028015136719	358.41802978515625	354.1253967285156
337	48	240.15719604492188	242.22434997558594	244.83889770507813
338	48	300.66326904296875	295.74249267578125	294.7281188964844
324	49	216.3675079345703	230.6886749267578	217.95767211914063
325	49	245.8014678955078	244.31967163085938	243.21482849121094
326	49	223.16366577148438	223.53363037109375	227.66567993164063
327	49	281.16729736328125	267.2017822265625	292.56597900390625
328	49	247.58187866210938	235.26409912109375	241.8528594970703
329	49	354.6496276855469	349.833740234375	346.0110168457031
330	49	249.52337646484375	243.89239501953125	234.88609313964844
331	49	244.650390625	243.98663330078125	255.4609832763672
332	49	185.57992553710938	185.36703491210938	179.10498046875
333	49	273.2369079589844	280.20843505859375	280.2806091308594
334	49	294.4275817871094	285.8801574707031	287.32177734375
335	49	252.82510375976563	259.6332702636719	253.2920379638672
336	49	355.9776611328125	356.4041748046875	355.11956787109375
337	49	240.08102416992188	245.1932830810547	241.52163696289063
338	49	305.80438232421875	296.63494873046875	293.9601135253906
324	50	214.99325561523438	230.400634765625	223.85986328125
325	50	242.651123046875	244.99496459960938	240.9629364013672
326	50	223.06967163085938	224.00411987304688	226.71417236328125
327	50	283.8052062988281	269.1678771972656	284.743896484375
328	50	244.85751342773438	239.1842803955078	247.59066772460938
329	50	348.4513854980469	347.90728759765625	336.1187744140625
330	50	239.83497619628906	245.82786560058594	237.8922119140625
331	50	246.21163940429688	248.05612182617188	248.748291015625
332	50	184.9794921875	183.35540771484375	183.48886108398438
333	50	269.8241271972656	268.5692443847656	274.21478271484375
334	50	286.8777160644531	295.91363525390625	286.32550048828125
335	50	254.89248657226563	253.69564819335938	257.8375244140625
336	50	353.5342712402344	353.1032409667969	357.43536376953125
337	50	241.46080017089844	241.47389221191406	246.5351104736328
338	50	304.7080993652344	288.80615234375	288.7958068847656
324	51	219.6737518310547	223.69447326660156	225.41229248046875
325	51	243.070068359375	246.11138916015625	245.25433349609375
326	51	219.38369750976563	220.64187622070313	221.45236206054688
327	51	284.95025634765625	285.8153076171875	294.647216796875
328	51	240.15113830566406	240.29994201660156	239.33682250976563
329	51	345.71417236328125	350.62591552734375	345.1720886230469
330	51	240.97274780273438	245.4224853515625	240.17147827148438
331	51	247.9671630859375	243.93283081054688	244.15980529785156
332	51	184.81890869140625	181.69540405273438	180.45333862304688
333	51	282.82476806640625	270.9619140625	276.6795654296875
334	51	282.2374572753906	291.78460693359375	291.82305908203125
335	51	256.5346374511719	256.8138732910156	266.4173889160156
336	51	350.2370910644531	357.5685119628906	355.47021484375
337	51	244.3701934814453	245.10882568359375	244.41189575195313
338	51	298.8265380859375	297.58197021484375	304.04132080078125
324	52	215.0387420654297	223.32025146484375	224.3089599609375
325	52	244.2301788330078	245.5139617919922	243.13467407226563
326	52	217.95216369628906	226.3381805419922	224.19436645507813
327	52	285.35791015625	289.55657958984375	284.6642761230469
328	52	241.43893432617188	241.2924041748047	245.47476196289063
329	52	339.4136657714844	348.0188903808594	336.90594482421875
330	52	247.63943481445313	240.22328186035156	237.7391357421875
331	52	247.91864013671875	250.62998962402344	250.28390502929688
332	52	186.06170654296875	185.72921752929688	179.68051147460938
333	52	286.1211853027344	274.4387512207031	275.6471252441406
334	52	293.9822082519531	290.70111083984375	290.54931640625
335	52	256.6754150390625	254.68841552734375	261.119140625
336	52	348.7791442871094	360.83807373046875	362.9574890136719
337	52	241.61561584472656	246.6439208984375	243.7976531982422
338	52	309.00531005859375	289.7558898925781	293.007568359375
324	53	222.6019287109375	229.495361328125	218.43392944335938
325	53	247.60525512695313	240.4542236328125	244.26034545898438
326	53	218.68951416015625	222.33074951171875	228.744384765625
327	53	281.6980895996094	278.90557861328125	278.12347412109375
328	53	240.93478393554688	241.60305786132813	245.48507690429688
329	53	356.1893005371094	350.3036804199219	350.3615417480469
330	53	243.41360473632813	243.70668029785156	243.5729522705078
331	53	243.27688598632813	250.5648956298828	247.44189453125
332	53	186.52590942382813	187.7013702392578	187.3826904296875
333	53	279.0415954589844	274.9903869628906	280.866455078125
334	53	282.46209716796875	286.5160217285156	286.99908447265625
335	53	268.1188659667969	254.16415405273438	253.42977905273438
336	53	351.3462219238281	350.29638671875	355.8260803222656
337	53	244.45010375976563	240.84405517578125	243.8338623046875
338	53	301.12518310546875	293.24005126953125	293.1304626464844
324	54	219.27513122558594	221.8957061767578	221.70272827148438
325	54	244.81881713867188	241.4582977294922	244.89321899414063
326	54	225.0511474609375	228.37545776367188	223.971923828125
327	54	277.0975036621094	280.3278503417969	280.2366027832031
328	54	243.28089904785156	242.39776611328125	245.86204528808594
329	54	348.5976867675781	346.8487548828125	342.99029541015625
330	54	242.8056640625	239.49893188476563	237.33151245117188
331	54	247.0611114501953	238.639404296875	247.9269561767578
332	54	187.83482360839844	183.02969360351563	185.44619750976563
333	54	270.4464111328125	275.0301208496094	273.3226013183594
334	54	284.717041015625	280.24267578125	295.3572082519531
335	54	259.11932373046875	257.83428955078125	252.4003448486328
336	54	357.1154479980469	354.2163391113281	357.73919677734375
337	54	244.17941284179688	239.64572143554688	242.24395751953125
338	54	298.4580993652344	289.250732421875	306.15374755859375
324	55	216.84857177734375	220.67251586914063	215.89527893066406
325	55	245.99502563476563	244.40232849121094	251.33546447753906
326	55	224.04808044433594	225.09536743164063	219.70565795898438
327	55	289.66717529296875	274.6400451660156	289.6030578613281
328	55	242.2999725341797	243.87806701660156	244.21360778808594
329	55	347.0235900878906	349.71209716796875	350.46807861328125
330	55	245.75323486328125	242.35427856445313	243.98638916015625
331	55	244.0881805419922	249.66537475585938	246.4069061279297
332	55	180.49606323242188	184.6510009765625	176.97999572753906
333	55	278.9297180175781	276.3759765625	276.3540954589844
334	55	284.2515563964844	289.90667724609375	285.3443603515625
335	55	264.8241882324219	257.3462219238281	255.80079650878906
336	55	360.6083679199219	363.068115234375	348.08270263671875
337	55	250.98211669921875	249.1815643310547	244.16110229492188
338	55	303.25921630859375	292.95355224609375	288.4879455566406
324	56	222.19277954101563	219.6438446044922	221.75448608398438
325	56	237.50466918945313	240.569091796875	248.552001953125
326	56	219.38018798828125	227.20828247070313	222.2234649658203
327	56	282.78857421875	289.84259033203125	281.9755554199219
328	56	240.79429626464844	242.18714904785156	242.81546020507813
329	56	345.4840087890625	352.797607421875	339.1583251953125
330	56	238.8728790283203	239.9417724609375	239.37277221679688
331	56	235.99066162109375	243.88937377929688	243.00897216796875
332	56	185.36880493164063	182.87939453125	177.26925659179688
333	56	277.6343688964844	280.43389892578125	281.55511474609375
334	56	290.5271911621094	276.8725891113281	286.50494384765625
335	56	260.4764709472656	267.7069396972656	262.96563720703125
336	56	357.2073974609375	363.65545654296875	360.0398864746094
337	56	245.90077209472656	235.39727783203125	245.44635009765625
338	56	304.33087158203125	286.2247314453125	293.7479553222656
324	57	216.6615753173828	227.4849853515625	223.82691955566406
325	57	240.08053588867188	239.75680541992188	238.6632843017578
326	57	224.01666259765625	219.9547119140625	223.73971557617188
327	57	278.17144775390625	290.1436767578125	286.0827331542969
328	57	243.0904083251953	244.54409790039063	237.53433227539063
329	57	345.9129638671875	340.80224609375	345.8675231933594
330	57	246.6434326171875	246.17269897460938	237.68759155273438
331	57	242.71368408203125	252.73509216308594	246.6765899658203
332	57	180.22438049316406	183.59921264648438	181.444580078125
333	57	285.00177001953125	285.11212158203125	273.74932861328125
334	57	286.18829345703125	284.83538818359375	290.71820068359375
335	57	256.6555480957031	260.4822692871094	261.5290222167969
336	57	361.1178283691406	355.034423828125	354.41888427734375
337	57	242.11502075195313	244.75167846679688	247.6396942138672
338	57	303.8629150390625	284.7572326660156	307.22967529296875
324	58	218.92779541015625	216.4826202392578	219.45306396484375
325	58	245.85653686523438	241.17681884765625	244.6881103515625
326	58	220.26609802246094	225.68496704101563	222.92666625976563
327	58	281.8697204589844	277.4217834472656	290.46966552734375
328	58	244.99017333984375	244.59307861328125	248.99659729003906
329	58	353.7609558105469	349.4290771484375	349.1986083984375
330	58	241.61111450195313	249.43292236328125	233.79005432128906
331	58	246.23977661132813	249.62417602539063	245.8937225341797
332	58	183.30641174316406	186.35223388671875	182.42750549316406
333	58	278.61480712890625	272.63397216796875	269.74847412109375
334	58	292.78790283203125	286.46099853515625	286.7381896972656
335	58	260.9466857910156	262.1684265136719	251.3965301513672
336	58	355.4624328613281	356.5250549316406	359.0252380371094
337	58	245.92941284179688	244.71951293945313	243.04818725585938
338	58	307.08740234375	305.49273681640625	284.03619384765625
324	59	216.97222900390625	222.8746337890625	218.63653564453125
325	59	246.6110076904297	245.67306518554688	246.00732421875
326	59	224.0091094970703	220.69989013671875	229.9417266845703
327	59	292.717529296875	279.996826171875	282.8511962890625
328	59	247.87542724609375	247.13352966308594	241.9908447265625
329	59	359.7023620605469	346.9824523925781	345.5256652832031
330	59	249.8428192138672	247.6298828125	239.99530029296875
331	59	241.78953552246094	240.03500366210938	242.33946228027344
332	59	181.01431274414063	186.04412841796875	178.60482788085938
333	59	277.19677734375	283.8700866699219	267.8258056640625
334	59	292.0947265625	286.8038024902344	287.8382568359375
335	59	259.7959289550781	255.3782958984375	262.698974609375
336	59	362.91253662109375	356.0897521972656	358.42535400390625
337	59	236.1163330078125	250.8031463623047	248.12449645996094
338	59	309.2174377441406	293.6793518066406	288.76287841796875
324	60	218.82022094726563	222.16714477539063	223.67185974121094
325	60	239.18154907226563	246.78895568847656	248.82846069335938
326	60	224.501220703125	220.62501525878906	226.09817504882813
327	60	282.9190368652344	286.1111145019531	283.9185791015625
328	60	254.71807861328125	243.69586181640625	247.02041625976563
329	60	352.925537109375	341.7824401855469	350.2516784667969
330	60	244.2357177734375	245.8924560546875	237.87435913085938
331	60	245.1480255126953	249.69253540039063	253.04373168945313
332	60	182.5670166015625	182.6672821044922	184.49392700195313
333	60	280.260986328125	276.4320068359375	277.7512512207031
334	60	293.6861267089844	289.38916015625	291.68157958984375
335	60	254.2006072998047	253.29330444335938	258.8994140625
336	60	353.0185546875	355.0535583496094	366.1687316894531
337	60	239.3438720703125	248.27679443359375	241.18032836914063
338	60	313.8609619140625	299.26611328125	292.7464599609375
324	61	214.51220703125	226.20724487304688	218.67193603515625
325	61	249.20042419433594	241.82171630859375	246.54742431640625
326	61	224.89280700683594	222.067626953125	218.51988220214844
327	61	287.34716796875	287.80181884765625	289.4945068359375
328	61	243.12359619140625	243.57496643066406	244.85850524902344
329	61	354.2246398925781	349.60980224609375	339.5461120605469
330	61	238.95179748535156	244.73562622070313	241.62240600585938
331	61	244.13314819335938	247.9598846435547	250.67723083496094
332	61	189.3106231689453	185.56283569335938	177.72470092773438
333	61	278.89501953125	291.83514404296875	286.61883544921875
334	61	285.9955139160156	290.9129638671875	287.00482177734375
335	61	262.4202575683594	246.93121337890625	254.067138671875
336	61	356.1146240234375	362.6262512207031	353.70867919921875
337	61	240.5454559326172	247.8724365234375	245.9459991455078
338	61	294.7200927734375	270.6693420410156	309.7809143066406
324	62	225.6226348876953	223.00860595703125	216.41830444335938
325	62	247.4217987060547	241.95339965820313	237.5431365966797
326	62	223.39991760253906	225.13734436035156	226.14366149902344
327	62	280.8970947265625	278.68389892578125	282.9034423828125
328	62	245.62355041503906	247.57659912109375	246.77285766601563
329	62	350.3074645996094	349.8729248046875	336.771240234375
330	62	241.4007568359375	241.40501403808594	245.47048950195313
331	62	244.35157775878906	250.83255004882813	242.3439483642578
332	62	181.40084838867188	181.37596130371094	188.16656494140625
333	62	272.338134765625	277.6436767578125	275.4913024902344
334	62	289.71917724609375	285.597412109375	292.5868225097656
335	62	258.1788330078125	252.34051513671875	260.0730895996094
336	62	361.5372314453125	366.1546630859375	358.8739318847656
337	62	242.10897827148438	248.13101196289063	240.8865203857422
338	62	294.69927978515625	291.81903076171875	296.3597717285156
324	63	214.35011291503906	221.427001953125	214.5265350341797
325	63	249.3228302001953	238.34185791015625	246.3343048095703
326	63	226.7081298828125	224.39491271972656	226.02830505371094
327	63	285.35516357421875	282.505859375	285.45843505859375
328	63	242.8446044921875	243.77978515625	247.03146362304688
329	63	351.4261169433594	353.181640625	338.421142578125
330	63	241.78956604003906	241.96974182128906	230.32147216796875
331	63	243.54733276367188	248.53692626953125	247.8837127685547
332	63	183.7457275390625	187.0499267578125	185.99989318847656
333	63	276.8570251464844	276.87689208984375	287.680419921875
334	63	297.58624267578125	282.79888916015625	287.7583312988281
335	63	261.8082580566406	250.00743103027344	264.202392578125
336	63	354.16632080078125	366.00262451171875	358.5625
337	63	238.7432098388672	251.5418243408203	244.18495178222656
338	63	294.7273864746094	284.79766845703125	305.15521240234375
324	64	219.8534393310547	222.7102813720703	221.22218322753906
325	64	241.8300018310547	246.484619140625	239.77915954589844
326	64	222.946533203125	223.90684509277344	223.93350219726563
327	64	280.89306640625	289.55810546875	287.8736877441406
328	64	245.31138610839844	242.28567504882813	247.5891876220703
329	64	351.9772644042969	341.81787109375	340.8816833496094
330	64	242.4872283935547	243.63528442382813	238.61929321289063
331	64	245.0655975341797	246.17820739746094	248.86439514160156
332	64	185.0707244873047	181.57276916503906	178.747314453125
333	64	278.3808288574219	273.1622619628906	278.45697021484375
334	64	284.1085510253906	278.1357421875	281.5402526855469
335	64	256.5067443847656	255.63267517089844	255.0269775390625
336	64	350.1304931640625	366.1509094238281	355.5205078125
337	64	239.55398559570313	241.72523498535156	243.81448364257813
338	64	291.35833740234375	298.9150390625	286.7077941894531
324	65	221.35939025878906	227.27662658691406	226.24746704101563
325	65	240.34291076660156	246.16212463378906	244.00021362304688
326	65	218.29217529296875	225.1240234375	229.91079711914063
327	65	284.7765808105469	283.7227783203125	288.841064453125
328	65	243.91627502441406	244.56471252441406	249.06268310546875
329	65	358.7794189453125	344.0592041015625	342.2649841308594
330	65	244.1299285888672	245.31362915039063	240.46078491210938
331	65	250.5294189453125	250.66415405273438	254.9497833251953
332	65	181.88540649414063	180.33645629882813	178.712158203125
333	65	282.2879638671875	273.1544494628906	275.7687683105469
334	65	278.90380859375	281.63372802734375	281.8358154296875
335	65	263.77239990234375	249.5904998779297	263.962646484375
336	65	358.0654296875	362.62677001953125	351.4173583984375
337	65	242.80264282226563	240.3371124267578	244.3794708251953
338	65	294.6044921875	292.6353454589844	299.7310791015625
324	66	221.82081604003906	221.9407196044922	222.34056091308594
325	66	237.36038208007813	238.57484436035156	240.42759704589844
326	66	223.058349609375	221.34857177734375	225.27255249023438
327	66	284.8924560546875	281.0850830078125	284.3802185058594
328	66	241.22305297851563	245.392578125	245.62957763671875
329	66	364.9799499511719	347.4855651855469	340.13116455078125
330	66	240.15264892578125	252.5023956298828	239.1978302001953
331	66	245.4209442138672	245.21914672851563	246.63565063476563
332	66	189.3209228515625	180.7298126220703	178.84384155273438
333	66	282.0250244140625	274.8592224121094	279.4565124511719
334	66	276.6169738769531	279.9925842285156	279.1641845703125
335	66	260.522705078125	257.5341796875	263.06640625
336	66	362.70068359375	354.04345703125	362.8751525878906
337	66	239.87718200683594	244.73385620117188	243.0419158935547
338	66	290.9366149902344	291.0828857421875	287.79351806640625
324	67	220.9522247314453	228.06704711914063	221.8331298828125
325	67	248.85964965820313	245.35464477539063	241.36355590820313
326	67	219.47897338867188	224.78900146484375	219.37088012695313
327	67	280.0249938964844	285.1902770996094	284.9356689453125
328	67	239.4474334716797	249.7066192626953	241.1725311279297
329	67	348.82086181640625	345.0537414550781	343.3059997558594
330	67	245.2581024169922	239.67864990234375	232.07069396972656
331	67	246.92013549804688	255.02291870117188	246.44210815429688
332	67	188.41036987304688	184.159912109375	183.946533203125
333	67	274.45281982421875	273.0303039550781	271.8897705078125
334	67	289.1109619140625	288.6920471191406	285.50341796875
335	67	263.5112609863281	247.87391662597656	250.7001190185547
336	67	363.9849853515625	355.5989074707031	353.9833984375
337	67	234.1167755126953	245.62054443359375	247.2855682373047
338	67	305.0182189941406	291.7790832519531	287.0775146484375
324	68	221.65646362304688	221.49234008789063	225.62216186523438
325	68	244.5435791015625	245.341796875	249.48947143554688
326	68	224.0674285888672	225.58169555664063	214.46221923828125
327	68	277.9392395019531	279.5643310546875	286.638427734375
328	68	242.07505798339844	240.49520874023438	250.6739501953125
329	68	351.5814208984375	345.4648742675781	342.3336181640625
330	68	238.26089477539063	252.5797882080078	233.64454650878906
331	68	251.43272399902344	258.251220703125	249.27230834960938
332	68	190.54412841796875	182.87713623046875	182.316162109375
333	68	281.91925048828125	277.0550537109375	278.50396728515625
334	68	274.01324462890625	284.333740234375	287.1898193359375
335	68	261.0198669433594	250.08486938476563	253.26214599609375
336	68	352.60614013671875	358.9784851074219	355.01910400390625
337	68	239.1028289794922	242.9446563720703	249.24090576171875
338	68	295.38385009765625	276.0723571777344	296.0765075683594
324	69	220.74490356445313	215.97494506835938	215.109375
325	69	246.18475341796875	248.11318969726563	248.28689575195313
326	69	227.898681640625	223.73973083496094	220.7245330810547
327	69	288.60406494140625	276.04022216796875	283.4920654296875
328	69	239.96917724609375	244.88035583496094	245.54110717773438
329	69	355.94549560546875	338.34075927734375	343.4454650878906
330	69	242.47189331054688	248.8634033203125	234.42514038085938
331	69	244.4940643310547	253.77635192871094	247.78268432617188
332	69	187.1693115234375	183.49917602539063	179.70211791992188
333	69	281.7247314453125	282.2291564941406	270.11566162109375
334	69	288.252197265625	287.1187438964844	294.50921630859375
335	69	259.52496337890625	248.85411071777344	259.27337646484375
336	69	351.2474365234375	360.5611572265625	350.1961364746094
337	69	238.75173950195313	240.75332641601563	248.52183532714844
338	69	293.1784362792969	285.23779296875	306.0828857421875
324	70	217.66561889648438	227.9685516357422	220.80697631835938
325	70	252.7705535888672	247.83448791503906	254.3594207763672
326	70	229.29656982421875	221.67959594726563	217.8458251953125
327	70	284.49560546875	282.04241943359375	286.3184814453125
328	70	243.53274536132813	249.4351806640625	245.3204345703125
329	70	358.2541809082031	354.0728454589844	348.62939453125
330	70	243.061279296875	235.49179077148438	236.44229125976563
331	70	245.82034301757813	251.11605834960938	252.4619140625
332	70	181.21685791015625	174.64642333984375	181.769287109375
333	70	270.79522705078125	287.1539001464844	278.5223388671875
334	70	285.8628234863281	281.88433837890625	273.7166748046875
335	70	258.9692687988281	243.4105987548828	250.6966094970703
336	70	351.8249816894531	363.940185546875	353.91827392578125
337	70	243.58248901367188	243.3563232421875	241.23638916015625
338	70	298.7762451171875	280.9559020996094	285.049560546875
324	71	219.61517333984375	218.51333618164063	217.55982971191406
325	71	241.78501892089844	242.7081756591797	245.2111053466797
326	71	227.51589965820313	219.03335571289063	217.39443969726563
327	71	287.7771911621094	274.532470703125	288.94964599609375
328	71	241.158447265625	250.71644592285156	245.99073791503906
329	71	355.5599670410156	361.8026428222656	344.96978759765625
330	71	244.39556884765625	244.68106079101563	231.4373779296875
331	71	244.7489013671875	246.80752563476563	246.24229431152344
332	71	183.37098693847656	178.00765991210938	179.2064971923828
333	71	271.4740905761719	286.7972717285156	271.76513671875
334	71	282.75213623046875	287.96868896484375	277.62432861328125
335	71	259.45208740234375	252.1050262451172	261.751953125
336	71	359.59149169921875	374.93048095703125	358.7023010253906
337	71	242.10269165039063	246.42100524902344	242.23289489746094
338	71	304.0069274902344	280.5909729003906	310.203369140625
324	72	216.03298950195313	214.33251953125	214.94400024414063
325	72	248.04132080078125	246.30137634277344	249.37863159179688
326	72	223.78070068359375	216.72767639160156	218.55532836914063
327	72	278.2011413574219	283.1844482421875	277.1947937011719
328	72	240.84507751464844	250.18814086914063	245.05552673339844
329	72	343.2939147949219	351.0810546875	347.7557373046875
330	72	236.51141357421875	238.81057739257813	233.54827880859375
331	72	250.32711791992188	252.701416015625	250.49124145507813
332	72	178.56134033203125	180.87734985351563	185.3954315185547
333	72	276.6283264160156	263.0387878417969	273.3077697753906
334	72	279.45648193359375	284.1432189941406	283.05975341796875
335	72	264.2074279785156	245.89321899414063	260.0962219238281
336	72	345.5364990234375	368.92779541015625	361.9424133300781
337	72	243.0383758544922	247.42355346679688	242.85165405273438
338	72	297.7378234863281	285.0663757324219	307.9590148925781
324	73	223.49945068359375	224.57435607910156	217.6470184326172
325	73	249.5548095703125	243.3744354248047	245.02662658691406
326	73	222.92214965820313	223.07974243164063	219.47317504882813
327	73	283.0863952636719	274.4457702636719	280.3303527832031
328	73	241.2878875732422	243.4490509033203	240.90586853027344
329	73	348.4471740722656	346.53656005859375	338.9574890136719
330	73	242.96072387695313	248.97019958496094	240.84906005859375
331	73	237.1271514892578	248.3283233642578	250.251220703125
332	73	182.09727478027344	180.59507751464844	181.82785034179688
333	73	274.3155822753906	279.7465515136719	273.99639892578125
334	73	281.45855712890625	288.6050720214844	283.46466064453125
335	73	265.5929870605469	251.18466186523438	259.7242736816406
336	73	352.05194091796875	355.0173645019531	352.38946533203125
337	73	241.8976287841797	240.34515380859375	242.39097595214844
338	73	297.7051086425781	284.0633239746094	298.6463317871094
324	74	217.7797393798828	224.49545288085938	216.65380859375
325	74	243.7504119873047	242.3603057861328	248.96971130371094
326	74	225.43466186523438	220.48779296875	222.17697143554688
327	74	278.84979248046875	279.3931579589844	289.3165588378906
328	74	248.43588256835938	252.95123291015625	248.5364227294922
329	74	350.6396789550781	349.4031677246094	346.6840515136719
330	74	245.69140625	248.32003784179688	244.25985717773438
331	74	248.96771240234375	245.42349243164063	240.4894256591797
332	74	181.7225341796875	181.46693420410156	179.3899688720703
333	74	268.999755859375	281.7144470214844	279.5588073730469
334	74	281.9546813964844	284.4679870605469	288.0011291503906
335	74	251.53602600097656	248.44342041015625	258.5626220703125
336	74	356.08770751953125	357.30841064453125	352.2846374511719
337	74	235.94467163085938	243.6656951904297	247.96243286132813
338	74	297.2688293457031	294.2496337890625	312.2740478515625
324	75	223.34738159179688	224.9516143798828	218.32135009765625
325	75	244.72406005859375	242.8099365234375	249.4032745361328
326	75	230.80450439453125	223.57911682128906	221.8150634765625
327	75	282.7137145996094	283.719482421875	283.0982360839844
328	75	244.95272827148438	243.9386444091797	244.95425415039063
329	75	344.06072998046875	341.04132080078125	336.6824951171875
330	75	240.41754150390625	247.9131317138672	238.6265869140625
331	75	238.8746337890625	246.96612548828125	249.36630249023438
332	75	183.36898803710938	187.32763671875	181.46038818359375
333	75	273.74078369140625	272.2851257324219	281.64984130859375
334	75	284.83892822265625	289.9129638671875	287.39239501953125
335	75	260.86907958984375	249.218017578125	253.17770385742188
336	75	350.80133056640625	358.56964111328125	359.43768310546875
337	75	241.02777099609375	251.3819580078125	246.92718505859375
338	75	288.3954772949219	280.86944580078125	302.05206298828125
324	76	214.13473510742188	213.37496948242188	216.79905700683594
325	76	241.47740173339844	246.1108856201172	246.77134704589844
326	76	226.58224487304688	220.89117431640625	215.066162109375
327	76	278.7377014160156	283.63861083984375	281.15570068359375
328	76	245.66954040527344	247.01815795898438	239.19961547851563
329	76	343.7045593261719	339.8549499511719	344.65966796875
330	76	239.7736358642578	249.10543823242188	235.1090087890625
331	76	242.7415771484375	252.38473510742188	252.6227569580078
332	76	186.49700927734375	179.42214965820313	178.1466522216797
333	76	278.00457763671875	279.7153625488281	278.1571350097656
334	76	275.941162109375	286.058349609375	287.9830322265625
335	76	259.3058166503906	249.34320068359375	265.83807373046875
336	76	346.19403076171875	359.8038635253906	352.3273620605469
337	76	242.0144805908203	250.99842834472656	244.01077270507813
338	76	305.29547119140625	283.0059814453125	299.23870849609375
324	77	218.60232543945313	224.18531799316406	217.38516235351563
325	77	243.27789306640625	241.27886962890625	238.13449096679688
326	77	227.89791870117188	223.59744262695313	226.86773681640625
327	77	280.2785949707031	271.4456787109375	284.1163635253906
328	77	241.4251251220703	246.442626953125	248.8209228515625
329	77	341.0606384277344	349.65325927734375	348.2923583984375
330	77	233.06544494628906	246.1553497314453	240.0928497314453
331	77	255.16720581054688	253.03970336914063	248.740234375
332	77	184.70077514648438	182.247314453125	184.53842163085938
333	77	284.0588073730469	274.6624450683594	282.4430236816406
334	77	284.8037109375	283.25225830078125	283.1904296875
335	77	265.1737976074219	247.664306640625	256.74151611328125
336	77	362.3080749511719	356.911865234375	354.6604309082031
337	77	238.6881561279297	244.86929321289063	246.73916625976563
338	77	316.3445739746094	280.7679138183594	300.1120910644531
324	78	218.05218505859375	228.62576293945313	218.0931396484375
325	78	242.57470703125	245.95352172851563	248.27780151367188
326	78	222.1199188232422	226.1042022705078	221.38504028320313
327	78	278.36016845703125	285.2550964355469	282.5835266113281
328	78	243.92430114746094	251.75416564941406	241.59803771972656
329	78	348.5599670410156	345.9285888671875	343.14410400390625
330	78	238.12420654296875	245.1125946044922	238.79371643066406
331	78	244.53932189941406	242.6329803466797	245.24252319335938
332	78	181.22164916992188	179.34498596191406	184.23631286621094
333	78	290.64935302734375	281.1715393066406	277.7984924316406
334	78	280.4278869628906	284.854736328125	279.6072998046875
335	78	252.29678344726563	251.98362731933594	261.0794372558594
336	78	346.3633728027344	365.3509521484375	351.2715759277344
337	78	241.7910614013672	246.99453735351563	242.38795471191406
338	78	290.0293273925781	293.6235656738281	288.0415954589844
324	79	220.63731384277344	225.0609588623047	217.92095947265625
325	79	245.22421264648438	247.00836181640625	243.82455444335938
326	79	223.40594482421875	227.07708740234375	224.30770874023438
327	79	276.54388427734375	283.0256042480469	274.7742614746094
328	79	242.9398651123047	246.5469207763672	238.73338317871094
329	79	356.7577819824219	353.6192321777344	342.3927001953125
330	79	240.34567260742188	240.2451171875	243.14093017578125
331	79	254.31568908691406	248.18304443359375	239.17144775390625
332	79	186.77947998046875	187.49502563476563	181.6622314453125
333	79	280.75030517578125	287.6530456542969	279.5439758300781
334	79	282.2231140136719	287.040771484375	273.73529052734375
335	79	262.1397705078125	258.33392333984375	259.0906982421875
336	79	350.1427917480469	363.36444091796875	352.96856689453125
337	79	241.74029541015625	246.49038696289063	235.69610595703125
338	79	301.400634765625	293.5150146484375	278.86865234375
324	80	216.82217407226563	225.16171264648438	214.2096405029297
325	80	241.1861114501953	240.64576721191406	247.54470825195313
326	80	223.56100463867188	219.2454833984375	219.1245880126953
327	80	278.7135925292969	289.79559326171875	289.6983337402344
328	80	246.71405029296875	251.71673583984375	241.85011291503906
329	80	350.3987121582031	355.4794616699219	342.01141357421875
330	80	241.74281311035156	243.35055541992188	241.353759765625
331	80	249.43743896484375	250.95394897460938	254.45289611816406
332	80	182.11082458496094	174.82159423828125	181.41616821289063
333	80	274.3980407714844	282.9898986816406	272.961181640625
334	80	283.0821533203125	286.4026794433594	281.96246337890625
335	80	258.2668151855469	249.3250732421875	261.692138671875
336	80	347.6444091796875	361.73431396484375	353.898193359375
337	80	244.5089111328125	241.96746826171875	241.51710510253906
338	80	303.3340759277344	283.822021484375	295.0387878417969
324	81	216.3928985595703	222.82237243652344	221.03518676757813
325	81	244.6964111328125	245.81658935546875	247.88400268554688
326	81	221.67352294921875	219.1474609375	221.63461303710938
327	81	275.4897766113281	279.9646911621094	288.24212646484375
328	81	236.58932495117188	256.6761779785156	246.0947723388672
329	81	350.7032775878906	351.40472412109375	347.06207275390625
330	81	239.8787078857422	247.23028564453125	241.23838806152344
331	81	243.45758056640625	251.84036254882813	250.27133178710938
332	81	183.14732360839844	179.98411560058594	180.29977416992188
333	81	281.48370361328125	278.1285095214844	280.5533142089844
334	81	276.93292236328125	282.55938720703125	285.67230224609375
335	81	261.2777099609375	250.396240234375	263.3265380859375
336	81	360.02325439453125	350.0946044921875	349.6861877441406
337	81	243.55914306640625	245.51950073242188	244.0670623779297
338	81	292.9188537597656	275.58856201171875	278.2083740234375
324	82	217.36630249023438	225.72494506835938	224.25643920898438
325	82	242.1622772216797	245.09451293945313	248.70130920410156
326	82	220.48023986816406	221.2038116455078	220.94293212890625
327	82	287.7955627441406	273.7739562988281	286.31243896484375
328	82	247.8126220703125	247.43612670898438	249.23788452148438
329	82	351.35980224609375	355.57049560546875	346.36590576171875
330	82	235.7149658203125	246.90306091308594	233.6834716796875
331	82	253.71804809570313	253.674560546875	245.8665771484375
332	82	185.26576232910156	182.25888061523438	187.05520629882813
333	82	281.0126953125	271.8126220703125	285.00225830078125
334	82	290.4849853515625	283.98388671875	281.7304992675781
335	82	259.1650695800781	246.3878173828125	260.5798034667969
336	82	351.89886474609375	364.6006774902344	351.16046142578125
337	82	241.83250427246094	251.08889770507813	238.25135803222656
338	82	303.9493408203125	297.2373962402344	293.00909423828125
324	83	212.07411193847656	227.05947875976563	224.6844482421875
325	83	244.70216369628906	244.6971435546875	242.03509521484375
326	83	227.03158569335938	222.02615356445313	219.804931640625
327	83	280.3939514160156	282.49554443359375	285.2196960449219
328	83	240.10186767578125	247.14080810546875	245.938720703125
329	83	350.4632873535156	344.2424621582031	339.957275390625
330	83	240.87875366210938	243.85821533203125	242.45103454589844
331	83	242.87049865722656	246.65170288085938	244.09999084472656
332	83	180.70944213867188	176.9935760498047	184.005615234375
333	83	275.5860595703125	279.56610107421875	287.5160827636719
334	83	297.4057922363281	293.68841552734375	278.2295227050781
335	83	264.9352722167969	246.82286071777344	263.4730529785156
336	83	347.2138671875	371.3901062011719	352.7086181640625
337	83	239.0189208984375	245.70599365234375	238.49337768554688
338	83	306.29071044921875	287.84130859375	292.08642578125
324	84	221.07061767578125	226.06649780273438	220.5408172607422
325	84	243.42218017578125	243.86373901367188	238.51223754882813
326	84	226.15621948242188	224.63894653320313	228.00148010253906
327	84	282.9921569824219	277.5154724121094	295.03326416015625
328	84	244.3953094482422	244.58908081054688	239.29763793945313
329	84	348.04248046875	352.455322265625	340.88018798828125
330	84	239.25390625	245.1477813720703	238.9512939453125
331	84	255.48486328125	247.93826293945313	243.5465545654297
332	84	186.46006774902344	179.65260314941406	182.54336547851563
333	84	265.7186584472656	279.0174255371094	272.9169616699219
334	84	296.97100830078125	290.21783447265625	290.68377685546875
335	84	258.6676940917969	249.2238006591797	255.2755126953125
336	84	343.36932373046875	364.8457946777344	354.5094299316406
337	84	244.3289337158203	245.85250854492188	248.95062255859375
338	84	302.94580078125	289.06951904296875	293.0128479003906
324	85	220.15980529785156	223.646484375	222.19656372070313
325	85	237.83139038085938	243.33596801757813	241.77874755859375
326	85	212.838623046875	222.5841064453125	223.10586547851563
327	85	279.2328186035156	287.50653076171875	279.89910888671875
328	85	243.6023712158203	254.30062866210938	246.47177124023438
329	85	353.1534729003906	357.2325134277344	340.2676696777344
330	85	241.85311889648438	247.74398803710938	242.62646484375
331	85	246.528076171875	249.84104919433594	247.95785522460938
332	85	183.89349365234375	181.77330017089844	182.53683471679688
333	85	280.3235778808594	271.3778381347656	282.03460693359375
334	85	289.1614990234375	275.4425354003906	274.5447998046875
335	85	261.7080078125	254.87966918945313	267.6916198730469
336	85	347.3249206542969	361.52593994140625	354.7923583984375
337	85	240.42886352539063	239.42530822753906	241.2431640625
338	85	297.9117431640625	295.1568908691406	298.1017150878906
324	86	222.83416748046875	223.7382049560547	218.2451934814453
325	86	239.2868194580078	250.22909545898438	241.98834228515625
326	86	220.6438446044922	221.1505584716797	224.91592407226563
327	86	289.6272277832031	281.2208251953125	289.2225646972656
328	86	244.37924194335938	248.76438903808594	244.00274658203125
329	86	353.5106506347656	351.4447326660156	339.119140625
330	86	249.02500915527344	242.0778045654297	234.27284240722656
331	86	240.5306396484375	245.95050048828125	248.56353759765625
332	86	182.144775390625	184.2307891845703	180.29074096679688
333	86	278.35919189453125	263.4371032714844	267.205810546875
334	86	286.5014343261719	271.373779296875	282.4201354980469
335	86	251.35682678222656	253.69467163085938	266.8064270019531
336	86	350.39544677734375	360.5194091796875	367.8772888183594
337	86	238.1485595703125	243.99395751953125	243.00119018554688
338	86	307.96405029296875	293.298583984375	293.759521484375
324	87	217.9061737060547	224.5022430419922	213.31138610839844
325	87	245.2347412109375	248.48440551757813	246.511474609375
326	87	225.6505584716797	225.65708923339844	225.44923400878906
327	87	285.42755126953125	276.4405517578125	282.75970458984375
328	87	240.09532165527344	245.35108947753906	241.68373107910156
329	87	345.3417053222656	345.08740234375	342.5251159667969
330	87	240.66256713867188	250.73403930664063	236.1535186767578
331	87	240.7191162109375	247.07066345214844	244.4762420654297
332	87	187.114501953125	178.9302978515625	177.68722534179688
333	87	280.584228515625	272.8526306152344	272.28436279296875
334	87	277.86810302734375	281.0287780761719	286.3828125
335	87	259.99444580078125	256.8041076660156	257.88128662109375
336	87	352.9385986328125	366.8478088378906	356.17694091796875
337	87	238.29458618164063	242.8380889892578	238.8321533203125
338	87	314.15826416015625	298.5533447265625	290.12255859375
324	88	222.9344482421875	221.8268585205078	221.3264617919922
325	88	245.75723266601563	248.22100830078125	246.26644897460938
326	88	224.06015014648438	214.8861846923828	222.06463623046875
327	88	293.7412109375	277.4810485839844	287.0611572265625
328	88	240.92572021484375	250.9564666748047	246.10507202148438
329	88	345.2859191894531	346.1726379394531	337.93109130859375
330	88	242.42263793945313	244.90223693847656	240.59146118164063
331	88	246.4408416748047	253.25961303710938	248.1395721435547
332	88	184.44944763183594	185.44973754882813	181.957763671875
333	88	289.3565368652344	271.57611083984375	281.0129699707031
334	88	279.970703125	286.4240417480469	278.68414306640625
335	88	259.85369873046875	254.47781372070313	256.6721496582031
336	88	349.4074401855469	362.71478271484375	362.5274658203125
337	88	236.778076171875	241.533935546875	241.9594268798828
338	88	293.7771301269531	290.17431640625	290.1180419921875
324	89	220.72052001953125	225.5633544921875	215.35491943359375
325	89	247.7445068359375	245.4315185546875	250.6938018798828
326	89	218.20896911621094	223.8799591064453	225.6256866455078
327	89	279.4336242675781	280.4527893066406	280.30926513671875
328	89	245.35134887695313	247.84954833984375	246.85580444335938
329	89	357.0889892578125	342.91693115234375	339.4596252441406
330	89	245.23574829101563	246.21792602539063	241.1888885498047
331	89	246.64317321777344	247.35743713378906	242.23162841796875
332	89	181.99472045898438	183.7854461669922	179.73907470703125
333	89	281.1700439453125	273.65081787109375	278.61981201171875
334	89	279.2079162597656	288.9091796875	285.4122009277344
335	89	253.37925720214844	243.91551208496094	255.09230041503906
336	89	351.9234924316406	364.9643859863281	351.4530334472656
337	89	239.07522583007813	244.00399780273438	249.99462890625
338	89	303.0179138183594	299.6682434082031	294.1337585449219
324	90	216.21343994140625	224.20741271972656	215.59268188476563
325	90	247.2765350341797	241.06576538085938	251.26611328125
326	90	217.1514129638672	228.43325805664063	215.19732666015625
327	90	287.48663330078125	286.26568603515625	279.5477294921875
328	90	239.03196716308594	247.0875244140625	247.07998657226563
329	90	344.2738342285156	346.5463562011719	344.388916015625
330	90	242.5681610107422	246.86410522460938	244.95701599121094
331	90	244.1851806640625	247.82717895507813	245.887939453125
332	90	181.08340454101563	181.58004760742188	180.45660400390625
333	90	271.69549560546875	287.57965087890625	283.7084655761719
334	90	279.5366516113281	286.740966796875	282.5619201660156
335	90	258.7533874511719	253.59991455078125	255.9586181640625
336	90	347.7492370605469	361.1047058105469	347.73663330078125
337	90	241.81869506835938	252.069091796875	245.81378173828125
338	90	309.66400146484375	292.8243408203125	278.30816650390625
324	91	217.0400848388672	221.45237731933594	218.88229370117188
325	91	244.4561309814453	252.09197998046875	239.54922485351563
326	91	220.633544921875	225.41781616210938	222.74496459960938
327	91	287.03924560546875	283.2731628417969	279.7857360839844
328	91	241.64100646972656	249.82699584960938	245.1085662841797
329	91	345.98260498046875	351.2132263183594	341.7554931640625
330	91	241.8817901611328	241.28311157226563	240.4537353515625
331	91	249.71263122558594	246.81356811523438	244.53729248046875
332	91	180.23216247558594	182.691650390625	178.5017852783203
333	91	284.76129150390625	278.68292236328125	278.8294677734375
334	91	283.3995666503906	290.8956604003906	284.11834716796875
335	91	254.79371643066406	244.7451629638672	253.39207458496094
336	91	357.4757995605469	355.1656494140625	351.7405090332031
337	91	240.0842742919922	249.88052368164063	244.84820556640625
338	91	299.3105773925781	301.04803466796875	286.42529296875
324	92	219.56214904785156	226.19290161132813	216.06167602539063
325	92	242.2321319580078	246.71859741210938	240.75985717773438
326	92	224.35043334960938	223.94554138183594	224.16671752929688
327	92	282.9788818359375	278.2895812988281	280.7415466308594
328	92	244.77076721191406	250.39248657226563	247.2069091796875
329	92	353.6143798828125	349.0899963378906	350.4660339355469
330	92	239.1300048828125	248.1546630859375	244.30130004882813
331	92	250.13510131835938	246.83670043945313	250.31155395507813
332	92	182.34332275390625	177.94534301757813	183.9764404296875
333	92	289.18865966796875	281.2821350097656	281.56439208984375
334	92	285.6112365722656	292.9565124511719	288.0574035644531
335	92	263.9040832519531	246.98123168945313	257.4236145019531
336	92	353.5252380371094	356.5054626464844	353.2716064453125
337	92	237.92739868164063	252.18519592285156	243.97532653808594
338	92	299.3726806640625	298.6543884277344	289.0458984375
324	93	219.05621337890625	226.96249389648438	224.69223022460938
325	93	236.66700744628906	245.5838623046875	239.81134033203125
326	93	220.087158203125	225.58070373535156	226.33717346191406
327	93	285.9337158203125	284.25054931640625	291.14398193359375
328	93	248.5243682861328	244.93313598632813	246.38604736328125
329	93	353.5428466796875	350.07550048828125	339.606201171875
330	93	240.7369842529297	241.9722442626953	241.9717559814453
331	93	244.2731475830078	247.68771362304688	244.86126708984375
332	93	187.69232177734375	181.21536254882813	180.206787109375
333	93	273.3839111328125	277.2214660644531	275.0052490234375
334	93	282.96575927734375	289.0815734863281	284.3578796386719
335	93	257.9732666015625	251.5609130859375	262.6351318359375
336	93	350.963623046875	366.2851257324219	356.2594299316406
337	93	246.01083374023438	252.65394592285156	247.68946838378906
338	93	294.8427429199219	294.0631408691406	293.3802795410156
324	94	220.05096435546875	221.8738555908203	225.29669189453125
325	94	241.840576171875	240.9456024169922	245.46517944335938
326	94	217.23611450195313	230.85279846191406	225.45701599121094
327	94	275.6322937011719	276.2789611816406	294.0654296875
328	94	243.37942504882813	246.74468994140625	243.48097229003906
329	94	347.83819580078125	345.40960693359375	338.0213317871094
330	94	236.51266479492188	240.04833984375	239.88043212890625
331	94	244.56997680664063	247.29660034179688	246.084228515625
332	94	181.0992431640625	180.7745361328125	184.0631561279297
333	94	282.4337158203125	283.2206115722656	280.58447265625
334	94	286.94732666015625	286.98675537109375	273.1137390136719
335	94	263.55523681640625	252.30279541015625	260.43878173828125
336	94	351.832275390625	356.0696716308594	354.25634765625
337	94	241.94384765625	251.22488403320313	245.0057830810547
338	94	289.0750427246094	304.8760070800781	297.6254577636719
324	95	214.3249969482422	226.44198608398438	220.21282958984375
325	95	243.53829956054688	243.78509521484375	239.53765869140625
326	95	231.51226806640625	217.40501403808594	220.88841247558594
327	95	282.44024658203125	276.49835205078125	283.0974426269531
328	95	240.8712158203125	252.2015380859375	248.94735717773438
329	95	348.6750793457031	341.5252990722656	336.088623046875
330	95	238.31846618652344	246.80177307128906	238.22975158691406
331	95	248.62539672851563	249.05038452148438	240.4738311767578
332	95	184.0020751953125	183.33782958984375	176.21922302246094
333	95	280.9682312011719	289.47943115234375	274.5591125488281
334	95	282.02581787109375	292.65570068359375	281.88580322265625
335	95	259.78936767578125	249.39344787597656	259.34197998046875
336	95	350.9501037597656	357.9229431152344	355.21563720703125
337	95	239.98175048828125	248.2325897216797	246.87619018554688
338	95	303.7601013183594	307.5775146484375	295.1109313964844
324	96	213.2613525390625	220.342529296875	222.887451171875
325	96	244.55615234375	249.89511108398438	248.17828369140625
326	96	223.1005859375	223.41600036621094	217.8282470703125
327	96	290.4261474609375	272.71588134765625	291.08892822265625
328	96	243.9044647216797	245.89572143554688	244.7257843017578
329	96	358.6784362792969	342.62115478515625	340.7371826171875
330	96	237.94674682617188	243.63125610351563	243.62448120117188
331	96	249.76690673828125	243.12509155273438	248.59043884277344
332	96	187.27362060546875	173.43276977539063	181.7052001953125
333	96	285.5044250488281	281.3894348144531	282.2761535644531
334	96	286.2654724121094	286.5999755859375	287.3102111816406
335	96	254.32675170898438	254.80001831054688	258.9820861816406
336	96	344.824951171875	357.05560302734375	349.9859924316406
337	96	237.00123596191406	249.09942626953125	247.19082641601563
338	96	299.0648193359375	314.69989013671875	303.06011962890625
324	97	212.03237915039063	222.25889587402344	220.82582092285156
325	97	244.74313354492188	243.38548278808594	248.43463134765625
326	97	223.23605346679688	226.17959594726563	220.92156982421875
327	97	283.71124267578125	276.97662353515625	291.573486328125
328	97	238.14100646972656	244.46466064453125	237.5795440673828
329	97	343.3907165527344	347.72955322265625	342.296142578125
330	97	236.88966369628906	247.142578125	238.66177368164063
331	97	244.6717529296875	243.38723754882813	247.2131805419922
332	97	182.37197875976563	177.5148162841797	180.10977172851563
333	97	273.2414245605469	278.6522521972656	284.9444885253906
334	97	274.7081604003906	288.7912902832031	275.6237487792969
335	97	263.3871154785156	252.19198608398438	253.57955932617188
336	97	342.1181945800781	358.7189025878906	357.7929382324219
337	97	239.65805053710938	249.1348419189453	246.62985229492188
338	97	311.84228515625	303.46026611328125	292.3403015136719
324	98	216.07171630859375	223.7932586669922	217.48541259765625
325	98	234.88180541992188	246.88046264648438	238.62030029296875
326	98	215.8218994140625	223.151611328125	220.0846710205078
327	98	282.4676513671875	281.8498840332031	284.2945556640625
328	98	243.80996704101563	249.41885375976563	245.88742065429688
329	98	350.2632141113281	348.20111083984375	336.90692138671875
330	98	247.5371551513672	243.87657165527344	240.31298828125
331	98	247.60675048828125	242.32559204101563	246.375244140625
332	98	177.30471801757813	176.5391845703125	182.7635498046875
333	98	279.3956604003906	280.69232177734375	272.0953674316406
334	98	292.1065368652344	284.1012878417969	297.1717834472656
335	98	255.20689392089844	248.6630859375	253.9693603515625
336	98	348.8578186035156	356.99029541015625	362.3917541503906
337	98	239.79653930664063	244.060302734375	243.69210815429688
338	98	311.663330078125	294.53363037109375	301.20611572265625
324	99	220.21559143066406	222.02490234375	213.91331481933594
325	99	238.81106567382813	248.927978515625	244.30230712890625
326	99	228.68833923339844	226.60157775878906	220.8109893798828
327	99	289.44476318359375	276.59967041015625	282.12384033203125
328	99	249.29217529296875	250.71566772460938	249.98007202148438
329	99	348.0121154785156	346.9467468261719	339.71600341796875
330	99	240.76742553710938	241.2139892578125	245.16563415527344
331	99	245.2028045654297	248.00662231445313	249.83905029296875
332	99	186.7425537109375	181.28497314453125	176.79727172851563
333	99	287.8234558105469	283.4865417480469	272.9139709472656
334	99	282.21075439453125	277.7947082519531	289.7259826660156
335	99	259.12786865234375	251.18966674804688	257.2245788574219
336	99	350.1662292480469	362.2633361816406	354.55767822265625
337	99	239.535888671875	251.68431091308594	244.3369903564453
338	99	309.67510986328125	298.88763427734375	287.97247314453125
324	100	217.6261749267578	220.15626525878906	218.71817016601563
325	100	242.60133361816406	249.19541931152344	242.4078369140625
326	100	219.17559814453125	228.803466796875	222.1164093017578
327	100	279.30218505859375	287.4879150390625	284.2076110839844
328	100	248.40145874023438	245.97491455078125	248.51004028320313
329	100	347.7723388671875	354.6948547363281	342.4937438964844
330	100	237.7746124267578	243.40179443359375	238.47329711914063
331	100	247.7248992919922	249.94989013671875	251.17535400390625
332	100	178.46609497070313	185.89784240722656	178.21578979492188
333	100	282.54229736328125	273.3746032714844	270.49566650390625
334	100	285.246826171875	282.06500244140625	294.5187683105469
335	100	258.4610900878906	247.43634033203125	255.7965087890625
336	100	348.67181396484375	358.4898681640625	361.1951904296875
337	100	237.931396484375	246.10382080078125	244.36842346191406
338	100	289.9700012207031	293.655517578125	299.4674377441406
324	101	213.00250244140625	221.06809997558594	224.97097778320313
325	101	241.42337036132813	244.76576232910156	243.54608154296875
326	101	224.88551330566406	221.88693237304688	222.30136108398438
327	101	280.1712951660156	285.0218811035156	270.6318664550781
328	101	240.9061279296875	249.747314453125	245.38905334472656
329	101	350.9915771484375	341.86767578125	348.9988098144531
330	101	243.4955596923828	248.25192260742188	239.29312133789063
331	101	246.67030334472656	253.43051147460938	240.25418090820313
332	101	185.2924041748047	186.473388671875	184.66281127929688
333	101	286.75201416015625	286.707275390625	278.6665954589844
334	101	275.376220703125	288.62567138671875	275.2990417480469
335	101	259.1416931152344	255.62210083007813	253.598388671875
336	101	352.6211853027344	364.85333251953125	369.3809509277344
337	101	245.639892578125	235.30831909179688	243.838134765625
338	101	293.64215087890625	296.65533447265625	293.2192077636719
324	102	220.53453063964844	226.02780151367188	221.92941284179688
325	102	243.2135772705078	246.21139526367188	241.74130249023438
326	102	219.51136779785156	226.51083374023438	217.62841796875
327	102	285.1337585449219	290.4078369140625	279.6150817871094
328	102	244.7074737548828	244.8653106689453	247.14834594726563
329	102	357.4640197753906	350.2270202636719	351.45306396484375
330	102	247.01841735839844	246.62734985351563	252.37295532226563
331	102	251.78659057617188	248.1141815185547	245.5855712890625
332	102	179.11123657226563	183.07594299316406	180.5624237060547
333	102	281.7018737792969	281.642578125	273.53472900390625
334	102	275.4664001464844	279.6044921875	289.9735412597656
335	102	256.4079895019531	252.53126525878906	257.16497802734375
336	102	348.8427429199219	364.1480712890625	366.8066101074219
337	102	242.57997131347656	239.35719299316406	245.88819885253906
338	102	286.8578186035156	301.37249755859375	295.1430969238281
324	103	215.14279174804688	219.24473571777344	220.04144287109375
325	103	246.93472290039063	249.7063446044922	242.47817993164063
326	103	222.50946044921875	229.39785766601563	227.15097045898438
327	103	286.4446716308594	276.86431884765625	280.0486145019531
328	103	244.64111328125	250.28970336914063	251.92807006835938
329	103	351.11700439453125	352.31304931640625	348.2601623535156
330	103	252.914306640625	243.57296752929688	252.12664794921875
331	103	253.4772491455078	249.77621459960938	246.89752197265625
332	103	181.25607299804688	180.38397216796875	177.73672485351563
333	103	280.6095886230469	281.8702392578125	275.29449462890625
334	103	283.1260986328125	281.3680725097656	280.269775390625
335	103	262.97845458984375	248.432373046875	263.1654357910156
336	103	356.5164794921875	368.8041687011719	362.48828125
337	103	247.82064819335938	245.2631378173828	241.90188598632813
338	103	301.989501953125	301.59869384765625	284.8567810058594
324	104	219.86978149414063	221.52349853515625	226.14517211914063
325	104	242.00718688964844	247.8470458984375	244.9333953857422
326	104	218.60333251953125	226.2974853515625	229.59439086914063
327	104	287.71588134765625	286.68115234375	285.7379150390625
328	104	243.48623657226563	244.7416534423828	244.50965881347656
329	104	341.5924377441406	357.4700012207031	340.2498474121094
330	104	243.75314331054688	249.90365600585938	245.76402282714844
331	104	254.0834503173828	253.87762451171875	249.89132690429688
332	104	184.0533447265625	188.16256713867188	178.72320556640625
333	104	272.277099609375	265.07879638671875	270.39691162109375
334	104	288.10919189453125	281.3695983886719	279.37457275390625
335	104	255.49620056152344	249.669677734375	252.84744262695313
336	104	362.077392578125	362.3299865722656	374.9425964355469
337	104	247.3441162109375	241.42361450195313	250.87603759765625
338	104	292.4490966796875	297.7937927246094	287.8948059082031
324	105	213.05780029296875	224.27957153320313	224.46078491210938
325	105	243.30657958984375	245.56222534179688	244.7994384765625
326	105	228.75018310546875	221.2254180908203	227.10296630859375
327	105	284.1703796386719	283.4676818847656	287.54095458984375
328	105	248.71461486816406	246.07192993164063	245.3528594970703
329	105	339.00323486328125	345.23065185546875	342.94482421875
330	105	242.72927856445313	244.28648376464844	237.7592315673828
331	105	245.08694458007813	248.71536254882813	245.7391357421875
332	105	178.16448974609375	179.3876953125	181.46820068359375
333	105	275.31915283203125	275.2844543457031	273.35198974609375
334	105	289.77294921875	288.2265625	277.8168029785156
335	105	255.36676025390625	248.79931640625	260.0595397949219
336	105	353.854736328125	361.8694763183594	361.62322998046875
337	105	242.71316528320313	238.49462890625	246.60546875
338	105	290.8381042480469	298.30023193359375	293.8210754394531
324	106	226.68099975585938	217.25973510742188	219.85568237304688
325	106	244.1479949951172	250.369384765625	245.00979614257813
326	106	226.1524658203125	216.93978881835938	224.29537963867188
327	106	284.37799072265625	285.3598937988281	277.2151794433594
328	106	244.25103759765625	248.1033935546875	251.1884307861328
329	106	351.8400573730469	352.80462646484375	354.1663513183594
330	106	248.13050842285156	250.92178344726563	249.968994140625
331	106	244.2128448486328	253.026123046875	253.0371856689453
332	106	182.3777618408203	186.85614013671875	175.9937744140625
333	106	277.50091552734375	278.2873229980469	272.524658203125
334	106	281.0001525878906	275.5054016113281	290.4178771972656
335	106	252.3724365234375	252.589599609375	259.5179138183594
336	106	374.5215759277344	372.5482177734375	368.4173583984375
337	106	244.171142578125	240.2984161376953	249.14564514160156
338	106	291.19927978515625	287.2295227050781	287.031982421875
324	107	222.07667541503906	220.41839599609375	221.4840545654297
325	107	242.64480590820313	248.60330200195313	243.03211975097656
326	107	225.483154296875	218.00314331054688	223.28353881835938
327	107	283.9816589355469	282.404052734375	282.1741027832031
328	107	240.99282836914063	249.157470703125	248.14686584472656
329	107	350.14691162109375	358.28887939453125	353.05322265625
330	107	249.59051513671875	249.268310546875	235.96351623535156
331	107	247.3896026611328	245.94247436523438	254.6663055419922
332	107	182.631591796875	185.48666381835938	182.94700622558594
333	107	281.712158203125	277.5061950683594	273.4769287109375
334	107	287.9978332519531	274.7506408691406	278.9302062988281
335	107	262.2644348144531	255.4647674560547	258.52191162109375
336	107	361.66668701171875	363.37774658203125	362.19500732421875
337	107	244.16482543945313	243.573974609375	244.1487579345703
338	107	298.9878845214844	296.20770263671875	289.9635009765625
324	108	218.6166534423828	219.07028198242188	215.32073974609375
325	108	242.6717071533203	245.07192993164063	247.97320556640625
326	108	222.82235717773438	219.52670288085938	231.1282196044922
327	108	291.7157287597656	284.6622009277344	281.87603759765625
328	108	242.48622131347656	250.54754638671875	249.63499450683594
329	108	342.3431701660156	354.5841064453125	345.1627502441406
330	108	252.41415405273438	243.03286743164063	237.19000244140625
331	108	252.8097381591797	251.63076782226563	250.08912658691406
332	108	187.58474731445313	179.33416748046875	177.78851318359375
333	108	279.9412841796875	282.3052673339844	273.3987731933594
334	108	293.60772705078125	284.3882751464844	289.01422119140625
335	108	258.9210205078125	248.76034545898438	252.3357391357422
336	108	370.1535339355469	366.8827819824219	366.2146911621094
337	108	243.33570861816406	249.73199462890625	240.7784423828125
338	108	297.73834228515625	285.656982421875	294.6288757324219
324	109	220.10902404785156	221.17617797851563	217.5595703125
325	109	245.8804168701172	246.4612274169922	252.21939086914063
326	109	223.7605743408203	230.72787475585938	220.61973571777344
327	109	284.22796630859375	287.7156066894531	279.629150390625
328	109	245.01708984375	254.0603485107422	249.02224731445313
329	109	345.32843017578125	353.6385803222656	346.76580810546875
330	109	246.95883178710938	242.50054931640625	238.81155395507813
331	109	244.2490234375	252.88388061523438	251.55963134765625
332	109	184.00709533691406	181.2412567138672	183.38182067871094
333	109	270.3549499511719	276.896484375	265.5130920410156
334	109	289.430419921875	286.77032470703125	282.0476989746094
335	109	250.9655303955078	254.22900390625	250.10496520996094
336	109	355.6097412109375	359.5656433105469	360.16400146484375
337	109	248.57489013671875	252.90753173828125	244.8439178466797
338	109	289.7805480957031	293.42425537109375	301.08575439453125
324	110	213.76426696777344	216.95614624023438	219.8046875
325	110	245.06790161132813	243.19371032714844	246.94276428222656
326	110	222.76229858398438	222.86585998535156	227.90243530273438
327	110	289.2841796875	282.3935241699219	282.90521240234375
328	110	244.66622924804688	248.1564178466797	250.91624450683594
329	110	346.72479248046875	353.5116882324219	343.4271545410156
330	110	243.67198181152344	245.27545166015625	245.30386352539063
331	110	242.31202697753906	247.40948486328125	249.84609985351563
332	110	182.73513793945313	172.65740966796875	179.8584442138672
333	110	280.8847961425781	287.5972595214844	279.978271484375
334	110	281.9594421386719	283.29248046875	286.740234375
335	110	255.18426513671875	250.22561645507813	250.45782470703125
336	110	365.7633361816406	368.0516662597656	365.9063415527344
337	110	247.5577392578125	245.82762145996094	241.09161376953125
338	110	286.2171936035156	289.3396911621094	301.152587890625
324	111	210.25047302246094	223.83847045898438	226.29043579101563
325	111	244.92611694335938	249.4110565185547	247.5670623779297
326	111	224.48765563964844	233.2162628173828	222.5845947265625
327	111	284.5195007324219	284.0226135253906	283.197265625
328	111	246.54290771484375	250.933837890625	244.05023193359375
329	111	336.5718994140625	351.98028564453125	348.37249755859375
330	111	239.6995086669922	249.97604370117188	241.54275512695313
331	111	244.60214233398438	252.77330017089844	250.711669921875
332	111	180.76097106933594	183.58865356445313	183.2224578857422
333	111	277.5592346191406	279.36248779296875	266.34197998046875
334	111	287.68621826171875	282.36285400390625	285.1759338378906
335	111	258.10595703125	252.01051330566406	258.33795166015625
336	111	353.9373474121094	364.39581298828125	363.2671813964844
337	111	245.85324096679688	246.117919921875	244.57049560546875
338	111	298.03790283203125	300.11236572265625	289.9793395996094
324	112	215.10836791992188	219.77151489257813	225.37510681152344
325	112	242.04940795898438	242.05520629882813	244.061279296875
326	112	219.0052032470703	224.20037841796875	220.31210327148438
327	112	288.585693359375	281.8680114746094	280.21246337890625
328	112	243.24046325683594	247.54769897460938	247.9943084716797
329	112	346.0117492675781	345.812744140625	354.128173828125
330	112	239.5841522216797	249.57391357421875	239.71434020996094
331	112	248.6653594970703	246.37826538085938	256.02398681640625
332	112	180.7642364501953	184.58641052246094	182.79295349121094
333	112	274.2977294921875	276.5169677734375	273.9896240234375
334	112	278.946533203125	293.97467041015625	281.53521728515625
335	112	254.59414672851563	248.69879150390625	250.65081787109375
336	112	351.9297790527344	354.6159362792969	364.528076171875
337	112	248.30996704101563	247.95486450195313	247.09356689453125
338	112	293.8155822753906	293.7454833984375	296.55780029296875
324	113	214.60018920898438	225.3831329345703	222.31668090820313
325	113	243.51815795898438	242.6762237548828	249.21902465820313
326	113	217.9551544189453	221.28826904296875	222.69166564941406
327	113	280.4997863769531	288.4180603027344	281.2926940917969
328	113	245.88467407226563	249.90237426757813	250.4490203857422
329	113	341.6444396972656	343.49725341796875	355.97991943359375
330	113	242.17282104492188	245.52450561523438	246.13600158691406
331	113	251.5588836669922	250.75613403320313	250.34422302246094
332	113	176.41476440429688	183.5680389404297	183.14430236816406
333	113	283.2153625488281	268.4161682128906	276.2297058105469
334	113	284.36541748046875	292.89495849609375	282.6809997558594
335	113	264.7985534667969	253.0985107421875	254.30990600585938
336	113	351.4130554199219	359.0431213378906	365.6339111328125
337	113	238.09805297851563	246.78744506835938	236.9977264404297
338	113	283.4674377441406	300.6303405761719	296.86920166015625
324	114	214.60597229003906	223.37728881835938	220.57699584960938
325	114	242.70437622070313	246.41221618652344	246.72512817382813
326	114	224.9860382080078	223.45797729492188	221.41567993164063
327	114	284.1279296875	279.84478759765625	278.5755920410156
328	114	247.39138793945313	249.38414001464844	245.44485473632813
329	114	347.20562744140625	344.57318115234375	344.0499267578125
330	114	241.44273376464844	248.05564880371094	248.14334106445313
331	114	248.23709106445313	249.8370361328125	244.9871826171875
332	114	184.78469848632813	177.99659729003906	185.9910888671875
333	114	284.7233581542969	279.63543701171875	279.4833984375
334	114	293.1060791015625	284.9391784667969	283.0474548339844
335	114	256.92974853515625	253.15707397460938	251.53602600097656
336	114	352.12054443359375	360.46234130859375	372.0410461425781
337	114	244.33551025390625	246.6351318359375	242.24822998046875
338	114	292.8914489746094	298.42388916015625	291.5551452636719
324	115	215.4378662109375	220.05950927734375	223.19708251953125
325	115	242.52041625976563	246.62356567382813	241.30397033691406
326	115	214.0563201904297	224.6683807373047	224.06768798828125
327	115	289.5116271972656	285.8233642578125	282.8275451660156
328	115	243.002197265625	247.9860076904297	252.97386169433594
329	115	342.9642028808594	338.69757080078125	347.5001220703125
330	115	244.88841247558594	246.56927490234375	246.493408203125
331	115	253.5936279296875	252.79867553710938	244.95877075195313
332	115	177.97702026367188	175.53738403320313	184.9835205078125
333	115	270.50018310546875	287.279296875	277.264892578125
334	115	290.0155334472656	298.2989807128906	282.104736328125
335	115	255.2395782470703	254.8912353515625	257.943115234375
336	115	355.8778991699219	359.9769592285156	369.4992980957031
337	115	244.5923309326172	248.0360565185547	240.89910888671875
338	115	294.835205078125	281.4361877441406	290.1253356933594
324	116	220.43753051757813	223.6278839111328	222.1787109375
325	116	238.63565063476563	249.35324096679688	242.9532012939453
326	116	216.6178436279297	223.117431640625	225.54446411132813
327	116	288.0430908203125	276.3207092285156	270.59820556640625
328	116	246.36294555664063	241.24465942382813	248.35269165039063
329	116	355.5182189941406	340.1533508300781	342.06243896484375
330	116	245.92538452148438	244.9894561767578	241.42312622070313
331	116	251.29800415039063	247.00582885742188	252.7071990966797
332	116	180.98741149902344	183.903076171875	182.71780395507813
333	116	279.3634948730469	281.5047912597656	271.48638916015625
334	116	289.278076171875	280.78076171875	288.00689697265625
335	116	258.70965576171875	244.3442840576172	253.3651885986328
336	116	357.56707763671875	363.7391052246094	369.1099853515625
337	116	250.29974365234375	247.92694091796875	240.61082458496094
338	116	296.55828857421875	295.6610412597656	285.6705627441406
324	117	213.44886779785156	215.13275146484375	225.6462860107422
325	117	237.572265625	240.654052734375	238.98397827148438
326	117	218.464599609375	214.90603637695313	231.7221221923828
327	117	286.9483337402344	285.9319763183594	275.513671875
328	117	245.28675842285156	253.68386840820313	247.2428436279297
329	117	347.31414794921875	353.00445556640625	359.5899658203125
330	117	242.6375274658203	240.4092559814453	239.69497680664063
331	117	245.35308837890625	247.41876220703125	247.49317932128906
332	117	184.54995727539063	186.05166625976563	181.53756713867188
333	117	278.40142822265625	279.655517578125	283.1731262207031
334	117	285.20635986328125	290.9114685058594	286.4006652832031
335	117	258.5960388183594	249.85989379882813	255.330322265625
336	117	353.3633728027344	362.6456604003906	369.5480651855469
337	117	244.29025268554688	249.27557373046875	237.39254760742188
338	117	299.42572021484375	304.0971374511719	291.2919921875
324	118	212.8230438232422	220.2857208251953	221.40740966796875
325	118	241.97879028320313	248.05313110351563	250.75363159179688
326	118	221.79367065429688	224.9659423828125	226.9268035888672
327	118	288.76715087890625	284.477783203125	290.6440734863281
328	118	249.83880615234375	240.31851196289063	251.17385864257813
329	118	349.8623352050781	346.02685546875	349.6504821777344
330	118	239.02017211914063	242.27890014648438	250.6556396484375
331	118	246.67132568359375	247.0384979248047	256.3132629394531
332	118	183.47203063964844	184.46351623535156	184.11367797851563
333	118	278.45849609375	275.0022277832031	288.38037109375
334	118	287.25592041015625	289.5455322265625	285.7849426269531
335	118	255.99305725097656	254.50845336914063	251.92709350585938
336	118	348.2606201171875	358.5093078613281	363.4310302734375
337	118	241.59173583984375	246.5522003173828	240.78297424316406
338	118	303.0309753417969	305.7194519042969	286.4579772949219
324	119	219.0733184814453	219.24322509765625	218.76190185546875
325	119	239.38510131835938	239.06314086914063	246.93873596191406
326	119	218.3934783935547	219.23971557617188	227.104736328125
327	119	294.62738037109375	286.6990051269531	281.59478759765625
328	119	242.18386840820313	249.34571838378906	244.89845275878906
329	119	343.2541809082031	348.2508239746094	349.35418701171875
330	119	241.83731079101563	246.53761291503906	240.15744018554688
331	119	246.9796905517578	251.28543090820313	246.9231719970703
332	119	180.6192169189453	191.9249267578125	183.27674865722656
333	119	284.897216796875	280.42559814453125	268.445068359375
334	119	294.5823974609375	289.9629821777344	290.5762023925781
335	119	252.66346740722656	256.62310791015625	255.40118408203125
336	119	343.5829162597656	364.4031982421875	372.1259765625
337	119	244.74867248535156	248.40597534179688	241.10165405273438
338	119	302.0882568359375	305.1936340332031	283.3985595703125
324	120	217.2449188232422	219.95974731445313	214.72735595703125
325	120	238.98072814941406	237.5157470703125	240.5218505859375
326	120	219.80291748046875	223.42428588867188	224.30166625976563
327	120	298.23565673828125	276.5355529785156	287.41802978515625
328	120	243.06353759765625	247.35972595214844	242.67420959472656
329	120	343.1202392578125	354.8544616699219	349.91485595703125
330	120	245.77435302734375	242.55157470703125	240.79002380371094
331	120	242.65208435058594	244.03338623046875	239.67410278320313
332	120	183.27674865722656	180.50311279296875	179.02679443359375
333	120	283.64434814453125	276.9600524902344	276.3204345703125
334	120	280.04608154296875	281.56463623046875	283.1851806640625
335	120	260.78912353515625	248.99560546875	255.61558532714844
336	120	343.4789123535156	367.01824951171875	357.9327087402344
337	120	238.93270874023438	248.86972045898438	243.5983428955078
338	120	286.8603515625	294.36248779296875	293.527587890625
324	121	220.36212158203125	223.4403533935547	221.221923828125
325	121	240.47434997558594	249.81015014648438	233.89761352539063
326	121	217.58621215820313	223.16140747070313	228.2849578857422
327	121	285.3827819824219	279.60528564453125	285.4989013671875
328	121	242.24896240234375	239.03701782226563	244.129150390625
329	121	334.3785705566406	349.96893310546875	353.034912109375
330	121	238.22018432617188	253.31190490722656	244.12965393066406
331	121	255.61329650878906	248.46302795410156	243.1374053955078
332	121	180.5026092529297	187.14141845703125	183.43357849121094
333	121	277.0837097167969	266.7315368652344	272.13232421875
334	121	284.7732849121094	290.2607727050781	274.8607177734375
335	121	255.10360717773438	251.9280548095703	260.75921630859375
336	121	352.44476318359375	367.7845153808594	371.33026123046875
337	121	246.45294189453125	244.63858032226563	245.13369750976563
338	121	295.407470703125	288.5965270996094	293.878662109375
324	122	218.35025024414063	219.45884704589844	214.9432373046875
325	122	240.05235290527344	246.5600128173828	245.73690795898438
326	122	218.0758056640625	223.32904052734375	221.59536743164063
327	122	280.7792053222656	288.8463134765625	288.04510498046875
328	122	243.83056640625	242.25851440429688	247.7007598876953
329	122	337.6649475097656	347.025390625	354.4347839355469
330	122	244.0462188720703	245.02940368652344	246.28981018066406
331	122	257.7792053222656	245.03515625	247.56480407714844
332	122	182.63560485839844	187.52670288085938	184.33155822753906
333	122	278.041259765625	280.9684753417969	283.0522766113281
334	122	289.63275146484375	279.7613525390625	276.7479248046875
335	122	261.26641845703125	255.72238159179688	268.1849670410156
336	122	350.1541748046875	368.2009582519531	370.1181335449219
337	122	241.0106658935547	248.87698364257813	245.84620666503906
338	122	303.3677978515625	296.23486328125	294.35919189453125
324	123	221.82208251953125	231.32577514648438	217.68923950195313
325	123	238.71380615234375	243.94119262695313	242.32688903808594
326	123	220.40333557128906	218.57167053222656	223.32980346679688
327	123	287.53692626953125	282.6094055175781	282.63983154296875
328	123	238.9279327392578	237.58935546875	238.62557983398438
329	123	339.197509765625	354.27264404296875	349.3627624511719
330	123	239.8043212890625	244.0474853515625	245.717529296875
331	123	249.8511199951172	248.5660858154297	242.54930114746094
332	123	181.4460906982422	186.56887817382813	181.3123779296875
333	123	277.5345764160156	276.4458312988281	282.1260986328125
334	123	292.5001220703125	287.3856201171875	277.0885009765625
335	123	261.1226501464844	250.46865844726563	258.6706848144531
336	123	347.7972106933594	369.75921630859375	356.8713684082031
337	123	248.014404296875	243.60211181640625	239.79425048828125
338	123	296.22735595703125	294.4112548828125	297.9883728027344
324	124	214.02969360351563	223.62734985351563	212.25379943847656
325	124	240.74755859375	244.2998046875	243.88938903808594
326	124	217.59475708007813	219.668212890625	225.59124755859375
327	124	288.76593017578125	276.2706604003906	281.3148193359375
328	124	244.7801055908203	237.5587158203125	244.76400756835938
329	124	359.4364013671875	353.4143371582031	350.4534606933594
330	124	242.39674377441406	243.45460510253906	244.53326416015625
331	124	247.07041931152344	254.3264923095703	245.79518127441406
332	124	184.29010009765625	183.80152893066406	179.25250244140625
333	124	279.01617431640625	273.9825744628906	276.5031433105469
334	124	286.21917724609375	283.1844177246094	279.0068664550781
335	124	269.2892761230469	255.18353271484375	256.4456787109375
336	124	346.0562744140625	366.468017578125	358.45098876953125
337	124	245.44284057617188	247.11090087890625	243.08462524414063
338	124	296.09033203125	288.72119140625	286.4378662109375
324	125	213.98995971679688	224.75405883789063	215.70803833007813
325	125	237.5664825439453	244.47096252441406	240.4512481689453
326	125	219.9969482421875	219.36358642578125	223.07418823242188
327	125	280.6251525878906	287.3301086425781	279.55096435546875
328	125	245.9806671142578	249.60809326171875	246.493408203125
329	125	348.7607727050781	354.2314453125	353.40203857421875
330	125	236.44984436035156	245.845458984375	239.33782958984375
331	125	250.1356201171875	250.4590606689453	242.29571533203125
332	125	182.84194946289063	182.5634765625	184.5911865234375
333	125	272.8832702636719	277.4566650390625	274.47418212890625
334	125	286.468505859375	281.00665283203125	281.6953430175781
335	125	262.24609375	246.604736328125	270.9337158203125
336	125	351.4314270019531	354.85546875	360.9544372558594
337	125	243.9170379638672	244.39505004882813	252.28973388671875
338	125	293.6529541015625	297.6033630371094	282.4935302734375
324	126	217.20594787597656	220.52395629882813	213.12490844726563
325	126	244.42572021484375	247.8419952392578	243.92481994628906
326	126	221.40362548828125	218.7940673828125	225.8076171875
327	126	288.7051086425781	279.4788513183594	291.0223388671875
328	126	245.9409637451172	238.49539184570313	243.71170043945313
329	126	355.00677490234375	357.6424560546875	362.6647644042969
330	126	241.60003662109375	243.98062133789063	244.30303955078125
331	126	244.80169677734375	247.70201110839844	249.60028076171875
332	126	179.13565063476563	184.07949829101563	184.03448486328125
333	126	279.7744140625	271.2752990722656	270.57281494140625
334	126	293.61627197265625	287.41094970703125	288.82720947265625
335	126	258.055419921875	252.4365234375	254.14678955078125
336	126	354.71124267578125	370.905517578125	360.6566467285156
337	126	243.24423217773438	244.982666015625	247.50799560546875
338	126	298.3427429199219	296.48138427734375	298.35052490234375
324	127	214.93243408203125	221.7072296142578	215.0085906982422
325	127	254.9390106201172	249.87274169921875	244.39881896972656
326	127	222.6245574951172	217.80081176757813	224.1121826171875
327	127	284.19952392578125	282.5707092285156	288.5284118652344
328	127	243.96478271484375	243.5254669189453	244.04193115234375
329	127	346.8743591308594	359.76141357421875	353.0710754394531
330	127	241.20570373535156	246.08322143554688	240.62286376953125
331	127	253.88064575195313	249.83050537109375	244.94595336914063
332	127	180.38624572753906	183.91714477539063	183.84072875976563
333	127	277.375732421875	281.5899963378906	266.4520263671875
334	127	288.5125732421875	289.2967224121094	264.2702941894531
335	127	262.1432800292969	259.4576110839844	262.8839416503906
336	127	352.70111083984375	360.4213562011719	362.0358581542969
337	127	246.23629760742188	246.46046447753906	238.45970153808594
338	127	293.0538024902344	296.63873291015625	298.9806213378906
324	128	219.06224060058594	216.50674438476563	216.15164184570313
325	128	247.1277313232422	241.77346801757813	245.1630859375
326	128	220.19094848632813	227.8722686767578	229.89120483398438
327	128	281.30120849609375	284.16033935546875	286.12420654296875
328	128	241.8654327392578	241.22882080078125	245.0220947265625
329	128	348.6883850097656	356.1025695800781	350.3009338378906
330	128	247.0679168701172	247.30014038085938	241.39822387695313
331	128	243.60562133789063	247.89300537109375	246.6859130859375
332	128	185.17727661132813	185.07676696777344	180.9368896484375
333	128	285.18475341796875	281.3736572265625	273.7408142089844
334	128	287.1139221191406	285.7080078125	282.1723327636719
335	128	257.1024169921875	254.51300048828125	262.1983337402344
336	128	355.3795166015625	361.29071044921875	356.44915771484375
337	128	240.81842041015625	237.10305786132813	238.32247924804688
338	128	299.7310791015625	291.1839599609375	287.01995849609375
324	129	216.95237731933594	215.26446533203125	221.45187377929688
325	129	242.685302734375	248.9159393310547	244.74415588378906
326	129	222.33253479003906	224.3416290283203	221.35182189941406
327	129	282.4618835449219	280.6907653808594	286.05560302734375
328	129	238.630859375	244.82205200195313	242.1099853515625
329	129	343.64300537109375	353.7164611816406	345.18292236328125
330	129	248.66285705566406	250.42312622070313	242.07505798339844
331	129	249.3816375732422	253.9171142578125	246.9012908935547
332	129	179.2052459716797	173.9072723388672	181.21035766601563
333	129	276.3679504394531	276.3681640625	273.22381591796875
334	129	281.87652587890625	274.9712829589844	270.614501953125
335	129	253.8982391357422	243.34475708007813	260.7765808105469
336	129	347.67303466796875	359.25567626953125	344.9092102050781
337	129	241.63824462890625	240.76661682128906	240.47157287597656
338	129	294.10107421875	300.8703308105469	284.5793151855469
324	130	215.70401000976563	210.02903747558594	219.5721893310547
325	130	245.18951416015625	249.40025329589844	243.96780395507813
326	130	219.66065979003906	214.63259887695313	221.48304748535156
327	130	282.1233215332031	287.05841064453125	288.42913818359375
328	130	244.78509521484375	241.77899169921875	246.8487548828125
329	130	354.28021240234375	356.15081787109375	349.25238037109375
330	130	246.71932983398438	256.2054138183594	241.82974243164063
331	130	245.20556640625	255.17874145507813	244.0042266845703
332	130	183.2868194580078	180.1002197265625	184.4884033203125
333	130	282.41363525390625	280.1479187011719	274.79510498046875
334	130	288.5437316894531	281.1371154785156	267.2698669433594
335	130	255.03775024414063	250.43946838378906	265.55303955078125
336	130	352.857421875	366.09307861328125	358.6033020019531
337	130	240.19436645507813	235.60263061523438	241.31478881835938
338	130	297.379638671875	307.7386169433594	291.010498046875
324	131	214.31216430664063	225.14085388183594	222.27272033691406
325	131	239.52633666992188	246.67459106445313	246.09478759765625
326	131	216.51834106445313	218.11752319335938	228.85546875
327	131	284.9510192871094	285.58563232421875	281.9944152832031
328	131	247.16693115234375	241.54348754882813	241.02952575683594
329	131	350.697265625	349.1040954589844	357.2621765136719
330	131	240.81036376953125	248.33006286621094	241.8340301513672
331	131	244.99093627929688	254.46600341796875	244.2301788330078
332	131	185.37811279296875	185.8272247314453	184.6768798828125
333	131	275.1424560546875	280.9302978515625	273.3522644042969
334	131	284.6242980957031	291.1223449707031	275.57470703125
335	131	253.89422607421875	247.5999755859375	257.4258728027344
336	131	347.1960754394531	367.71038818359375	356.61932373046875
337	131	237.13722229003906	243.86953735351563	244.67303466796875
338	131	297.507080078125	298.4033203125	305.90167236328125
324	132	216.20516967773438	220.8524627685547	221.8411865234375
325	132	240.0003662109375	252.1359405517578	244.95755004882813
326	132	223.80477905273438	224.44595336914063	221.08770751953125
327	132	277.83770751953125	279.0837707519531	286.946533203125
328	132	243.91073608398438	247.50347900390625	244.00347900390625
329	132	347.0469665527344	340.3526611328125	336.30474853515625
330	132	234.66114807128906	251.29400634765625	244.82785034179688
331	132	245.5569305419922	250.06246948242188	245.7328643798828
332	132	186.51736450195313	185.0184326171875	185.07725524902344
333	132	278.3765563964844	283.2108154296875	271.8453063964844
334	132	288.60406494140625	297.42840576171875	273.234619140625
335	132	261.72332763671875	251.8574676513672	253.0238800048828
336	132	341.54339599609375	371.78887939453125	358.9407958984375
337	132	240.41677856445313	237.81103515625	245.4169464111328
338	132	293.929443359375	294.9616394042969	292.648193359375
324	133	215.73342895507813	215.78570556640625	222.56600952148438
325	133	244.40435791015625	245.90753173828125	250.79534912109375
326	133	219.4407501220703	219.4757080078125	223.5854034423828
327	133	283.5684814453125	282.4555969238281	280.7641296386719
328	133	247.92747497558594	238.76405334472656	243.14266967773438
329	133	352.1293640136719	350.56231689453125	340.0277099609375
330	133	242.42941284179688	248.40924072265625	234.27261352539063
331	133	244.54458618164063	253.71678161621094	249.3484649658203
332	133	182.52679443359375	188.42721557617188	182.5737762451172
333	133	262.8128662109375	274.17333984375	282.4621276855469
334	133	275.2779235839844	288.92022705078125	289.18634033203125
335	133	262.95782470703125	253.2734375	256.935546875
336	133	349.32525634765625	366.5185546875	366.08502197265625
337	133	235.73634338378906	244.98390197753906	243.2736358642578
338	133	302.2332763671875	295.1878356933594	297.24493408203125
324	134	212.78182983398438	223.60098266601563	219.822509765625
325	134	242.85292053222656	249.50479125976563	249.51031494140625
326	134	220.4860382080078	217.46632385253906	225.63800048828125
327	134	289.19769287109375	273.446044921875	282.3771667480469
328	134	244.85272216796875	244.69915771484375	244.14321899414063
329	134	353.3477478027344	352.93133544921875	341.5690612792969
330	134	240.81689453125	250.57618713378906	244.68231201171875
331	134	244.23721313476563	256.1800537109375	244.8687744140625
332	134	183.78770446777344	190.93093872070313	183.2438201904297
333	134	280.28863525390625	273.8456115722656	271.7960205078125
334	134	287.4625549316406	295.11444091796875	282.68804931640625
335	134	256.475830078125	256.8382568359375	253.28024291992188
336	134	349.1036071777344	367.0269775390625	361.575927734375
337	134	236.38902282714844	240.58746337890625	243.70164489746094
338	134	297.36785888671875	292.8678283691406	302.69976806640625
324	135	215.5615234375	225.10667419433594	224.86590576171875
325	135	241.66160583496094	246.60650634765625	241.8568878173828
326	135	223.724365234375	229.51748657226563	231.69244384765625
327	135	283.22186279296875	275.1842041015625	279.3931579589844
328	135	246.31643676757813	247.56202697753906	248.10289001464844
329	135	349.0415344238281	355.29705810546875	343.2210693359375
330	135	243.28872680664063	246.21240234375	243.18768310546875
331	135	247.18881225585938	248.1350555419922	246.98045349121094
332	135	187.83206176757813	185.17578125	185.74302673339844
333	135	275.89544677734375	280.35748291015625	274.5493469238281
334	135	267.624755859375	287.1383056640625	281.8410949707031
335	135	257.7935791015625	251.13565063476563	249.91270446777344
336	135	349.4408874511719	364.6474304199219	377.650634765625
337	135	235.36309814453125	239.6266326904297	237.78489685058594
338	135	297.20123291015625	298.9479675292969	293.6527099609375
324	136	215.29083251953125	220.20603942871094	222.0548095703125
325	136	238.49412536621094	247.81336975097656	248.9548797607422
326	136	218.2879180908203	224.16018676757813	222.68814086914063
327	136	292.7798767089844	283.130126953125	278.93548583984375
328	136	244.2088165283203	242.31883239746094	253.40084838867188
329	136	349.40924072265625	344.02728271484375	342.8204345703125
330	136	245.6099853515625	253.828125	243.77906799316406
331	136	249.47586059570313	253.31265258789063	255.81285095214844
332	136	183.7884521484375	183.8206329345703	185.38211059570313
333	136	275.5390625	284.8230895996094	279.52435302734375
334	136	285.2591552734375	290.3522644042969	277.81683349609375
335	136	257.94036865234375	249.5620880126953	255.60223388671875
336	136	360.5455322265625	366.2355651855469	368.8280029296875
337	136	238.66427612304688	244.1685791015625	240.95111083984375
338	136	290.6476135253906	294.38958740234375	289.6893005371094
324	137	220.68331909179688	215.73519897460938	220.948486328125
325	137	241.9370880126953	246.87918090820313	246.35867309570313
326	137	219.062255859375	220.76776123046875	222.22622680664063
327	137	291.6885986328125	289.3831787109375	284.6011657714844
328	137	239.8809814453125	249.4444580078125	245.3435516357422
329	137	355.50140380859375	357.2559509277344	347.172119140625
330	137	242.49703979492188	244.43325805664063	236.10955810546875
331	137	246.6421661376953	249.41104125976563	240.10765075683594
332	137	179.22886657714844	179.71896362304688	180.64837646484375
333	137	274.85797119140625	276.0500183105469	286.13299560546875
334	137	274.7576904296875	282.02178955078125	283.462890625
335	137	262.9007873535156	248.09536743164063	248.1141815185547
336	137	343.1803283691406	360.3861999511719	364.4496765136719
337	137	236.7635040283203	245.84548950195313	237.7534637451172
338	137	296.62542724609375	302.9717102050781	295.346435546875
324	138	222.0912628173828	227.3427276611328	224.89707946777344
325	138	243.18917846679688	248.73248291015625	246.49063110351563
326	138	216.47860717773438	225.0189666748047	223.06993103027344
327	138	287.918701171875	283.53228759765625	280.3406677246094
328	138	242.97882080078125	247.4358673095703	246.66177368164063
329	138	351.9604187011719	350.9754638671875	340.88494873046875
330	138	241.54348754882813	241.74130249023438	242.68077087402344
331	138	244.49281311035156	251.46185302734375	246.60874938964844
332	138	184.8998260498047	184.0784912109375	180.10702514648438
333	138	274.7327880859375	283.44781494140625	270.7939758300781
334	138	280.0805358886719	284.3498229980469	292.14349365234375
335	138	257.8290100097656	241.14187622070313	242.11700439453125
336	138	358.6517639160156	351.2680969238281	368.2140197753906
337	138	237.85198974609375	240.20919799804688	243.14096069335938
338	138	294.4471740722656	297.1436767578125	278.3905944824219
324	139	218.0262908935547	226.06399536132813	226.11474609375
325	139	246.38482666015625	243.98086547851563	242.54530334472656
326	139	220.06402587890625	221.10028076171875	226.51333618164063
327	139	285.88922119140625	289.771484375	281.6282043457031
328	139	250.73577880859375	259.1092834472656	249.96673583984375
329	139	347.3746643066406	361.8602600097656	351.7184143066406
330	139	238.97340393066406	242.23590087890625	237.92160034179688
331	139	243.89239501953125	249.63722229003906	244.25379943847656
332	139	183.39788818359375	181.98895263671875	184.35092163085938
333	139	270.63916015625	271.25543212890625	276.85498046875
334	139	274.5360107421875	281.3617858886719	276.0746154785156
335	139	262.30889892578125	248.9910888671875	252.42469787597656
336	139	353.0200500488281	362.7775573730469	361.3258972167969
337	139	241.8046112060547	242.29319763183594	243.1572723388672
338	139	294.48992919921875	291.0230712890625	294.40643310546875
324	140	219.04742431640625	221.9859619140625	220.5030975341797
325	140	244.00201416015625	244.2218780517578	236.2932586669922
326	140	216.95587158203125	223.6014862060547	225.5889892578125
327	140	291.7066955566406	287.7095947265625	279.10540771484375
328	140	244.3797149658203	243.45005798339844	243.87051391601563
329	140	351.37127685546875	353.7335510253906	345.32586669921875
330	140	241.90992736816406	246.6791229248047	241.50352478027344
331	140	245.86331176757813	256.5173034667969	247.9508056640625
332	140	184.94480895996094	177.59121704101563	180.32289123535156
333	140	280.8624267578125	280.1448974609375	271.05413818359375
334	140	272.6744384765625	285.9615783691406	278.6087341308594
335	140	256.0187072753906	251.46188354492188	254.92742919921875
336	140	345.9468994140625	369.14019775390625	366.6673583984375
337	140	235.57546997070313	243.86550903320313	241.09713745117188
338	140	283.991943359375	292.7657775878906	293.2247009277344
324	141	215.09054565429688	224.4374237060547	219.574951171875
325	141	239.2586669921875	242.12911987304688	239.29513549804688
326	141	221.86758422851563	222.4021453857422	230.4219970703125
327	141	286.7658386230469	272.15692138671875	284.69793701171875
328	141	246.87942504882813	242.4306640625	250.23715209960938
329	141	345.96551513671875	346.2117919921875	346.31134033203125
330	141	237.69265747070313	241.63194274902344	245.75497436523438
331	141	242.78981018066406	258.3665771484375	253.13645935058594
332	141	185.01290893554688	171.71392822265625	182.69894409179688
333	141	276.85174560546875	278.2028503417969	282.7069091796875
334	141	276.8587646484375	275.1414489746094	283.5468444824219
335	141	259.7662353515625	253.24755859375	247.24008178710938
336	141	356.0728759765625	355.2096252441406	365.8063049316406
337	141	243.32794189453125	247.21444702148438	237.51319885253906
338	141	292.71099853515625	290.54156494140625	294.8020324707031
324	142	212.6262664794922	225.4331512451172	225.61611938476563
325	142	244.55816650390625	250.96775817871094	243.15423583984375
326	142	219.08839416503906	221.5478973388672	225.48416137695313
327	142	290.73504638671875	275.6705017089844	284.3935852050781
328	142	245.46421813964844	249.4293975830078	250.0526885986328
329	142	348.03167724609375	348.47955322265625	347.1887512207031
330	142	239.07394409179688	234.59353637695313	252.84518432617188
331	142	244.1341552734375	254.07969665527344	241.50680541992188
332	142	181.78009033203125	177.70884704589844	186.6254425048828
333	142	288.61260986328125	283.001220703125	262.6182861328125
334	142	283.71697998046875	285.41949462890625	268.83184814453125
335	142	259.69384765625	250.4588165283203	257.8435974121094
336	142	358.4539489746094	353.51641845703125	361.2351989746094
337	142	246.50167846679688	237.14251708984375	244.89144897460938
338	142	295.176025390625	297.83807373046875	286.6482238769531
324	143	220.0439453125	223.50521850585938	226.5686492919922
325	143	242.22511291503906	250.0928955078125	249.1936492919922
326	143	216.58416748046875	222.14051818847656	222.955322265625
327	143	287.970947265625	277.79498291015625	278.663330078125
328	143	244.52499389648438	252.2186279296875	246.64144897460938
329	143	350.08050537109375	357.5491943359375	350.56805419921875
330	143	240.15817260742188	243.90924072265625	244.78890991210938
331	143	249.0767822265625	250.70562744140625	249.01596069335938
332	143	181.13442993164063	177.69125366210938	179.96878051757813
333	143	279.21295166015625	273.80413818359375	267.6428527832031
334	143	288.4276428222656	290.52569580078125	276.54962158203125
335	143	260.060302734375	252.29881286621094	251.72349548339844
336	143	349.8674011230469	351.5386962890625	368.1280517578125
337	143	240.27427673339844	241.69554138183594	234.02276611328125
338	143	291.6199951171875	297.40228271484375	298.53375244140625
324	144	218.0989227294922	219.3631134033203	224.8995819091797
325	144	244.0220947265625	251.47946166992188	246.81358337402344
326	144	217.40121459960938	219.81295776367188	220.90074157714844
327	144	280.4786376953125	276.8037109375	282.445556640625
328	144	245.4850616455078	244.9419403076172	242.43243408203125
329	144	351.9862976074219	358.91973876953125	349.2632141113281
330	144	239.9852752685547	236.6712646484375	242.36985778808594
331	144	251.95245361328125	252.34727478027344	243.68756103515625
332	144	179.9268035888672	176.82894897460938	184.79049682617188
333	144	281.71142578125	289.8905944824219	270.1734924316406
334	144	285.5964050292969	287.6530456542969	288.7020568847656
335	144	253.50794982910156	257.4386901855469	252.12338256835938
336	144	350.3122253417969	348.92218017578125	360.9466857910156
337	144	241.84384155273438	240.14736938476563	246.083251953125
338	144	293.09552001953125	293.2757263183594	310.125732421875
324	145	214.90127563476563	212.00320434570313	226.52542114257813
325	145	240.6929931640625	252.2118377685547	246.40240478515625
326	145	220.4158935546875	217.76942443847656	224.42408752441406
327	145	281.4082946777344	277.2307434082031	286.1267395019531
328	145	242.9828338623047	244.86654663085938	243.61367797851563
329	145	346.7007141113281	358.26123046875	344.63348388671875
330	145	236.47396850585938	241.69154357910156	237.28248596191406
331	145	249.2904052734375	253.72659301757813	243.5603790283203
332	145	185.8719482421875	180.34527587890625	179.8637237548828
333	145	272.84759521484375	281.71417236328125	273.92279052734375
334	145	285.77008056640625	282.924560546875	290.7373352050781
335	145	252.16159057617188	260.4850158691406	256.6276550292969
336	145	361.75543212890625	360.3205871582031	367.32684326171875
337	145	238.35137939453125	242.21653747558594	239.3164825439453
338	145	289.3319091796875	303.3846130371094	287.7922668457031
324	146	217.34344482421875	221.5506591796875	226.91322326660156
325	146	243.36685180664063	242.7318115234375	244.21160888671875
326	146	218.9923858642578	222.53485107421875	222.8067626953125
327	146	287.5054931640625	277.6786193847656	271.60601806640625
328	146	248.21018981933594	252.91555786132813	249.12301635742188
329	146	344.40985107421875	358.86639404296875	341.29937744140625
330	146	238.27622985839844	243.41912841796875	239.3056640625
331	146	242.59603881835938	252.92434692382813	244.03738403320313
332	146	187.78504943847656	178.1333465576172	183.71331787109375
333	146	272.4728698730469	279.8040771484375	272.6279296875
334	146	290.6299743652344	280.260498046875	287.61181640625
335	146	264.7568359375	256.2315368652344	259.50311279296875
336	146	344.3499755859375	346.0074768066406	358.0030822753906
337	146	241.28790283203125	239.24082946777344	243.89517211914063
338	146	286.6886901855469	291.81781005859375	307.4239501953125
324	147	216.0463104248047	223.37603759765625	231.48135375976563
325	147	242.6915740966797	243.641845703125	247.9837646484375
326	147	217.76739501953125	221.67202758789063	226.9287872314453
327	147	285.11163330078125	280.3871765136719	282.6214294433594
328	147	243.64259338378906	252.99697875976563	245.59136962890625
329	147	360.337158203125	362.42974853515625	348.2739562988281
330	147	240.4941864013672	243.29876708984375	247.39364624023438
331	147	244.94570922851563	245.76451110839844	252.44631958007813
332	147	182.21112060546875	175.12747192382813	180.97610473632813
333	147	272.8370056152344	283.7738037109375	275.2022399902344
334	147	288.4582824707031	286.3740234375	281.532958984375
335	147	263.8045349121094	251.79086303710938	256.9538879394531
336	147	345.59234619140625	348.2264709472656	372.2571105957031
337	147	251.07810974121094	238.43984985351563	239.27651977539063
338	147	291.1768798828125	296.9252624511719	291.21429443359375
324	148	216.8440399169922	219.43572998046875	221.92236328125
325	148	236.2279052734375	238.83895874023438	238.8723907470703
326	148	217.95689392089844	212.4671630859375	222.80577087402344
327	148	278.1649169921875	287.1808166503906	281.29998779296875
328	148	240.49920654296875	250.83782958984375	246.67233276367188
329	148	349.4202575683594	357.9420471191406	348.16717529296875
330	148	239.8631134033203	244.18194580078125	243.5503692626953
331	148	244.66220092773438	243.95069885253906	253.50592041015625
332	148	178.1763153076172	176.56982421875	184.21043395996094
333	148	279.3029479980469	285.48028564453125	268.5906066894531
334	148	296.38916015625	284.9879455566406	287.3976745605469
335	148	261.83868408203125	255.722900390625	256.7407531738281
336	148	347.87261962890625	346.6833190917969	367.70758056640625
337	148	239.21090698242188	239.4466552734375	248.96119689941406
338	148	297.9283142089844	297.0836181640625	295.5278625488281
324	149	213.3626708984375	218.029296875	220.33145141601563
325	149	245.0779266357422	243.57901000976563	237.7379150390625
326	149	222.1641387939453	217.9229736328125	226.83380126953125
327	149	292.56976318359375	281.6983337402344	275.9974670410156
328	149	246.0419921875	248.42987060546875	242.6241912841797
329	149	355.1500244140625	356.5869140625	351.18585205078125
330	149	239.08602905273438	248.29818725585938	239.39187622070313
331	149	249.67694091796875	249.397216796875	253.5536651611328
332	149	177.13356018066406	177.9290008544922	182.34457397460938
333	149	275.40533447265625	278.11566162109375	274.3211364746094
334	149	291.45111083984375	280.9943542480469	288.9541320800781
335	149	259.0891418457031	257.2338562011719	257.3492126464844
336	149	357.6851806640625	354.5775146484375	361.9165344238281
337	149	240.3260498046875	243.41513061523438	246.12872314453125
338	149	300.7821044921875	304.2082214355469	306.4847106933594
324	150	217.806884765625	220.51190185546875	226.66290283203125
325	150	240.4329071044922	249.2240753173828	243.50787353515625
326	150	219.48651123046875	223.5585174560547	231.69520568847656
327	150	280.4236145019531	277.0241394042969	287.14111328125
328	150	247.33734130859375	252.99246215820313	250.12030029296875
329	150	354.8514709472656	360.94488525390625	341.9337463378906
330	150	243.90020751953125	242.13967895507813	243.58074951171875
331	150	244.24273681640625	253.57000732421875	246.81935119628906
332	150	186.38844299316406	179.85643005371094	177.30447387695313
333	150	273.79559326171875	281.2039794921875	278.2252197265625
334	150	284.95953369140625	279.2295227050781	294.0437927246094
335	150	258.9263000488281	251.7936248779297	253.30184936523438
336	150	353.94317626953125	347.46343994140625	356.8052673339844
337	150	240.17123413085938	238.903564453125	242.7609100341797
338	150	298.16705322265625	295.6110534667969	303.75311279296875
324	151	215.44866943359375	217.40904235839844	225.12551879882813
325	151	241.1514434814453	244.56698608398438	247.98374938964844
326	151	222.72962951660156	215.65902709960938	221.34832763671875
327	151	285.8148193359375	290.2183532714844	282.6352844238281
328	151	242.60987854003906	253.50868225097656	241.27760314941406
329	151	352.78277587890625	352.7332763671875	348.6526794433594
330	151	243.7843475341797	240.71109008789063	240.2556915283203
331	151	247.8477783203125	248.46981811523438	246.9749298095703
332	151	186.2999725341797	176.66683959960938	180.35858154296875
333	151	277.73236083984375	280.5731506347656	276.72332763671875
334	151	280.06719970703125	286.00482177734375	292.896240234375
335	151	258.52294921875	255.68495178222656	251.45985412597656
336	151	351.568359375	341.20013427734375	358.8204650878906
337	151	243.062255859375	241.054931640625	239.78846740722656
338	151	294.49188232421875	288.8335266113281	292.84698486328125
324	152	215.73141479492188	220.50286865234375	218.14666748046875
325	152	240.67239379882813	248.731201171875	244.19651794433594
326	152	220.7169952392578	220.19851684570313	220.15805053710938
327	152	282.6815185546875	280.51611328125	281.2904357910156
328	152	247.5763397216797	253.44483947753906	242.8423309326172
329	152	357.2227478027344	365.815673828125	350.17144775390625
330	152	248.14059448242188	242.19467163085938	239.8362274169922
331	152	246.71780395507813	247.38861083984375	245.2922821044922
332	152	179.67774963378906	177.32456970214844	182.25686645507813
333	152	279.17425537109375	286.6590576171875	276.171142578125
334	152	294.3262634277344	275.7217712402344	284.1922302246094
335	152	262.520263671875	259.548828125	254.2593994140625
336	152	351.4100036621094	339.7685546875	355.13922119140625
337	152	240.84556579589844	242.66819763183594	247.3292999267578
338	152	284.4496154785156	285.759765625	291.02459716796875
324	153	222.99603271484375	216.20492553710938	222.451904296875
325	153	240.8468017578125	248.559814453125	241.77622985839844
326	153	218.08082580566406	216.28482055664063	219.53927612304688
327	153	281.0486755371094	293.37750244140625	284.60870361328125
328	153	247.15740966796875	255.99508666992188	248.7869873046875
329	153	348.794921875	355.0904846191406	335.4100341796875
330	153	246.1498565673828	246.91485595703125	242.98184204101563
331	153	249.43011474609375	250.2469482421875	248.72390747070313
332	153	186.20823669433594	177.4203338623047	178.36380004882813
333	153	284.3636474609375	284.45892333984375	279.2591857910156
334	153	294.9337158203125	278.41375732421875	292.56195068359375
335	153	257.4625549316406	246.3277587890625	255.2936248779297
336	153	349.22149658203125	343.4723205566406	353.2371826171875
337	153	234.5787353515625	241.72145080566406	245.46319580078125
338	153	295.6354675292969	300.8489685058594	287.0677185058594
324	154	219.975341796875	222.55068969726563	220.44430541992188
325	154	244.2696533203125	241.7767333984375	244.2490234375
326	154	217.3007049560547	219.05899047851563	216.95587158203125
327	154	280.68902587890625	286.8166198730469	281.20672607421875
328	154	246.37425231933594	251.49630737304688	242.12481689453125
329	154	351.8536071777344	350.82269287109375	342.61859130859375
330	154	243.5015869140625	243.15977478027344	240.1719970703125
331	154	243.77301025390625	235.79486083984375	255.09605407714844
332	154	189.49484252929688	176.24737548828125	182.640625
333	154	287.9830322265625	289.3545227050781	267.95599365234375
334	154	278.066650390625	278.14404296875	288.4004821777344
335	154	256.5037536621094	252.3613739013672	264.9714660644531
336	154	358.7141418457031	345.3414611816406	350.00384521484375
337	154	240.03326416015625	238.57606506347656	250.6591339111328
338	154	307.017333984375	286.96112060546875	294.8573303222656
324	155	216.30166625976563	215.97723388671875	222.86306762695313
325	155	240.115966796875	244.95526123046875	242.15548706054688
326	155	220.92710876464844	218.26278686523438	220.89317321777344
327	155	288.3846435546875	288.08331298828125	291.9708251953125
328	155	243.55035400390625	249.14691162109375	238.7057647705078
329	155	346.58551025390625	358.7872314453125	335.158447265625
330	155	235.67726135253906	241.62417602539063	239.86061096191406
331	155	246.12518310546875	247.95510864257813	250.86346435546875
332	155	184.16720581054688	174.99853515625	176.74172973632813
333	155	280.8875427246094	287.0046081542969	279.0329895019531
334	155	284.5672607421875	276.0809326171875	285.5386047363281
335	155	261.52301025390625	246.9334716796875	263.51629638671875
336	155	352.9896240234375	349.34735107421875	351.92877197265625
337	155	240.47232055664063	236.4365234375	242.66439819335938
338	155	284.16436767578125	297.7355651855469	281.94415283203125
324	156	215.96893310546875	216.71836853027344	224.52610778808594
325	156	239.27072143554688	247.98175048828125	243.15951538085938
326	156	224.64422607421875	219.9994659423828	223.15963745117188
327	156	291.4370422363281	280.8106689453125	282.78155517578125
328	156	251.26608276367188	252.5363006591797	237.75045776367188
329	156	355.24078369140625	354.256591796875	341.2823181152344
330	156	240.71133422851563	240.01943969726563	236.91102600097656
331	156	243.00770568847656	246.8658447265625	252.206298828125
332	156	178.77146911621094	179.84286499023438	182.5830841064453
333	156	281.874267578125	279.61358642578125	283.2442626953125
334	156	284.2301940917969	278.279541015625	280.8976135253906
335	156	257.28662109375	249.45553588867188	256.18707275390625
336	156	351.2740783691406	363.6001892089844	348.7547302246094
337	156	240.61734008789063	235.13162231445313	241.3507080078125
338	156	287.28033447265625	296.18109130859375	290.293701171875
324	157	221.6986541748047	215.65728759765625	222.9425048828125
325	157	239.60704040527344	245.1688995361328	242.81922912597656
326	157	222.80352783203125	218.46786499023438	220.6802978515625
327	157	286.6431884765625	285.05706787109375	277.17645263671875
328	157	239.81661987304688	254.58914184570313	244.73208618164063
329	157	351.4482421875	354.34454345703125	337.99041748046875
330	157	238.37449645996094	241.0086669921875	240.8525848388672
331	157	246.30186462402344	240.24636840820313	243.5086212158203
332	157	190.17970275878906	176.3936309814453	183.19256591796875
333	157	284.98797607421875	278.4720764160156	273.020263671875
334	157	281.39801025390625	283.74462890625	281.4437255859375
335	157	263.3865966796875	252.69390869140625	256.85308837890625
336	157	350.5439147949219	353.3975524902344	358.0915832519531
337	157	234.56690979003906	237.88967895507813	246.0482940673828
338	157	296.5241394042969	298.43597412109375	295.6827087402344
324	158	219.00921630859375	218.00265502929688	225.8199462890625
325	158	236.15203857421875	243.26107788085938	245.623779296875
326	158	221.26136779785156	223.29312133789063	218.75588989257813
327	158	289.549072265625	288.20745849609375	283.1736755371094
328	158	245.63735961914063	254.6773681640625	245.76654052734375
329	158	358.9229431152344	357.4947204589844	347.8492431640625
330	158	237.28073120117188	240.34039306640625	243.23240661621094
331	158	243.139404296875	243.9713134765625	244.08038330078125
332	158	184.65855407714844	176.55047607421875	182.91661071777344
333	158	288.8623962402344	284.1885070800781	276.5762939453125
334	158	283.5963439941406	281.8051452636719	296.48468017578125
335	158	263.8302001953125	256.56884765625	253.691650390625
336	158	347.01031494140625	352.29949951171875	354.54534912109375
337	158	238.0950164794922	240.36073303222656	244.8607635498047
338	158	295.8010559082031	296.1886291503906	295.2029113769531
324	159	216.3466796875	223.42202758789063	222.05178833007813
325	159	235.5342559814453	247.29713439941406	245.08847045898438
326	159	220.14120483398438	227.2115478515625	222.95632934570313
327	159	281.3183288574219	289.28839111328125	284.6531982421875
328	159	244.6745147705078	244.26661682128906	250.74484252929688
329	159	355.0813903808594	346.6903381347656	353.0061950683594
330	159	239.02719116210938	237.256591796875	236.2927703857422
331	159	243.9690399169922	241.18734741210938	244.8419189453125
332	159	186.17958068847656	171.7315216064453	181.8228302001953
333	159	281.8448181152344	291.8620300292969	274.79840087890625
334	159	276.22540283203125	280.74957275390625	291.7358093261719
335	159	260.49432373046875	258.60308837890625	257.6485595703125
336	159	349.48260498046875	348.21063232421875	349.18096923828125
337	159	242.10670471191406	236.16482543945313	240.3321075439453
338	159	301.52130126953125	295.6741638183594	295.4657897949219
324	160	215.11439514160156	220.23043823242188	222.23426818847656
325	160	240.5532684326172	247.11117553710938	240.59901428222656
326	160	219.7767791748047	224.4306182861328	220.3543243408203
327	160	287.24212646484375	291.5858154296875	283.6624755859375
328	160	242.87002563476563	249.26979064941406	241.42161560058594
329	160	348.1997985839844	347.1492919921875	356.5115051269531
330	160	246.80126953125	244.21456909179688	240.22930908203125
331	160	242.2783660888672	241.31602478027344	243.26708984375
332	160	185.3077392578125	176.68544006347656	186.37939453125
333	160	279.25390625	289.4384765625	277.2596435546875
334	160	279.9573974609375	271.2337951660156	286.0714111328125
335	160	256.1546630859375	256.92144775390625	257.0086669921875
336	160	344.9740295410156	352.0715637207031	356.1898193359375
337	160	237.63458251953125	233.38389587402344	247.31649780273438
338	160	289.1325988769531	300.63763427734375	307.9912109375
324	161	214.84371948242188	218.4073028564453	219.67398071289063
325	161	240.1393280029297	237.6878662109375	245.47702026367188
326	161	222.83042907714844	214.4561767578125	222.66253662109375
327	161	281.0076599121094	291.00372314453125	292.12890625
328	161	249.0513916015625	248.35498046875	243.394287109375
329	161	342.5128173828125	335.75054931640625	352.89788818359375
330	161	243.78782653808594	235.1703338623047	246.4639892578125
331	161	248.19863891601563	246.93344116210938	251.7554168701172
332	161	186.11927795410156	178.8051300048828	179.22860717773438
333	161	282.6543884277344	292.459716796875	271.4537353515625
334	161	283.20703125	284.73260498046875	300.0455017089844
335	161	258.54827880859375	257.10565185546875	256.42333984375
336	161	360.93280029296875	343.61737060546875	355.6968994140625
337	161	238.64920043945313	237.45437622070313	245.75624084472656
338	161	302.7894592285156	299.5061340332031	294.7191162109375
324	162	214.90304565429688	223.16517639160156	220.57199096679688
325	162	235.40081787109375	236.04644775390625	242.93911743164063
326	162	221.37271118164063	217.5814208984375	227.98463439941406
327	162	292.9540100097656	289.6000671386719	278.1641540527344
328	162	244.46090698242188	250.33392333984375	245.38201904296875
329	162	345.8504333496094	346.39703369140625	354.52423095703125
330	162	238.89376831054688	240.20643615722656	241.40676879882813
331	162	248.13479614257813	236.99395751953125	244.8185272216797
332	162	185.72744750976563	178.23435974121094	179.18716430664063
333	162	282.1776123046875	287.51531982421875	271.2521667480469
334	162	279.78021240234375	281.88055419921875	296.0169372558594
335	162	253.2837677001953	257.4223327636719	255.73895263671875
336	162	355.10052490234375	343.4691162109375	365.6509704589844
337	162	239.4610137939453	231.30490112304688	243.8089599609375
338	162	309.451904296875	302.2106628417969	299.0712890625
324	163	213.58407592773438	217.64198303222656	218.0534210205078
325	163	239.66555786132813	238.00027465820313	243.82379150390625
326	163	218.99136352539063	225.2054443359375	226.06875610351563
327	163	287.2074279785156	293.3141784667969	286.3702697753906
328	163	243.15676879882813	247.68569946289063	248.0594024658203
329	163	343.3263244628906	351.48291015625	346.1198425292969
330	163	241.16473388671875	238.9877471923828	240.78875732421875
331	163	239.18402099609375	241.9825439453125	249.92877197265625
332	163	187.7780303955078	176.62786865234375	181.32118225097656
333	163	285.1520690917969	282.09039306640625	282.8878479003906
334	163	286.5801086425781	288.35699462890625	294.3730163574219
335	163	256.89459228515625	263.2659606933594	252.1112823486328
336	163	352.82147216796875	350.34716796875	366.4991760253906
337	163	239.8706512451172	235.93133544921875	240.50979614257813
338	163	295.4516906738281	292.27264404296875	298.3055419921875
324	164	216.83749389648438	213.22418212890625	219.91978454589844
325	164	240.15744018554688	243.86776733398438	243.66168212890625
326	164	218.95068359375	221.9779052734375	223.5338592529297
327	164	284.71051025390625	289.1778564453125	279.6630859375
328	164	243.05221557617188	247.2174530029297	247.1199493408203
329	164	348.08221435546875	348.5843811035156	352.42266845703125
330	164	241.1599578857422	236.5433349609375	242.07958984375
331	164	242.42588806152344	240.663330078125	249.40753173828125
332	164	183.35792541503906	177.37533569335938	178.51611328125
333	164	285.3870849609375	291.32867431640625	272.2014465332031
334	164	286.3240051269531	293.68035888671875	291.60943603515625
335	164	255.58816528320313	256.16448974609375	249.43063354492188
336	164	354.727294921875	346.0273742675781	363.4735107421875
337	164	245.3445587158203	238.14480590820313	245.94825744628906
338	164	299.94171142578125	301.70196533203125	299.8597412109375
324	165	212.82029724121094	217.140869140625	217.45726013183594
325	165	237.82357788085938	245.30938720703125	243.08865356445313
326	165	218.28465270996094	222.0291748046875	221.9293975830078
327	165	282.52069091796875	286.1656494140625	289.8310546875
328	165	243.00421142578125	248.4705810546875	242.7161865234375
329	165	354.97662353515625	343.1521301269531	354.9562683105469
330	165	241.96371459960938	246.89852905273438	241.95945739746094
331	165	244.1766357421875	245.40261840820313	246.878173828125
332	165	187.77200317382813	175.4313201904297	185.1013946533203
333	165	290.5400390625	286.50372314453125	271.7626037597656
334	165	287.8380126953125	286.8143615722656	285.4466552734375
335	165	267.0243225097656	256.0443420410156	251.2602996826172
336	165	361.1253662109375	352.4484558105469	363.3297424316406
337	165	242.5515594482422	236.65492248535156	237.71353149414063
338	165	301.25714111328125	310.4554748535156	297.0491638183594
324	166	216.22427368164063	217.56283569335938	220.47796630859375
325	166	236.9416961669922	249.3635711669922	247.89053344726563
326	166	222.59088134765625	224.00811767578125	221.30914306640625
327	166	283.97259521484375	285.9744567871094	274.7272644042969
328	166	245.4051513671875	249.53192138671875	247.68695068359375
329	166	349.82666015625	350.44390869140625	355.46197509765625
330	166	240.83877563476563	240.21144104003906	243.07308959960938
331	166	244.41868591308594	244.9766082763672	243.7649688720703
332	166	187.25149536132813	173.60818481445313	183.63540649414063
333	166	281.124267578125	285.1385192871094	267.9032287597656
334	166	293.6954345703125	277.35662841796875	289.34796142578125
335	166	265.5294189453125	258.75665283203125	253.48782348632813
336	166	359.22430419921875	339.9955139160156	359.15191650390625
337	166	243.3063201904297	239.4152374267578	239.97018432617188
338	166	300.6667785644531	301.62860107421875	293.3531494140625
324	167	213.14649963378906	216.43789672851563	226.56161499023438
325	167	241.13232421875	240.98178100585938	238.16893005371094
326	167	222.82211303710938	222.97341918945313	218.01119995117188
327	167	286.8731689453125	283.6591796875	280.5140686035156
328	167	242.9750518798828	249.17755126953125	241.60079956054688
329	167	351.4912109375	352.3567810058594	347.6456604003906
330	167	243.90927124023438	238.91006469726563	241.29241943359375
331	167	241.68722534179688	246.40541076660156	241.06320190429688
332	167	188.11981201171875	180.42742919921875	188.05624389648438
333	167	286.2943420410156	287.9835510253906	276.2726745605469
334	167	291.7742919921875	278.01788330078125	283.35357666015625
335	167	264.9923400878906	251.84288024902344	246.7570343017578
336	167	358.0307312011719	345.3038024902344	359.1454162597656
337	167	243.56063842773438	245.03692626953125	243.8861083984375
338	167	290.1582336425781	303.93023681640625	294.8694152832031
324	168	211.49905395507813	217.055908203125	221.02914428710938
325	168	240.62213134765625	241.20068359375	246.92996215820313
326	168	215.2571563720703	223.22549438476563	230.35238647460938
327	168	280.7601318359375	289.9041442871094	276.43756103515625
328	168	241.2557373046875	255.1212158203125	246.03018188476563
329	168	350.51531982421875	350.8349914550781	350.6856689453125
330	168	244.78060913085938	240.87698364257813	243.68505859375
331	168	245.3309783935547	245.61422729492188	249.04107666015625
332	168	183.5522003173828	180.16958618164063	183.17320251464844
333	168	280.15167236328125	284.07489013671875	280.67694091796875
334	168	278.2677001953125	286.0616149902344	272.9086608886719
335	168	264.51983642578125	258.3756408691406	253.37850952148438
336	168	357.296142578125	342.2403259277344	359.42413330078125
337	168	243.34954833984375	239.08099365234375	240.75709533691406
338	168	305.0989074707031	304.1207580566406	295.9395446777344
324	169	209.88075256347656	219.72451782226563	230.60899353027344
325	169	238.62811279296875	241.95440673828125	245.61349487304688
326	169	221.02035522460938	221.95477294921875	223.10360717773438
327	169	287.7618713378906	282.2882080078125	280.0074157714844
328	169	246.39134216308594	249.39974975585938	237.42147827148438
329	169	350.5600280761719	344.8175048828125	346.5438232421875
330	169	243.0145263671875	243.76296997070313	239.416748046875
331	169	242.73651123046875	244.93942260742188	241.98202514648438
332	169	187.8893585205078	179.69508361816406	188.419677734375
333	169	283.1311950683594	288.17376708984375	282.02252197265625
334	169	291.23095703125	280.3085021972656	292.4697265625
335	169	260.38372802734375	253.92037963867188	253.272705078125
336	169	350.3345947265625	346.0683288574219	354.0736083984375
337	169	241.63021850585938	243.3802032470703	249.53167724609375
338	169	295.9320068359375	284.9208984375	295.7455139160156
324	170	217.0159454345703	215.95684814453125	230.81910705566406
325	170	239.77488708496094	244.4654541015625	239.86036682128906
326	170	225.19161987304688	219.386474609375	227.64283752441406
327	170	287.0611572265625	285.3481140136719	277.3930969238281
328	170	246.5680389404297	246.43557739257813	243.06982421875
329	170	343.70556640625	350.9501037597656	344.8951416015625
330	170	243.64459228515625	241.6661376953125	235.10874938964844
331	170	248.52735900878906	241.37936401367188	251.94366455078125
332	170	182.96133422851563	176.52786254882813	184.22927856445313
333	170	289.0458984375	272.9642028808594	275.470458984375
334	170	281.60858154296875	283.1929626464844	290.7333068847656
335	170	264.2499084472656	263.9714660644531	255.2845916748047
336	170	351.3658142089844	355.2352600097656	357.8739013671875
337	170	241.50100708007813	249.30474853515625	245.59286499023438
338	170	297.5126037597656	298.5541076660156	289.8953857421875
324	171	217.10992431640625	218.7191925048828	223.57785034179688
325	171	240.89154052734375	247.09304809570313	242.89990234375
326	171	219.64183044433594	223.24359130859375	223.50973510742188
327	171	286.21771240234375	284.0671081542969	285.7032165527344
328	171	241.71388244628906	245.845947265625	241.4786376953125
329	171	352.39776611328125	350.3780517578125	337.8624572753906
330	171	243.7207489013672	244.3721923828125	237.94097900390625
331	171	245.62454223632813	240.44821166992188	248.89053344726563
332	171	190.36520385742188	179.87100219726563	181.81829833984375
333	171	285.6376647949219	280.4992980957031	271.8156433105469
334	171	280.5128173828125	286.63134765625	287.7193908691406
335	171	258.9813232421875	260.8369140625	246.844970703125
336	171	350.4989929199219	342.55047607421875	358.8395080566406
337	171	238.79673767089844	239.30691528320313	245.83767700195313
338	171	301.8492431640625	292.5556640625	292.9776306152344
324	172	215.3594512939453	216.32981872558594	227.71949768066406
325	172	241.84860229492188	243.7011260986328	245.44033813476563
326	172	223.2847900390625	220.53350830078125	221.54635620117188
327	172	287.6688537597656	286.93096923828125	287.1435852050781
328	172	244.70367431640625	251.9306182861328	236.6742706298828
329	172	349.8453063964844	344.900390625	343.3406677246094
330	172	243.97433471679688	237.7233123779297	238.1209259033203
331	172	243.327392578125	242.70333862304688	244.66798400878906
332	172	176.35894775390625	177.4376678466797	179.28466796875
333	172	278.98724365234375	286.1418151855469	275.333740234375
334	172	290.12481689453125	284.53631591796875	295.0367736816406
335	172	254.34786987304688	263.4720764160156	254.27877807617188
336	172	352.3459777832031	349.78472900390625	351.779541015625
337	172	241.45956420898438	243.87002563476563	242.61138916015625
338	172	290.84161376953125	304.9197082519531	287.4318542480469
324	173	218.09088134765625	215.6585235595703	220.59735107421875
325	173	240.53768920898438	242.7222137451172	243.33822631835938
326	173	223.39212036132813	221.18472290039063	230.0528106689453
327	173	289.02728271484375	286.8512878417969	283.5951232910156
328	173	243.62548828125	252.4324951171875	243.70115661621094
329	173	348.10833740234375	362.333740234375	338.7532043457031
330	173	241.66563415527344	243.72149658203125	232.65907287597656
331	173	241.68045043945313	242.1572265625	244.28318786621094
332	173	182.53659057617188	176.79049682617188	179.8438720703125
333	173	283.58404541015625	286.4866027832031	270.5112609863281
334	173	279.26397705078125	283.2068176269531	300.17388916015625
335	173	261.3201904296875	254.25863647460938	253.31591796875
336	173	353.38397216796875	355.0417175292969	357.49139404296875
337	173	240.20089721679688	239.42706298828125	237.9517822265625
338	173	297.1358642578125	300.06658935546875	295.46929931640625
324	174	213.86984252929688	219.60714721679688	221.478759765625
325	174	237.30108642578125	241.0403594970703	239.68191528320313
326	174	221.3875274658203	216.25216674804688	224.25694274902344
327	174	289.1069641113281	283.1796875	290.847412109375
328	174	244.4553680419922	245.78489685058594	243.8831024169922
329	174	350.3399353027344	353.2203369140625	350.1609191894531
330	174	246.93121337890625	240.21571350097656	235.31106567382813
331	174	247.05258178710938	244.1052703857422	243.4962921142578
332	174	191.220703125	175.56503295898438	185.7091064453125
333	174	286.6778869628906	267.95977783203125	282.3633728027344
334	174	287.8236999511719	287.33709716796875	275.11077880859375
335	174	264.175048828125	255.16517639160156	260.146728515625
336	174	355.8197937011719	345.9997253417969	362.9270935058594
337	174	241.83026123046875	235.2598114013672	243.8712921142578
338	174	293.4169921875	299.4337463378906	287.92626953125
324	175	210.6405487060547	217.87548828125	227.4844970703125
325	175	235.5478515625	240.74151611328125	240.5409698486328
326	175	221.41744995117188	226.1102294921875	221.47174072265625
327	175	278.297119140625	288.5163269042969	289.190673828125
328	175	242.8162078857422	237.9582977294922	240.13656616210938
329	175	343.71136474609375	350.8372802734375	343.6095886230469
330	175	237.97415161132813	246.3131866455078	234.3364715576172
331	175	246.8856964111328	241.208984375	246.54037475585938
332	175	182.15457153320313	176.8754425048828	181.31362915039063
333	175	280.50201416015625	276.4948425292969	279.2287902832031
334	175	283.3558349609375	286.9742126464844	289.9863586425781
335	175	258.7322998046875	260.6398620605469	264.4537353515625
336	175	353.25732421875	336.6382751464844	361.4862365722656
337	175	236.28598022460938	242.0310821533203	240.83248901367188
338	175	302.5298767089844	284.8532409667969	286.1661682128906
324	176	218.9029083251953	222.70599365234375	225.54525756835938
325	176	243.43350219726563	241.80059814453125	242.80616760253906
326	176	225.8458251953125	225.6040496826172	227.09567260742188
327	176	287.7186279296875	287.7950134277344	287.552001953125
328	176	247.92721557617188	247.1986083984375	240.45472717285156
329	176	349.9626159667969	346.90350341796875	344.1034240722656
330	176	237.8464813232422	245.91635131835938	239.1473388671875
331	176	247.08953857421875	247.32199096679688	247.8746795654297
332	176	184.4863739013672	176.61859130859375	175.38331604003906
333	176	290.1039733886719	285.153076171875	269.8472595214844
334	176	282.2339172363281	281.225830078125	287.4276123046875
335	176	264.92523193359375	259.6287841796875	257.541748046875
336	176	353.23468017578125	350.46905517578125	358.7450256347656
337	176	242.62796020507813	234.68353271484375	244.9190673828125
338	176	300.3470764160156	299.1819152832031	294.2983703613281
324	177	216.30873107910156	221.9012451171875	227.64959716796875
325	177	244.35861206054688	241.65457153320313	250.18087768554688
326	177	221.81655883789063	214.67408752441406	217.97174072265625
327	177	281.5950622558594	283.8009338378906	288.4683532714844
328	177	243.18490600585938	250.15097045898438	240.6128387451172
329	177	351.9395751953125	355.2070617675781	341.9375
330	177	239.6245880126953	239.66986083984375	239.16241455078125
331	177	244.28672790527344	243.0009307861328	244.04495239257813
332	177	184.29086303710938	179.1522216796875	180.73834228515625
333	177	285.76104736328125	279.31903076171875	277.1226501464844
334	177	290.43218994140625	289.19091796875	287.7477722167969
335	177	259.4355163574219	252.92584228515625	259.2469787597656
336	177	347.1515197753906	346.948974609375	354.95703125
337	177	236.37545776367188	236.58230590820313	246.65447998046875
338	177	291.3058166503906	292.86328125	299.0572509765625
324	178	217.53468322753906	224.2021484375	224.72515869140625
325	178	241.35523986816406	240.7121124267578	245.4478759765625
326	178	219.91754150390625	229.74241638183594	214.62429809570313
327	178	290.5792541503906	289.71038818359375	277.23651123046875
328	178	244.23519897460938	242.88682556152344	240.32403564453125
329	178	349.5205383300781	346.9303894042969	347.78790283203125
330	178	232.23207092285156	240.38113403320313	239.71859741210938
331	178	246.12393188476563	238.819091796875	243.924560546875
332	178	187.79437255859375	179.09994506835938	184.75733947753906
333	178	280.50201416015625	277.3083801269531	274.8868713378906
334	178	284.8097229003906	287.9571228027344	281.7885437011719
335	178	259.61944580078125	256.90313720703125	251.4860076904297
336	178	346.12054443359375	352.8687744140625	352.36883544921875
337	178	241.0762939453125	234.8343048095703	242.87277221679688
338	178	295.33966064453125	304.3688049316406	285.1314697265625
324	179	211.6410675048828	223.31446838378906	221.71829223632813
325	179	241.10894775390625	249.93759155273438	249.04006958007813
326	179	220.19723510742188	227.9539794921875	221.81027221679688
327	179	285.38531494140625	284.0482177734375	285.1365051269531
328	179	245.68032836914063	245.1809539794922	245.08242797851563
329	179	352.6106262207031	339.26361083984375	351.0347900390625
330	179	243.06781005859375	244.1763916015625	232.62916564941406
331	179	243.86376953125	245.5853271484375	242.64833068847656
332	179	181.30459594726563	175.85906982421875	180.48147583007813
333	179	280.54022216796875	282.9713134765625	276.2726745605469
334	179	287.9759826660156	286.51751708984375	293.76531982421875
335	179	255.570068359375	247.23681640625	259.3849792480469
336	179	348.9123229980469	343.7721862792969	357.4466247558594
337	179	242.24293518066406	237.3815155029297	241.39723205566406
338	179	292.21563720703125	306.17584228515625	279.44342041015625
324	180	215.56678771972656	220.2532958984375	226.50706481933594
325	180	242.5965576171875	240.49896240234375	240.14837646484375
326	180	216.81715393066406	226.93634033203125	229.1153564453125
327	180	276.0469665527344	285.6795959472656	285.4398498535156
328	180	247.7899627685547	246.67208862304688	243.3028106689453
329	180	354.189453125	353.1939697265625	343.13653564453125
330	180	238.08445739746094	239.86285400390625	236.615966796875
331	180	244.22792053222656	245.04473876953125	253.69943237304688
332	180	181.70721435546875	172.48727416992188	178.2939453125
333	180	272.1506652832031	274.3608093261719	269.66729736328125
334	180	281.5732116699219	286.7761535644531	292.188720703125
335	180	252.98741149902344	250.5211639404297	248.68798828125
336	180	346.4488525390625	341.9455871582031	366.8742370605469
337	180	241.66262817382813	245.15432739257813	247.40292358398438
338	180	297.73101806640625	301.78265380859375	270.9782409667969
324	181	213.5705108642578	217.9901123046875	228.81854248046875
325	181	239.510009765625	243.73684692382813	246.85655212402344
326	181	216.0071258544922	223.48965454101563	226.12957763671875
327	181	289.61993408203125	279.8329772949219	282.6297607421875
328	181	241.32106018066406	247.72540283203125	246.3388214111328
329	181	344.56463623046875	356.62481689453125	337.83856201171875
330	181	236.38623046875	240.87997436523438	238.99000549316406
331	181	244.43675231933594	238.3217010498047	245.98419189453125
332	181	186.19239807128906	177.72467041015625	184.7593231201172
333	181	274.4980773925781	273.76214599609375	278.8658752441406
334	181	288.8249816894531	285.06158447265625	287.219482421875
335	181	259.599853515625	257.2901611328125	248.14035034179688
336	181	350.3856201171875	344.5063171386719	360.84210205078125
337	181	240.620361328125	243.64083862304688	247.90988159179688
338	181	290.6231994628906	303.9179382324219	291.5827941894531
324	182	218.0599365234375	218.30625915527344	223.41799926757813
325	182	242.64756774902344	246.96536254882813	239.39866638183594
326	182	218.78402709960938	213.6562042236328	218.0740203857422
327	182	284.95074462890625	282.87628173828125	278.143798828125
328	182	251.00848388671875	253.70196533203125	251.63478088378906
329	182	347.1090393066406	356.9634094238281	351.56561279296875
330	182	246.5677947998047	239.73672485351563	236.4772491455078
331	182	246.11537170410156	249.37130737304688	248.8035888671875
332	182	190.16714477539063	178.48745727539063	179.19796752929688
333	182	273.4510192871094	283.4043273925781	281.63677978515625
334	182	288.2026672363281	280.60906982421875	286.73468017578125
335	182	259.2799377441406	261.02587890625	250.1607666015625
336	182	350.450439453125	343.798583984375	367.798095703125
337	182	241.5633544921875	236.24024963378906	245.29330444335938
338	182	299.3676452636719	300.9866638183594	284.1343994140625
324	183	213.1010284423828	219.64683532714844	219.9190216064453
325	183	240.1825714111328	239.4743194580078	247.77264404296875
326	183	222.21615600585938	223.79953002929688	218.39195251464844
327	183	287.9136657714844	292.154052734375	282.17083740234375
328	183	245.44332885742188	251.05223083496094	251.0401611328125
329	183	349.48590087890625	340.5498962402344	347.375244140625
330	183	242.45883178710938	239.55648803710938	241.6840057373047
331	183	250.2127685546875	243.0411376953125	253.03994750976563
332	183	186.9926300048828	180.01025390625	182.15707397460938
333	183	268.4910888671875	277.6087341308594	277.8040466308594
334	183	283.02911376953125	281.0126953125	286.774658203125
335	183	255.21823120117188	259.7335510253906	253.44686889648438
336	183	344.566162109375	342.63446044921875	366.23760986328125
337	183	239.27902221679688	234.62570190429688	240.57513427734375
338	183	298.105224609375	297.9131774902344	282.2233581542969
324	184	213.83865356445313	220.29928588867188	219.54177856445313
325	184	237.7871551513672	246.306640625	245.2998504638672
326	184	217.86441040039063	223.82766723632813	220.6184844970703
327	184	287.6726379394531	288.516357421875	284.0093078613281
328	184	244.27365112304688	248.22503662109375	247.9407958984375
329	184	351.4862060546875	348.69622802734375	343.76690673828125
330	184	245.29934692382813	243.35733032226563	241.52415466308594
331	184	243.48324584960938	240.98452758789063	256.3225402832031
332	184	185.48892211914063	181.34706115722656	182.08119201660156
333	184	278.99786376953125	279.8302307128906	268.2621154785156
334	184	280.063720703125	282.8554382324219	287.19512939453125
335	184	257.1954040527344	256.56231689453125	254.0525665283203
336	184	345.5302429199219	342.75152587890625	369.7383117675781
337	184	242.67623901367188	239.4175262451172	245.31214904785156
338	184	296.2687683105469	294.3381042480469	287.29339599609375
324	185	218.05972290039063	220.38623046875	218.4859619140625
325	185	238.0631103515625	239.05560302734375	246.9869842529297
326	185	220.46641540527344	223.32278442382813	221.49636840820313
327	185	289.5284423828125	280.2145080566406	266.7501525878906
328	185	244.44029235839844	247.9176483154297	244.28244018554688
329	185	346.1686096191406	342.6947326660156	349.5871276855469
330	185	244.1997528076172	245.3815155029297	237.67178344726563
331	185	245.62930297851563	239.3446044921875	249.93630981445313
332	185	186.8933563232422	179.9459228515625	183.53009033203125
333	185	277.3483581542969	287.90435791015625	274.7270202636719
334	185	281.0056457519531	282.0076904296875	281.6365051269531
335	185	258.2070007324219	262.3438415527344	250.23843383789063
336	185	348.45892333984375	353.72601318359375	367.4429626464844
337	185	240.62136840820313	240.69273376464844	241.82022094726563
338	185	290.5948181152344	295.4087829589844	287.2059020996094
324	186	216.73068237304688	218.2730712890625	217.995849609375
325	186	235.76095581054688	248.9340362548828	249.19467163085938
326	186	221.55467224121094	229.91358947753906	216.3323516845703
327	186	281.3007507324219	288.5213623046875	284.77008056640625
328	186	245.8193359375	247.38987731933594	241.19264221191406
329	186	347.8959655761719	354.8934020996094	347.9014892578125
330	186	239.58714294433594	242.74282836914063	240.27227783203125
331	186	249.81942749023438	243.61367797851563	249.76036071777344
332	186	182.27847290039063	178.80563354492188	183.21340942382813
333	186	274.1145324707031	278.979736328125	273.9436340332031
334	186	281.994140625	288.83807373046875	282.1745910644531
335	186	265.6614074707031	258.34320068359375	251.08840942382813
336	186	351.28057861328125	348.6265563964844	360.93658447265625
337	186	240.013427734375	236.2854766845703	243.6179656982422
338	186	299.89947509765625	304.8744812011719	278.425537109375
324	187	218.76820373535156	218.3489990234375	225.9893341064453
325	187	242.74986267089844	243.16354370117188	240.71963500976563
326	187	223.15159606933594	224.5567626953125	223.22247314453125
327	187	283.1371765136719	277.66278076171875	283.3183898925781
328	187	247.51351928710938	249.2135009765625	249.13409423828125
329	187	350.6676025390625	361.7156982421875	346.8839111328125
330	187	244.9921875	238.24057006835938	232.10089111328125
331	187	245.30184936523438	246.99603271484375	247.27850341796875
332	187	183.4526824951172	181.18295288085938	182.2827606201172
333	187	268.3121032714844	291.66522216796875	267.6634826660156
334	187	284.3347473144531	287.7309265136719	287.2106628417969
335	187	265.21148681640625	251.36485290527344	254.64743041992188
336	187	352.5045471191406	338.2108154296875	361.34173583984375
337	187	237.43402099609375	238.8763885498047	245.58209228515625
338	187	288.8601379394531	308.6405944824219	284.33502197265625
324	188	216.20669555664063	218.12783813476563	223.29586791992188
325	188	239.54342651367188	240.63043212890625	250.515380859375
326	188	225.05667114257813	217.78099060058594	224.2230224609375
327	188	288.6829833984375	283.000732421875	286.7510070800781
328	188	242.95870971679688	251.68556213378906	250.07781982421875
329	188	357.1941223144531	354.81646728515625	348.1551208496094
330	188	236.7911376953125	242.763427734375	239.44290161132813
331	188	243.29373168945313	248.10110473632813	248.09912109375
332	188	181.9698486328125	179.72573852539063	183.46827697753906
333	188	267.1992492675781	285.289306640625	274.3075256347656
334	188	281.883056640625	274.70489501953125	285.24658203125
335	188	260.3131408691406	254.60975646972656	252.68484497070313
336	188	347.6941833496094	353.9421691894531	357.0616149902344
337	188	240.57362365722656	245.56297302246094	244.11306762695313
338	188	290.04010009765625	313.34600830078125	286.0955505371094
324	189	216.01589965820313	222.3106689453125	221.08319091796875
325	189	237.7987060546875	245.12942504882813	251.47494506835938
326	189	219.7669677734375	221.4174346923828	219.66769409179688
327	189	290.2238464355469	287.63543701171875	274.685546875
328	189	246.7032470703125	250.71340942382813	242.5741729736328
329	189	348.2002868652344	343.3157958984375	359.6208190917969
330	189	238.29306030273438	238.9580841064453	248.7588348388672
331	189	243.86196899414063	246.3302459716797	248.49119567871094
332	189	184.66534423828125	177.54649353027344	179.8242645263672
333	189	266.3274230957031	267.2869873046875	278.0807189941406
334	189	292.8414306640625	281.5995788574219	281.19293212890625
335	189	260.6983947753906	255.64073181152344	261.87738037109375
336	189	346.6604309082031	343.5749206542969	364.6200866699219
337	189	239.94229125976563	232.74526977539063	240.2931365966797
338	189	292.794189453125	305.2768859863281	286.75079345703125
324	190	220.753173828125	224.03302001953125	221.22341918945313
325	190	243.57423400878906	243.9954833984375	247.46200561523438
326	190	221.5740203857422	228.61244201660156	227.8667449951172
327	190	280.662353515625	274.6850280761719	282.0431213378906
328	190	247.620849609375	254.30038452148438	239.7711181640625
329	190	357.92742919921875	352.4862060546875	355.3769836425781
330	190	250.51010131835938	242.65411376953125	241.70484924316406
331	190	244.75216674804688	240.7100830078125	249.71791076660156
332	190	187.22308349609375	175.06109619140625	183.45169067382813
333	190	274.00341796875	289.771728515625	282.52972412109375
334	190	284.4734802246094	281.78125	280.8719482421875
335	190	266.2220764160156	255.612060546875	262.30413818359375
336	190	355.20654296875	344.5633544921875	356.58056640625
337	190	242.93385314941406	236.17239379882813	235.33242797851563
338	190	286.305908203125	293.89398193359375	274.6636962890625
324	191	218.6033477783203	222.38026428222656	217.48341369628906
325	191	246.0661163330078	245.7381591796875	248.63543701171875
326	191	225.29566955566406	221.80599975585938	228.48654174804688
327	191	285.853515625	287.9093933105469	286.493408203125
328	191	247.21543884277344	247.48159790039063	245.58937072753906
329	191	363.793212890625	345.1014404296875	357.0797424316406
330	191	246.79750061035156	243.7486572265625	237.82861328125
331	191	243.3970184326172	239.94557189941406	244.21359252929688
332	191	183.6434326171875	175.65298461914063	186.91195678710938
333	191	270.7638244628906	290.5950927734375	280.62994384765625
334	191	288.0802917480469	284.7768249511719	285.48834228515625
335	191	261.5876159667969	254.7045135498047	252.45335388183594
336	191	351.54248046875	344.8084411621094	365.81689453125
337	191	241.98556518554688	242.70462036132813	244.18142700195313
338	191	295.4027099609375	293.6094970703125	286.2506408691406
324	192	220.08792114257813	220.33346557617188	220.29930114746094
325	192	240.57687377929688	248.4502410888672	250.6357879638672
326	192	225.354736328125	222.92515563964844	218.8471221923828
327	192	289.41082763671875	288.94158935546875	284.6971740722656
328	192	241.19012451171875	247.70654296875	241.35902404785156
329	192	356.4635314941406	358.1976318359375	351.3489990234375
330	192	241.86117553710938	239.98953247070313	240.17552185058594
331	192	247.76760864257813	248.9425506591797	250.90670776367188
332	192	183.96438598632813	172.2412109375	181.48101806640625
333	192	269.9877014160156	288.33892822265625	279.6085205078125
334	192	290.71295166015625	280.11395263671875	281.7001037597656
335	192	265.3074951171875	259.7923583984375	254.998046875
336	192	359.86212158203125	343.1021423339844	365.0535888671875
337	192	240.18960571289063	245.13470458984375	243.5719451904297
338	192	298.71697998046875	279.7608642578125	286.8038330078125
324	193	217.16346740722656	217.10015869140625	219.9627685546875
325	193	241.5291748046875	245.0485076904297	249.90162658691406
326	193	220.87106323242188	218.72271728515625	219.79385375976563
327	193	284.0867004394531	292.5262756347656	286.1247253417969
328	193	247.3634796142578	250.8762969970703	247.60250854492188
329	193	356.7884521484375	350.4808654785156	354.5711975097656
330	193	251.21633911132813	239.56956481933594	240.42459106445313
331	193	241.07601928710938	241.893310546875	256.3670349121094
332	193	183.07594299316406	175.1154022216797	183.169189453125
333	193	272.7106018066406	288.19140625	281.9011535644531
334	193	288.1722717285156	278.82061767578125	278.32275390625
335	193	264.4105224609375	259.82379150390625	256.065185546875
336	193	362.6607360839844	343.19012451171875	372.041015625
337	193	239.80081176757813	240.31072998046875	242.362060546875
338	193	293.4906005859375	288.55908203125	300.04852294921875
324	194	217.75311279296875	224.1976318359375	219.80667114257813
325	194	240.06167602539063	236.84115600585938	249.2072296142578
326	194	217.4514923095703	222.91058349609375	219.07785034179688
327	194	281.54730224609375	290.7875671386719	285.9259338378906
328	194	239.80406188964844	255.54193115234375	237.76327514648438
329	194	346.28521728515625	361.0396423339844	353.6445617675781
330	194	238.3880615234375	246.57382202148438	239.00082397460938
331	194	245.39608764648438	246.76809692382813	252.99319458007813
332	194	184.34413146972656	174.794189453125	179.96450805664063
333	194	272.7852783203125	285.5032043457031	275.9502258300781
334	194	281.0730285644531	284.3965759277344	279.02972412109375
335	194	261.1681213378906	255.07672119140625	258.054443359375
336	194	346.3588562011719	345.9718017578125	364.7112731933594
337	194	243.20729064941406	247.90811157226563	246.24407958984375
338	194	294.3935852050781	302.4172668457031	287.78045654296875
324	195	214.8562774658203	216.441650390625	215.19357299804688
325	195	239.0875244140625	245.10855102539063	245.55189514160156
326	195	220.40687561035156	222.6024627685547	226.19618225097656
327	195	289.30224609375	286.0875244140625	286.28961181640625
328	195	241.61663818359375	246.9766845703125	242.2497100830078
329	195	349.21319580078125	363.4571533203125	354.7652282714844
330	195	237.52452087402344	240.29263305664063	239.38558959960938
331	195	248.16796875	247.1689453125	244.0228271484375
332	195	184.40721130371094	176.4049530029297	179.90896606445313
333	195	282.76544189453125	274.7333068847656	270.71429443359375
334	195	278.9208984375	280.8372802734375	283.6556701660156
335	195	257.8026123046875	255.32827758789063	262.75653076171875
336	195	344.88226318359375	344.498779296875	365.8809509277344
337	195	244.37469482421875	239.53335571289063	235.16180419921875
338	195	295.714599609375	297.1280822753906	297.86846923828125
324	196	214.1513214111328	221.1809539794922	218.14138793945313
325	196	240.15264892578125	238.84902954101563	246.510986328125
326	196	225.81817626953125	220.70970153808594	222.03419494628906
327	196	279.7128601074219	286.9493103027344	284.4325256347656
328	196	240.66961669921875	249.2305908203125	251.66317749023438
329	196	343.0694580078125	356.7811279296875	348.60272216796875
330	196	239.8304443359375	241.74078369140625	250.96324157714844
331	196	243.32363891601563	247.0890350341797	247.16213989257813
332	196	183.2269744873047	175.4300537109375	185.448486328125
333	196	267.9627990722656	272.8943176269531	284.34454345703125
334	196	288.0840759277344	285.3548889160156	277.88043212890625
335	196	256.06768798828125	256.833740234375	257.9441223144531
336	196	356.4011535644531	344.105712890625	362.45361328125
337	196	242.74234008789063	233.89385986328125	244.29351806640625
338	196	294.4725341796875	294.125732421875	301.9221496582031
324	197	215.27752685546875	221.04197692871094	220.6634521484375
325	197	242.62496948242188	242.59307861328125	246.9063262939453
326	197	225.04409790039063	216.86489868164063	222.28854370117188
327	197	282.693603515625	291.4096374511719	277.4752502441406
328	197	246.90631103515625	243.2143096923828	249.60658264160156
329	197	351.0785217285156	347.72882080078125	350.927490234375
330	197	236.171875	239.70755004882813	241.4693603515625
331	197	251.63754272460938	238.68765258789063	246.7622833251953
332	197	183.95181274414063	177.75006103515625	183.04905700683594
333	197	274.03485107421875	280.7264404296875	281.3336486816406
334	197	286.6547546386719	289.97705078125	282.2992248535156
335	197	261.21209716796875	259.095947265625	256.0950927734375
336	197	350.79449462890625	353.25177001953125	354.07940673828125
337	197	234.3746337890625	243.3977813720703	241.87673950195313
338	197	301.6152648925781	297.217529296875	297.42840576171875
324	198	211.7109375	219.14166259765625	220.5159454345703
325	198	240.33261108398438	243.56997680664063	247.6243896484375
326	198	221.13168334960938	217.29466247558594	217.59024047851563
327	198	281.40728759765625	290.58502197265625	283.9027099609375
328	198	241.609619140625	244.14974975585938	238.51373291015625
329	198	348.6878967285156	351.2273254394531	351.3075256347656
330	198	238.33453369140625	243.90521240234375	252.52197265625
331	198	243.0180206298828	242.91424560546875	258.27685546875
332	198	188.05575561523438	177.94985961914063	184.7701416015625
333	198	280.7963562011719	280.7153625488281	286.6828918457031
334	198	286.8595886230469	287.1478576660156	286.7281494140625
335	198	261.42449951171875	252.49937438964844	248.9973602294922
336	198	351.0941162109375	353.37139892578125	368.57745361328125
337	198	242.6621551513672	248.63668823242188	241.66514587402344
338	198	302.5004577636719	291.6675109863281	309.0728759765625
324	199	222.21615600585938	221.7627716064453	220.2032928466797
325	199	243.1997528076172	242.34446716308594	247.0867919921875
326	199	219.0484161376953	219.9348602294922	225.4856719970703
327	199	286.05084228515625	280.14739990234375	278.1020812988281
328	199	242.89990234375	251.4131317138672	237.68310546875
329	199	352.67193603515625	351.13983154296875	349.0865478515625
330	199	232.5540313720703	241.2607421875	244.25181579589844
331	199	239.32704162597656	235.57846069335938	247.9073486328125
332	199	183.7884521484375	180.1615447998047	186.46133422851563
333	199	272.6301574707031	270.25262451171875	274.5887756347656
334	199	295.07623291015625	295.8628845214844	281.90191650390625
335	199	263.4750671386719	248.9174346923828	257.19537353515625
336	199	347.0158386230469	344.3876953125	364.28125
337	199	241.17227172851563	238.88897705078125	243.14068603515625
338	199	298.7576904296875	295.09356689453125	298.3324279785156
324	200	220.5674591064453	223.93951416015625	219.361083984375
325	200	247.77113342285156	243.283203125	250.37841796875
326	200	219.45657348632813	220.4739532470703	220.05047607421875
327	200	279.3690185546875	286.7294006347656	278.9306945800781
328	200	243.53146362304688	249.65863037109375	236.0884246826172
329	200	352.3743591308594	348.7680969238281	354.2297058105469
330	200	239.91213989257813	239.5469512939453	250.0446319580078
331	200	244.31536865234375	242.17933654785156	253.10279846191406
332	200	183.58262634277344	177.8717041015625	183.56150817871094
333	200	280.84881591796875	290.566650390625	279.87921142578125
334	200	288.4967346191406	288.41357421875	285.8554992675781
335	200	259.75091552734375	253.68789672851563	256.2370910644531
336	200	347.67608642578125	353.557861328125	368.7594299316406
337	200	239.4999542236328	238.08900451660156	239.48890686035156
338	200	304.5118103027344	289.9644775390625	294.60247802734375
324	201	209.8890380859375	223.30416870117188	221.95680236816406
325	201	248.01315307617188	243.2645721435547	248.11270141601563
326	201	219.09567260742188	220.11732482910156	221.20004272460938
327	201	278.64019775390625	284.00701904296875	284.341064453125
328	201	247.81436157226563	245.8238525390625	247.71734619140625
329	201	345.6317138671875	349.3833312988281	343.94586181640625
330	201	238.00631713867188	237.9754180908203	251.89768981933594
331	201	247.53890991210938	241.2805938720703	250.52064514160156
332	201	184.04656982421875	181.97059631347656	177.1116943359375
333	201	280.3922119140625	287.29864501953125	276.47625732421875
334	201	284.43878173828125	279.9576416015625	284.62628173828125
335	201	256.7744445800781	256.0621643066406	267.1308898925781
336	201	343.2710266113281	354.64886474609375	375.78375244140625
337	201	243.07305908203125	234.59429931640625	240.35220336914063
338	201	299.4832458496094	295.4946594238281	294.5904235839844
324	202	211.02732849121094	217.50979614257813	217.19540405273438
325	202	243.3515625	243.36436462402344	247.86386108398438
326	202	218.875244140625	220.21206665039063	225.88580322265625
327	202	287.40496826171875	286.6527404785156	285.2674560546875
328	202	250.03887939453125	247.25741577148438	241.70559692382813
329	202	351.1466369628906	349.9262390136719	350.0521240234375
330	202	239.97372436523438	243.07583618164063	253.63511657714844
331	202	248.3278045654297	245.19125366210938	255.18402099609375
332	202	190.7409210205078	181.7924041748047	180.84364318847656
333	202	284.38677978515625	284.2633972167969	277.9419860839844
334	202	281.805419921875	279.3605041503906	285.53106689453125
335	202	263.0583801269531	256.7048034667969	251.27134704589844
336	202	348.71954345703125	355.2093505859375	361.2801513671875
337	202	241.5955047607422	236.77381896972656	243.85218811035156
338	202	291.1241455078125	296.2446594238281	302.5426940917969
324	203	213.61825561523438	222.4395751953125	215.5605010986328
325	203	238.31822204589844	245.1309356689453	247.706298828125
326	203	222.69720458984375	220.07862854003906	218.58047485351563
327	203	292.15460205078125	286.8588562011719	286.38055419921875
328	203	251.1532440185547	249.17532348632813	246.00831604003906
329	203	358.2496337890625	351.3550109863281	350.14837646484375
330	203	240.02423095703125	244.87759399414063	254.545166015625
331	203	242.79635620117188	246.1761932373047	249.6005401611328
332	203	187.0056915283203	183.46298217773438	178.54147338867188
333	203	291.1220703125	278.9832458496094	275.89141845703125
334	203	279.3388671875	271.6683654785156	277.3423156738281
335	203	261.51922607421875	253.50442504882813	248.92323303222656
336	203	343.51788330078125	345.6840515136719	363.017333984375
337	203	232.25718688964844	234.24192810058594	246.82765197753906
338	203	290.2469787597656	295.9682312011719	296.9317932128906
324	204	218.38092041015625	220.05123901367188	220.96429443359375
325	204	243.7086639404297	243.22740173339844	246.08120727539063
326	204	220.2711181640625	220.27992248535156	219.01300048828125
327	204	280.1504211425781	287.9031066894531	278.35693359375
328	204	243.36611938476563	243.97409057617188	240.96719360351563
329	204	359.6754150390625	349.935791015625	351.43115234375
330	204	244.42648315429688	237.29855346679688	250.9720458984375
331	204	237.74391174316406	245.78717041015625	259.3221435546875
332	204	187.7682342529297	181.03892517089844	185.31552124023438
333	204	290.17962646484375	288.081298828125	276.89697265625
334	204	285.8643493652344	281.1546936035156	289.0757751464844
335	204	260.3010559082031	261.8670654296875	249.93679809570313
336	204	344.0428466796875	349.7640686035156	366.123779296875
337	204	239.06842041015625	234.90870666503906	246.60699462890625
338	204	294.52130126953125	292.02362060546875	305.276123046875
324	205	214.76983642578125	220.83360290527344	218.51536560058594
325	205	235.9394073486328	244.21737670898438	249.36178588867188
326	205	223.27223205566406	221.9014892578125	212.80067443847656
327	205	289.15093994140625	278.8794250488281	274.58001708984375
328	205	247.27175903320313	248.10841369628906	241.83477783203125
329	205	367.7458190917969	349.7422180175781	359.2574768066406
330	205	242.61866760253906	240.65255737304688	248.4368896484375
331	205	242.78756713867188	246.02490234375	255.57107543945313
332	205	185.68699645996094	174.26011657714844	180.40357971191406
333	205	276.2012939453125	274.98590087890625	275.657958984375
334	205	289.6315002441406	293.3367919921875	289.0413818359375
335	205	261.0211181640625	256.69122314453125	255.62057495117188
336	205	348.0806884765625	348.47198486328125	368.95648193359375
337	205	242.5108642578125	235.21383666992188	232.98780822753906
338	205	297.08233642578125	297.233642578125	292.8140563964844
324	206	221.94949340820313	221.48655700683594	220.84591674804688
325	206	241.166748046875	244.92837524414063	243.98338317871094
326	206	229.35411071777344	227.04037475585938	219.03411865234375
327	206	279.26348876953125	286.6947021484375	276.4201965332031
328	206	247.90057373046875	246.36141967773438	243.667724609375
329	206	354.1135559082031	346.2819519042969	353.35986328125
330	206	244.02410888671875	245.05804443359375	248.73147583007813
331	206	246.8912353515625	242.67471313476563	250.35601806640625
332	206	186.33139038085938	176.50198364257813	186.3924560546875
333	206	282.1085205078125	277.5655212402344	273.6460876464844
334	206	288.3504638671875	274.19970703125	293.2947998046875
335	206	260.0650634765625	263.0953369140625	255.16317749023438
336	206	353.42974853515625	343.3160095214844	358.963134765625
337	206	241.09764099121094	238.4584503173828	241.66110229492188
338	206	291.4226989746094	291.9150390625	299.2356872558594
324	207	220.06629943847656	217.64451599121094	220.96908569335938
325	207	237.70901489257813	245.13143920898438	247.54420471191406
326	207	225.34848022460938	223.1206817626953	225.5273895263672
327	207	288.277587890625	284.40765380859375	273.2049560546875
328	207	243.32164001464844	245.49435424804688	246.30966186523438
329	207	353.428955078125	345.93463134765625	349.92742919921875
330	207	245.16763305664063	240.3537139892578	248.9365234375
331	207	241.22454833984375	241.7616424560547	253.5489044189453
332	207	182.30487060546875	183.272216796875	183.0115966796875
333	207	271.5343933105469	276.8162841796875	273.4842224121094
334	207	283.20098876953125	278.2415771484375	283.7820739746094
335	207	267.3138427734375	260.8919372558594	257.83428955078125
336	207	349.24737548828125	348.554931640625	351.3833923339844
337	207	244.47674560546875	245.98245239257813	237.29959106445313
338	207	303.4368896484375	292.2538146972656	303.6515197753906
324	208	217.7857666015625	224.3697967529297	226.42840576171875
325	208	239.78672790527344	247.57887268066406	244.96180725097656
326	208	220.68783569335938	227.22134399414063	220.21583557128906
327	208	288.371337890625	285.1571350097656	281.4912109375
328	208	242.33995056152344	245.01206970214844	241.7393035888672
329	208	343.9068908691406	352.9848327636719	351.42333984375
330	208	238.81784057617188	243.8247833251953	243.34751892089844
331	208	255.44113159179688	241.88328552246094	246.38833618164063
332	208	185.3662872314453	181.1588134765625	182.674072265625
333	208	273.0597229003906	286.88702392578125	277.6838684082031
334	208	289.2549743652344	285.4313049316406	283.6976318359375
335	208	260.7087097167969	248.44647216796875	255.18502807617188
336	208	349.3350830078125	361.618408203125	359.319580078125
337	208	240.52487182617188	235.87252807617188	242.32186889648438
338	208	287.849853515625	291.3766784667969	291.6468811035156
324	209	215.63214111328125	225.61990356445313	220.10552978515625
325	209	245.05404663085938	245.20785522460938	245.83792114257813
326	209	216.29638671875	221.1053009033203	223.61680603027344
327	209	283.2987976074219	286.7965087890625	284.29754638671875
328	209	244.46543884277344	249.08433532714844	248.21421813964844
329	209	341.55999755859375	353.5799560546875	348.84576416015625
330	209	245.25030517578125	243.72300720214844	248.31324768066406
331	209	243.96299743652344	244.2193603515625	255.25289916992188
332	209	180.10476684570313	181.05526733398438	184.77088928222656
333	209	276.60595703125	281.9811096191406	275.1117858886719
334	209	288.9626770019531	285.90655517578125	288.0124206542969
335	209	256.4100341796875	252.63809204101563	260.3905334472656
336	209	355.43377685546875	354.5048828125	353.4598388671875
337	209	240.2471466064453	239.42404174804688	242.41357421875
338	209	306.4291687011719	287.5597839355469	298.5370178222656
324	210	216.6331787109375	227.3565673828125	220.85447692871094
325	210	242.344482421875	242.77601623535156	248.77944946289063
326	210	227.43899536132813	219.02053833007813	229.77684020996094
327	210	282.5088806152344	285.7937316894531	274.4523010253906
328	210	245.25836181640625	249.5640869140625	240.765380859375
329	210	360.2590026855469	340.09503173828125	351.66461181640625
330	210	243.06454467773438	247.92068481445313	248.62013244628906
331	210	240.31222534179688	241.47962951660156	251.10626220703125
332	210	183.02163696289063	180.87657165527344	185.27731323242188
333	210	274.7076416015625	284.0060119628906	277.239013671875
334	210	286.8311767578125	282.7782897949219	279.03125
335	210	255.0905303955078	259.7094421386719	250.62973022460938
336	210	348.15740966796875	354.8331298828125	361.7313232421875
337	210	235.21932983398438	244.19549560546875	240.75083923339844
338	210	289.1114807128906	289.0722961425781	295.525634765625
324	211	220.9512176513672	222.5760498046875	219.6830291748047
325	211	233.71063232421875	244.70594787597656	248.72418212890625
326	211	218.49075317382813	213.1869659423828	224.93252563476563
327	211	285.6014709472656	281.3829040527344	278.8550720214844
328	211	243.3271484375	243.5345001220703	241.9189453125
329	211	348.4212341308594	343.5420227050781	343.9332580566406
330	211	243.5850372314453	248.4474639892578	257.3497619628906
331	211	251.82101440429688	242.1610107421875	256.38714599609375
332	211	182.34332275390625	178.644287109375	181.675048828125
333	211	274.873779296875	272.04058837890625	279.10589599609375
334	211	285.94500732421875	295.9453125	280.8355407714844
335	211	256.66912841796875	258.9730529785156	245.623291015625
336	211	346.80322265625	348.322509765625	359.3766174316406
337	211	239.5238494873047	236.57174682617188	241.26025390625
338	211	297.54425048828125	278.135498046875	297.2587890625
324	212	216.3795928955078	226.68075561523438	214.44058227539063
325	212	238.77865600585938	237.1741943359375	248.79356384277344
326	212	225.3444366455078	221.30081176757813	227.22787475585938
327	212	285.9384765625	288.4386901855469	280.3796081542969
328	212	244.39479064941406	251.82705688476563	244.39857482910156
329	212	356.9942932128906	352.8268127441406	354.24725341796875
330	212	250.592529296875	244.17514038085938	256.0284729003906
331	212	236.30758666992188	242.90921020507813	249.49826049804688
332	212	178.94512939453125	176.4715576171875	180.11480712890625
333	212	275.3633728027344	289.2660827636719	279.2996826171875
334	212	282.53399658203125	286.15411376953125	287.4927062988281
335	212	258.7159423828125	246.792724609375	254.55271911621094
336	212	350.00714111328125	340.3551025390625	364.1138610839844
337	212	244.7504425048828	241.45755004882813	243.4214324951172
338	212	294.5989685058594	294.89227294921875	298.0144958496094
324	213	214.35865783691406	222.6879119873047	221.65545654296875
325	213	242.21078491210938	244.3978271484375	253.1862335205078
326	213	227.99368286132813	215.792236328125	222.60772705078125
327	213	277.1631164550781	294.8495788574219	281.09814453125
328	213	242.45455932617188	247.28933715820313	235.70416259765625
329	213	349.97344970703125	351.9880676269531	349.78497314453125
330	213	243.84866333007813	238.0940399169922	247.55926513671875
331	213	246.904052734375	240.08779907226563	255.7691192626953
332	213	188.22361755371094	174.1146240234375	183.02792358398438
333	213	273.2615051269531	279.00714111328125	276.6866149902344
334	213	289.3489685058594	286.93951416015625	279.54168701171875
335	213	262.1480712890625	253.0590362548828	250.48622131347656
336	213	351.2981872558594	340.5509338378906	370.55010986328125
337	213	241.14816284179688	241.66038513183594	241.78778076171875
338	213	307.22064208984375	297.61688232421875	296.16827392578125
324	214	215.55624389648438	222.4461212158203	221.09774780273438
325	214	243.07057189941406	244.28021240234375	241.3836669921875
326	214	222.733642578125	218.50881958007813	215.35189819335938
327	214	281.32684326171875	287.68194580078125	279.89984130859375
328	214	242.9808349609375	249.926513671875	241.57666015625
329	214	345.3746643066406	358.17877197265625	341.3451232910156
330	214	237.9374542236328	245.07766723632813	249.69505310058594
331	214	245.89822387695313	242.166259765625	255.1842803955078
332	214	188.44102478027344	178.524658203125	182.2573699951172
333	214	279.4416809082031	289.1408996582031	273.00115966796875
334	214	280.77947998046875	282.5503234863281	282.9559631347656
335	214	269.54437255859375	254.16842651367188	250.16177368164063
336	214	351.4155578613281	346.45587158203125	370.6670227050781
337	214	238.255859375	243.94369506835938	244.86703491210938
338	214	299.2925109863281	291.68206787109375	273.57794189453125
324	215	223.69195556640625	221.5644989013672	222.80628967285156
325	215	238.57733154296875	240.25796508789063	242.071044921875
326	215	220.94142150878906	232.77365112304688	220.5415496826172
327	215	280.67266845703125	283.8069763183594	282.36639404296875
328	215	243.51165771484375	249.32659912109375	249.5950164794922
329	215	351.1325988769531	358.27978515625	350.62188720703125
330	215	244.97512817382813	244.70745849609375	249.76138305664063
331	215	250.68626403808594	241.90310668945313	255.971923828125
332	215	191.84701538085938	178.06773376464844	185.43138122558594
333	215	281.5153503417969	284.188720703125	276.274658203125
334	215	287.18707275390625	288.56182861328125	278.68389892578125
335	215	261.20684814453125	255.77114868164063	258.3612976074219
336	215	357.15966796875	346.30810546875	358.00408935546875
337	215	242.91099548339844	242.4228973388672	239.16015625
338	215	297.65234375	288.63397216796875	286.9978332519531
324	216	215.43109130859375	223.24937438964844	223.0093536376953
325	216	242.29348754882813	245.56797790527344	243.5194549560547
326	216	219.26104736328125	223.219970703125	219.0921630859375
327	216	287.4188232421875	290.8999328613281	279.6537780761719
328	216	244.3621368408203	246.8766632080078	253.9789276123047
329	216	359.8294982910156	357.7725830078125	351.89056396484375
330	216	239.80731201171875	244.82028198242188	245.3573760986328
331	216	243.74462890625	242.11624145507813	244.0826416015625
332	216	182.8595428466797	173.6385955810547	186.56512451171875
333	216	278.176513671875	285.391357421875	277.793701171875
334	216	284.7210388183594	281.1793518066406	285.435546875
335	216	256.0081481933594	259.019287109375	255.36424255371094
336	216	359.19769287109375	349.4549865722656	353.1532287597656
337	216	241.7266845703125	241.49221801757813	239.15109252929688
338	216	302.87744140625	290.6015930175781	285.70147705078125
324	217	223.48385620117188	226.53948974609375	221.61724853515625
325	217	246.2576446533203	246.5328369140625	246.1709442138672
326	217	223.07772827148438	220.01602172851563	218.45077514648438
327	217	283.9602966308594	288.56939697265625	283.197021484375
328	217	241.63043212890625	247.05459594726563	243.97357177734375
329	217	359.38714599609375	353.4535827636719	338.31787109375
330	217	245.5792999267578	234.91172790527344	251.09921264648438
331	217	241.62841796875	236.8936767578125	252.8336181640625
332	217	178.73675537109375	176.38108825683594	182.0108184814453
333	217	276.37750244140625	273.41156005859375	279.2144775390625
334	217	283.37969970703125	286.33709716796875	284.4179382324219
335	217	261.99725341796875	260.13140869140625	270.057861328125
336	217	353.078369140625	343.17828369140625	355.3918151855469
337	217	244.92686462402344	240.67440795898438	241.07351684570313
338	217	302.6379089355469	297.1778564453125	290.91021728515625
324	218	218.36204528808594	219.04844665527344	224.799560546875
325	218	238.89402770996094	238.3249969482422	248.3785858154297
326	218	220.9793701171875	227.26959228515625	213.5448455810547
327	218	290.9657897949219	284.8798828125	272.50775146484375
328	218	243.32640075683594	247.19056701660156	242.90219116210938
329	218	355.9608154296875	344.17230224609375	358.1593933105469
330	218	240.58944702148438	240.42886352539063	251.967041015625
331	218	244.33273315429688	243.25828552246094	253.162353515625
332	218	186.98960876464844	181.66171264648438	182.63812255859375
333	218	271.5454406738281	289.1220703125	272.64752197265625
334	218	290.2397155761719	288.3534851074219	286.62408447265625
335	218	261.84295654296875	255.544677734375	258.5716552734375
336	218	363.571533203125	342.7973327636719	358.47857666015625
337	218	237.89822387695313	234.5234375	241.70358276367188
338	218	290.7229919433594	289.4487609863281	301.28350830078125
324	219	218.50582885742188	217.63623046875	223.18829345703125
325	219	242.14895629882813	238.101806640625	249.4125518798828
326	219	221.59915161132813	221.83441162109375	228.17588806152344
327	219	281.31256103515625	286.2943420410156	282.8102111816406
328	219	245.19705200195313	250.77777099609375	249.48342895507813
329	219	348.2151184082031	346.4654235839844	351.0159912109375
330	219	242.64932250976563	241.5379638671875	255.30418395996094
331	219	241.67544555664063	241.89157104492188	255.4914093017578
332	219	186.3497314453125	178.89434814453125	183.1470489501953
333	219	277.58056640625	290.7823181152344	270.74896240234375
334	219	296.26678466796875	288.4781494140625	290.2251281738281
335	219	259.1932067871094	256.9513244628906	260.49407958984375
336	219	365.63470458984375	361.50909423828125	356.00958251953125
337	219	242.91697692871094	229.47274780273438	243.35354614257813
338	219	296.1795654296875	290.378173828125	291.8876647949219
324	220	216.9076385498047	221.91683959960938	217.17453002929688
325	220	238.27749633789063	244.78887939453125	247.06666564941406
326	220	225.32809448242188	218.89187622070313	227.99693298339844
327	220	279.7304382324219	290.762451171875	283.5328063964844
328	220	249.98785400390625	249.4268798828125	241.74957275390625
329	220	345.2178039550781	337.8435974121094	358.2449035644531
330	220	241.39724731445313	241.4012451171875	254.72259521484375
331	220	241.61965942382813	238.60923767089844	253.15481567382813
332	220	179.75189208984375	179.57418823242188	183.55621337890625
333	220	279.8794860839844	270.9558410644531	282.05694580078125
334	220	295.86865234375	288.4203186035156	279.19610595703125
335	220	259.57171630859375	251.85018920898438	260.8406677246094
336	220	358.8812561035156	353.8373718261719	356.16864013671875
337	220	237.70523071289063	241.58546447753906	240.8830108642578
338	220	290.12811279296875	294.1553649902344	286.3413391113281
324	221	218.09161376953125	225.20217895507813	214.62254333496094
325	221	244.96029663085938	235.38648986816406	243.8315887451172
326	221	216.87997436523438	224.59573364257813	225.37283325195313
327	221	288.69805908203125	283.17010498046875	281.3064880371094
328	221	248.31777954101563	247.96865844726563	243.43373107910156
329	221	350.8055725097656	354.80120849609375	351.20068359375
330	221	241.19993591308594	241.41307067871094	249.36329650878906
331	221	242.3334197998047	240.7362060546875	254.22471618652344
332	221	182.230224609375	177.5238800048828	178.0612030029297
333	221	271.4459228515625	284.5435791015625	281.9677734375
334	221	295.6381530761719	295.00762939453125	282.15625
335	221	264.30242919921875	254.72836303710938	250.0210418701172
336	221	347.9266357421875	340.1118469238281	355.5398254394531
337	221	243.1771240234375	233.69680786132813	244.9017333984375
338	221	293.203857421875	293.297607421875	301.83343505859375
324	222	222.18551635742188	221.19903564453125	218.0848388671875
325	222	245.39959716796875	242.43069458007813	246.97970581054688
326	222	227.52545166015625	221.84747314453125	225.32107543945313
327	222	289.61114501953125	290.1982421875	277.4700012207031
328	222	246.62933349609375	246.2267303466797	239.09078979492188
329	222	362.4420471191406	357.722900390625	349.8490295410156
330	222	244.50137329101563	242.14414978027344	245.9432373046875
331	222	236.9783935546875	244.79039001464844	258.06951904296875
332	222	182.31491088867188	175.88772583007813	182.2427978515625
333	222	276.2744445800781	284.0075378417969	275.906005859375
334	222	298.3869934082031	278.4127197265625	279.5572509765625
335	222	259.90142822265625	264.500244140625	257.99163818359375
336	222	356.0560302734375	348.4664611816406	350.72015380859375
337	222	240.81690979003906	240.5859375	242.3153076171875
338	222	292.28826904296875	291.8537292480469	297.1705322265625
324	223	212.915283203125	231.27249145507813	217.42990112304688
325	223	242.46536254882813	245.1085662841797	247.2747802734375
326	223	223.6768798828125	219.4792022705078	221.58609008789063
327	223	290.86572265625	285.0978088378906	275.1690979003906
328	223	242.72372436523438	246.84046936035156	245.87060546875
329	223	360.47686767578125	356.35516357421875	354.33880615234375
330	223	243.13742065429688	235.5191650390625	255.38662719726563
331	223	243.147216796875	242.27435302734375	254.06085205078125
332	223	184.9551239013672	175.2978515625	183.22775268554688
333	223	271.0541076660156	291.6189880371094	278.637451171875
334	223	289.7367858886719	281.4195861816406	284.01055908203125
335	223	263.8978271484375	256.2182312011719	250.83682250976563
336	223	357.3966369628906	353.0298156738281	360.7081604003906
337	223	240.6047821044922	244.2965087890625	243.80545043945313
338	223	299.95574951171875	291.838623046875	291.6908874511719
324	224	218.9403533935547	227.8717803955078	217.7020721435547
325	224	244.01177978515625	248.16822814941406	245.9736328125
326	224	223.99380493164063	220.26158142089844	226.1142578125
327	224	276.881103515625	294.03875732421875	276.3005676269531
328	224	247.15237426757813	255.08074951171875	242.11502075195313
329	224	359.4186096191406	353.728515625	354.6463317871094
330	224	237.97137451171875	246.84902954101563	249.69705200195313
331	224	247.68540954589844	252.46591186523438	254.178466796875
332	224	183.0214080810547	178.72848510742188	184.9596405029297
333	224	272.047607421875	282.0921630859375	276.66827392578125
334	224	290.22283935546875	287.8121032714844	290.98638916015625
335	224	256.1898498535156	256.12347412109375	248.94586181640625
336	224	350.0709228515625	345.9984130859375	372.9060363769531
337	224	236.16558837890625	245.74317932128906	240.5402069091797
338	224	302.91412353515625	291.7134704589844	300.8331298828125
324	225	218.84788513183594	222.09100341796875	223.5205535888672
325	225	241.2366485595703	243.573486328125	249.4593048095703
326	225	213.08770751953125	221.38427734375	224.1652069091797
327	225	282.1316223144531	278.67535400390625	279.1971130371094
328	225	246.30264282226563	256.5314025878906	240.1634521484375
329	225	355.27069091796875	360.43743896484375	353.9022216796875
330	225	246.19606018066406	241.37762451171875	242.11680603027344
331	225	247.75277709960938	247.37025451660156	247.12620544433594
332	225	181.60467529296875	180.09092712402344	180.625
333	225	274.67828369140625	294.2961120605469	268.9927062988281
334	225	290.0637512207031	286.8985290527344	288.6925048828125
335	225	259.2552795410156	255.2880859375	252.41314697265625
336	225	360.97479248046875	355.83367919921875	362.3347473144531
337	225	237.0213623046875	239.57183837890625	237.58331298828125
338	225	294.5994567871094	296.1355895996094	299.8301086425781
324	226	215.04754638671875	220.7846221923828	218.33314514160156
325	226	243.56716918945313	240.14710998535156	246.34811401367188
326	226	223.07595825195313	221.05101013183594	218.74786376953125
327	226	284.9673767089844	287.5364074707031	286.945556640625
328	226	244.84014892578125	253.36065673828125	244.47900390625
329	226	357.1136474609375	344.593994140625	354.3377380371094
330	226	252.222412109375	243.2706298828125	251.48147583007813
331	226	243.9386444091797	245.5772705078125	248.81893920898438
332	226	183.9490509033203	177.0712127685547	180.30279541015625
333	226	264.201416015625	286.26873779296875	268.95953369140625
334	226	293.8776550292969	286.9402770996094	281.70538330078125
335	226	261.4176940917969	249.14566040039063	248.3082275390625
336	226	361.2972106933594	355.21514892578125	359.98358154296875
337	226	246.02166748046875	243.24374389648438	242.17031860351563
338	226	300.9525146484375	301.4617004394531	292.1814880371094
324	227	216.39694213867188	222.7062530517578	221.76553344726563
325	227	239.3122100830078	246.3770294189453	245.47828674316406
326	227	225.78826904296875	213.44784545898438	218.06097412109375
327	227	287.4962158203125	285.4755554199219	277.4234924316406
328	227	244.32064819335938	249.87350463867188	237.8502197265625
329	227	356.2447814941406	341.6962585449219	351.43743896484375
330	227	248.89129638671875	240.2292938232422	246.75
331	227	240.98577880859375	243.3636016845703	253.36215209960938
332	227	179.99014282226563	177.20643615722656	184.0000762939453
333	227	278.2699890136719	286.0526123046875	267.2545471191406
334	227	299.3216552734375	286.8211364746094	287.85284423828125
335	227	256.6465148925781	260.411376953125	255.0025634765625
336	227	353.4902648925781	343.4638366699219	358.8493347167969
337	227	245.72230529785156	240.78146362304688	241.09536743164063
338	227	312.25469970703125	296.25372314453125	293.7567443847656
324	228	219.38446044921875	218.44775390625	225.4846954345703
325	228	243.69760131835938	240.95791625976563	242.51010131835938
326	228	223.4725341796875	218.43743896484375	225.64703369140625
327	228	284.83892822265625	285.2953186035156	286.82464599609375
328	228	242.9642333984375	247.7311553955078	244.34555053710938
329	228	366.02825927734375	352.22607421875	344.52490234375
330	228	248.82443237304688	246.79876708984375	253.35060119628906
331	228	241.21224975585938	242.2157745361328	247.69346618652344
332	228	183.3041534423828	178.61387634277344	180.07986450195313
333	228	270.9427795410156	287.72821044921875	272.78472900390625
334	228	284.4028625488281	275.5684509277344	288.92852783203125
335	228	258.59759521484375	253.26715087890625	259.0753479003906
336	228	358.8189392089844	347.6270446777344	363.26007080078125
337	228	236.75494384765625	240.46380615234375	234.8813018798828
338	228	303.44696044921875	283.6149597167969	288.046875
324	229	213.36264038085938	223.42227172851563	219.30201721191406
325	229	236.49282836914063	246.23780822753906	241.952392578125
326	229	219.1107635498047	215.71734619140625	217.82321166992188
327	229	281.5545654296875	292.6184997558594	282.890380859375
328	229	241.4155731201172	255.996826171875	250.48748779296875
329	229	354.94921875	354.9339294433594	354.5998840332031
330	229	236.095458984375	245.3209686279297	253.85250854492188
331	229	244.01905822753906	253.93719482421875	252.03187561035156
332	229	186.46282958984375	178.99664306640625	181.13418579101563
333	229	270.6856994628906	283.9107666015625	281.40704345703125
334	229	279.05914306640625	290.1311340332031	281.7051086425781
335	229	258.540283203125	255.578369140625	255.09982299804688
336	229	356.5361328125	342.988037109375	354.82330322265625
337	229	237.0223846435547	238.29562377929688	240.70079040527344
338	229	298.7848205566406	287.46502685546875	291.6636962890625
324	230	216.9719696044922	217.26803588867188	217.7063446044922
325	230	243.88912963867188	243.7486572265625	245.46218872070313
326	230	219.66567993164063	218.02828979492188	224.33811950683594
327	230	281.5359802246094	287.807861328125	279.6394348144531
328	230	248.381103515625	256.193115234375	242.76016235351563
329	230	350.71612548828125	350.9674377441406	350.9576416015625
330	230	235.7001190185547	241.95013427734375	243.68104553222656
331	230	243.69937133789063	245.41796875	255.01866149902344
332	230	181.7139892578125	174.31039428710938	181.48605346679688
333	230	277.486328125	292.5202331542969	282.1489562988281
334	230	277.519775390625	285.3458557128906	284.43402099609375
335	230	261.597900390625	257.038818359375	253.00927734375
336	230	351.33941650390625	352.8594665527344	355.1374816894531
337	230	243.39125061035156	236.8539581298828	241.35752868652344
338	230	301.9992980957031	290.6048889160156	298.8655090332031
324	231	216.8319854736328	223.25062561035156	222.42449951171875
325	231	240.06619262695313	238.8163604736328	241.5382080078125
326	231	221.67507934570313	219.13864135742188	223.21141052246094
327	231	279.42083740234375	280.7447814941406	280.2077331542969
328	231	243.72451782226563	247.70529174804688	247.30239868164063
329	231	346.786376953125	351.2612609863281	344.4118347167969
330	231	238.3041534423828	239.535888671875	250.82704162597656
331	231	250.09715270996094	250.77297973632813	248.97398376464844
332	231	185.37734985351563	175.45419311523438	180.53854370117188
333	231	284.9515380859375	278.95184326171875	281.5023193359375
334	231	281.1866149902344	279.54571533203125	280.9480895996094
335	231	258.27056884765625	254.30917358398438	246.16415405273438
336	231	352.63824462890625	343.9330139160156	357.7872314453125
337	231	230.8515167236328	243.40505981445313	240.21597290039063
338	231	298.16729736328125	286.3258056640625	301.30462646484375
324	232	215.3740234375	221.27117919921875	219.7053985595703
325	232	244.58935546875	244.63182067871094	243.63453674316406
326	232	224.69146728515625	219.56967163085938	224.79403686523438
327	232	278.7535400390625	287.4529724121094	282.5975646972656
328	232	249.8154296875	250.63223266601563	242.38595581054688
329	232	349.78118896484375	362.0318603515625	352.9137268066406
330	232	239.86814880371094	247.70703125	258.4786682128906
331	232	248.83172607421875	247.69471740722656	254.77313232421875
332	232	182.70875549316406	175.71328735351563	184.8151397705078
333	232	276.6376037597656	274.21905517578125	267.3829650878906
334	232	285.0452575683594	282.2939758300781	278.348876953125
335	232	258.6920471191406	254.87313842773438	247.20315551757813
336	232	352.76593017578125	351.01568603515625	364.1168518066406
337	232	245.74893188476563	239.74075317382813	244.6383514404297
338	232	307.0552673339844	289.5377502441406	295.00311279296875
324	233	212.06454467773438	219.52420043945313	223.67962646484375
325	233	238.6074981689453	240.89683532714844	243.625
326	233	222.12945556640625	217.97853088378906	220.17864990234375
327	233	281.84259033203125	284.9394226074219	277.4483947753906
328	233	250.05520629882813	249.36680603027344	242.57846069335938
329	233	346.6800231933594	361.6144714355469	349.5745849609375
330	233	240.48464965820313	246.39938354492188	241.9664764404297
331	233	250.05670166015625	243.173583984375	254.35968017578125
332	233	188.30557250976563	181.812255859375	183.35240173339844
333	233	281.71240234375	282.75994873046875	274.7978820800781
334	233	285.13372802734375	286.1357727050781	283.1379089355469
335	233	265.32684326171875	255.95509338378906	249.11874389648438
336	233	344.6819763183594	350.0213928222656	351.013427734375
337	233	236.65292358398438	239.72940063476563	240.6000213623047
338	233	304.4502868652344	289.4698791503906	297.6134033203125
324	234	215.08773803710938	218.2225799560547	221.16358947753906
325	234	244.27719116210938	242.59228515625	240.1800537109375
326	234	221.82736206054688	219.90370178222656	226.3334197998047
327	234	282.9237976074219	282.98260498046875	280.5135803222656
328	234	243.86550903320313	252.43704223632813	253.20205688476563
329	234	352.4517822265625	356.3916015625	353.36181640625
330	234	238.97268676757813	241.83578491210938	246.2116241455078
331	234	248.55828857421875	250.8033905029297	247.14405822753906
332	234	185.13230895996094	174.24681091308594	183.49917602539063
333	234	277.1515808105469	279.8639221191406	278.1531066894531
334	234	286.0824890136719	291.7182312011719	292.0977478027344
335	234	261.3583679199219	248.43289184570313	258.47943115234375
336	234	340.0369873046875	351.40802001953125	353.2530212402344
337	234	238.52682495117188	241.8222198486328	237.076171875
338	234	300.2611083984375	289.9009094238281	292.9389343261719
324	235	215.1314697265625	217.9697265625	221.95150756835938
325	235	243.06304931640625	243.53826904296875	240.7467803955078
326	235	219.65487670898438	218.8204803466797	222.127685546875
327	235	280.4778747558594	289.1265869140625	290.0909118652344
328	235	242.70587158203125	248.2587127685547	251.74037170410156
329	235	352.5106201171875	355.5162353515625	352.7938537597656
330	235	241.22833251953125	243.02682495117188	246.64845275878906
331	235	250.07577514648438	244.13616943359375	252.93540954589844
332	235	187.489990234375	175.9296875	176.26170349121094
333	235	293.8367004394531	277.477294921875	286.3818359375
334	235	281.50933837890625	284.6893615722656	284.01910400390625
335	235	263.0626525878906	252.2417449951172	256.7279357910156
336	235	350.7085876464844	351.4703369140625	350.20361328125
337	235	243.19749450683594	241.51031494140625	247.629638671875
338	235	299.8987121582031	284.19073486328125	301.6429443359375
324	236	218.3763885498047	223.89251708984375	221.6340789794922
325	236	242.0049285888672	240.77139282226563	239.43484497070313
326	236	216.92347717285156	216.8649139404297	222.0615997314453
327	236	284.2244567871094	292.2698974609375	290.447021484375
328	236	240.38412475585938	255.34463500976563	249.29165649414063
329	236	351.89306640625	340.68414306640625	352.50030517578125
330	236	242.12203979492188	245.8869171142578	236.7139892578125
331	236	246.74041748046875	245.52122497558594	244.81826782226563
332	236	184.86965942382813	175.85983276367188	184.7887420654297
333	236	286.52056884765625	289.6971130371094	285.1480407714844
334	236	286.7537536621094	284.2146301269531	286.3280334472656
335	236	265.1451416015625	254.70423889160156	250.39071655273438
336	236	347.4345397949219	352.15069580078125	347.09478759765625
337	236	243.47242736816406	235.14669799804688	242.33541870117188
338	236	305.45709228515625	292.3702087402344	301.1568603515625
324	237	216.7213897705078	222.61453247070313	217.05087280273438
325	237	241.98358154296875	242.62420654296875	242.79737854003906
326	237	224.58642578125	225.86770629882813	221.70445251464844
327	237	283.403564453125	293.4898681640625	286.9267272949219
328	237	241.40475463867188	249.60861206054688	250.90164184570313
329	237	346.87884521484375	347.7868957519531	353.8255615234375
330	237	239.69346618652344	237.5441131591797	239.56553649902344
331	237	251.3909912109375	244.6134490966797	245.1610870361328
332	237	179.71568298339844	179.0868682861328	182.35813903808594
333	237	283.90850830078125	272.35498046875	284.75372314453125
334	237	296.6963195800781	291.7320556640625	282.03460693359375
335	237	256.4786071777344	252.778076171875	259.85272216796875
336	237	350.9325256347656	354.9411926269531	348.00982666015625
337	237	239.1744842529297	241.5188751220703	244.85147094726563
338	237	310.7794189453125	284.34405517578125	303.5517578125
324	238	216.6103057861328	217.49649047851563	222.16714477539063
325	238	236.06985473632813	243.72601318359375	237.40313720703125
326	238	219.3716278076172	221.37120056152344	224.02294921875
327	238	287.8543701171875	289.5643615722656	284.3091125488281
328	238	243.13917541503906	252.41668701171875	250.9650115966797
329	238	355.3478088378906	348.49066162109375	350.6758728027344
330	238	244.78060913085938	238.26368713378906	244.73886108398438
331	238	243.8843536376953	251.20223999023438	250.20346069335938
332	238	184.28533935546875	178.63699340820313	184.70831298828125
333	238	280.38641357421875	284.2324523925781	287.3813781738281
334	238	289.8197326660156	286.49969482421875	291.4923095703125
335	238	268.7373962402344	257.4449768066406	246.0528106689453
336	238	361.7503356933594	359.654541015625	353.9597473144531
337	238	239.22750854492188	235.96778869628906	240.67189025878906
338	238	297.7785339355469	294.3014221191406	306.155517578125
324	239	224.8025665283203	220.36062622070313	221.42825317382813
325	239	238.61502075195313	243.85772705078125	244.57400512695313
326	239	221.16360473632813	224.08377075195313	226.95166015625
327	239	293.2217102050781	289.2268371582031	284.4707336425781
328	239	246.04954528808594	247.38333129882813	252.67428588867188
329	239	343.4990234375	349.9462890625	351.5705871582031
330	239	243.12962341308594	243.91050720214844	247.47857666015625
331	239	253.35887145996094	247.6311492919922	251.8280487060547
332	239	188.33294677734375	180.752685546875	185.056884765625
333	239	283.0519714355469	278.8902587890625	282.60284423828125
334	239	288.4758605957031	278.2043762207031	285.54864501953125
335	239	263.1742248535156	255.10537719726563	254.29586791992188
336	239	358.4904479980469	356.40771484375	354.2445068359375
337	239	246.42755126953125	244.08265686035156	239.8241729736328
338	239	294.2295227050781	291.51220703125	298.3919982910156
324	240	214.9789276123047	220.0650634765625	220.76449584960938
325	240	238.37350463867188	242.56060791015625	243.3163604736328
326	240	228.2415008544922	224.89230346679688	220.74664306640625
327	240	286.44842529296875	291.7514343261719	288.115234375
328	240	243.90696716308594	247.63766479492188	247.98904418945313
329	240	349.65625	360.0835876464844	349.7814636230469
330	240	244.2005157470703	243.1507568359375	252.0283660888672
331	240	244.30783081054688	249.86367797851563	239.69195556640625
332	240	188.67852783203125	182.2488250732422	175.0425262451172
333	240	278.19281005859375	274.07257080078125	284.2611083984375
334	240	296.1194763183594	273.3922119140625	280.706298828125
335	240	266.92254638671875	255.67892456054688	247.75253295898438
336	240	346.0657958984375	345.60467529296875	350.2066955566406
337	240	244.21685791015625	242.86373901367188	246.5582275390625
338	240	299.10980224609375	292.8384094238281	299.0394287109375
324	241	210.82826232910156	219.85519409179688	222.62481689453125
325	241	242.49127197265625	242.75387573242188	242.14291381835938
326	241	212.90447998046875	219.00973510742188	225.17982482910156
327	241	290.25628662109375	300.95855712890625	289.55682373046875
328	241	241.18911743164063	246.06260681152344	252.74313354492188
329	241	350.9073791503906	346.1183776855469	360.9519348144531
330	241	243.50787353515625	242.38064575195313	237.1304168701172
331	241	250.69935607910156	246.8716278076172	248.47885131835938
332	241	182.65597534179688	179.42214965820313	180.64056396484375
333	241	278.24810791015625	281.0514221191406	279.1539001464844
334	241	283.2555236816406	289.4120788574219	282.4384765625
335	241	263.0872802734375	259.0645446777344	253.43228149414063
336	241	352.55157470703125	363.3739929199219	352.4035339355469
337	241	239.48062133789063	237.3953399658203	241.10418701171875
338	241	297.53448486328125	287.696044921875	304.012939453125
324	242	215.9287109375	226.50506591796875	219.0665283203125
325	242	244.86428833007813	241.73626708984375	245.73036193847656
326	242	217.568359375	222.26417541503906	222.4023895263672
327	242	283.4267272949219	288.9205017089844	281.96826171875
328	242	244.18394470214844	244.75119018554688	247.36248779296875
329	242	346.0816345214844	344.2120361328125	353.2243957519531
330	242	239.15386962890625	237.3262176513672	246.88998413085938
331	242	247.4275665283203	243.55535888671875	256.3597412109375
332	242	186.4859619140625	181.1942596435547	178.644287109375
333	242	281.7116394042969	273.32562255859375	278.3599548339844
334	242	276.3116149902344	285.8859558105469	285.26190185546875
335	242	259.05950927734375	249.82901000976563	250.01699829101563
336	242	354.12359619140625	360.1197509765625	356.73089599609375
337	242	247.56004333496094	231.75579833984375	243.2045440673828
338	242	315.4571228027344	301.67010498046875	306.412353515625
324	243	217.82623291015625	223.68316650390625	219.1409149169922
325	243	247.04505920410156	237.2123565673828	243.5714569091797
326	243	217.19189453125	226.3303985595703	222.53182983398438
327	243	289.191162109375	286.6306457519531	284.2189025878906
328	243	241.25045776367188	245.589111328125	240.01617431640625
329	243	357.7339172363281	345.830078125	352.79559326171875
330	243	248.0837860107422	241.64703369140625	252.19601440429688
331	243	247.88548278808594	242.04815673828125	248.43838500976563
332	243	185.115966796875	177.2783203125	176.28985595703125
333	243	268.2297058105469	273.3653564453125	282.7144470214844
334	243	278.97265625	287.2478942871094	286.04022216796875
335	243	256.986083984375	255.70352172851563	248.22476196289063
336	243	346.9444274902344	349.29559326171875	358.11016845703125
337	243	242.93255615234375	239.1192169189453	238.92189025878906
338	243	312.3577880859375	309.8321838378906	294.7447204589844
324	244	214.59390258789063	218.78982543945313	220.9507293701172
325	244	246.11866760253906	238.21517944335938	243.03411865234375
326	244	221.47775268554688	219.62925720214844	223.57408142089844
327	244	289.1368713378906	292.6546936035156	287.2202453613281
328	244	243.51138305664063	254.6690673828125	248.81491088867188
329	244	352.6676330566406	348.51727294921875	356.9317626953125
330	244	245.14324951171875	248.13027954101563	246.13525390625
331	244	241.31527709960938	246.8680877685547	257.0182189941406
332	244	183.38658142089844	178.84811401367188	182.97216796875
333	244	277.9455261230469	279.86541748046875	282.1190490722656
334	244	269.1540832519531	287.52960205078125	287.252685546875
335	244	266.7420654296875	249.53421020507813	252.32415771484375
336	244	347.5775451660156	351.3589782714844	359.76214599609375
337	244	242.8850860595703	242.26531982421875	247.4444122314453
338	244	309.8749084472656	299.1927185058594	299.58355712890625
324	245	216.51280212402344	225.1885986328125	226.19491577148438
325	245	245.3993682861328	240.9312744140625	245.28628540039063
326	245	217.80963134765625	226.1929168701172	221.7642822265625
327	245	294.7997741699219	290.1095275878906	283.7325744628906
328	245	245.14451599121094	248.6480255126953	244.470458984375
329	245	353.6978454589844	346.92584228515625	347.8914489746094
330	245	240.85284423828125	242.40579223632813	248.52561950683594
331	245	246.8047637939453	247.92141723632813	250.5528106689453
332	245	186.14614868164063	175.57958984375	184.50599670410156
333	245	272.90087890625	276.0995178222656	275.6978759765625
334	245	280.74981689453125	281.34844970703125	279.39715576171875
335	245	257.6656494140625	249.53268432617188	253.8308868408203
336	245	348.2593994140625	356.66656494140625	368.6261901855469
337	245	243.3148651123047	241.8207244873047	246.06109619140625
338	245	311.02899169921875	294.4903564453125	297.99188232421875
324	246	217.388671875	221.9467315673828	224.6329345703125
325	246	240.70733642578125	244.27215576171875	246.5949249267578
326	246	218.57415771484375	221.2327117919922	222.3966064453125
327	246	286.1666564941406	292.21514892578125	282.72955322265625
328	246	246.03797912597656	245.870361328125	246.65475463867188
329	246	351.66766357421875	350.3665466308594	357.1805114746094
330	246	236.18418884277344	247.28053283691406	252.8791046142578
331	246	245.06381225585938	246.76255798339844	251.72601318359375
332	246	186.56410217285156	180.94644165039063	183.6034698486328
333	246	288.0561828613281	274.814208984375	278.527587890625
334	246	291.6162414550781	284.2618408203125	288.3436584472656
335	246	259.1095275878906	264.0385437011719	251.8984375
336	246	349.1423034667969	356.38458251953125	359.13531494140625
337	246	247.0191650390625	242.44827270507813	247.10610961914063
338	246	302.3518981933594	292.3488464355469	306.6086730957031
324	247	218.70335388183594	221.9952392578125	218.3356475830078
325	247	238.87591552734375	245.45140075683594	245.1787109375
326	247	220.8489532470703	223.3295440673828	220.07183837890625
327	247	281.985595703125	296.2815856933594	283.6617126464844
328	247	247.02694702148438	236.40786743164063	241.30068969726563
329	247	349.4989013671875	349.963134765625	355.18548583984375
330	247	239.01412963867188	237.28549194335938	249.66287231445313
331	247	252.77403259277344	239.2006072998047	249.74908447265625
332	247	176.7620849609375	174.00201416015625	184.185791015625
333	247	284.99224853515625	275.2787170410156	279.9146423339844
334	247	279.765869140625	286.80279541015625	284.4563903808594
335	247	259.78912353515625	249.35549926757813	255.11767578125
336	247	347.9829406738281	361.7642517089844	362.8522033691406
337	247	243.86550903320313	236.63284301757813	249.24365234375
338	247	313.0753173828125	305.9227600097656	293.5677490234375
324	248	218.64328002929688	224.509521484375	222.9917755126953
325	248	240.176513671875	247.16744995117188	247.8608856201172
326	248	217.11598205566406	223.06866455078125	222.4403533935547
327	248	286.0932922363281	291.82757568359375	279.44366455078125
328	248	242.98284912109375	233.06295776367188	248.47007751464844
329	248	354.736572265625	336.05767822265625	354.8660888671875
330	248	236.45187377929688	240.88075256347656	245.23121643066406
331	248	244.37193298339844	241.99334716796875	254.19102478027344
332	248	183.32098388671875	181.81251525878906	182.26766967773438
333	248	275.4214172363281	276.1037902832031	283.47198486328125
334	248	279.6640930175781	278.1814880371094	283.197998046875
335	248	259.6177062988281	248.34063720703125	254.938232421875
336	248	347.4999084472656	359.93682861328125	360.86895751953125
337	248	240.1860809326172	238.70574951171875	241.9483642578125
338	248	309.91864013671875	306.0313415527344	299.22637939453125
324	249	220.4731903076172	227.85948181152344	223.39816284179688
325	249	237.15206909179688	245.25457763671875	247.00332641601563
326	249	219.770263671875	217.50930786132813	226.79383850097656
327	249	284.77484130859375	287.8812255859375	286.5235595703125
328	249	242.0670166015625	236.35935974121094	252.214599609375
329	249	352.53271484375	347.8012390136719	343.3808898925781
330	249	244.63381958007813	236.5169677734375	250.42315673828125
331	249	249.0956268310547	246.0806884765625	253.20733642578125
332	249	178.80438232421875	178.67169189453125	180.11605834960938
333	249	276.521484375	274.9811096191406	278.53887939453125
334	249	282.25250244140625	280.2765808105469	287.885498046875
335	249	264.3949279785156	253.82260131835938	252.21585083007813
336	249	353.847412109375	360.275390625	366.7274169921875
337	249	241.80938720703125	235.43399047851563	246.42227172851563
338	249	303.40826416015625	297.9629821777344	294.4024353027344
324	250	218.42138671875	222.8170928955078	217.0315399169922
325	250	239.3126983642578	250.46511840820313	245.20059204101563
326	250	223.60098266601563	222.52127075195313	213.700927734375
327	250	284.2679138183594	285.84271240234375	287.7203674316406
328	250	246.36219787597656	234.2994842529297	251.97610473632813
329	250	353.1680908203125	346.694580078125	351.4873962402344
330	250	242.81671142578125	238.93771362304688	244.04293823242188
331	250	242.97755432128906	245.1382293701172	259.40985107421875
332	250	183.54315185546875	180.91754150390625	182.16763305664063
333	250	276.75146484375	283.0411682128906	276.8240966796875
334	250	280.7900390625	283.62274169921875	284.65570068359375
335	250	260.3091125488281	251.97933959960938	256.6741638183594
336	250	348.18548583984375	355.3629150390625	363.0914611816406
337	250	242.0268096923828	240.02322387695313	246.3662109375
338	250	300.4307556152344	290.51214599609375	301.0889892578125
324	251	217.81466674804688	220.69839477539063	221.1593475341797
325	251	244.10125732421875	248.82171630859375	249.76416015625
326	251	216.048828125	220.14248657226563	224.2239990234375
327	251	282.83258056640625	293.32098388671875	288.3763732910156
328	251	241.5435028076172	237.80198669433594	249.7141571044922
329	251	345.49981689453125	355.6617126464844	357.570068359375
330	251	237.32217407226563	244.89395141601563	247.9920654296875
331	251	246.31793212890625	242.2831573486328	248.39794921875
332	251	181.9547576904297	181.60140991210938	183.95230102539063
333	251	276.25506591796875	263.3760681152344	282.9248046875
334	251	283.00042724609375	288.3006896972656	275.31134033203125
335	251	256.2096862792969	254.66201782226563	252.70217895507813
336	251	352.45904541015625	356.85198974609375	367.4273986816406
337	251	240.16119384765625	236.21588134765625	237.3970947265625
338	251	305.1692810058594	308.61151123046875	296.66412353515625
324	252	213.75521850585938	223.74172973632813	226.43545532226563
325	252	243.18316650390625	248.78146362304688	247.8721923828125
326	252	221.07968139648438	219.0044403076172	224.94935607910156
327	252	283.89239501953125	284.4237365722656	286.2621765136719
328	252	240.57086181640625	240.7550811767578	247.84326171875
329	252	354.06134033203125	342.07122802734375	354.9303894042969
330	252	243.56668090820313	237.3310089111328	237.81103515625
331	252	249.38290405273438	245.4757537841797	259.5292663574219
332	252	183.7097930908203	179.26705932617188	176.06817626953125
333	252	276.1532897949219	277.0726623535156	284.06884765625
334	252	288.8423156738281	297.1645202636719	289.9285583496094
335	252	263.6341857910156	250.30197143554688	245.76101684570313
336	252	343.46307373046875	357.7806396484375	364.4275207519531
337	252	245.119140625	247.39138793945313	238.85302734375
338	252	307.2482604980469	297.5766906738281	300.7650451660156
324	253	214.50369262695313	221.35386657714844	218.61917114257813
325	253	245.01608276367188	240.773681640625	235.46588134765625
326	253	223.31219482421875	218.15017700195313	228.13015747070313
327	253	282.9027099609375	294.7525329589844	285.12744140625
328	253	240.22377014160156	233.68951416015625	248.89657592773438
329	253	349.29132080078125	343.76385498046875	347.9862060546875
330	253	242.48548889160156	241.66261291503906	239.1722412109375
331	253	238.82135009765625	242.18511962890625	248.953125
332	253	180.22286987304688	177.82998657226563	182.41319274902344
333	253	275.3399963378906	271.2413635253906	279.94586181640625
334	253	287.7615966796875	292.16912841796875	284.4810485839844
335	253	257.9981689453125	258.4186096191406	253.80450439453125
336	253	347.1761474609375	352.6649169921875	350.52838134765625
337	253	248.8875274658203	242.15850830078125	244.99093627929688
338	253	310.32049560546875	300.00628662109375	300.0409851074219
324	254	227.13816833496094	224.35472106933594	219.69586181640625
325	254	238.68890380859375	244.3651580810547	247.3524169921875
326	254	223.0565948486328	216.859619140625	222.204833984375
327	254	290.5098571777344	290.68280029296875	277.5059509277344
328	254	238.024658203125	234.5714111328125	255.31797790527344
329	254	349.9158935546875	340.9347229003906	348.5660095214844
330	254	238.11386108398438	235.03712463378906	237.41319274902344
331	254	249.653564453125	245.9927215576172	254.802490234375
332	254	179.07278442382813	174.8836669921875	180.74337768554688
333	254	272.19189453125	279.11871337890625	281.62188720703125
334	254	288.6864929199219	288.3843994140625	275.4493103027344
335	254	263.7165832519531	256.3770751953125	249.13510131835938
336	254	345.33343505859375	365.3735046386719	351.5932312011719
337	254	242.99769592285156	238.46397399902344	245.29681396484375
338	254	310.20538330078125	299.940185546875	295.60931396484375
324	255	221.8798828125	227.275390625	226.92803955078125
325	255	247.99632263183594	242.9491729736328	248.01596069335938
326	255	218.2781219482422	218.82827758789063	225.986572265625
327	255	287.0073547363281	286.49566650390625	277.03973388671875
328	255	236.5790252685547	235.4847412109375	247.44064331054688
329	255	350.2948913574219	349.852294921875	344.1866455078125
330	255	239.64898681640625	237.53228759765625	242.10623168945313
331	255	248.54547119140625	249.90966796875	258.6226806640625
332	255	180.30731201171875	175.8281707763672	180.3905029296875
333	255	278.3451232910156	280.046630859375	280.3934326171875
334	255	284.931640625	280.2262878417969	282.1293640136719
335	255	260.8572692871094	253.34408569335938	250.20472717285156
336	255	343.372314453125	358.116455078125	356.26416015625
337	255	245.26766967773438	244.06558227539063	245.52401733398438
338	255	303.0526428222656	307.55914306640625	293.3159484863281
324	256	215.19232177734375	215.59921264648438	223.46929931640625
325	256	242.76547241210938	246.88067626953125	243.9969482421875
326	256	223.95260620117188	221.8984832763672	223.45748901367188
327	256	286.9890441894531	280.327880859375	283.71221923828125
328	256	245.0087890625	239.8915252685547	248.25543212890625
329	256	350.6761474609375	347.4626770019531	353.27764892578125
330	256	243.94393920898438	240.3702850341797	234.94789123535156
331	256	244.7720184326172	246.03244018554688	249.67669677734375
332	256	182.43304443359375	179.14569091796875	181.15806579589844
333	256	278.0053405761719	272.8953552246094	278.7879638671875
334	256	286.3905944824219	290.608642578125	274.9328308105469
335	256	263.30267333984375	256.4283447265625	250.89364624023438
336	256	347.97515869140625	356.43206787109375	360.0858154296875
337	256	241.1705322265625	236.43353271484375	252.7117156982422
338	256	307.9979553222656	310.18280029296875	298.83587646484375
324	257	221.62705993652344	218.50457763671875	222.41220092773438
325	257	241.62770080566406	246.88092041015625	243.32337951660156
326	257	218.61288452148438	221.25082397460938	219.6134033203125
327	257	285.1880187988281	292.7663269042969	271.799072265625
328	257	244.25933837890625	241.6035614013672	248.31224060058594
329	257	350.2222595214844	336.9564208984375	346.33673095703125
330	257	240.58619689941406	241.43968200683594	239.36297607421875
331	257	246.9741668701172	242.49424743652344	245.76077270507813
332	257	182.86483764648438	177.31878662109375	180.180908203125
333	257	274.5588684082031	279.0435791015625	283.1070556640625
334	257	278.30340576171875	295.4167785644531	290.79888916015625
335	257	258.15899658203125	257.63446044921875	253.83465576171875
336	257	342.2134704589844	347.205078125	358.8244323730469
337	257	244.8959503173828	240.85133361816406	252.05502319335938
338	257	314.454345703125	300.90423583984375	301.1063232421875
324	258	216.40647888183594	224.01943969726563	222.56021118164063
325	258	237.1485595703125	242.03309631347656	243.14697265625
326	258	223.40670776367188	226.35452270507813	223.91864013671875
327	258	285.06109619140625	287.8465576171875	281.4278869628906
328	258	240.60276794433594	249.95567321777344	250.0670166015625
329	258	347.316162109375	358.13128662109375	343.07025146484375
330	258	242.83154296875	237.90829467773438	239.66709899902344
331	258	247.82540893554688	249.78778076171875	248.52890014648438
332	258	182.5956573486328	175.89048767089844	181.72406005859375
333	258	283.6121826171875	274.3324279785156	280.54248046875
334	258	282.4251403808594	281.06927490234375	287.1976318359375
335	258	259.873046875	256.60980224609375	252.94119262695313
336	258	350.782470703125	349.8947448730469	355.0834655761719
337	258	242.83982849121094	244.129150390625	248.70053100585938
338	258	291.8760986328125	294.1639099121094	299.98541259765625
324	259	219.5583953857422	218.24693298339844	228.77130126953125
325	259	237.350341796875	238.36044311523438	243.40908813476563
326	259	222.281005859375	224.43386840820313	226.50430297851563
327	259	285.8909606933594	297.04791259765625	282.7499084472656
328	259	246.65673828125	253.25408935546875	248.52511596679688
329	259	351.3062438964844	351.4962463378906	342.2479248046875
330	259	241.48870849609375	236.5966339111328	235.9801025390625
331	259	250.21604919433594	243.81698608398438	246.84324645996094
332	259	187.0856170654297	177.94711303710938	185.59951782226563
333	259	275.0253601074219	276.3646545410156	274.7239990234375
334	259	278.4707946777344	287.5424499511719	287.43310546875
335	259	262.1369934082031	253.31942749023438	248.09783935546875
336	259	352.59002685546875	362.658447265625	356.9090576171875
337	259	238.53082275390625	244.03993225097656	247.7686309814453
338	259	301.12518310546875	292.07110595703125	284.82208251953125
324	260	218.4422149658203	221.72959899902344	217.63546752929688
325	260	238.3702392578125	239.12571716308594	253.49737548828125
326	260	227.4053192138672	217.60934448242188	224.24537658691406
327	260	280.9943542480469	288.270751953125	277.00079345703125
328	260	244.90573120117188	252.26336669921875	248.1033935546875
329	260	357.4632873535156	340.52203369140625	341.7404479980469
330	260	231.26898193359375	240.9996337890625	238.05357360839844
331	260	246.6537322998047	249.67266845703125	246.3800048828125
332	260	188.641357421875	175.61477661132813	183.67787170410156
333	260	279.1529235839844	283.17010498046875	274.49755859375
334	260	284.4566345214844	292.0884704589844	286.6308898925781
335	260	258.8838195800781	254.20310974121094	250.47866821289063
336	260	350.432373046875	342.4808654785156	366.5248718261719
337	260	238.60897827148438	237.51547241210938	243.84237670898438
338	260	302.8734130859375	289.84686279296875	289.08563232421875
324	261	215.49517822265625	226.07302856445313	220.43475341796875
325	261	246.73065185546875	234.16226196289063	245.40187072753906
326	261	221.11659240722656	220.6976318359375	226.70236206054688
327	261	286.84197998046875	291.3204040527344	275.1248779296875
328	261	241.25796508789063	242.70211791992188	247.2662353515625
329	261	347.2779541015625	345.0074462890625	337.9082336425781
330	261	248.6055450439453	245.67706298828125	239.7895050048828
331	261	249.27130126953125	242.50228881835938	244.95223999023438
332	261	185.34494018554688	173.12838745117188	186.2062225341797
333	261	282.3324279785156	290.0165100097656	276.5368347167969
334	261	288.849365234375	282.1771240234375	286.3056640625
335	261	257.02099609375	254.63037109375	251.78684997558594
336	261	355.4491271972656	342.8505554199219	357.9485778808594
337	261	239.63766479492188	248.33763122558594	249.37913513183594
338	261	293.503173828125	286.36474609375	295.6585693359375
324	262	213.18646240234375	222.33401489257813	222.0646209716797
325	262	242.8013916015625	242.66090393066406	248.8274688720703
326	262	221.58432006835938	215.14859008789063	228.34930419921875
327	262	281.5799255371094	300.71826171875	284.1291809082031
328	262	243.08212280273438	249.158203125	248.2265625
329	262	351.3881530761719	347.2624206542969	339.0178527832031
330	262	238.46600341796875	243.41812133789063	241.53594970703125
331	262	248.41702270507813	242.6978302001953	250.3947296142578
332	262	184.02871704101563	172.16331481933594	174.82711791992188
333	262	274.82501220703125	291.6375732421875	283.2110900878906
334	262	285.33148193359375	283.11553955078125	291.146484375
335	262	258.27886962890625	248.74728393554688	252.46038818359375
336	262	342.415771484375	343.15643310546875	369.07232666015625
337	262	245.03895568847656	238.62506103515625	245.06056213378906
338	262	293.89801025390625	301.19354248046875	290.71295166015625
324	263	212.83560180664063	217.48568725585938	219.02130126953125
325	263	244.2874755859375	240.02723693847656	247.14207458496094
326	263	226.06423950195313	214.4918670654297	228.16558837890625
327	263	281.38140869140625	291.90374755859375	272.7998352050781
328	263	248.06568908691406	240.70004272460938	243.2025146484375
329	263	355.37823486328125	339.27520751953125	343.12628173828125
330	263	234.36959838867188	242.58901977539063	241.6088409423828
331	263	244.9871826171875	242.57644653320313	249.53318786621094
332	263	180.7091827392578	174.84368896484375	185.4167938232422
333	263	276.70977783203125	288.05792236328125	273.56488037109375
334	263	278.2978515625	281.8415832519531	281.66943359375
335	263	256.3946533203125	251.04415893554688	250.8601837158203
336	263	344.7935791015625	350.91217041015625	362.7308349609375
337	263	239.08828735351563	236.8275909423828	247.41073608398438
338	263	282.0491638183594	296.6148681640625	293.7333679199219
324	264	213.70318603515625	217.72947692871094	220.58328247070313
325	264	247.01666259765625	242.83633422851563	246.12420654296875
326	264	225.85740661621094	224.16091918945313	229.12615966796875
327	264	290.9801025390625	291.068115234375	281.6171569824219
328	264	247.83773803710938	247.99884033203125	249.4115447998047
329	264	349.7384338378906	339.93817138671875	334.7342224121094
330	264	239.05337524414063	245.42547607421875	239.38058471679688
331	264	247.11117553710938	241.1775360107422	250.64630126953125
332	264	184.40371704101563	183.48587036132813	182.36216735839844
333	264	280.51861572265625	289.0313415527344	276.42047119140625
334	264	278.7635803222656	293.0155944824219	290.52874755859375
335	264	258.5498046875	250.891357421875	250.0421142578125
336	264	348.9930114746094	341.6761474609375	361.216796875
337	264	241.46408081054688	234.95570373535156	244.52877807617188
338	264	302.85479736328125	296.01446533203125	293.8776550292969
324	265	214.19204711914063	218.87451171875	221.12339782714844
325	265	244.49508666992188	245.81080627441406	249.30653381347656
326	265	222.77886962890625	219.90924072265625	226.541259765625
327	265	278.416259765625	287.7088317871094	269.3390808105469
328	265	239.07192993164063	250.30126953125	245.97564697265625
329	265	347.6265869140625	347.27593994140625	343.3660888671875
330	265	244.0474853515625	243.15548706054688	239.68341064453125
331	265	242.96324157714844	240.6334228515625	245.03945922851563
332	265	186.71592712402344	178.19717407226563	176.689208984375
333	265	282.58074951171875	295.3941650390625	272.9654846191406
334	265	275.4324951171875	282.6395263671875	286.9593505859375
335	265	262.6007080078125	252.0133056640625	244.78309631347656
336	265	353.6282653808594	354.4873046875	356.6203308105469
337	265	238.45919799804688	245.98773193359375	241.87802124023438
338	265	284.6029052734375	287.3526916503906	306.4955139160156
324	266	219.09494018554688	221.39407348632813	225.11647033691406
325	266	243.3900146484375	239.39515686035156	247.55499267578125
326	266	216.98426818847656	219.84413146972656	223.49468994140625
327	266	282.3213806152344	284.9253845214844	278.5408935546875
328	266	244.22088623046875	252.5654296875	249.07626342773438
329	266	350.125	346.5445556640625	345.15545654296875
330	266	245.87411499023438	240.4057159423828	237.35862731933594
331	266	243.3286590576172	236.923095703125	248.16998291015625
332	266	183.3257598876953	176.015380859375	183.6756134033203
333	266	278.64471435546875	295.2285461425781	266.6310119628906
334	266	283.437255859375	284.7371520996094	284.6021728515625
335	266	250.96824645996094	252.5858154296875	253.11611938476563
336	266	346.7868347167969	357.698486328125	358.8221435546875
337	266	240.8065948486328	245.17893981933594	243.8494415283203
338	266	291.4241943359375	296.2230529785156	292.51220703125
324	267	219.9896697998047	216.5924530029297	220.9944610595703
325	267	241.12428283691406	243.36485290527344	243.5199432373047
326	267	220.82733154296875	210.04312133789063	218.5460205078125
327	267	281.5357360839844	290.5186767578125	285.22222900390625
328	267	247.339599609375	246.110107421875	244.88539123535156
329	267	346.44781494140625	338.7056884765625	346.4940490722656
330	267	238.4667510986328	233.17327880859375	240.492431640625
331	267	237.51898193359375	245.31866455078125	238.22244262695313
332	267	181.0474853515625	179.5553436279297	183.49163818359375
333	267	282.9690246582031	291.4681396484375	269.3624267578125
334	267	289.0513916015625	284.0228576660156	288.01043701171875
335	267	255.0751953125	250.19342041015625	255.37127685546875
336	267	351.0277404785156	351.6226501464844	350.4115295410156
337	267	230.4159698486328	242.9021759033203	246.94326782226563
338	267	296.7867736816406	293.0251770019531	291.0436706542969
324	268	220.00900268554688	212.45635986328125	223.52206420898438
325	268	245.9711456298828	241.93002319335938	239.41952514648438
326	268	224.37005615234375	230.51071166992188	220.96026611328125
327	268	284.6496887207031	286.2079162597656	288.40753173828125
328	268	242.89865112304688	247.2152099609375	250.7156982421875
329	268	353.8438720703125	341.0462951660156	337.2168273925781
330	268	247.9483184814453	237.862060546875	240.68621826171875
331	268	245.6448974609375	236.68255615234375	246.84397888183594
332	268	179.58425903320313	180.60110473632813	187.07656860351563
333	268	282.3776550292969	278.66680908203125	269.8326721191406
334	268	284.5433349609375	282.0484313964844	285.4740295410156
335	268	262.5135192871094	252.12010192871094	251.52322387695313
336	268	350.6103210449219	347.10003662109375	355.65594482421875
337	268	241.88002014160156	237.04248046875	245.86683654785156
338	268	296.6914978027344	287.40447998046875	302.5570068359375
324	269	222.4074249267578	227.0396270751953	225.3745880126953
325	269	236.7333526611328	241.78955078125	247.06842041015625
326	269	221.298828125	218.59329223632813	225.51507568359375
327	269	283.9349060058594	294.4931640625	286.6037292480469
328	269	244.26486206054688	247.09683227539063	247.0050811767578
329	269	352.9220275878906	340.2752685546875	353.8532409667969
330	269	240.91896057128906	246.88143920898438	244.369140625
331	269	253.88467407226563	235.84414672851563	244.9170379638672
332	269	181.78915405273438	175.82037353515625	188.7340850830078
333	269	284.7549743652344	289.06549072265625	278.73541259765625
334	269	286.76080322265625	286.26318359375	285.6982116699219
335	269	262.00482177734375	251.79188537597656	247.34866333007813
336	269	345.24041748046875	350.34967041015625	375.9368591308594
337	269	240.68798828125	236.70571899414063	241.23159790039063
338	269	305.404541015625	288.11273193359375	291.50738525390625
324	270	217.43341064453125	217.63018798828125	228.87960815429688
325	270	240.40020751953125	241.32057189941406	241.8905792236328
326	270	220.19674682617188	227.93487548828125	229.5752716064453
327	270	288.4927062988281	288.3793640136719	277.1317138671875
328	270	244.09695434570313	246.30789184570313	247.31243896484375
329	270	353.4043273925781	343.0370788574219	352.25250244140625
330	270	240.52438354492188	238.70700073242188	241.13330078125
331	270	245.6961669921875	240.32302856445313	244.25204467773438
332	270	182.61903381347656	180.103759765625	181.4204559326172
333	270	282.667724609375	281.46307373046875	268.0854797363281
334	270	284.5845642089844	288.6663818359375	288.37359619140625
335	270	260.9414367675781	252.68960571289063	255.15037536621094
336	270	347.1749267578125	347.1111145019531	363.6565246582031
337	270	236.37167358398438	240.30645751953125	240.10137939453125
338	270	297.02227783203125	288.0373229980469	298.6290283203125
324	271	218.85592651367188	223.38107299804688	221.99978637695313
325	271	240.210205078125	239.95559692382813	243.4063262939453
326	271	216.34640502929688	227.5322265625	229.84722900390625
327	271	286.9360046386719	292.1060791015625	278.3456115722656
328	271	242.8463592529297	250.28968811035156	243.5503387451172
329	271	348.7876892089844	335.8684387207031	343.2561950683594
330	271	243.97508239746094	244.1015167236328	245.92489624023438
331	271	253.691650390625	246.36117553710938	248.94482421875
332	271	178.26174926757813	176.94883728027344	183.95785522460938
333	271	288.362548828125	281.0428771972656	276.6911315917969
334	271	285.6313171386719	283.5000915527344	283.3912353515625
335	271	261.47979736328125	252.48980712890625	259.1080017089844
336	271	345.9630432128906	343.5972900390625	351.75811767578125
337	271	244.78286743164063	241.721923828125	242.74609375
338	271	291.3058166503906	288.4434509277344	286.3607177734375
324	272	220.60064697265625	221.3224334716797	219.38571166992188
325	272	240.77569580078125	237.7467041015625	243.47445678710938
326	272	215.8017578125	222.35289001464844	231.55172729492188
327	272	277.50390625	289.85516357421875	294.681396484375
328	272	249.82952880859375	249.5148468017578	244.6984100341797
329	272	351.960693359375	342.262451171875	339.9608154296875
330	272	241.58444213867188	245.79116821289063	239.63365173339844
331	272	242.3990020751953	241.87623596191406	247.72738647460938
332	272	184.3157501220703	176.15866088867188	185.89834594726563
333	272	287.2861022949219	285.3652038574219	276.1239013671875
334	272	284.6785583496094	287.134765625	284.79412841796875
335	272	262.656005859375	258.4412536621094	261.982666015625
336	272	348.59942626953125	348.4205017089844	367.38995361328125
337	272	240.22328186035156	234.1811065673828	245.1857452392578
338	272	291.240966796875	289.4781494140625	289.61614990234375
324	273	216.73974609375	225.08103942871094	223.39437866210938
325	273	245.06886291503906	244.69088745117188	248.3682861328125
326	273	223.30213928222656	220.24298095703125	224.108154296875
327	273	285.18927001953125	298.0067138671875	285.1091003417969
328	273	247.42176818847656	251.112548828125	244.77606201171875
329	273	345.8674621582031	329.91552734375	348.3890686035156
330	273	251.2382049560547	245.24227905273438	240.15187072753906
331	273	240.0259552001953	241.39370727539063	247.17724609375
332	273	188.33572387695313	173.46343994140625	185.25369262695313
333	273	288.6015625	284.640625	267.2379455566406
334	273	280.755615234375	296.71868896484375	290.4425048828125
335	273	257.8018493652344	253.63406372070313	260.94622802734375
336	273	343.37158203125	349.1900634765625	363.001220703125
337	273	239.58465576171875	239.43687438964844	244.88009643554688
338	273	302.6221008300781	291.6534118652344	299.9150390625
324	274	222.7542724609375	215.8193817138672	219.99465942382813
325	274	240.25595092773438	248.9573974609375	245.84825134277344
326	274	219.72525024414063	226.26478576660156	229.700439453125
327	274	286.878173828125	293.9766845703125	286.1893005371094
328	274	245.59164428710938	245.93795776367188	247.7786865234375
329	274	348.27899169921875	339.2437744140625	349.9246826171875
330	274	241.31150817871094	248.64852905273438	242.4580841064453
331	274	245.6265411376953	244.83636474609375	246.60069274902344
332	274	183.69119262695313	178.82273864746094	182.46144104003906
333	274	280.7905578613281	288.42584228515625	274.9192810058594
334	274	283.2158203125	285.6084899902344	286.2076416015625
335	274	259.0653076171875	254.44940185546875	257.15020751953125
336	274	350.64117431640625	349.5310974121094	370.47271728515625
337	274	242.7315216064453	248.37281799316406	245.00401306152344
338	274	305.2972106933594	300.33551025390625	294.7314147949219
324	275	217.29818725585938	225.64501953125	221.119384765625
325	275	240.3763427734375	243.11630249023438	249.8164520263672
326	275	220.2666015625	220.31988525390625	228.35357666015625
327	275	276.964111328125	290.11328125	287.056640625
328	275	244.7627410888672	251.15977478027344	238.7733612060547
329	275	351.9893493652344	335.5248718261719	356.4642333984375
330	275	247.2322998046875	245.35462951660156	243.66319274902344
331	275	245.3485870361328	244.68707275390625	242.09967041015625
332	275	185.83401489257813	176.70880126953125	185.77670288085938
333	275	278.8379821777344	287.1903381347656	273.9843444824219
334	275	291.99017333984375	285.127685546875	294.85760498046875
335	275	255.99331665039063	245.15606689453125	266.29248046875
336	275	357.919921875	352.11724853515625	359.95416259765625
337	275	243.0044708251953	245.20632934570313	241.9204864501953
338	275	301.9309387207031	285.6697998046875	292.72705078125
324	276	212.83335876464844	219.14419555664063	223.98878479003906
325	276	250.7415771484375	242.0755615234375	241.473388671875
326	276	219.73556518554688	223.954833984375	226.1886444091797
327	276	283.3900451660156	288.8443298339844	280.9538879394531
328	276	241.07603454589844	243.4591064453125	242.03384399414063
329	276	348.3634033203125	334.4959411621094	341.29034423828125
330	276	245.00930786132813	246.8980255126953	240.1031494140625
331	276	250.57794189453125	243.46160888671875	247.9500732421875
332	276	180.02883911132813	180.1708526611328	183.86561584472656
333	276	279.3129577636719	293.9600830078125	269.5448913574219
334	276	286.1236877441406	290.14166259765625	287.8689270019531
335	276	258.456298828125	246.36520385742188	258.41180419921875
336	276	353.08111572265625	355.9849548339844	367.17926025390625
337	276	242.14541625976563	249.47613525390625	248.92172241210938
338	276	313.3485107421875	308.3026123046875	284.6539611816406
324	277	217.17254638671875	223.97396850585938	224.35647583007813
325	277	239.31826782226563	238.23175048828125	244.42547607421875
326	277	221.11434936523438	222.34259033203125	218.15647888183594
327	277	286.39312744140625	289.27911376953125	281.55206298828125
328	277	243.1173095703125	248.6668701171875	240.8563690185547
329	277	343.611572265625	336.9730529785156	355.48431396484375
330	277	239.23304748535156	244.85171508789063	243.0987091064453
331	277	243.753662109375	242.09840393066406	243.4417724609375
332	277	183.33303833007813	180.14346313476563	183.26695251464844
333	277	282.50787353515625	280.60406494140625	271.34063720703125
334	277	287.1511535644531	292.32220458984375	284.9834289550781
335	277	268.2814636230469	251.57522583007813	259.2685852050781
336	277	353.6171569824219	345.1932067871094	366.6758728027344
337	277	241.70181274414063	244.65794372558594	244.10702514648438
338	277	296.7508239746094	295.3243103027344	289.7815246582031
324	278	216.69248962402344	228.39779663085938	229.75547790527344
325	278	242.50205993652344	245.3026123046875	240.32179260253906
326	278	220.63934326171875	224.52838134765625	223.19204711914063
327	278	289.5153503417969	288.14788818359375	286.10382080078125
328	278	244.62374877929688	247.84652709960938	244.91151428222656
329	278	347.4656677246094	342.0367736816406	345.182373046875
330	278	236.8019561767578	246.1855010986328	244.9296417236328
331	278	247.51451110839844	247.40118408203125	243.87857055664063
332	278	185.0262451171875	175.23703002929688	185.295166015625
333	278	282.1712951660156	285.92791748046875	271.4449462890625
334	278	280.278564453125	284.88165283203125	286.1136474609375
335	278	257.2486877441406	252.17311096191406	251.86599731445313
336	278	366.1262512207031	350.6927490234375	369.6463317871094
337	278	241.69679260253906	247.4828643798828	243.07559204101563
338	278	293.4252624511719	287.175537109375	278.2802734375
324	279	216.5082550048828	227.45907592773438	226.11801147460938
325	279	236.82708740234375	247.91717529296875	237.95176696777344
326	279	220.45359802246094	225.209228515625	224.68218994140625
327	279	285.2239685058594	285.3006286621094	287.25140380859375
328	279	243.27462768554688	243.5556182861328	243.6805419921875
329	279	345.7843017578125	339.0226135253906	345.0193176269531
330	279	241.5439910888672	254.3855438232422	248.26876831054688
331	279	245.60089111328125	245.02133178710938	247.37855529785156
332	279	181.74264526367188	175.8223876953125	184.46603393554688
333	279	284.5986328125	287.5557556152344	273.4085693359375
334	279	280.7078552246094	289.0845642089844	294.1038818359375
335	279	262.56402587890625	248.70079040527344	257.3276062011719
336	279	346.05322265625	351.58819580078125	370.3885192871094
337	279	239.69046020507813	247.29135131835938	241.62969970703125
338	279	289.9408874511719	298.2389221191406	284.2279357910156
324	280	221.53005981445313	228.58657836914063	216.0201873779297
325	280	239.88572692871094	244.82083129882813	239.5459442138672
326	280	218.72596740722656	226.19996643066406	221.01583862304688
327	280	284.3636779785156	283.326904296875	283.7644958496094
328	280	239.75656127929688	248.9900665283203	245.40414428710938
329	280	349.4715270996094	335.91668701171875	349.9827880859375
330	280	236.05075073242188	248.33737182617188	251.44830322265625
331	280	238.53759765625	240.9425506591797	254.94326782226563
332	280	183.04049682617188	176.2390899658203	182.79847717285156
333	280	276.2301940917969	281.5189208984375	279.3717956542969
334	280	280.4328918457031	287.1953430175781	284.5096740722656
335	280	258.3502502441406	252.5059051513672	251.75164794921875
336	280	353.3143310546875	354.24200439453125	370.8635559082031
337	280	240.23660278320313	245.8050079345703	241.89309692382813
338	280	294.0714111328125	288.0101623535156	288.18634033203125
324	281	223.46725463867188	222.93922424316406	225.5892333984375
325	281	241.42034912109375	249.91571044921875	247.9681854248047
326	281	227.00445556640625	225.26251220703125	224.54168701171875
327	281	281.47943115234375	282.52923583984375	293.4908752441406
328	281	239.8148651123047	244.53126525878906	249.21096801757813
329	281	350.70452880859375	343.260498046875	349.8040466308594
330	281	239.7196044921875	247.71609497070313	246.25460815429688
331	281	239.51927185058594	239.1201934814453	252.00424194335938
332	281	181.06556701660156	182.9316864013672	190.15985107421875
333	281	275.6858215332031	280.3245849609375	271.8591003417969
334	281	286.7841796875	291.6471252441406	287.53289794921875
335	281	263.13201904296875	254.43634033203125	248.58367919921875
336	281	368.5711364746094	349.2550964355469	354.6016540527344
337	281	247.35972595214844	247.2350616455078	242.76922607421875
338	281	296.5394592285156	293.0533142089844	295.509033203125
324	282	220.846435546875	220.7715301513672	222.1402587890625
325	282	247.37782287597656	250.45054626464844	254.70828247070313
326	282	218.5628662109375	222.15333557128906	222.33856201171875
327	282	284.35284423828125	284.37396240234375	278.5712890625
328	282	247.09181213378906	245.01531982421875	246.2506103515625
329	282	349.8646545410156	334.4662780761719	348.9075622558594
330	282	237.76678466796875	249.46759033203125	251.37869262695313
331	282	244.58026123046875	244.5591583251953	248.00335693359375
332	282	186.31103515625	177.9312744140625	182.24481201171875
333	282	267.7177734375	281.6337585449219	280.8981018066406
334	282	275.5978698730469	284.64764404296875	278.0440368652344
335	282	259.72955322265625	252.2226104736328	253.5175018310547
336	282	370.1233215332031	349.0096130371094	355.52325439453125
337	282	243.660400390625	250.05093383789063	241.05088806152344
338	282	296.9604187011719	293.2081298828125	290.9936828613281
324	283	221.13722229003906	223.21142578125	222.94577026367188
325	283	243.6863250732422	238.4207305908203	235.9562530517578
326	283	218.64053344726563	223.70150756835938	221.70823669433594
327	283	284.5415954589844	291.34051513671875	282.10699462890625
328	283	247.4687957763672	244.5317840576172	241.7415313720703
329	283	342.57159423828125	345.5378112792969	353.6684875488281
330	283	245.59814453125	248.17425537109375	252.07711791992188
331	283	250.225341796875	255.01690673828125	250.78402709960938
332	283	181.11761474609375	183.2435760498047	183.1071014404297
333	283	275.1972351074219	277.3825378417969	266.609619140625
334	283	287.30767822265625	285.9331970214844	290.00970458984375
335	283	263.3184814453125	251.90823364257813	248.10992431640625
336	283	358.0169677734375	348.5702819824219	359.50885009765625
337	283	240.2592010498047	242.93939208984375	244.22061157226563
338	283	299.4721984863281	300.8989562988281	283.8371276855469
324	284	213.26515197753906	221.30914306640625	225.40675354003906
325	284	240.95713806152344	242.48046875	245.09927368164063
326	284	222.51324462890625	227.22915649414063	222.7751007080078
327	284	283.86126708984375	292.6290588378906	289.1632995605469
328	284	244.75393676757813	249.04513549804688	243.75970458984375
329	284	351.499755859375	353.46612548828125	352.79156494140625
330	284	239.90032958984375	242.91976928710938	239.32601928710938
331	284	243.56893920898438	247.5936737060547	245.6893768310547
332	284	185.52438354492188	180.60890197753906	183.03623962402344
333	284	269.682861328125	286.800537109375	271.5417175292969
334	284	287.3489074707031	282.8846130371094	289.36279296875
335	284	262.1912841796875	257.1675109863281	255.19735717773438
336	284	358.7950439453125	352.4628601074219	357.7060546875
337	284	245.78338623046875	248.01092529296875	245.71881103515625
338	284	309.95404052734375	283.4892883300781	283.7604675292969
324	285	218.85589599609375	223.06588745117188	223.83749389648438
325	285	237.45440673828125	241.17478942871094	239.66004943847656
326	285	218.48545837402344	220.2849578857422	224.46478271484375
327	285	281.8777770996094	293.016845703125	281.3504943847656
328	285	241.3700714111328	238.2427978515625	248.5648193359375
329	285	351.50958251953125	344.8391418457031	343.1370849609375
330	285	233.24166870117188	241.70684814453125	242.35728454589844
331	285	241.51382446289063	249.90188598632813	242.8549041748047
332	285	186.3341522216797	185.01693725585938	180.28016662597656
333	285	280.7186584472656	277.39007568359375	279.6952819824219
334	285	290.5186767578125	277.512451171875	293.9761657714844
335	285	260.8997497558594	258.47515869140625	259.1002197265625
336	285	355.46923828125	356.91082763671875	352.05670166015625
337	285	245.17868041992188	241.27432250976563	240.0458221435547
338	285	305.4263916015625	283.6745300292969	290.17584228515625
324	286	214.12442016601563	224.9873046875	221.6192626953125
325	286	240.24288940429688	245.62884521484375	245.97991943359375
326	286	215.93350219726563	223.433349609375	223.9488067626953
327	286	289.36029052734375	291.68133544921875	283.3460388183594
328	286	243.98214721679688	253.24755859375	245.39181518554688
329	286	350.35699462890625	358.12371826171875	333.0645751953125
330	286	237.6444091796875	247.86639404296875	240.3227996826172
331	286	253.1756591796875	242.85995483398438	243.53073120117188
332	286	181.9811553955078	184.27450561523438	186.12957763671875
333	286	270.0611267089844	283.1427307128906	280.3858947753906
334	286	280.8460693359375	282.967041015625	282.7745056152344
335	286	259.06329345703125	256.78900146484375	251.88986206054688
336	286	345.68731689453125	356.5693054199219	368.60284423828125
337	286	239.21267700195313	239.43711853027344	246.1161346435547
338	286	296.34466552734375	288.53570556640625	280.94891357421875
324	287	214.49462890625	216.74879455566406	212.3699188232422
325	287	237.83969116210938	244.2347412109375	243.47142028808594
326	287	217.89759826660156	217.8707275390625	226.37789916992188
327	287	283.8152770996094	293.33880615234375	288.67840576171875
328	287	245.26565551757813	251.16429138183594	244.0650634765625
329	287	356.6290588378906	348.93218994140625	354.4465637207031
330	287	245.88340759277344	240.89002990722656	236.39405822753906
331	287	244.44607543945313	248.2318115234375	247.271240234375
332	287	188.63330078125	178.86444091796875	186.1391143798828
333	287	282.77374267578125	281.81243896484375	266.2459716796875
334	287	279.4894104003906	281.21124267578125	279.55877685546875
335	287	259.6971130371094	257.0752868652344	257.5522766113281
336	287	352.0657653808594	355.9256286621094	362.93292236328125
337	287	241.62643432617188	246.50015258789063	245.62579345703125
338	287	292.61676025390625	288.3680725097656	298.88079833984375
324	288	214.02316284179688	222.24130249023438	218.6681671142578
325	288	238.4584503173828	248.78823852539063	239.852294921875
326	288	221.00601196289063	222.07667541503906	224.5587921142578
327	288	292.01080322265625	287.159423828125	278.85455322265625
328	288	242.66415405273438	250.68528747558594	237.21212768554688
329	288	352.2386474609375	356.34210205078125	344.0325927734375
330	288	238.79421997070313	236.07589721679688	232.33763122558594
331	288	251.0180206298828	239.30337524414063	242.77145385742188
332	288	188.8428955078125	174.79193115234375	181.23974609375
333	288	273.2632751464844	282.73052978515625	280.4618225097656
334	288	279.74652099609375	282.47393798828125	278.4632568359375
335	288	257.65106201171875	258.2808837890625	252.16734313964844
336	288	352.4703674316406	348.6510009765625	355.6949462890625
337	288	243.84515380859375	241.12078857421875	246.3436279296875
338	288	302.80859375	287.261962890625	283.5352783203125
324	289	210.61465454101563	221.48756408691406	222.73263549804688
325	289	237.83489990234375	235.91650390625	247.86135864257813
326	289	223.08901977539063	223.00558471679688	221.5111846923828
327	289	284.4237060546875	286.94830322265625	284.32574462890625
328	289	243.88108825683594	249.57717895507813	249.87249755859375
329	289	345.39727783203125	362.9846496582031	337.7604064941406
330	289	238.94677734375	236.71926879882813	243.71697998046875
331	289	247.67083740234375	244.19775390625	247.10260009765625
332	289	185.8671875	178.28262329101563	185.4786376953125
333	289	285.4046630859375	281.8141784667969	282.07232666015625
334	289	287.7729187011719	283.7833251953125	286.51251220703125
335	289	261.46795654296875	257.07098388671875	259.0949401855469
336	289	347.71826171875	339.5715026855469	365.7860107421875
337	289	241.76388549804688	233.66664123535156	246.400634765625
338	289	307.1160583496094	287.9629211425781	296.1076965332031
324	290	215.80255126953125	218.14993286132813	224.49192810058594
325	290	238.0043182373047	245.53533935546875	239.56304931640625
326	290	224.17926025390625	223.03297424316406	228.55538940429688
327	290	280.1293029785156	288.2845764160156	284.77960205078125
328	290	244.3452911376953	247.41802978515625	248.91793823242188
329	290	340.3365173339844	350.48388671875	347.5661926269531
330	290	243.69459533691406	244.86630249023438	246.73416137695313
331	290	244.16207885742188	246.75225830078125	247.484619140625
332	290	183.12747192382813	181.5513916015625	188.72955322265625
333	290	282.94970703125	286.031982421875	283.8135070800781
334	290	287.8548278808594	287.8759765625	287.0116271972656
335	290	259.2505187988281	254.9319610595703	255.93475341796875
336	290	343.98333740234375	338.33575439453125	362.81982421875
337	290	237.17063903808594	234.32864379882813	246.73643493652344
338	290	303.9739685058594	293.3994140625	293.8821716308594
324	291	215.7814178466797	228.129638671875	218.883056640625
325	291	238.83065795898438	247.69471740722656	245.8130340576172
326	291	222.5991668701172	221.01632690429688	221.65948486328125
327	291	283.1339416503906	288.7420349121094	286.5094909667969
328	291	240.9629364013672	249.85614013671875	241.80538940429688
329	291	348.2521057128906	350.21319580078125	347.9404296875
330	291	241.49148559570313	245.03089904785156	246.94854736328125
331	291	250.93836975097656	243.28164672851563	249.2481689453125
332	291	188.15048217773438	173.0306396484375	183.750244140625
333	291	287.8002624511719	286.416015625	278.1835021972656
334	291	283.06427001953125	281.0660095214844	283.78558349609375
335	291	254.99729919433594	250.57542419433594	264.0983581542969
336	291	351.4389343261719	346.505126953125	358.2315368652344
337	291	241.4356689453125	243.63880920410156	247.8839874267578
338	291	308.9608154296875	296.39544677734375	305.0361022949219
324	292	216.60653686523438	224.61358642578125	215.92242431640625
325	292	241.33688354492188	243.17160034179688	243.2389678955078
326	292	222.5051727294922	215.75753784179688	222.71078491210938
327	292	276.5883483886719	296.953125	286.553955078125
328	292	241.53167724609375	250.64456176757813	247.5683135986328
329	292	345.2490234375	346.85150146484375	344.302490234375
330	292	239.689453125	243.96328735351563	247.24661254882813
331	292	246.43408203125	243.22412109375	248.39593505859375
332	292	186.43643188476563	175.98097229003906	182.24681091308594
333	292	286.031494140625	290.00018310546875	275.27410888671875
334	292	280.53466796875	290.4284362792969	282.60711669921875
335	292	258.6036071777344	258.0426330566406	255.79074096679688
336	292	351.07196044921875	347.0044860839844	355.51568603515625
337	292	243.9941864013672	241.31956481933594	244.86605834960938
338	292	316.3076171875	284.77886962890625	292.4644470214844
324	293	224.11721801757813	224.30416870117188	214.95053100585938
325	293	240.72793579101563	244.91000366210938	239.65451049804688
326	293	217.38941955566406	227.1117706298828	218.49147033691406
327	293	281.9350891113281	293.12139892578125	286.3742980957031
328	293	247.7691192626953	253.12692260742188	243.38522338867188
329	293	348.6263427734375	349.3659973144531	351.40802001953125
330	293	243.3467559814453	242.91952514648438	247.2599334716797
331	293	248.00686645507813	244.1836700439453	250.51486206054688
332	293	185.80963134765625	173.48353576660156	178.28814697265625
333	293	284.6748046875	278.2707214355469	280.4434814453125
334	293	281.2384033203125	281.1642761230469	277.5752868652344
335	293	263.2448425292969	255.05662536621094	261.9384460449219
336	293	343.82220458984375	345.60662841796875	362.45660400390625
337	293	241.21902465820313	234.83860778808594	244.87510681152344
338	293	316.6242980957031	297.83154296875	292.9273681640625
324	294	212.59231567382813	230.9022979736328	224.3325958251953
325	294	239.979736328125	241.6586151123047	244.821044921875
326	294	221.7285919189453	220.239990234375	223.314208984375
327	294	280.64678955078125	289.83428955078125	285.37799072265625
328	294	242.83004760742188	249.81692504882813	247.94326782226563
329	294	350.3956604003906	358.7919921875	350.00732421875
330	294	240.09335327148438	236.58204650878906	249.57565307617188
331	294	247.954345703125	244.112060546875	245.58079528808594
332	294	183.289306640625	175.95582580566406	187.31634521484375
333	294	277.8698425292969	282.27740478515625	277.519775390625
334	294	281.55908203125	288.14385986328125	286.501953125
335	294	260.7491760253906	249.3303680419922	250.14791870117188
336	294	344.7330322265625	343.6392517089844	371.1241455078125
337	294	242.2291259765625	233.52212524414063	247.63868713378906
338	294	309.77313232421875	303.5836486816406	285.6130065917969
324	295	222.27548217773438	218.653076171875	228.51971435546875
325	295	236.89141845703125	244.98341369628906	234.74435424804688
326	295	224.2353057861328	220.47293090820313	222.5567169189453
327	295	284.051513671875	280.3858947753906	281.8262939453125
328	295	242.80917358398438	247.47482299804688	244.46542358398438
329	295	344.5849609375	356.869873046875	350.70306396484375
330	295	237.22567749023438	243.85093688964844	242.6623992919922
331	295	252.86001586914063	248.77593994140625	245.09019470214844
332	295	186.93505859375	175.3941192626953	181.9846649169922
333	295	286.06414794921875	286.5765686035156	270.4215393066406
334	295	288.8573913574219	281.9013977050781	282.6179504394531
335	295	256.84478759765625	258.3434753417969	259.94769287109375
336	295	347.6360778808594	352.3487548828125	362.3284606933594
337	295	236.9419403076172	238.97494506835938	249.12705993652344
338	295	313.78076171875	303.5097961425781	286.1385192871094
324	296	220.78260803222656	222.8035125732422	226.45428466796875
325	296	239.00811767578125	241.26303100585938	245.79721069335938
326	296	222.2448272705078	222.80502319335938	226.98910522460938
327	296	282.0009765625	284.9834289550781	290.5789794921875
328	296	241.0745086669922	254.25613403320313	245.6614990234375
329	296	350.05987548828125	351.78826904296875	346.8634948730469
330	296	237.6587371826172	247.1976318359375	240.95993041992188
331	296	241.1300506591797	236.77076721191406	239.70327758789063
332	296	182.62229919433594	175.0545654296875	187.8637237548828
333	296	279.0440673828125	287.6927490234375	270.8319396972656
334	296	287.80908203125	288.8639221191406	289.4548034667969
335	296	261.10382080078125	255.91061401367188	266.26934814453125
336	296	346.1465148925781	350.6306457519531	370.49810791015625
337	296	241.18435668945313	245.12315368652344	249.10870361328125
338	296	299.20654296875	295.5301208496094	297.685791015625
324	297	222.2412872314453	214.84097290039063	219.49099731445313
325	297	243.556884765625	241.56936645507813	243.67373657226563
326	297	221.35890197753906	223.23129272460938	226.8865509033203
327	297	274.831298828125	279.9825134277344	285.6009521484375
328	297	247.4361114501953	251.38796997070313	246.00733947753906
329	297	352.9713134765625	352.3178405761719	353.6878356933594
330	297	242.41107177734375	239.95408630371094	241.70736694335938
331	297	253.57302856445313	245.01531982421875	253.5994110107422
332	297	178.18887329101563	175.4964141845703	184.72842407226563
333	297	281.4296875	274.99542236328125	275.6458740234375
334	297	285.13873291015625	285.2267150878906	292.14019775390625
335	297	259.7793273925781	252.11306762695313	259.1034851074219
336	297	354.2713928222656	343.1247863769531	368.5138854980469
337	297	237.54537963867188	236.47799682617188	242.3157958984375
338	297	301.5587158203125	290.7159423828125	289.76947021484375
324	298	217.0855712890625	222.30990600585938	219.77098083496094
325	298	239.62081909179688	247.2750244140625	247.07696533203125
326	298	221.1869659423828	216.47608947753906	227.437744140625
327	298	277.56475830078125	288.5558166503906	278.78948974609375
328	298	239.31497192382813	253.46694946289063	242.1700439453125
329	298	347.52349853515625	352.40704345703125	351.62969970703125
330	298	243.2841796875	245.1500244140625	245.08343505859375
331	298	244.1165771484375	247.8754119873047	247.43008422851563
332	298	183.73818969726563	174.77032470703125	188.7142333984375
333	298	275.9188232421875	282.5151672363281	276.82989501953125
334	298	282.5478210449219	286.2415771484375	280.92572021484375
335	298	267.80267333984375	256.00714111328125	255.2986297607422
336	298	350.73773193359375	351.21099853515625	360.66619873046875
337	298	233.37033081054688	230.44613647460938	242.11575317382813
338	298	283.7041931152344	295.125732421875	298.33746337890625
324	299	213.24652099609375	226.8310546875	226.05067443847656
325	299	239.1619110107422	243.0592498779297	252.11231994628906
326	299	213.7496795654297	221.99098205566406	226.51185607910156
327	299	277.6102294921875	287.365234375	278.37200927734375
328	299	251.87857055664063	242.05091857910156	245.34681701660156
329	299	346.0909118652344	352.65911865234375	349.8073425292969
330	299	243.23394775390625	238.95054626464844	248.12924194335938
331	299	243.45457458496094	248.55577087402344	251.1409149169922
332	299	183.04251098632813	177.42308044433594	186.8192138671875
333	299	272.6759033203125	280.75360107421875	272.5500183105469
334	299	278.1015930175781	274.18011474609375	282.05267333984375
335	299	249.19691467285156	263.78118896484375	257.5389709472656
336	299	358.4368591308594	344.6050720214844	364.20556640625
337	299	244.33773803710938	240.38034057617188	249.41482543945313
338	299	306.0318298339844	293.5157775878906	293.6700744628906
324	300	216.1777801513672	221.74038696289063	232.44769287109375
325	300	244.01882934570313	247.877197265625	245.40789794921875
326	300	224.6344451904297	223.66783142089844	226.12681579589844
327	300	274.1396789550781	286.407958984375	294.2649841308594
328	300	244.30833435058594	246.31417846679688	242.39825439453125
329	300	347.0311279296875	355.0068054199219	350.3082275390625
330	300	246.65524291992188	247.0845184326172	241.10946655273438
331	300	244.9431915283203	241.7420196533203	254.19705200195313
332	300	180.64108276367188	176.30670166015625	183.95556640625
333	300	275.649658203125	283.2043151855469	267.3578186035156
334	300	291.94671630859375	278.894775390625	286.7424621582031
335	300	252.37594604492188	256.9049072265625	257.1180114746094
336	300	352.8579406738281	337.9373779296875	362.435546875
337	300	246.4765625	234.4032745361328	244.9728546142578
338	300	286.99456787109375	282.8785705566406	305.22003173828125
324	301	218.15797424316406	223.32928466796875	223.20413208007813
325	301	248.1033935546875	247.08023071289063	239.6967315673828
326	301	221.99224853515625	229.08795166015625	220.84140014648438
327	301	276.13470458984375	291.64056396484375	286.9704284667969
328	301	250.08535766601563	243.46591186523438	246.63990783691406
329	301	346.5558776855469	355.0870056152344	347.332763671875
330	301	238.800537109375	242.33316040039063	245.42849731445313
331	301	244.13343811035156	246.77963256835938	244.57928466796875
332	301	186.1815948486328	174.22494506835938	184.57183837890625
333	301	288.1023864746094	277.8572998046875	273.82904052734375
334	301	290.8023986816406	285.32647705078125	289.14642333984375
335	301	255.20892333984375	257.1825866699219	261.58935546875
336	301	355.90478515625	343.02398681640625	360.048095703125
337	301	240.54246520996094	237.99298095703125	248.89810180664063
338	301	294.7824401855469	293.9455261230469	298.8486633300781
324	302	213.07662963867188	223.47079467773438	221.3121337890625
325	302	247.84852600097656	240.04306030273438	243.55059814453125
326	302	216.58489990234375	223.48538208007813	218.41685485839844
327	302	275.6664733886719	289.2384033203125	284.9384460449219
328	302	248.9641876220703	251.54833984375	242.54200744628906
329	302	352.4455261230469	347.5280456542969	348.4157409667969
330	302	241.41180419921875	241.7613983154297	242.771240234375
331	302	244.8353729248047	243.37664794921875	247.74697875976563
332	302	181.04295349121094	176.75379943847656	183.69796752929688
333	302	280.7121276855469	276.83416748046875	277.3269958496094
334	302	293.81005859375	289.1099853515625	281.17633056640625
335	302	254.99905395507813	263.37579345703125	262.2073974609375
336	302	368.3399658203125	348.5750427246094	361.5000915527344
337	302	240.1988983154297	229.10906982421875	240.8890380859375
338	302	297.2147521972656	285.8090515136719	294.26568603515625
324	303	221.65493774414063	223.202392578125	224.25315856933594
325	303	248.4617919921875	242.63929748535156	245.9495391845703
326	303	218.199951171875	221.23370361328125	222.09426879882813
327	303	279.23883056640625	295.40399169921875	283.0643005371094
328	303	245.9329376220703	250.34323120117188	242.9554443359375
329	303	357.4210205078125	358.86688232421875	352.0230712890625
330	303	240.74703979492188	245.43582153320313	243.16029357910156
331	303	244.7705535888672	245.62152099609375	253.75018310546875
332	303	183.66831970214844	178.2547149658203	183.63262939453125
333	303	277.887451171875	276.74542236328125	274.626708984375
334	303	291.8152770996094	276.4184265136719	288.4452209472656
335	303	260.6114501953125	258.7556457519531	252.98365783691406
336	303	365.16717529296875	345.9458923339844	366.8041076660156
337	303	240.50927734375	236.66671752929688	247.26821899414063
338	303	287.6668395996094	294.510986328125	290.7792663574219
324	304	221.98269653320313	212.46340942382813	227.3721466064453
325	304	244.34176635742188	245.375244140625	238.51626586914063
326	304	222.15512084960938	219.83258056640625	219.69683837890625
327	304	279.06011962890625	291.5835266113281	278.023681640625
328	304	244.33070373535156	249.7882843017578	246.87088012695313
329	304	348.96588134765625	347.0286560058594	352.54803466796875
330	304	243.74310302734375	249.15618896484375	247.64849853515625
331	304	245.5481414794922	238.89474487304688	251.97860717773438
332	304	184.39767456054688	173.27467346191406	183.58966064453125
333	304	279.03753662109375	272.9405517578125	274.574951171875
334	304	282.63604736328125	286.80255126953125	285.4172058105469
335	304	251.24322509765625	256.98956298828125	252.52020263671875
336	304	357.5713195800781	336.22760009765625	364.1897888183594
337	304	235.5521240234375	238.11135864257813	248.6296844482422
338	304	281.50531005859375	302.0417785644531	290.0914001464844
324	305	224.97850036621094	222.23629760742188	222.16363525390625
325	305	246.54945373535156	247.06239318847656	247.29360961914063
326	305	220.82882690429688	217.21124267578125	223.31497192382813
327	305	275.2965393066406	287.4788513183594	282.5259704589844
328	305	241.10342407226563	247.75680541992188	244.73208618164063
329	305	346.7825927734375	344.1690673828125	347.4803161621094
330	305	238.86810302734375	241.70484924316406	246.15309143066406
331	305	244.73130798339844	244.51792907714844	246.52830505371094
332	305	185.9212188720703	175.86233520507813	181.103759765625
333	305	278.96160888671875	287.047607421875	272.2991943359375
334	305	282.6679382324219	286.8656005859375	282.92529296875
335	305	255.83497619628906	252.39654541015625	249.4512481689453
336	305	360.92950439453125	348.5999450683594	363.06005859375
337	305	245.10379028320313	236.28797912597656	244.62728881835938
338	305	281.63702392578125	285.0374755859375	286.9674377441406
324	306	222.56602478027344	230.2596435546875	225.055419921875
325	306	239.54269409179688	245.78916931152344	240.96218872070313
326	306	220.0482177734375	220.14999389648438	224.50021362304688
327	306	272.9257507324219	295.3371276855469	278.7917175292969
328	306	239.7236328125	250.9559326171875	245.49838256835938
329	306	352.2315979003906	343.67620849609375	350.1921081542969
330	306	247.02294921875	241.21298217773438	249.69480895996094
331	306	244.66421508789063	240.90611267089844	248.9873046875
332	306	182.1125946044922	181.34982299804688	185.39065551757813
333	306	278.7150573730469	276.0401916503906	270.1131591796875
334	306	274.18841552734375	288.6072998046875	282.21282958984375
335	306	258.9217834472656	257.1282958984375	244.73988342285156
336	306	354.31280517578125	346.7748107910156	367.4110412597656
337	306	238.13096618652344	239.9060821533203	244.8416748046875
338	306	291.3950500488281	306.2073059082031	296.05267333984375
324	307	220.01907348632813	224.50399780273438	228.07638549804688
325	307	247.6595458984375	243.46942138671875	242.02853393554688
326	307	225.04835510253906	224.26699829101563	225.30599975585938
327	307	274.35479736328125	283.5098876953125	285.6132507324219
328	307	246.27447509765625	244.49356079101563	243.87506103515625
329	307	354.73687744140625	343.5957946777344	349.3604736328125
330	307	240.77142333984375	242.16073608398438	244.63055419921875
331	307	246.95254516601563	238.4503936767578	249.01217651367188
332	307	185.7864990234375	176.57083129882813	183.23779296875
333	307	278.9925537109375	283.5257263183594	274.3000183105469
334	307	289.1024169921875	292.43304443359375	281.9604797363281
335	307	259.9587707519531	256.36602783203125	247.44790649414063
336	307	355.6192626953125	354.3061218261719	363.15478515625
337	307	237.48028564453125	233.3987274169922	246.11441040039063
338	307	292.0896911621094	294.42352294921875	303.49493408203125
324	308	221.49185180664063	226.33819580078125	223.80404663085938
325	308	244.01153564453125	239.8603515625	241.05517578125
326	308	218.8446044921875	220.76123046875	223.17044067382813
327	308	277.443359375	276.6220397949219	279.9877624511719
328	308	242.86422729492188	246.81207275390625	246.11488342285156
329	308	350.74700927734375	333.7268981933594	350.1714172363281
330	308	237.3867645263672	242.6204376220703	239.160400390625
331	308	245.67279052734375	242.29017639160156	256.6010437011719
332	308	184.96568298339844	176.71307373046875	186.6895294189453
333	308	282.7212219238281	273.6533508300781	274.6295166015625
334	308	285.40264892578125	284.35260009765625	279.2247619628906
335	308	255.5597686767578	253.068115234375	255.2224884033203
336	308	362.57928466796875	358.08154296875	371.068359375
337	308	236.99447631835938	250.90570068359375	247.89955139160156
338	308	283.3392333984375	300.42120361328125	300.3216552734375
324	309	220.16732788085938	223.86212158203125	222.43128967285156
325	309	244.1565399169922	237.32418823242188	243.0130157470703
326	309	219.53248596191406	216.6309051513672	222.07516479492188
327	309	280.1622314453125	282.3824157714844	286.4552307128906
328	309	245.52603149414063	252.36538696289063	244.02711486816406
329	309	350.4821472167969	340.3991394042969	349.8211669921875
330	309	240.70205688476563	243.47695922851563	252.13717651367188
331	309	249.0943603515625	243.6569061279297	248.2371063232422
332	309	181.9871826171875	179.26205444335938	180.55865478515625
333	309	278.0410461425781	272.654052734375	273.5543212890625
334	309	285.29302978515625	291.6471252441406	277.8894958496094
335	309	256.7694091796875	246.04751586914063	262.80908203125
336	309	365.8052978515625	351.62445068359375	357.7100524902344
337	309	234.96173095703125	235.9539794921875	240.7191162109375
338	309	289.652587890625	298.1346435546875	278.6745910644531
324	310	223.4423828125	222.09251403808594	227.25152587890625
325	310	248.29718017578125	241.30471801757813	241.413818359375
326	310	225.2137451171875	220.21609497070313	221.31692504882813
327	310	268.7685546875	281.41607666015625	286.0611267089844
328	310	244.57423400878906	247.8560791015625	247.88848876953125
329	310	353.0333557128906	337.80621337890625	358.5809326171875
330	310	238.980712890625	248.89483642578125	246.44688415527344
331	310	250.91773986816406	238.49813842773438	247.4904022216797
332	310	184.3147430419922	183.96865844726563	184.91818237304688
333	310	280.1458740234375	278.8967590332031	273.115234375
334	310	272.8103942871094	286.52984619140625	282.6413269042969
335	310	258.9996643066406	261.9771728515625	262.8555603027344
336	310	348.20758056640625	369.4889831542969	362.64990234375
337	310	241.6302032470703	239.57986450195313	244.37318420410156
338	310	290.25628662109375	293.25836181640625	288.5386962890625
324	311	224.26170349121094	229.3875274658203	222.47853088378906
325	311	244.17819213867188	235.96453857421875	241.37109375
326	311	223.11920166015625	222.26339721679688	219.62396240234375
327	311	277.67559814453125	275.4656677246094	282.03662109375
328	311	244.5262451171875	251.3311767578125	242.72950744628906
329	311	359.7513122558594	347.2508239746094	359.8323059082031
330	311	242.54000854492188	236.1123046875	247.65475463867188
331	311	246.4644775390625	241.2408905029297	246.4290313720703
332	311	184.18655395507813	179.447021484375	186.18411254882813
333	311	283.8765869140625	280.380126953125	269.2631530761719
334	311	294.58990478515625	290.2539978027344	283.0321044921875
335	311	263.96441650390625	249.20518493652344	262.90380859375
336	311	360.50653076171875	373.36822509765625	365.76007080078125
337	311	241.5010528564453	239.18728637695313	246.56201171875
338	311	300.3025817871094	299.1678466796875	291.0346374511719
324	312	217.4859161376953	221.98770141601563	225.33688354492188
325	312	240.49771118164063	239.75933837890625	246.81410217285156
326	312	215.55172729492188	217.90362548828125	223.36270141601563
327	312	275.37567138671875	282.369873046875	281.5211486816406
328	312	244.54156494140625	251.5254669189453	236.9788818359375
329	312	353.420654296875	349.70880126953125	345.8780822753906
330	312	238.81207275390625	245.45742797851563	244.86830139160156
331	312	247.77488708496094	244.7167510986328	247.36648559570313
332	312	187.99392700195313	180.599365234375	181.77859497070313
333	312	275.49761962890625	278.9837341308594	274.1600341796875
334	312	291.01629638671875	294.501708984375	289.12957763671875
335	312	264.0531311035156	251.94667053222656	257.7769775390625
336	312	345.41259765625	362.1341247558594	362.27239990234375
337	312	237.4536590576172	242.4206085205078	246.2189483642578
338	312	299.2992858886719	302.9568786621094	287.49517822265625
324	313	217.88226318359375	218.87953186035156	220.0296173095703
325	313	249.4678497314453	243.91250610351563	243.31057739257813
326	313	218.3175506591797	219.72198486328125	225.42637634277344
327	313	277.62255859375	280.1584777832031	283.69488525390625
328	313	246.62734985351563	252.63555908203125	245.8004913330078
329	313	362.7722473144531	333.8874816894531	355.1533203125
330	313	240.33914184570313	252.58883666992188	248.1378173828125
331	313	244.72779846191406	237.2198944091797	242.81973266601563
332	313	182.87109375	174.16587829589844	183.37074279785156
333	313	277.7331237792969	276.8396911621094	272.9043884277344
334	313	288.2370910644531	291.9720764160156	287.0176696777344
335	313	261.92816162109375	248.83297729492188	258.121826171875
336	313	353.62548828125	364.101806640625	359.2994384765625
337	313	239.21092224121094	240.0764923095703	241.8453369140625
338	313	299.2464904785156	301.3458251953125	286.0782165527344
324	314	220.62351989746094	220.31887817382813	232.00234985351563
325	314	244.4694366455078	248.53671264648438	247.0804901123047
326	314	227.20022583007813	224.7937774658203	218.5183868408203
327	314	278.23577880859375	280.7940673828125	284.40740966796875
328	314	240.47360229492188	252.86529541015625	245.71202087402344
329	314	355.3951110839844	340.9377136230469	356.9839172363281
330	314	244.4832763671875	245.71678161621094	235.65789794921875
331	314	244.38926696777344	237.97463989257813	243.00796508789063
332	314	185.38841247558594	181.12136840820313	179.8524169921875
333	314	270.3752746582031	286.93902587890625	278.2282409667969
334	314	281.72271728515625	291.634033203125	287.75054931640625
335	314	258.2127685546875	250.5173797607422	263.954345703125
336	314	348.3553771972656	364.5791015625	355.4654541015625
337	314	240.07022094726563	242.5882568359375	240.71913146972656
338	314	298.9165344238281	299.97613525390625	286.0267028808594
324	315	220.97610473632813	221.8778839111328	229.19879150390625
325	315	254.59671020507813	238.13900756835938	242.66114807128906
326	315	221.008544921875	224.3494110107422	220.64010620117188
327	315	278.82769775390625	284.83966064453125	275.2786865234375
328	315	243.3719024658203	249.96119689941406	246.30288696289063
329	315	355.85601806640625	334.00732421875	340.7974548339844
330	315	234.76898193359375	245.17340087890625	242.77423095703125
331	315	244.20654296875	241.55001831054688	247.96615600585938
332	315	182.665283203125	179.0926513671875	185.8830108642578
333	315	268.3327331542969	284.60870361328125	282.4764099121094
334	315	275.5609130859375	292.0889587402344	288.7261962890625
335	315	264.91168212890625	251.1341552734375	261.28173828125
336	315	365.63818359375	347.0165710449219	355.2304382324219
337	315	240.34690856933594	247.84854125976563	239.94354248046875
338	315	286.0226745605469	293.9681396484375	297.74407958984375
324	316	227.83535766601563	222.8909912109375	217.77069091796875
325	316	249.4688720703125	245.0037841796875	243.0740966796875
326	316	220.89317321777344	221.000244140625	221.683349609375
327	316	280.362060546875	279.3393859863281	292.63385009765625
328	316	241.2539520263672	247.24484252929688	242.12632751464844
329	316	356.2687072753906	338.32012939453125	352.1546936035156
330	316	238.9741668701172	240.01516723632813	240.7442626953125
331	316	249.48895263671875	241.66036987304688	242.25222778320313
332	316	183.3162078857422	183.69094848632813	183.47882080078125
333	316	279.3330993652344	273.2265930175781	276.7785949707031
334	316	282.51214599609375	291.2950134277344	283.9884338378906
335	316	259.0926818847656	252.97084045410156	260.54510498046875
336	316	361.1241149902344	363.7723693847656	367.09210205078125
337	316	239.05258178710938	244.2158660888672	241.619873046875
338	316	293.4795837402344	286.920166015625	293.8248596191406
324	317	224.0347900390625	227.03208923339844	233.33843994140625
325	317	252.07308959960938	238.4318084716797	251.64886474609375
326	317	222.09552001953125	222.4312744140625	216.2981414794922
327	317	281.558349609375	277.8246154785156	277.7982177734375
328	317	240.10313415527344	245.60267639160156	247.50146484375
329	317	364.2302551269531	343.6990661621094	357.9595947265625
330	317	246.3629608154297	244.33599853515625	250.17681884765625
331	317	252.22991943359375	243.38821411132813	243.8350830078125
332	317	181.27920532226563	175.85330200195313	185.04483032226563
333	317	286.9387512207031	281.4603271484375	279.1842956542969
334	317	274.54754638671875	283.15399169921875	295.9488220214844
335	317	259.6986389160156	254.48031616210938	259.74188232421875
336	317	365.47003173828125	364.5089416503906	366.9905700683594
337	317	242.44676208496094	237.14752197265625	238.32725524902344
338	317	294.67034912109375	308.95831298828125	300.051513671875
324	318	218.27935791015625	224.46453857421875	215.2548828125
325	318	239.81484985351563	242.66342163085938	245.84521484375
326	318	225.1896209716797	216.01490783691406	226.30450439453125
327	318	276.5426330566406	278.962890625	293.4144592285156
328	318	248.60931396484375	244.581787109375	238.587646484375
329	318	349.66680908203125	345.0001525878906	346.948486328125
330	318	241.89913940429688	240.58016967773438	243.1534881591797
331	318	248.55450439453125	240.91969299316406	240.32705688476563
332	318	185.670654296875	174.4227294921875	184.03375244140625
333	318	282.539306640625	287.7027893066406	285.41522216796875
334	318	284.4714660644531	289.1463928222656	289.76947021484375
335	318	263.2880859375	251.93008422851563	257.5508117675781
336	318	357.66864013671875	367.3808898925781	354.1429748535156
337	318	240.3426513671875	238.72914123535156	243.32766723632813
338	318	298.79034423828125	303.6902160644531	289.1891784667969
324	319	216.91819763183594	222.17819213867188	218.6737060546875
325	319	241.0167236328125	249.97903442382813	250.4846954345703
326	319	218.60081481933594	222.73916625976563	227.9119873046875
327	319	275.786376953125	282.4955749511719	280.1778259277344
328	319	247.14256286621094	242.98658752441406	242.6390380859375
329	319	345.0725402832031	359.2645263671875	354.6516418457031
330	319	245.38174438476563	245.00404357910156	241.8895721435547
331	319	247.40518188476563	246.2269744873047	237.79769897460938
332	319	186.22003173828125	180.1668243408203	177.58770751953125
333	319	283.6038818359375	286.34814453125	285.127197265625
334	319	286.527587890625	285.4124450683594	289.1341247558594
335	319	262.5928955078125	253.23550415039063	262.3564147949219
336	319	350.0784912109375	378.1087951660156	355.1532897949219
337	319	240.02447509765625	242.12278747558594	243.53375244140625
338	319	309.084228515625	309.8299560546875	299.6114196777344
324	320	221.4254913330078	224.43438720703125	220.37191772460938
325	320	241.65206909179688	247.3994140625	243.8258056640625
326	320	220.5837860107422	222.46023559570313	222.83718872070313
327	320	284.40789794921875	291.06732177734375	285.6260986328125
328	320	246.5212860107422	246.58184814453125	244.36412048339844
329	320	346.8402099609375	360.5711975097656	352.3145751953125
330	320	239.655517578125	246.63766479492188	250.3944854736328
331	320	248.04354858398438	241.9496307373047	244.42568969726563
332	320	188.42820739746094	182.34080505371094	185.576904296875
333	320	272.45654296875	273.4726257324219	280.19842529296875
334	320	278.0757141113281	286.3669738769531	289.42364501953125
335	320	259.2333984375	260.4546203613281	260.02886962890625
336	320	346.8863830566406	379.4209289550781	354.30706787109375
337	320	238.65850830078125	240.5670928955078	245.6464080810547
338	320	293.81707763671875	298.42742919921875	297.5206604003906
324	321	214.4617156982422	224.90536499023438	217.5716552734375
325	321	237.15281677246094	238.62960815429688	255.09933471679688
326	321	221.74166870117188	221.04522705078125	224.3021697998047
327	321	288.5093078613281	291.4596252441406	284.1583557128906
328	321	247.02444458007813	240.10235595703125	246.96209716796875
329	321	347.634033203125	349.3612060546875	349.36651611328125
330	321	242.42791748046875	238.00730895996094	242.9059600830078
331	321	248.3456573486328	243.4088134765625	244.48326110839844
332	321	185.40875244140625	175.94778442382813	180.23997497558594
333	321	275.453369140625	283.11181640625	280.8923034667969
334	321	273.40277099609375	284.25079345703125	288.7744445800781
335	321	252.906005859375	257.1368408203125	263.30767822265625
336	321	349.2388000488281	365.48388671875	354.75872802734375
337	321	240.02598571777344	241.44070434570313	246.408203125
338	321	292.16033935546875	294.30615234375	298.1841735839844
324	322	214.08621215820313	228.19248962402344	221.01882934570313
325	322	241.39419555664063	234.78131103515625	244.7388916015625
326	322	223.91387939453125	214.29356384277344	223.48486328125
327	322	294.89105224609375	293.3076477050781	285.9289245605469
328	322	247.48387145996094	247.64825439453125	241.20721435546875
329	322	347.9136047363281	340.07794189453125	349.76959228515625
330	322	239.766357421875	247.54544067382813	239.2941131591797
331	322	240.0254669189453	240.1905975341797	247.3380889892578
332	322	187.276123046875	175.57382202148438	187.42416381835938
333	322	281.2200927734375	283.12261962890625	284.5960998535156
334	322	275.2934875488281	284.89923095703125	288.8320007324219
335	322	255.5828857421875	252.07159423828125	258.24322509765625
336	322	349.7190856933594	352.772216796875	355.35662841796875
337	322	241.0446014404297	231.31344604492188	237.20156860351563
338	322	285.1422424316406	298.6853332519531	296.04058837890625
324	323	214.97817993164063	220.90020751953125	213.479248046875
325	323	238.66729736328125	242.63851928710938	244.29302978515625
326	323	222.96437072753906	219.72323608398438	225.3230743408203
327	323	283.9331359863281	280.6829833984375	284.6632385253906
328	323	247.6507568359375	244.99697875976563	245.7213134765625
329	323	350.06036376953125	337.7828063964844	349.3517150878906
330	323	244.95928955078125	240.71839904785156	238.03973388671875
331	323	251.30780029296875	236.84742736816406	244.41387939453125
332	323	189.85223388671875	175.11790466308594	185.94107055664063
333	323	279.5135803222656	278.767333984375	282.87054443359375
334	323	285.5333251953125	289.8916320800781	284.8396911621094
335	323	259.01025390625	252.12713623046875	254.99855041503906
336	323	351.4356994628906	355.4918518066406	353.41217041015625
337	323	233.85487365722656	233.2901611328125	237.5433807373047
338	323	293.229248046875	314.318359375	289.7201843261719
324	324	215.37579345703125	220.25732421875	223.92242431640625
325	324	241.86947631835938	243.4475555419922	249.10116577148438
326	324	219.57595825195313	219.189697265625	219.5131378173828
327	324	279.807373046875	281.890625	271.8681640625
328	324	245.62228393554688	242.1924285888672	247.9480743408203
329	324	351.0290222167969	342.0526123046875	351.37835693359375
330	324	244.266357421875	241.3333740234375	245.2520751953125
331	324	248.09860229492188	243.9549560546875	246.08871459960938
332	324	183.90455627441406	174.67330932617188	178.9647216796875
333	324	281.4186096191406	281.09185791015625	269.1329650878906
334	324	283.7031555175781	285.1048278808594	281.57843017578125
335	324	254.3134307861328	255.21517944335938	253.65896606445313
336	324	351.00994873046875	361.0853576660156	355.42596435546875
337	324	233.74453735351563	244.94195556640625	239.44290161132813
338	324	287.79754638671875	306.11981201171875	293.2926025390625
324	325	214.87640380859375	222.2764892578125	216.65431213378906
325	325	243.56918334960938	239.50601196289063	247.27777099609375
326	325	227.92105102539063	215.05609130859375	217.53469848632813
327	325	288.96875	293.9156188964844	286.8935241699219
328	325	250.32110595703125	243.0170440673828	239.91061401367188
329	325	347.4927978515625	347.8739013671875	349.7676086425781
330	325	245.65142822265625	243.21328735351563	244.73333740234375
331	325	246.30990600585938	244.0408935546875	246.0032958984375
332	325	185.91519165039063	178.68148803710938	184.34588623046875
333	325	277.341552734375	281.8735046386719	276.1148681640625
334	325	282.67926025390625	284.5936279296875	285.98974609375
335	325	263.2616882324219	254.5155029296875	258.6737365722656
336	325	354.1042785644531	363.0779113769531	366.62567138671875
337	325	241.51031494140625	231.56829833984375	248.1174774169922
338	325	292.5516357421875	294.0028381347656	297.12127685546875
324	326	219.8833465576172	224.58694458007813	214.47679138183594
325	326	238.2229461669922	240.77694702148438	245.64463806152344
326	326	223.47808837890625	221.32974243164063	221.84922790527344
327	326	283.9021911621094	288.74755859375	283.377197265625
328	326	245.55642700195313	241.14263916015625	241.58596801757813
329	326	355.63134765625	355.31317138671875	355.94244384765625
330	326	247.42807006835938	243.66571044921875	250.19241333007813
331	326	247.63088989257813	245.70773315429688	242.28189086914063
332	326	182.60369873046875	174.1309356689453	173.80548095703125
333	326	282.0823669433594	285.8115539550781	284.7130126953125
334	326	281.00640869140625	288.4794006347656	284.14599609375
335	326	263.50146484375	260.1902160644531	263.74322509765625
336	326	358.10638427734375	361.2024841308594	365.0116271972656
337	326	238.68841552734375	237.27218627929688	245.59060668945313
338	326	289.447021484375	299.3078308105469	299.9783935546875
324	327	212.5430908203125	222.76104736328125	226.94161987304688
325	327	243.41439819335938	239.47128295898438	247.6849365234375
326	327	223.3873291015625	225.11849975585938	216.05538940429688
327	327	283.4269714355469	288.78826904296875	279.65655517578125
328	327	244.43374633789063	252.12210083007813	245.2108612060547
329	327	353.9564514160156	340.87890625	356.48809814453125
330	327	241.54449462890625	239.6751251220703	239.3343048095703
331	327	246.94400024414063	243.49502563476563	240.71739196777344
332	327	185.20294189453125	181.02586364746094	177.21926879882813
333	327	274.1358642578125	271.05810546875	276.6272888183594
334	327	282.38421630859375	280.8717346191406	283.57171630859375
335	327	263.69097900390625	260.7964172363281	254.71429443359375
336	327	350.87042236328125	362.6335754394531	357.8900451660156
337	327	241.5904998779297	233.73626708984375	243.3837127685547
338	327	290.6267395019531	305.8669738769531	291.5269775390625
324	328	223.12672424316406	221.75369262695313	221.69114685058594
325	328	236.84268188476563	242.78353881835938	246.7799072265625
326	328	225.87722778320313	216.83372497558594	224.4949493408203
327	328	278.7487487792969	294.2335205078125	288.1139831542969
328	328	247.97821044921875	245.9945068359375	241.08909606933594
329	328	344.5120849609375	344.18365478515625	357.66436767578125
330	328	248.02044677734375	248.02169799804688	246.7464599609375
331	328	246.02792358398438	239.42025756835938	242.22760009765625
332	328	189.4553985595703	178.35501098632813	186.1446533203125
333	328	287.5213317871094	279.4653015136719	271.7035217285156
334	328	287.11065673828125	286.11614990234375	284.7059631347656
335	328	264.3564758300781	258.6312561035156	260.0705871582031
336	328	350.61810302734375	362.78741455078125	363.728759765625
337	328	236.8781280517578	239.01487731933594	242.34371948242188
338	328	294.5281066894531	297.9994201660156	292.2364807128906
324	329	212.21836853027344	217.15316772460938	215.51829528808594
325	329	240.722900390625	244.42068481445313	242.9268035888672
326	329	220.6192169189453	225.64828491210938	229.1688995361328
327	329	289.0491638183594	289.6055908203125	283.28448486328125
328	329	248.4723358154297	251.7049102783203	247.59469604492188
329	329	354.4958190917969	349.7980041503906	356.26641845703125
330	329	247.89401245117188	242.22659301757813	244.97662353515625
331	329	242.65611267089844	246.20863342285156	239.55148315429688
332	329	188.14622497558594	175.21743774414063	182.62103271484375
333	329	280.6912841796875	278.4931640625	278.77215576171875
334	329	290.4033203125	285.4810791015625	285.91510009765625
335	329	259.1942138671875	251.75242614746094	256.81390380859375
336	329	355.5361022949219	349.7708740234375	370.7391052246094
337	329	236.94595336914063	235.31585693359375	245.7572479248047
338	329	287.9498291015625	285.67608642578125	287.34967041015625
324	330	213.21612548828125	223.14056396484375	217.74755859375
325	330	238.72988891601563	244.85525512695313	247.11741638183594
326	330	228.89718627929688	213.39910888671875	219.369873046875
327	330	287.3627624511719	292.95404052734375	287.4285888671875
328	330	244.74615478515625	247.54165649414063	243.65341186523438
329	330	353.4321594238281	337.35076904296875	363.1077880859375
330	330	247.5411834716797	242.71871948242188	244.99472045898438
331	330	253.74667358398438	243.57521057128906	245.59036254882813
332	330	184.98326110839844	178.07101440429688	187.181884765625
333	330	282.5739440917969	269.83343505859375	283.4397888183594
334	330	285.36492919921875	278.1746826171875	287.5952453613281
335	330	259.34222412109375	256.457275390625	259.5654296875
336	330	353.51739501953125	354.171630859375	357.2041320800781
337	330	239.39112854003906	234.6279754638672	242.34019470214844
338	330	289.9674987792969	290.98663330078125	301.17742919921875
324	331	214.82839965820313	223.33480834960938	226.31832885742188
325	331	241.09890747070313	241.76644897460938	240.23080444335938
326	331	222.2194366455078	224.88272094726563	223.53387451171875
327	331	290.8179931640625	288.62591552734375	286.0483093261719
328	331	239.85733032226563	245.93997192382813	240.81866455078125
329	331	362.3362731933594	340.6328430175781	354.3143615722656
330	331	244.12588500976563	245.2711944580078	241.81845092773438
331	331	246.98146057128906	245.68560791015625	243.79412841796875
332	331	181.46844482421875	176.5979766845703	178.31454467773438
333	331	275.3885192871094	288.7375183105469	270.57684326171875
334	331	284.2176208496094	276.3659362792969	284.23248291015625
335	331	255.73193359375	254.06336975097656	245.47854614257813
336	331	353.4565734863281	353.08001708984375	365.46075439453125
337	331	241.4912109375	233.47915649414063	241.71038818359375
338	331	290.8421325683594	291.7642517089844	295.98126220703125
324	332	215.31973266601563	223.14280700683594	223.44161987304688
325	332	241.3612823486328	247.14382934570313	244.63909912109375
326	332	226.17860412597656	216.57815551757813	221.32595825195313
327	332	282.3309020996094	287.1041259765625	283.63482666015625
328	332	246.62582397460938	243.45584106445313	237.47802734375
329	332	359.04583740234375	345.67974853515625	354.93841552734375
330	332	241.2489471435547	244.91404724121094	251.6898651123047
331	332	245.6318359375	244.26559448242188	238.9600830078125
332	332	184.6080322265625	180.21633911132813	182.26992797851563
333	332	287.2325744628906	285.6037292480469	271.3690185546875
334	332	296.677734375	285.4053955078125	282.0061950683594
335	332	259.1600341796875	257.0820617675781	262.1779479980469
336	332	353.0318603515625	355.1372375488281	366.4228210449219
337	332	241.3439483642578	232.89454650878906	243.11329650878906
338	332	292.4943542480469	292.61297607421875	279.99053955078125
324	333	221.67202758789063	225.93759155273438	224.23532104492188
325	333	235.79063415527344	241.62139892578125	245.78387451171875
326	333	225.04107666015625	213.82583618164063	221.80447387695313
327	333	290.10650634765625	290.155517578125	280.2994689941406
328	333	244.78109741210938	246.1601104736328	243.11581420898438
329	333	360.91400146484375	351.2559509277344	355.7989807128906
330	333	242.12155151367188	240.0611572265625	243.5081329345703
331	333	240.3325653076172	242.2100067138672	239.168701171875
332	333	181.06304931640625	180.0931854248047	174.2772216796875
333	333	288.81341552734375	277.94775390625	283.8195495605469
334	333	284.1208801269531	276.9469909667969	286.2966003417969
335	333	254.57681274414063	249.85890197753906	259.9195556640625
336	333	355.02313232421875	358.7475280761719	368.490478515625
337	333	246.36746215820313	238.24331665039063	245.73614501953125
338	333	293.59039306640625	304.92425537109375	286.74072265625
324	334	216.72265625	217.4912109375	224.35595703125
325	334	236.2130889892578	242.02426147460938	248.62843322753906
326	334	226.71163940429688	219.85995483398438	218.72747802734375
327	334	291.3865051269531	289.39044189453125	286.3410949707031
328	334	248.24334716796875	248.3697967529297	245.09475708007813
329	334	356.4473876953125	356.26409912109375	354.79412841796875
330	334	244.3957977294922	239.24411010742188	246.19708251953125
331	334	245.21661376953125	240.34616088867188	246.37022399902344
332	334	183.37704467773438	182.89599609375	184.381591796875
333	334	283.3251953125	280.10919189453125	283.4782409667969
334	334	283.83636474609375	275.6734619140625	288.705078125
335	334	259.55035400390625	259.693603515625	262.98321533203125
336	334	346.2892150878906	369.814697265625	355.9419250488281
337	334	238.27297973632813	238.99453735351563	242.46331787109375
338	334	291.32720947265625	292.0042724609375	300.8497314453125
324	335	217.46807861328125	222.47402954101563	218.77474975585938
325	335	238.3350372314453	244.92185974121094	238.23223876953125
326	335	221.26564025878906	219.18212890625	221.1156005859375
327	335	286.21746826171875	298.7981262207031	287.978515625
328	335	241.81417846679688	244.40713500976563	248.6417236328125
329	335	350.13177490234375	357.75225830078125	344.0476379394531
330	335	242.00015258789063	244.58154296875	246.3790283203125
331	335	236.63858032226563	239.38658142089844	245.9429473876953
332	335	184.5484619140625	181.45738220214844	191.00381469726563
333	335	273.3869323730469	280.27984619140625	288.27130126953125
334	335	282.7149658203125	278.7600402832031	285.21490478515625
335	335	263.5984802246094	258.4784240722656	261.3935852050781
336	335	353.4068298339844	364.4001159667969	355.0592956542969
337	335	236.0461883544922	237.8522491455078	241.7118682861328
338	335	304.4929504394531	290.41436767578125	304.63299560546875
324	336	218.62974548339844	221.27896118164063	220.42922973632813
325	336	244.29930114746094	244.54434204101563	243.4927978515625
326	336	220.9809112548828	214.26792907714844	222.73187255859375
327	336	284.4938659667969	293.17242431640625	280.8621520996094
328	336	249.67315673828125	235.48977661132813	241.08657836914063
329	336	350.22802734375	348.544677734375	349.12445068359375
330	336	250.07357788085938	236.40032958984375	245.6134796142578
331	336	249.71588134765625	244.33949279785156	244.12461853027344
332	336	180.9522247314453	176.64071655273438	188.01101684570313
333	336	280.90264892578125	283.06402587890625	288.45880126953125
334	336	279.31622314453125	287.77642822265625	294.52557373046875
335	336	261.110595703125	256.3630065917969	261.9613342285156
336	336	348.0148620605469	377.24676513671875	358.28741455078125
337	336	228.89971923828125	238.8583221435547	236.6913604736328
338	336	311.05889892578125	295.3506774902344	292.6134948730469
324	337	221.95803833007813	222.70248413085938	220.20352172851563
325	337	240.66384887695313	244.37142944335938	248.2340850830078
326	337	222.60670471191406	213.72406005859375	225.1697540283203
327	337	287.7900085449219	287.7344665527344	286.32403564453125
328	337	245.46092224121094	241.4866943359375	244.52926635742188
329	337	352.69830322265625	352.02880859375	335.40826416015625
330	337	237.887939453125	238.60748291015625	240.84002685546875
331	337	245.19378662109375	241.7774658203125	240.66482543945313
332	337	189.5873260498047	179.9142303466797	180.68959045410156
333	337	267.96429443359375	287.3290710449219	284.8517150878906
334	337	283.3296813964844	286.29180908203125	292.5247497558594
335	337	258.71392822265625	261.6137390136719	264.978515625
336	337	346.40838623046875	370.7145080566406	354.27593994140625
337	337	237.95452880859375	243.60513305664063	237.35336303710938
338	337	303.2182312011719	286.31195068359375	299.6571960449219
324	338	218.07931518554688	231.81686401367188	223.6497344970703
325	338	240.07174682617188	242.7827911376953	244.266357421875
326	338	219.53976440429688	218.27484130859375	222.9955291748047
327	338	281.7699890136719	292.4476013183594	279.02947998046875
328	338	247.69046020507813	245.32821655273438	241.6136016845703
329	338	350.60198974609375	352.38818359375	349.1063232421875
330	338	245.6087188720703	241.05062866210938	243.3580780029297
331	338	242.5487823486328	240.9890594482422	241.37533569335938
332	338	182.13095092773438	179.583251953125	176.75103759765625
333	338	275.07159423828125	288.40350341796875	273.46337890625
334	338	279.9631652832031	287.92822265625	283.49505615234375
335	338	252.0122833251953	259.7948913574219	265.1531677246094
336	338	351.176025390625	367.1654968261719	368.70086669921875
337	338	240.51681518554688	236.71725463867188	243.28598022460938
338	338	292.78436279296875	283.02886962890625	290.64434814453125
324	339	217.51483154296875	212.25180053710938	220.23745727539063
325	339	239.37680053710938	240.77017211914063	245.96435546875
326	339	220.89117431640625	220.72100830078125	223.32225036621094
327	339	292.66729736328125	287.47259521484375	284.6187744140625
328	339	247.35269165039063	240.201904296875	242.61865234375
329	339	353.7652587890625	351.60858154296875	348.0012512207031
330	339	241.08786010742188	238.0266571044922	239.79779052734375
331	339	246.8665771484375	243.80189514160156	233.91041564941406
332	339	186.5882568359375	177.824462890625	179.48196411132813
333	339	269.1915283203125	279.7558288574219	281.14215087890625
334	339	288.54547119140625	280.6241455078125	291.2530212402344
335	339	258.54931640625	253.47825622558594	258.87628173828125
336	339	358.5617980957031	373.17242431640625	365.6949768066406
337	339	233.10641479492188	238.93698120117188	244.48855590820313
338	339	297.3444519042969	286.0780029296875	298.72021484375
324	340	209.34820556640625	220.92356872558594	220.6290283203125
325	340	236.9075164794922	244.97412109375	244.0748748779297
326	340	218.10595703125	218.78201293945313	224.69146728515625
327	340	282.2364196777344	286.3421325683594	287.1106872558594
328	340	246.8087921142578	242.30349731445313	246.54214477539063
329	340	355.3956298828125	365.53265380859375	351.9476318359375
330	340	246.774658203125	242.56866455078125	242.1117401123047
331	340	238.71856689453125	234.32058715820313	241.7923126220703
332	340	178.80941772460938	181.19400024414063	187.7687225341797
333	340	276.56951904296875	278.13275146484375	281.7141418457031
334	340	277.0552978515625	278.0696716308594	293.7562561035156
335	340	262.84625244140625	257.909912109375	267.5086669921875
336	340	353.3226623535156	375.5515441894531	354.21307373046875
337	340	240.2238006591797	243.63555908203125	242.62596130371094
338	340	304.97149658203125	286.5491943359375	298.9642639160156
324	341	224.2212677001953	221.09324645996094	212.93035888671875
325	341	239.5798797607422	242.43695068359375	240.62640380859375
326	341	215.52481079101563	218.73753356933594	224.72943115234375
327	341	288.4502868652344	294.2196960449219	285.0766906738281
328	341	245.70472717285156	241.7586212158203	243.11602783203125
329	341	365.4006652832031	348.69769287109375	360.0539245605469
330	341	246.1772003173828	242.00918579101563	246.81130981445313
331	341	243.64382934570313	241.40325927734375	245.77182006835938
332	341	178.36154174804688	178.63247680664063	177.87698364257813
333	341	275.0904541015625	278.20513916015625	277.47528076171875
334	341	287.5989990234375	280.0860595703125	296.1541748046875
335	341	262.16766357421875	256.13330078125	257.80615234375
336	341	364.7427062988281	356.9681701660156	366.4959716796875
337	341	246.1051025390625	241.72496032714844	241.79859924316406
338	341	300.37725830078125	280.5284118652344	292.82562255859375
324	342	217.53897094726563	219.10147094726563	220.77078247070313
325	342	238.30364990234375	241.15467834472656	245.56475830078125
326	342	226.33340454101563	220.240234375	224.63995361328125
327	342	285.3789978027344	288.4622802734375	285.5250549316406
328	342	242.87451171875	243.02935791015625	246.32122802734375
329	342	360.9657897949219	351.7272033691406	346.684326171875
330	342	235.96827697753906	239.92445373535156	241.8790283203125
331	342	238.9319305419922	241.6721649169922	241.9707489013672
332	342	179.8325653076172	179.2273712158203	186.46560668945313
333	342	277.955810546875	284.2186279296875	279.5298767089844
334	342	287.05914306640625	277.39410400390625	288.6952819824219
335	342	260.86553955078125	256.8216857910156	258.12432861328125
336	342	366.79302978515625	364.44384765625	357.8535461425781
337	342	240.45046997070313	242.94012451171875	241.98910522460938
338	342	290.7071838378906	298.6807556152344	298.4113464355469
324	343	209.00564575195313	227.0615234375	222.61351013183594
325	343	239.74600219726563	238.47579956054688	248.12901306152344
326	343	221.79470825195313	223.64320373535156	232.5917205810547
327	343	286.62158203125	297.848876953125	286.8407287597656
328	343	240.4178009033203	245.76806640625	242.49603271484375
329	343	355.8240966796875	352.8787841796875	348.357666015625
330	343	247.7847137451172	242.93182373046875	239.35293579101563
331	343	245.9949951171875	242.23060607910156	240.3496856689453
332	343	185.961181640625	174.6373748779297	183.4614715576172
333	343	286.3976745605469	289.98309326171875	277.6386413574219
334	343	282.2231140136719	284.92913818359375	294.3310546875
335	343	256.4715881347656	256.65606689453125	259.3962707519531
336	343	356.70703125	376.16253662109375	361.9280700683594
337	343	241.9488983154297	240.98631286621094	243.96102905273438
338	343	303.4715881347656	290.4706726074219	289.6058349609375
324	344	221.85678100585938	216.02169799804688	219.82025146484375
325	344	244.65415954589844	241.05389404296875	238.0613555908203
326	344	221.4169464111328	228.24801635742188	226.92628479003906
327	344	289.56610107421875	282.1637878417969	284.63006591796875
328	344	237.6461639404297	242.6646728515625	248.80331420898438
329	344	356.5154724121094	346.0293884277344	333.2727355957031
330	344	242.0685272216797	243.58201599121094	236.35308837890625
331	344	244.39102172851563	243.22361755371094	242.2554931640625
332	344	182.42449951171875	178.16600036621094	185.67015075683594
333	344	270.30413818359375	282.12158203125	288.35675048828125
334	344	296.2416687011719	288.6975402832031	293.5026550292969
335	344	258.1710510253906	254.9580841064453	267.666748046875
336	344	374.278564453125	365.03143310546875	355.4036560058594
337	344	243.2965087890625	242.6802520751953	239.6680908203125
338	344	291.89544677734375	287.01214599609375	302.3901062011719
324	345	218.82550048828125	219.83810424804688	219.59002685546875
325	345	246.31243896484375	247.48085021972656	240.12046813964844
326	345	219.7006378173828	216.61154174804688	222.04827880859375
327	345	287.0978698730469	290.98284912109375	282.0605163574219
328	345	239.28103637695313	254.9083251953125	243.50308227539063
329	345	356.725341796875	350.7947998046875	346.7551574707031
330	345	247.66055297851563	243.9559783935547	245.86080932617188
331	345	239.1568603515625	245.36692810058594	244.06655883789063
332	345	173.93768310546875	183.90306091308594	182.53836059570313
333	345	284.3883056640625	276.9748840332031	282.0997009277344
334	345	286.0708923339844	287.66107177734375	299.1997985839844
335	345	264.1046447753906	254.84750366210938	264.1194763183594
336	345	368.08111572265625	370.49078369140625	364.5330810546875
337	345	246.13650512695313	232.60855102539063	238.72714233398438
338	345	289.8446044921875	283.2570495605469	294.57635498046875
324	346	216.41275024414063	218.03004455566406	222.24432373046875
325	346	244.90951538085938	241.5653839111328	246.93899536132813
326	346	227.403564453125	219.62472534179688	223.45494079589844
327	346	288.1285400390625	290.28997802734375	283.3143615722656
328	346	236.7479248046875	246.0098419189453	245.2694091796875
329	346	349.3260192871094	346.67376708984375	350.5205993652344
330	346	248.22479248046875	244.9728546142578	244.80145263671875
331	346	243.0524444580078	238.8831787109375	236.20806884765625
332	346	177.58216857910156	172.96302795410156	186.37286376953125
333	346	271.97271728515625	280.85986328125	275.718994140625
334	346	288.84783935546875	290.68804931640625	299.625
335	346	264.10491943359375	251.25177001953125	270.62432861328125
336	346	363.71673583984375	360.7010803222656	357.7138366699219
337	346	243.03761291503906	247.02622985839844	239.6766357421875
338	346	296.5057678222656	288.6988220214844	296.15594482421875
324	347	225.0913543701172	225.3389129638672	217.33990478515625
325	347	242.25979614257813	241.8081512451172	243.77252197265625
326	347	222.10208129882813	220.40133666992188	220.0587615966797
327	347	280.0048828125	299.0736083984375	282.4653625488281
328	347	240.68972778320313	239.57708740234375	247.390380859375
329	347	348.61676025390625	350.518310546875	342.72186279296875
330	347	242.24118041992188	240.75405883789063	239.53564453125
331	347	245.35812377929688	248.66409301757813	237.8984832763672
332	347	175.63287353515625	176.22576904296875	186.96475219726563
333	347	274.84637451171875	283.4629211425781	273.4465026855469
334	347	281.09814453125	294.4378662109375	284.5355529785156
335	347	262.3018798828125	254.22598266601563	260.0454406738281
336	347	376.0929260253906	368.06646728515625	352.1994323730469
337	347	249.5485076904297	243.5973358154297	239.85330200195313
338	347	289.644287109375	296.0777893066406	296.2622375488281
324	348	217.42486572265625	220.71649169921875	219.2625732421875
325	348	243.3166046142578	247.28408813476563	247.57485961914063
326	348	218.4150848388672	219.34024047851563	222.8972625732422
327	348	281.6903076171875	290.91827392578125	286.55120849609375
328	348	241.65054321289063	247.818359375	246.73590087890625
329	348	355.9703674316406	350.98504638671875	345.3143310546875
330	348	244.24351501464844	240.2574462890625	241.10592651367188
331	348	240.30517578125	238.56048583984375	240.11392211914063
332	348	174.2402801513672	174.69793701171875	183.2659454345703
333	348	280.5595703125	271.8377380371094	283.6488952636719
334	348	292.1324462890625	283.6244812011719	283.4485778808594
335	348	264.36126708984375	256.3617248535156	263.8045654296875
336	348	363.81982421875	361.52996826171875	354.34503173828125
337	348	240.77142333984375	233.57891845703125	241.34495544433594
338	348	284.92486572265625	287.3255615234375	289.39019775390625
324	349	218.49224853515625	219.6790313720703	220.40032958984375
325	349	243.1715850830078	242.5935516357422	246.21792602539063
326	349	226.3640594482422	218.21502685546875	224.0438232421875
327	349	279.4158020019531	288.0335388183594	296.93756103515625
328	349	241.56283569335938	245.3181915283203	243.676513671875
329	349	354.8424377441406	338.5699768066406	340.29754638671875
330	349	249.11978149414063	245.61224365234375	245.57379150390625
331	349	242.5048065185547	246.70297241210938	245.05250549316406
332	349	178.87350463867188	181.7987060546875	182.88140869140625
333	349	281.5346984863281	279.3750915527344	285.9219055175781
334	349	281.5294189453125	286.1495666503906	288.6495361328125
335	349	261.68060302734375	254.7743682861328	261.42047119140625
336	349	367.8971252441406	356.6909484863281	355.9158020019531
337	349	239.85205078125	234.89688110351563	231.3122100830078
338	349	300.6139831542969	282.6531066894531	282.037353515625
324	350	223.5059814453125	224.825439453125	216.00987243652344
325	350	241.63621520996094	239.31475830078125	241.50079345703125
326	350	220.48451232910156	215.587158203125	225.25445556640625
327	350	281.69183349609375	295.6269226074219	288.33740234375
328	350	238.13723754882813	239.99005126953125	246.13121032714844
329	350	350.4974365234375	352.28363037109375	341.5137939453125
330	350	244.15780639648438	239.860595703125	239.92242431640625
331	350	246.5828399658203	239.3976593017578	243.045654296875
332	350	178.76641845703125	180.6792755126953	185.7264404296875
333	350	285.1824645996094	275.5520935058594	277.5358581542969
334	350	277.59442138671875	286.663818359375	287.2903747558594
335	350	265.1878662109375	257.422607421875	254.81910705566406
336	350	358.65325927734375	374.93701171875	354.1133117675781
337	350	239.0950927734375	241.47540283203125	232.75006103515625
338	350	289.9755859375	289.2130432128906	287.4959411621094
324	351	224.3330841064453	219.58953857421875	217.36679077148438
325	351	243.428955078125	243.84718322753906	245.8326416015625
326	351	221.0042724609375	214.77413940429688	221.1837158203125
327	351	292.4576721191406	291.47198486328125	283.57574462890625
328	351	236.6089324951172	242.58750915527344	243.1889190673828
329	351	345.1396789550781	355.0954895019531	350.1981201171875
330	351	243.3603515625	242.55130004882813	238.5981903076172
331	351	243.9388885498047	237.34732055664063	244.79367065429688
332	351	178.38417053222656	180.25755310058594	187.53598022460938
333	351	281.302734375	288.483154296875	276.2943115234375
334	351	286.7075500488281	274.1836242675781	286.46173095703125
335	351	261.8509826660156	256.4655456542969	261.2206726074219
336	351	357.4059753417969	368.6689453125	362.4913330078125
337	351	240.33587646484375	238.34408569335938	242.8875732421875
338	351	288.5628356933594	293.48809814453125	282.8514404296875
324	352	224.9910888671875	219.8491668701172	217.31402587890625
325	352	239.10360717773438	246.68312072753906	247.27301025390625
326	352	221.0233612060547	219.47393798828125	219.56541442871094
327	352	281.4440002441406	287.28155517578125	285.1053466796875
328	352	239.1435546875	248.22125244140625	248.80409240722656
329	352	357.42431640625	346.81475830078125	351.5218811035156
330	352	241.38064575195313	246.61175537109375	243.3847198486328
331	352	239.31495666503906	244.02381896972656	239.4142303466797
332	352	174.32774353027344	179.8212432861328	184.85482788085938
333	352	277.7577819824219	276.5544128417969	270.44769287109375
334	352	283.2530212402344	299.58404541015625	293.9495544433594
335	352	259.03814697265625	256.2718200683594	260.63104248046875
336	352	345.8612060546875	369.6702575683594	362.7961730957031
337	352	241.50802612304688	240.93077087402344	241.7965850830078
338	352	296.3615417480469	281.7136535644531	290.3495178222656
324	353	224.20440673828125	219.558349609375	213.98570251464844
325	353	233.798095703125	244.41766357421875	244.75192260742188
326	353	224.8721923828125	221.07815551757813	223.12872314453125
327	353	290.095947265625	290.7436218261719	286.6861877441406
328	353	233.575927734375	236.6147003173828	244.68356323242188
329	353	354.03765869140625	359.63275146484375	347.904052734375
330	353	242.64378356933594	241.5354461669922	246.38027954101563
331	353	246.17391967773438	235.16729736328125	243.44778442382813
332	353	175.8736572265625	173.43426513671875	178.3409423828125
333	353	270.2508850097656	285.15032958984375	275.31036376953125
334	353	291.9823913574219	278.7090148925781	289.74432373046875
335	353	255.83270263671875	254.30889892578125	258.5533447265625
336	353	358.4323425292969	373.1129150390625	370.22540283203125
337	353	243.32339477539063	233.1682586669922	240.67112731933594
338	353	295.40167236328125	289.38995361328125	296.475341796875
324	354	217.388671875	222.4390869140625	222.20889282226563
325	354	243.4528350830078	238.43809509277344	240.51882934570313
326	354	213.9869384765625	216.901611328125	222.52027893066406
327	354	284.25457763671875	285.0314636230469	282.1441955566406
328	354	239.6253662109375	243.0135040283203	242.64154052734375
329	354	357.70928955078125	352.8966369628906	349.82794189453125
330	354	245.5199737548828	241.24365234375	245.46974182128906
331	354	246.161376953125	235.41787719726563	239.5760955810547
332	354	176.1810302734375	179.1167755126953	179.31005859375
333	354	279.47412109375	278.16693115234375	266.9406433105469
334	354	294.767578125	280.5987548828125	284.887939453125
335	354	261.5687561035156	258.806396484375	267.8758239746094
336	354	375.9232177734375	366.8206787109375	365.12347412109375
337	354	248.4311065673828	238.3785400390625	241.96194458007813
338	354	286.2554016113281	281.85491943359375	289.0287780761719
324	355	225.86293029785156	221.66676330566406	214.86810302734375
325	355	243.7978973388672	238.08245849609375	244.90625
326	355	228.17086791992188	222.7080078125	217.90463256835938
327	355	284.9565734863281	297.772216796875	284.18670654296875
328	355	244.77783203125	242.93408203125	243.46112060546875
329	355	348.1176452636719	341.1973571777344	344.5905456542969
330	355	245.11863708496094	250.0345916748047	246.26043701171875
331	355	241.20895385742188	242.3665771484375	240.14584350585938
332	355	175.1910400390625	177.21044921875	183.20159912109375
333	355	270.3885803222656	282.4007873535156	268.7607727050781
334	355	291.36865234375	279.70404052734375	288.4117736816406
335	355	257.04840087890625	255.61053466796875	261.94195556640625
336	355	372.2146911621094	357.80230712890625	362.608154296875
337	355	244.51544189453125	230.6630096435547	243.68028259277344
338	355	290.01300048828125	292.538818359375	286.3697509765625
324	356	215.57785034179688	221.9093017578125	215.72613525390625
325	356	242.26254272460938	235.8911590576172	247.77694702148438
326	356	218.15219116210938	217.17227172851563	228.9379119873047
327	356	289.0501708984375	294.9148864746094	282.25579833984375
328	356	241.5575714111328	238.1241912841797	245.90174865722656
329	356	345.98187255859375	345.02783203125	359.43115234375
330	356	243.34173583984375	242.35150146484375	242.82374572753906
331	356	239.04656982421875	238.8939971923828	240.59896850585938
332	356	178.47891235351563	173.31362915039063	181.1743927001953
333	356	282.7151794433594	281.0823059082031	271.9335021972656
334	356	291.8605041503906	291.2590637207031	282.1298522949219
335	356	263.41302490234375	257.27960205078125	261.5589599609375
336	356	353.29998779296875	356.1294250488281	361.4671936035156
337	356	245.26087951660156	238.34910583496094	241.80035400390625
338	356	301.8193664550781	293.8387145996094	292.1827087402344
324	357	219.8745574951172	218.73504638671875	215.1646728515625
325	357	241.34722900390625	242.1321258544922	248.3776092529297
326	357	223.44288635253906	219.958740234375	226.82400512695313
327	357	282.8185119628906	295.4914245605469	291.5056457519531
328	357	240.64047241210938	237.61801147460938	245.4393310546875
329	357	358.3250732421875	342.850341796875	354.0771179199219
330	357	242.28317260742188	239.06265258789063	247.31900024414063
331	357	240.0473175048828	241.75784301757813	238.77536010742188
332	357	179.37890625	175.17747497558594	177.5319061279297
333	357	279.53265380859375	283.4081115722656	269.0545654296875
334	357	287.0872802734375	287.6522521972656	291.51544189453125
335	357	259.5880126953125	255.4107208251953	260.8112487792969
336	357	355.66070556640625	349.1922607421875	374.76287841796875
337	357	244.9012451171875	236.70367431640625	240.5710906982422
338	357	296.1346130371094	293.1767272949219	289.6900329589844
324	358	220.52346801757813	226.14869689941406	219.56942749023438
325	358	242.2876739501953	243.2779083251953	246.82940673828125
326	358	226.114501953125	217.1810760498047	219.09817504882813
327	358	290.1228332519531	301.126953125	288.7204284667969
328	358	244.69415283203125	234.43116760253906	243.11404418945313
329	358	364.2174377441406	341.4788513183594	343.2391357421875
330	358	247.39064025878906	237.9017333984375	240.5665740966797
331	358	237.8225860595703	243.94012451171875	244.5976104736328
332	358	183.02516174316406	176.39215087890625	184.05210876464844
333	358	280.3419189453125	284.7893981933594	275.5923156738281
334	358	286.3265380859375	280.83099365234375	286.0616149902344
335	358	265.1029357910156	253.84722900390625	262.937744140625
336	358	359.2675476074219	343.3580017089844	365.3192138671875
337	358	238.8583221435547	241.0592041015625	243.03964233398438
338	358	299.7904052734375	303.0071105957031	286.3516540527344
324	359	215.31394958496094	223.30667114257813	218.67747497558594
325	359	242.78933715820313	244.18846130371094	243.48098754882813
326	359	226.7563934326172	220.30181884765625	227.60311889648438
327	359	281.95947265625	288.9122009277344	290.7317810058594
328	359	241.00741577148438	230.29281616210938	247.63516235351563
329	359	352.250244140625	349.70977783203125	360.32611083984375
330	359	245.61196899414063	241.30673217773438	245.8580322265625
331	359	246.18753051757813	252.1862030029297	244.1902313232422
332	359	178.76693725585938	176.65879821777344	175.178466796875
333	359	277.699462890625	283.6001281738281	272.2893981933594
334	359	289.516357421875	283.93011474609375	293.21539306640625
335	359	259.7705078125	257.7767333984375	263.48162841796875
336	359	365.9686584472656	349.5117492675781	362.91961669921875
337	359	244.06430053710938	239.68618774414063	242.16024780273438
338	359	291.36767578125	298.2148132324219	293.97589111328125
324	360	219.6490936279297	227.5249481201172	227.87806701660156
325	360	238.51425170898438	243.32215881347656	239.88623046875
326	360	225.3436737060547	220.77529907226563	222.2917938232422
327	360	287.0043640136719	290.6134033203125	287.6550598144531
328	360	237.16787719726563	233.0194549560547	240.8274688720703
329	360	359.15191650390625	343.60986328125	351.3851623535156
330	360	239.75430297851563	239.125732421875	245.1610870361328
331	360	240.72793579101563	239.75680541992188	243.8534393310547
332	360	174.12440490722656	178.07754516601563	178.4547882080078
333	360	280.21826171875	279.50347900390625	280.4321594238281
334	360	291.33721923828125	277.67181396484375	288.5643310546875
335	360	261.0289001464844	256.3494567871094	259.6048889160156
336	360	372.01513671875	345.8310546875	375.28564453125
337	360	247.30014038085938	231.43283081054688	235.46287536621094
338	360	279.81689453125	300.43377685546875	292.8336486816406
324	361	221.83993530273438	221.1580810546875	212.54534912109375
325	361	241.729736328125	243.4005584716797	238.06939697265625
326	361	222.2583770751953	219.08084106445313	225.00839233398438
327	361	288.11370849609375	294.416748046875	280.5713806152344
328	361	243.49578857421875	229.59088134765625	244.71775817871094
329	361	349.7191162109375	345.62225341796875	338.4593811035156
330	361	242.2027130126953	241.10142517089844	247.33230590820313
331	361	242.95216369628906	242.80062866210938	250.92376708984375
332	361	172.7662353515625	175.84173583984375	183.95960998535156
333	361	281.1434326171875	275.54632568359375	284.87640380859375
334	361	292.4315185546875	278.7077941894531	276.82257080078125
335	361	263.2933654785156	258.6013488769531	258.6614074707031
336	361	369.60491943359375	344.2911682128906	357.262451171875
337	361	245.50894165039063	234.44525146484375	242.92279052734375
338	361	287.9189453125	302.321533203125	290.86627197265625
324	362	225.93026733398438	222.47830200195313	218.37034606933594
325	362	246.45997619628906	241.68199157714844	244.4825439453125
326	362	221.00852966308594	223.14959716796875	223.90330505371094
327	362	286.0445251464844	291.0726013183594	286.42425537109375
328	362	238.23348999023438	231.5089874267578	253.0583038330078
329	362	353.3724365234375	354.2626037597656	346.8594665527344
330	362	243.57070922851563	241.20367431640625	244.76150512695313
331	362	244.96405029296875	242.55357360839844	244.22161865234375
332	362	183.29937744140625	179.1713104248047	183.5941925048828
333	362	284.85247802734375	278.50042724609375	287.7105712890625
334	362	287.55474853515625	287.05462646484375	283.42919921875
335	362	263.43408203125	260.3545837402344	264.4366455078125
336	362	383.8310546875	359.3537292480469	354.5659484863281
337	362	246.32777404785156	237.26162719726563	242.08033752441406
338	362	283.4422607421875	291.9889221191406	292.5574645996094
324	363	222.44737243652344	219.054443359375	218.2069854736328
325	363	233.03103637695313	241.26177978515625	245.30084228515625
326	363	225.72219848632813	220.8504638671875	228.53353881835938
327	363	287.4552307128906	297.73504638671875	284.29779052734375
328	363	233.6480255126953	234.1582489013672	246.97793579101563
329	363	360.4060363769531	349.9920349121094	347.9909973144531
330	363	243.38247680664063	247.5826416015625	242.25
331	363	244.53402709960938	238.85879516601563	243.83734130859375
332	363	178.13912963867188	177.91368103027344	181.564697265625
333	363	275.974853515625	268.98822021484375	283.3229064941406
334	363	286.3963928222656	281.13787841796875	291.77178955078125
335	363	262.76531982421875	257.59375	263.7688903808594
336	363	378.8914489746094	351.8156433105469	371.9024963378906
337	363	251.14169311523438	231.9244384765625	241.217529296875
338	363	287.22576904296875	294.26043701171875	290.3937072753906
324	364	218.90921020507813	219.7933807373047	221.92236328125
325	364	239.84881591796875	236.59561157226563	245.59388732910156
326	364	224.53866577148438	225.22329711914063	217.82046508789063
327	364	285.7867126464844	288.5967712402344	291.0228271484375
328	364	241.71011352539063	227.7345733642578	248.02975463867188
329	364	351.6797180175781	348.82366943359375	347.95428466796875
330	364	238.8359375	237.47299194335938	242.39927673339844
331	364	241.5929718017578	241.92526245117188	246.03518676757813
332	364	181.52676391601563	178.79283142089844	182.68789672851563
333	364	282.514892578125	276.57427978515625	275.8135070800781
334	364	294.3094482421875	281.5188903808594	287.68719482421875
335	364	261.8967590332031	254.49415588378906	258.7679443359375
336	364	372.6182861328125	354.871337890625	356.2295227050781
337	364	242.61614990234375	233.3670654296875	238.58209228515625
338	364	278.3783264160156	303.7048034667969	300.75927734375
324	365	221.20179748535156	222.77687072753906	219.5108642578125
325	365	233.9254913330078	244.98544311523438	241.3439483642578
326	365	219.4782257080078	215.4918975830078	218.35198974609375
327	365	281.1923828125	292.0557861328125	294.4649963378906
328	365	239.29940795898438	235.81195068359375	249.20596313476563
329	365	365.5494384765625	353.1363830566406	353.6259765625
330	365	244.25204467773438	243.64837646484375	243.4716796875
331	365	249.87774658203125	238.0120849609375	241.51483154296875
332	365	179.32989501953125	177.36981201171875	179.967529296875
333	365	283.0595397949219	279.611572265625	279.074462890625
334	365	281.3060302734375	279.22552490234375	282.2726135253906
335	365	266.8101806640625	253.31288146972656	265.0730285644531
336	365	380.09930419921875	344.6450500488281	368.96173095703125
337	365	248.55453491210938	229.8848876953125	235.71168518066406
338	365	287.3152770996094	298.8094482421875	291.88360595703125
324	366	218.17005920410156	223.71156311035156	216.50875854492188
325	366	237.77584838867188	244.71673583984375	245.42449951171875
326	366	218.7843017578125	223.135009765625	223.9136199951172
327	366	288.93829345703125	286.0669250488281	284.5541687011719
328	366	239.38131713867188	234.1595001220703	246.04425048828125
329	366	374.61712646484375	349.893310546875	340.1405029296875
330	366	239.6256103515625	245.29306030273438	239.08224487304688
331	366	246.58990478515625	243.33016967773438	247.01034545898438
332	366	175.5345916748047	178.23587036132813	185.27606201171875
333	366	283.2392272949219	274.0999450683594	276.1550598144531
334	366	285.614013671875	288.8837585449219	284.60467529296875
335	366	262.767333984375	263.1900634765625	260.71502685546875
336	366	368.7802734375	335.9001159667969	353.7886047363281
337	366	243.75718688964844	236.2613525390625	240.32757568359375
338	366	286.390869140625	286.9797058105469	294.7507629394531
324	367	219.77325439453125	221.3201904296875	215.45120239257813
325	367	238.6112518310547	239.54293823242188	236.48907470703125
326	367	217.73098754882813	221.1156005859375	222.102294921875
327	367	282.9903869628906	293.91864013671875	288.226318359375
328	367	243.17359924316406	239.86134338378906	248.89028930664063
329	367	355.8755798339844	349.5074462890625	342.97015380859375
330	367	236.39730834960938	245.64617919921875	244.46743774414063
331	367	242.21051025390625	240.35397338867188	243.6724853515625
332	367	173.22264099121094	181.6727752685547	179.95144653320313
333	367	283.65118408203125	275.9082336425781	288.2778625488281
334	367	292.1470031738281	287.4964599609375	285.2744445800781
335	367	254.84901428222656	258.9566955566406	263.9272155761719
336	367	364.10760498046875	344.77545166015625	349.6640319824219
337	367	246.20611572265625	232.0860595703125	228.9502410888672
338	367	289.3874206542969	294.59820556640625	292.80023193359375
324	368	226.70838928222656	219.822021484375	224.09860229492188
325	368	238.72964477539063	246.35794067382813	242.32412719726563
326	368	222.4023895263672	218.91372680664063	218.3562774658203
327	368	286.1111755371094	286.9068603515625	283.77783203125
328	368	238.1852569580078	235.3083038330078	247.80908203125
329	368	355.0907287597656	349.68994140625	347.48455810546875
330	368	249.70787048339844	245.2802276611328	248.63619995117188
331	368	245.9414825439453	244.24172973632813	252.488037109375
332	368	176.98878479003906	177.26600646972656	179.660888671875
333	368	277.9037780761719	279.1373291015625	289.0579528808594
334	368	294.59796142578125	284.6944274902344	280.8038330078125
335	368	255.85911560058594	258.8838195800781	262.7196044921875
336	368	369.9484558105469	337.25677490234375	339.3878173828125
337	368	246.36395263671875	234.16476440429688	230.9488067626953
338	368	289.2633056640625	307.649658203125	295.67742919921875
324	369	231.31219482421875	219.890625	230.681640625
325	369	242.447265625	242.43946838378906	234.45985412597656
326	369	222.88343811035156	207.53460693359375	226.7835235595703
327	369	285.1565856933594	293.5506896972656	288.0933532714844
328	369	235.02430725097656	239.18931579589844	253.09600830078125
329	369	358.5411682128906	351.5251159667969	352.8710021972656
330	369	240.60806274414063	244.36314392089844	241.0617218017578
331	369	243.30880737304688	242.06976318359375	245.99951171875
332	369	175.65347290039063	176.851318359375	181.6855926513672
333	369	276.3520812988281	277.71405029296875	276.26788330078125
334	369	284.7145080566406	283.7825622558594	285.8017578125
335	369	267.8431701660156	257.9594421386719	262.94427490234375
336	369	358.3388977050781	345.0961608886719	358.9669494628906
337	369	244.4641571044922	229.38198852539063	234.39450073242188
338	369	286.98828125	299.7994384765625	296.5947570800781
324	370	224.15362548828125	221.213623046875	221.52247619628906
325	370	246.26168823242188	239.96165466308594	243.67172241210938
326	370	224.50827026367188	218.17909240722656	221.52349853515625
327	370	285.0404968261719	287.4197692871094	288.806884765625
328	370	239.5881805419922	237.05154418945313	246.95785522460938
329	370	348.04400634765625	347.96832275390625	345.94189453125
330	370	245.137451171875	246.315185546875	244.56716918945313
331	370	246.3662109375	239.65576171875	240.45274353027344
332	370	180.59835815429688	178.4095458984375	183.110107421875
333	370	277.6710510253906	270.81964111328125	271.02874755859375
334	370	291.9673156738281	285.9349365234375	280.38385009765625
335	370	261.54034423828125	263.4977111816406	262.2440490722656
336	370	355.3749694824219	355.0862121582031	353.9320983886719
337	370	244.48377990722656	232.16595458984375	238.2571258544922
338	370	287.5580139160156	302.954833984375	302.6225891113281
324	371	221.8587646484375	221.51043701171875	220.92459106445313
325	371	242.93939208984375	242.0685272216797	248.53067016601563
326	371	226.28890991210938	220.21836853027344	227.2716064453125
327	371	284.69769287109375	290.8788146972656	285.5041809082031
328	371	232.6414794921875	233.7767333984375	243.4915008544922
329	371	359.86590576171875	345.4641418457031	350.4919128417969
330	371	236.8142547607422	249.38113403320313	243.70794677734375
331	371	248.23104858398438	238.72836303710938	244.16307067871094
332	371	177.69175720214844	175.21969604492188	183.7412109375
333	371	288.9787902832031	283.9211120605469	266.7481384277344
334	371	291.6166687011719	293.48907470703125	287.6117858886719
335	371	263.39239501953125	253.86709594726563	256.969482421875
336	371	362.258056640625	351.2203369140625	353.574951171875
337	371	238.83168029785156	237.20054626464844	231.5145263671875
338	371	300.6338195800781	310.4718017578125	292.5001525878906
324	372	223.13250732421875	219.0308380126953	224.2059326171875
325	372	244.40660095214844	245.5790557861328	242.19947814941406
326	372	223.81109619140625	218.82199096679688	228.97235107421875
327	372	289.1391296386719	292.9939880371094	276.367431640625
328	372	226.6799774169922	235.98538208007813	251.5840301513672
329	372	355.9786376953125	346.8564758300781	349.3358154296875
330	372	252.8331298828125	240.1825408935547	247.02117919921875
331	372	249.4306640625	233.23158264160156	241.52011108398438
332	372	179.8373260498047	179.83306884765625	186.88055419921875
333	372	275.23822021484375	274.3447265625	284.51116943359375
334	372	280.0787658691406	277.0042724609375	278.35443115234375
335	372	254.9148712158203	260.0318908691406	256.66107177734375
336	372	369.6395263671875	347.8552551269531	346.7878723144531
337	372	244.62527465820313	236.6039276123047	232.85336303710938
338	372	285.14453125	290.5387878417969	296.2740478515625
324	373	220.5521240234375	216.40272521972656	218.58045959472656
325	373	240.0096435546875	238.6753387451172	242.50534057617188
326	373	222.57354736328125	222.29432678222656	224.108154296875
327	373	284.6707763671875	292.55718994140625	282.02581787109375
328	373	235.39828491210938	234.83607482910156	252.90499877929688
329	373	367.87445068359375	353.87506103515625	345.58026123046875
330	373	245.68359375	249.5746612548828	245.76402282714844
331	373	243.3125762939453	245.78890991210938	250.34422302246094
332	373	174.46949768066406	177.508544921875	175.0460205078125
333	373	281.2384033203125	281.2195739746094	272.5535583496094
334	373	286.3446044921875	282.6119079589844	280.7319641113281
335	373	263.29364013671875	255.86688232421875	254.82363891601563
336	373	385.6617126464844	342.5560302734375	338.4415283203125
337	373	246.40769958496094	244.74691772460938	231.68968200683594
338	373	287.8809814453125	289.9697570800781	298.378662109375
324	374	221.3817596435547	220.8896484375	221.95074462890625
325	374	236.6604461669922	241.10342407226563	244.20303344726563
326	374	218.106201171875	221.17613220214844	230.14755249023438
327	374	281.6893005371094	288.48388671875	280.65960693359375
328	374	238.195556640625	235.28570556640625	249.95037841796875
329	374	355.2000732421875	356.78546142578125	347.71527099609375
330	374	246.27223205566406	240.70884704589844	246.08396911621094
331	374	240.96163940429688	247.0706787109375	241.0428466796875
332	374	176.6781463623047	172.89944458007813	186.97830200195313
333	374	278.4994201660156	284.314453125	284.21612548828125
334	374	284.5684814453125	278.1561279296875	289.7026062011719
335	374	271.2174987792969	251.14218139648438	263.818115234375
336	374	364.1171569824219	342.22021484375	354.15203857421875
337	374	239.97999572753906	237.37472534179688	233.12527465820313
338	374	283.2221374511719	305.4344482421875	295.6366882324219
324	375	224.29086303710938	221.56295776367188	211.22311401367188
325	375	236.9957275390625	239.7550506591797	240.67442321777344
326	375	227.1685791015625	214.70123291015625	219.31509399414063
327	375	280.82623291015625	297.574951171875	281.3183288574219
328	375	233.22079467773438	237.5818328857422	254.895263671875
329	375	351.8390197753906	351.7546081542969	335.5203552246094
330	375	241.93682861328125	244.55514526367188	243.61367797851563
331	375	247.6044921875	239.61355590820313	244.44454956054688
332	375	175.02894592285156	169.28561401367188	183.6067352294922
333	375	286.7651062011719	286.04254150390625	289.1831359863281
334	375	293.62152099609375	281.8647155761719	291.3865051269531
335	375	257.20849609375	261.7590026855469	264.1544189453125
336	375	355.0520324707031	346.991455078125	348.9332275390625
337	375	247.31875610351563	232.74803161621094	235.2477264404297
338	375	288.2831115722656	301.886474609375	294.9211730957031
324	376	222.1002960205078	227.53097534179688	211.63905334472656
325	376	239.9468231201172	243.59457397460938	238.61605834960938
326	376	214.16464233398438	227.3585662841797	227.61215209960938
327	376	285.6738586425781	290.4354553222656	281.2074890136719
328	376	241.98130798339844	236.6313018798828	244.9982452392578
329	376	358.0704650878906	345.454345703125	357.0460510253906
330	376	238.8515167236328	252.09848022460938	241.78074645996094
331	376	245.82032775878906	246.1400146484375	244.556640625
332	376	177.50827026367188	180.2507781982422	180.48751831054688
333	376	278.8912658691406	289.55731201171875	280.50653076171875
334	376	295.8726501464844	283.5732116699219	295.8085632324219
335	376	264.7772216796875	253.7693328857422	262.3345642089844
336	376	375.43719482421875	335.8584289550781	355.486083984375
337	376	246.57154846191406	237.75424194335938	237.24327087402344
338	376	294.6268615722656	299.1050109863281	293.6786193847656
324	377	217.34619140625	229.82284545898438	217.2652587890625
325	377	245.86532592773438	241.10769653320313	245.8138427734375
326	377	219.3701171875	217.04635620117188	223.40318298339844
327	377	285.6793518066406	294.0885009765625	288.1622619628906
328	377	237.41595458984375	232.68722534179688	248.64047241210938
329	377	349.7786560058594	350.7545166015625	344.531982421875
330	377	246.49465942382813	247.70704650878906	238.5815887451172
331	377	245.4144287109375	242.6040802001953	251.26882934570313
332	377	180.7142333984375	174.99526977539063	187.20098876953125
333	377	289.2987365722656	283.0823974609375	288.9996643066406
334	377	290.788330078125	277.50970458984375	284.8763732910156
335	377	262.04376220703125	261.16387939453125	261.67205810546875
336	377	362.42498779296875	334.1290283203125	349.6801452636719
337	377	245.47073364257813	229.91632080078125	243.2522735595703
338	377	295.1171875	305.7078857421875	292.5865783691406
324	378	224.68646240234375	225.08355712890625	220.22816467285156
325	378	239.52786254882813	242.98837280273438	247.46881103515625
326	378	218.2291259765625	220.75393676757813	225.97628784179688
327	378	287.17828369140625	295.38763427734375	286.2963562011719
328	378	237.10304260253906	237.74896240234375	247.30441284179688
329	378	364.2360534667969	344.7367858886719	350.1986083984375
330	378	240.5897216796875	245.921875	241.89108276367188
331	378	245.41317749023438	243.08763122558594	243.3837127685547
332	378	176.98098754882813	172.599609375	183.08023071289063
333	378	275.9436950683594	280.19818115234375	283.6890869140625
334	378	298.2718811035156	284.1110534667969	292.5908508300781
335	378	261.6413879394531	256.10791015625	264.4964599609375
336	378	384.4233703613281	347.5328063964844	357.63037109375
337	378	248.0948486328125	233.74932861328125	242.81472778320313
338	378	288.8910827636719	309.4039001464844	285.2340087890625
324	379	218.04037475585938	218.9486541748047	216.87042236328125
325	379	245.24656677246094	244.3098602294922	246.22447204589844
326	379	216.7930145263672	217.098876953125	226.02630615234375
327	379	282.6011047363281	297.6249694824219	289.0682678222656
328	379	237.76528930664063	235.70013427734375	246.16415405273438
329	379	357.1731872558594	339.3573913574219	345.84515380859375
330	379	240.13729858398438	248.5758819580078	244.3103485107422
331	379	243.15850830078125	245.01556396484375	238.08370971679688
332	379	180.40130615234375	179.83181762695313	175.8160858154297
333	379	289.6123962402344	278.5298767089844	286.4853820800781
334	379	287.9754638671875	289.1448974609375	284.16058349609375
335	379	262.9565734863281	259.27386474609375	262.07342529296875
336	379	372.20989990234375	343.1908874511719	362.4354553222656
337	379	243.7144775390625	231.60928344726563	245.8170623779297
338	379	281.933837890625	303.8817443847656	294.1576232910156
324	380	216.63720703125	219.7043914794922	222.2664337158203
325	380	241.4517822265625	239.7620849609375	245.71502685546875
326	380	213.6645050048828	218.99240112304688	232.87545776367188
327	380	290.6561279296875	292.6778259277344	290.7762756347656
328	380	234.4854736328125	235.95396423339844	254.00782775878906
329	380	368.6636657714844	342.5595397949219	361.58026123046875
330	380	245.09703063964844	243.59884643554688	245.3616485595703
331	380	250.47691345214844	246.81858825683594	240.87496948242188
332	380	182.1591033935547	182.34130859375	181.9447021484375
333	380	274.7398376464844	271.80206298828125	285.24407958984375
334	380	292.56195068359375	281.77947998046875	288.5899658203125
335	380	249.3974609375	254.06536865234375	266.1089782714844
336	380	374.1504211425781	351.4515075683594	379.9754333496094
337	380	247.32327270507813	232.7357177734375	238.19081115722656
338	380	286.3089294433594	289.7842712402344	288.5241394042969
324	381	222.1658935546875	221.48504638671875	215.4702911376953
325	381	238.05081176757813	243.51138305664063	238.49215698242188
326	381	225.52716064453125	213.92135620117188	228.0059814453125
327	381	283.2957763671875	296.3338928222656	280.27178955078125
328	381	233.4525146484375	236.75746154785156	249.7470703125
329	381	361.9216003417969	346.778076171875	361.6486511230469
330	381	244.71148681640625	237.60946655273438	247.26271057128906
331	381	244.49685668945313	244.25808715820313	242.8275146484375
332	381	176.2983856201172	178.1974334716797	178.10568237304688
333	381	291.4933166503906	270.10638427734375	288.5279235839844
334	381	296.7684326171875	280.0780334472656	287.9166564941406
335	381	262.2254943847656	259.66497802734375	255.7296905517578
336	381	382.459228515625	358.6773986816406	363.7886657714844
337	381	246.895263671875	230.75375366210938	240.1476287841797
338	381	285.40167236328125	292.9665832519531	298.64556884765625
324	382	220.76499938964844	224.24539184570313	217.28436279296875
325	382	240.2486572265625	239.40695190429688	241.26629638671875
326	382	225.6611328125	216.7869873046875	223.06163024902344
327	382	288.7606201171875	292.1962585449219	280.9812927246094
328	382	240.02597045898438	238.2935791015625	251.6795196533203
329	382	357.6001892089844	348.572265625	348.9015197753906
330	382	233.8686981201172	241.17453002929688	241.97427368164063
331	382	244.872802734375	243.6956024169922	244.35557556152344
332	382	176.17523193359375	183.5831298828125	175.5841064453125
333	382	281.1082458496094	279.0993957519531	283.7255554199219
334	382	297.07733154296875	278.3790588378906	296.2647399902344
335	382	262.690185546875	265.8192138671875	260.59661865234375
336	382	371.71099853515625	353.51513671875	364.7535400390625
337	382	242.71469116210938	233.49172973632813	241.175048828125
338	382	289.5543212890625	291.7431335449219	294.2066345214844
324	383	222.7039794921875	219.2914581298828	216.14862060546875
325	383	245.3807830810547	241.1934051513672	248.40602111816406
326	383	221.1158447265625	212.98440551757813	224.3599853515625
327	383	285.6743469238281	291.2490234375	279.4029846191406
328	383	235.9029541015625	238.14804077148438	245.24053955078125
329	383	357.5343933105469	343.9918518066406	350.3599853515625
330	383	237.16311645507813	243.13087463378906	242.0499267578125
331	383	249.4253692626953	238.4989013671875	236.43096923828125
332	383	176.44342041015625	179.4098358154297	178.4419708251953
333	383	275.0653076171875	270.8337097167969	281.83001708984375
334	383	297.06170654296875	288.313720703125	299.455078125
335	383	259.05926513671875	258.2389221191406	263.90911865234375
336	383	368.0361022949219	343.9559326171875	361.1864318847656
337	383	251.05596923828125	230.32525634765625	242.0343475341797
338	383	290.79461669921875	287.99810791015625	286.2624206542969
324	384	222.59918212890625	217.41102600097656	222.68966674804688
325	384	246.44691467285156	243.3050537109375	247.57159423828125
326	384	230.30035400390625	215.28907775878906	220.57498168945313
327	384	293.6806640625	292.9497375488281	284.5742492675781
328	384	240.20166015625	240.68170166015625	244.21963500976563
329	384	356.3534240722656	348.8930358886719	359.04931640625
330	384	238.6800994873047	246.79949951171875	243.69183349609375
331	384	247.3277587890625	241.57412719726563	242.80162048339844
332	384	175.2948455810547	180.5727081298828	182.24932861328125
333	384	283.67449951171875	274.9901428222656	279.7176208496094
334	384	293.1880187988281	281.21453857421875	284.8941955566406
335	384	261.2900390625	264.2765808105469	277.65570068359375
336	384	385.5079040527344	363.9105529785156	378.4073791503906
337	384	240.92245483398438	231.5147705078125	240.1458740234375
338	384	288.0762634277344	291.530517578125	296.4668273925781
324	385	206.9296875	222.38555908203125	218.61514282226563
325	385	235.0763397216797	245.10455322265625	244.07687377929688
326	385	223.64295959472656	222.6680450439453	225.6661376953125
327	385	287.6050109863281	293.3106384277344	277.78466796875
328	385	244.3271942138672	234.6028594970703	240.0232391357422
329	385	360.96551513671875	345.67877197265625	356.3529357910156
330	385	238.55520629882813	243.59056091308594	239.70428466796875
331	385	245.717529296875	239.0877685546875	237.59109497070313
332	385	179.8468780517578	178.16249084472656	177.18255615234375
333	385	285.9309387207031	284.36566162109375	280.3150329589844
334	385	297.677490234375	281.2481994628906	287.9123840332031
335	385	265.8589172363281	257.3240661621094	262.71307373046875
336	385	367.8197021484375	357.5853576660156	374.56683349609375
337	385	241.9252471923828	231.27249145507813	241.51634216308594
338	385	285.6004638671875	292.88671875	287.398193359375
324	386	220.80548095703125	219.65338134765625	219.55838012695313
325	386	240.8885498046875	246.54641723632813	247.7445068359375
326	386	219.42616271972656	214.53758239746094	220.55665588378906
327	386	285.2413024902344	289.8725280761719	275.98138427734375
328	386	242.83932495117188	243.34326171875	242.2622833251953
329	386	362.5867614746094	353.13787841796875	350.7337341308594
330	386	243.69735717773438	243.12083435058594	252.0045166015625
331	386	239.70175170898438	242.524658203125	240.1292724609375
332	386	178.05038452148438	176.8897705078125	177.67013549804688
333	386	284.57049560546875	275.7391052246094	280.88128662109375
334	386	299.7031555175781	284.24298095703125	284.11663818359375
335	386	262.7703552246094	263.0269470214844	256.92974853515625
336	386	357.35693359375	356.2797546386719	363.6871337890625
337	386	241.01669311523438	227.94088745117188	239.23025512695313
338	386	284.0042419433594	298.95751953125	302.7653503417969
324	387	214.47427368164063	226.18386840820313	221.84719848632813
325	387	238.04074096679688	238.81582641601563	254.23202514648438
326	387	218.4889678955078	222.96713256835938	231.92117309570313
327	387	278.6731262207031	278.4622497558594	280.66943359375
328	387	243.14620971679688	238.7216033935547	243.92332458496094
329	387	350.989013671875	343.5638427734375	349.7897033691406
330	387	242.55029296875	243.7388458251953	250.04638671875
331	387	242.54275512695313	240.03073120117188	240.97119140625
332	387	175.92190551757813	172.3972930908203	182.828125
333	387	277.21844482421875	282.5438232421875	277.64141845703125
334	387	287.3225402832031	288.75433349609375	285.09326171875
335	387	253.05303955078125	257.5211181640625	265.8614196777344
336	387	363.0635986328125	354.4945373535156	354.6858215332031
337	387	244.93563842773438	233.15191650390625	242.48448181152344
338	387	285.5345764160156	302.7289123535156	292.4908447265625
324	388	218.34017944335938	221.42799377441406	227.63829040527344
325	388	239.57484436035156	238.8037872314453	247.67288208007813
326	388	227.378173828125	216.02899169921875	223.61959838867188
327	388	281.3577880859375	290.2640686035156	278.58966064453125
328	388	239.91012573242188	239.85958862304688	242.15293884277344
329	388	354.461669921875	343.6485595703125	348.7711181640625
330	388	246.10507202148438	251.6727294921875	246.61077880859375
331	388	243.669189453125	243.92153930664063	244.2852325439453
332	388	173.60641479492188	176.51351928710938	177.01995849609375
333	388	285.613037109375	282.6664733886719	283.4314880371094
334	388	284.5858459472656	290.0122375488281	278.90106201171875
335	388	255.91615295410156	261.4722595214844	271.3888854980469
336	388	374.6040344238281	348.65521240234375	362.56317138671875
337	388	248.6927490234375	235.32994079589844	238.5926513671875
338	388	297.592041015625	302.8377685546875	294.67486572265625
324	389	228.98770141601563	224.25592041015625	222.26138305664063
325	389	239.08399963378906	244.0303955078125	246.40870666503906
326	389	224.3371124267578	216.19561767578125	227.9059600830078
327	389	288.0777587890625	293.3531188964844	292.2294616699219
328	389	234.23817443847656	246.9402313232422	241.07049560546875
329	389	357.9103698730469	346.84765625	351.2939147949219
330	389	243.52444458007813	239.97470092773438	242.92279052734375
331	389	247.4974365234375	238.30337524414063	242.81443786621094
332	389	178.57290649414063	183.07217407226563	186.4178466796875
333	389	289.865966796875	280.0511169433594	277.45416259765625
334	389	282.0614929199219	279.57763671875	295.1702575683594
335	389	258.9662780761719	256.9802551269531	261.1595764160156
336	389	355.829833984375	364.44183349609375	371.04449462890625
337	389	244.32568359375	239.6082763671875	240.0672149658203
338	389	301.5670166015625	303.4952087402344	287.30621337890625
324	390	222.6700439453125	220.3153839111328	225.23358154296875
325	390	243.74436950683594	243.855712890625	244.52500915527344
326	390	224.78347778320313	214.7034912109375	220.5523681640625
327	390	284.0751037597656	295.63043212890625	287.21295166015625
328	390	239.47181701660156	235.7149658203125	237.11862182617188
329	390	346.28271484375	350.1031188964844	353.5870361328125
330	390	242.3645782470703	249.41180419921875	244.4221954345703
331	390	244.32843017578125	240.78623962402344	238.50393676757813
332	390	174.42298889160156	173.54661560058594	180.72377014160156
333	390	285.7369079589844	277.8095397949219	278.1872863769531
334	390	286.36773681640625	288.87677001953125	286.4247741699219
335	390	255.57135009765625	252.9080047607422	255.60047912597656
336	390	362.640625	356.0909729003906	363.69793701171875
337	390	246.27146911621094	233.22178649902344	243.49781799316406
338	390	284.4159240722656	285.6321105957031	299.6046447753906
324	391	224.72239685058594	221.27593994140625	224.95236206054688
325	391	245.1329345703125	238.4491729736328	246.21719360351563
326	391	231.17019653320313	217.1986541748047	222.90481567382813
327	391	289.7450866699219	289.20574951171875	283.7569580078125
328	391	232.86766052246094	236.3925323486328	239.29638671875
329	391	351.6914978027344	345.6986083984375	353.4153747558594
330	391	242.12030029296875	243.20098876953125	242.1265869140625
331	391	242.8330535888672	242.10719299316406	237.81077575683594
332	391	173.79566955566406	180.5543670654297	186.09713745117188
333	391	281.3487243652344	285.40966796875	281.9745178222656
334	391	293.9515380859375	289.67669677734375	289.42462158203125
335	391	258.7473449707031	255.41476440429688	260.6828308105469
336	391	381.46905517578125	367.3534851074219	372.5738220214844
337	391	251.32516479492188	234.98736572265625	244.9804229736328
338	391	293.161865234375	300.9623107910156	284.24151611328125
324	392	222.2470703125	223.55850219726563	222.4890899658203
325	392	241.63272094726563	243.48626708984375	245.86883544921875
326	392	222.50244140625	212.333984375	222.94375610351563
327	392	292.5878601074219	298.9894104003906	285.1083068847656
328	392	235.41387939453125	231.9342498779297	243.52218627929688
329	392	363.6873779296875	350.0176696777344	346.7089538574219
330	392	245.7399139404297	242.56512451171875	243.54605102539063
331	392	248.41000366210938	242.05218505859375	239.86183166503906
332	392	174.34255981445313	178.75711059570313	185.42910766601563
333	392	275.33270263671875	276.4835510253906	282.19622802734375
334	392	297.1210021972656	284.0213623046875	284.4692077636719
335	392	264.1509094238281	254.55621337890625	266.0323181152344
336	392	378.0439758300781	366.1252746582031	353.2095642089844
337	392	245.3867950439453	238.494140625	240.57589721679688
338	392	286.3556823730469	287.5374755859375	299.80096435546875
324	393	220.07308959960938	218.13912963867188	218.59878540039063
325	393	229.04824829101563	244.20932006835938	247.26220703125
326	393	224.689208984375	218.68980407714844	223.5378875732422
327	393	289.3970031738281	288.1333312988281	285.2760009765625
328	393	236.35784912109375	235.19647216796875	241.2283172607422
329	393	364.77587890625	348.95257568359375	350.5713195800781
330	393	238.29383850097656	240.04710388183594	248.34642028808594
331	393	249.61863708496094	244.26986694335938	236.78964233398438
332	393	177.62289428710938	180.9220733642578	182.3026123046875
333	393	281.310546875	273.6774597167969	290.2319030761719
334	393	277.3616943359375	280.031005859375	294.3667297363281
335	393	260.67352294921875	259.5048522949219	262.44158935546875
336	393	365.7117919921875	357.4798278808594	353.3338928222656
337	393	244.3573760986328	236.30758666992188	239.8663787841797
338	393	302.8231201171875	285.0497741699219	282.5455322265625
324	394	216.73849487304688	223.60324096679688	223.76486206054688
325	394	237.196533203125	241.33639526367188	248.95614624023438
326	394	220.87533569335938	219.071533203125	223.19308471679688
327	394	284.92864990234375	293.67535400390625	283.88287353515625
328	394	238.57708740234375	233.68724060058594	243.35606384277344
329	394	356.3963623046875	341.6879577636719	350.4281005859375
330	394	243.37266540527344	245.7228240966797	251.8614959716797
331	394	248.0247039794922	240.31248474121094	242.30601501464844
332	394	177.87071228027344	177.36880493164063	181.41265869140625
333	394	275.7554626464844	292.8736267089844	290.4636535644531
334	394	287.8287048339844	287.475341796875	286.1684265136719
335	394	258.0735778808594	253.03994750976563	260.308349609375
336	394	359.77874755859375	364.26470947265625	351.5125427246094
337	394	250.08563232421875	236.53378295898438	238.43331909179688
338	394	298.9034729003906	290.0109558105469	298.0067138671875
324	395	226.63851928710938	221.72708129882813	222.8233642578125
325	395	237.45513916015625	239.21218872070313	246.67031860351563
326	395	220.4380340576172	213.45262145996094	218.47769165039063
327	395	293.76202392578125	284.59991455078125	286.8370056152344
328	395	227.04869079589844	230.41522216796875	239.50070190429688
329	395	358.9656982421875	341.5381774902344	353.174072265625
330	395	243.16607666015625	242.18487548828125	238.2752227783203
331	395	245.3144073486328	241.05413818359375	239.22299194335938
332	395	179.7410888671875	179.06324768066406	181.66925048828125
333	395	283.63555908203125	282.7378234863281	288.54425048828125
334	395	281.47088623046875	287.75531005859375	292.86529541015625
335	395	254.75125122070313	257.33740234375	259.8338317871094
336	395	367.21905517578125	348.3408508300781	350.77166748046875
337	395	248.27529907226563	237.40211486816406	238.72686767578125
338	395	291.6881103515625	285.90203857421875	307.8690490722656
324	396	224.53216552734375	224.79879760742188	220.03237915039063
325	396	238.70831298828125	242.14517211914063	248.59877014160156
326	396	225.78549194335938	206.75299072265625	218.387451171875
327	396	286.7030334472656	298.3492736816406	276.4945983886719
328	396	230.60848999023438	234.3555145263672	240.06292724609375
329	396	355.6997375488281	346.3923034667969	351.30877685546875
330	396	248.4351348876953	247.3441162109375	245.32318115234375
331	396	239.4805908203125	243.0062255859375	240.86741638183594
332	396	177.61610412597656	177.09686279296875	184.5155487060547
333	396	279.22503662109375	287.5627746582031	290.5566101074219
334	396	283.75543212890625	283.2902526855469	290.4588317871094
335	396	264.6301574707031	256.3502197265625	262.48712158203125
336	396	377.9733581542969	377.1255798339844	364.067626953125
337	396	247.1898193359375	233.7163848876953	242.30126953125
338	396	297.1358642578125	287.12774658203125	297.6950378417969
324	397	225.5364532470703	221.7866668701172	221.90576171875
325	397	234.31631469726563	236.9751434326172	249.4238739013672
326	397	223.72889709472656	217.76339721679688	230.91864013671875
327	397	283.80169677734375	290.7011413574219	277.04876708984375
328	397	237.04623413085938	232.50048828125	247.10235595703125
329	397	350.4197998046875	345.19696044921875	356.5368347167969
330	397	238.76077270507813	247.41375732421875	244.28900146484375
331	397	240.25315856933594	243.13113403320313	238.39736938476563
332	397	178.0142059326172	175.64218139648438	184.11793518066406
333	397	274.8079528808594	285.0234069824219	282.3432312011719
334	397	291.37042236328125	288.1707458496094	287.46148681640625
335	397	256.7852478027344	254.66632080078125	266.0569763183594
336	397	361.86224365234375	354.6370849609375	367.0587158203125
337	397	249.166259765625	234.5301971435547	240.43161010742188
338	397	293.1337585449219	297.8192443847656	294.4019470214844
324	398	230.5501708984375	223.9812469482422	224.3753204345703
325	398	239.75454711914063	235.83084106445313	245.21063232421875
326	398	226.302001953125	225.6475372314453	220.7755584716797
327	398	289.5292053222656	290.9552001953125	282.85369873046875
328	398	229.10354614257813	231.75152587890625	250.4010467529297
329	398	363.2864990234375	339.0336608886719	343.961181640625
330	398	242.13787841796875	245.91909790039063	241.04586791992188
331	398	246.09225463867188	237.73486328125	245.58157348632813
332	398	178.49197387695313	176.16769409179688	180.88034057617188
333	398	281.943115234375	282.1806335449219	280.55126953125
334	398	281.1575012207031	284.3852844238281	289.1159973144531
335	398	265.35601806640625	250.69281005859375	261.4066467285156
336	398	372.939208984375	347.6599426269531	367.80889892578125
337	398	246.8027801513672	246.12242126464844	240.31826782226563
338	398	291.034912109375	298.0072326660156	296.2788391113281
324	399	215.8332061767578	220.40182495117188	226.44473266601563
325	399	241.030029296875	236.28094482421875	240.0186767578125
326	399	228.03717041015625	222.2541046142578	217.68572998046875
327	399	290.1851806640625	289.3231201171875	287.5904846191406
328	399	237.11634826660156	230.60646057128906	247.08651733398438
329	399	350.57183837890625	339.80548095703125	352.7154235839844
330	399	243.51414489746094	244.06378173828125	244.98794555664063
331	399	241.34393310546875	242.82225036621094	243.87429809570313
332	399	175.89173889160156	178.6809844970703	183.596435546875
333	399	280.8393249511719	278.81512451171875	284.87738037109375
334	399	298.0620422363281	287.1865539550781	280.0335388183594
335	399	258.0597229003906	255.2599334716797	258.7855529785156
336	399	363.6225280761719	357.34161376953125	350.63116455078125
337	399	244.4551239013672	242.14894104003906	244.317138671875
338	399	285.1257019042969	289.4932556152344	301.3739929199219
324	400	221.08970642089844	219.78306579589844	229.16358947753906
325	400	237.19705200195313	242.73477172851563	242.58750915527344
326	400	218.61941528320313	224.97824096679688	228.72052001953125
327	400	286.30242919921875	289.7249755859375	272.4658203125
328	400	232.731689453125	227.15147399902344	242.35325622558594
329	400	343.15948486328125	338.2156066894531	354.06732177734375
330	400	238.44110107421875	243.5804901123047	245.4481201171875
331	400	243.21807861328125	247.50271606445313	243.29776000976563
332	400	178.57391357421875	176.56881713867188	188.04946899414063
333	400	280.6952819824219	278.0877685546875	266.6280212402344
334	400	287.0101318359375	287.24334716796875	285.77008056640625
335	400	260.4463195800781	251.0972137451172	257.9375915527344
336	400	371.0967712402344	347.8346252441406	355.1703796386719
337	400	240.4014434814453	241.13182067871094	242.02276611328125
338	400	287.0518493652344	288.5502624511719	289.24066162109375
324	401	222.1968231201172	221.07891845703125	223.98976135253906
325	401	244.47750854492188	243.58554077148438	247.8701629638672
326	401	228.1394500732422	221.4503631591797	222.844482421875
327	401	287.7684020996094	294.9241638183594	277.0626220703125
328	401	239.177001953125	231.92947387695313	235.8969268798828
329	401	351.9797668457031	336.9229736328125	360.10418701171875
330	401	251.2952423095703	239.95236206054688	247.7965087890625
331	401	241.53846740722656	244.23519897460938	244.15753173828125
332	401	178.4665985107422	173.43075561523438	185.02899169921875
333	401	280.37005615234375	291.0306091308594	264.7126159667969
334	401	284.896484375	288.397216796875	281.66162109375
335	401	259.51416015625	259.1133117675781	259.75091552734375
336	401	360.0426330566406	349.9721984863281	356.9239196777344
337	401	236.90750122070313	241.35047912597656	242.2276153564453
338	401	296.2494201660156	300.83489990234375	293.71075439453125
324	402	225.17984008789063	215.9910430908203	216.44017028808594
325	402	241.87852478027344	237.7957000732422	245.36619567871094
326	402	228.35635375976563	223.74850463867188	217.91091918945313
327	402	286.80078125	291.1253662109375	276.256591796875
328	402	235.03787231445313	234.00216674804688	241.7360076904297
329	402	358.53033447265625	349.5032043457031	356.57733154296875
330	402	235.7147216796875	239.29209899902344	249.47488403320313
331	402	245.30209350585938	240.86415100097656	235.26382446289063
332	402	176.125732421875	175.28126525878906	180.47796630859375
333	402	284.6645202636719	286.1119079589844	276.2437438964844
334	402	297.7890625	286.5346374511719	277.22650146484375
335	402	256.32305908203125	251.76373291015625	257.84710693359375
336	402	364.4679870605469	345.91497802734375	362.710693359375
337	402	249.9194793701172	239.90208435058594	245.3093719482422
338	402	300.1135559082031	302.0709533691406	283.608154296875
324	403	224.697509765625	226.84262084960938	225.90087890625
325	403	235.26910400390625	238.97265625	241.30526733398438
326	403	226.37661743164063	222.8203582763672	223.1988525390625
327	403	290.69287109375	297.15118408203125	282.3562927246094
328	403	233.20896911621094	234.328369140625	242.02679443359375
329	403	353.3171081542969	340.6487121582031	356.2214050292969
330	403	240.30772399902344	243.37442016601563	239.9902801513672
331	403	250.07981872558594	251.41134643554688	246.46673583984375
332	403	170.5779266357422	171.72323608398438	186.30072021484375
333	403	273.1843566894531	287.8410339355469	274.15423583984375
334	403	277.4053955078125	288.43365478515625	292.53857421875
335	403	255.95309448242188	252.4747314453125	260.0110168457031
336	403	365.696533203125	348.30438232421875	360.40179443359375
337	403	241.77545166015625	243.70919799804688	240.88375854492188
338	403	288.11346435546875	291.88818359375	302.27423095703125
324	404	221.72482299804688	228.50637817382813	223.3340606689453
325	404	246.552978515625	241.50628662109375	242.97178649902344
326	404	218.52944946289063	222.1915283203125	213.0623016357422
327	404	287.7083435058594	289.07427978515625	288.79754638671875
328	404	234.69808959960938	244.45663452148438	244.90573120117188
329	404	349.363525390625	340.5820617675781	353.6211853027344
330	404	240.63267517089844	243.1090087890625	243.43222045898438
331	404	247.49090576171875	246.3963623046875	245.21664428710938
332	404	175.91334533691406	173.5074005126953	184.569580078125
333	404	282.50433349609375	284.0372009277344	272.0996398925781
334	404	279.4017028808594	291.30328369140625	281.5244140625
335	404	261.15509033203125	253.5569610595703	266.1846618652344
336	404	369.051513671875	350.3690185546875	362.01904296875
337	404	239.50723266601563	246.70098876953125	240.71287536621094
338	404	292.0824279785156	300.9183349609375	289.34271240234375
324	405	224.47056579589844	218.2871551513672	228.10879516601563
325	405	252.129150390625	246.35818481445313	242.27511596679688
326	405	216.33511352539063	219.3545379638672	222.79144287109375
327	405	285.00152587890625	286.7264099121094	282.7848205566406
328	405	237.9029998779297	242.44700622558594	244.15476989746094
329	405	362.90350341796875	341.774169921875	346.2914733886719
330	405	244.034912109375	243.77401733398438	244.06556701660156
331	405	248.93629455566406	250.05343627929688	247.7004852294922
332	405	177.47537231445313	175.74649047851563	186.7666778564453
333	405	278.2747802734375	284.8992614746094	279.1842956542969
334	405	272.3331298828125	281.07757568359375	287.9189453125
335	405	253.37722778320313	257.71240234375	256.7008056640625
336	405	378.1867370605469	342.1468505859375	355.716796875
337	405	236.0856475830078	240.8121337890625	243.1339111328125
338	405	301.70196533203125	297.8815612792969	287.0802307128906
324	406	219.88760375976563	223.41751098632813	228.931884765625
325	406	246.84046936035156	242.06875610351563	244.89016723632813
326	406	223.18630981445313	222.05581665039063	227.78353881835938
327	406	288.7347412109375	287.52838134765625	284.9764099121094
328	406	241.5947723388672	243.01451110839844	240.69952392578125
329	406	360.8262634277344	347.4333190917969	342.4952087402344
330	406	237.7801055908203	239.62034606933594	242.9190216064453
331	406	245.26214599609375	246.1674041748047	243.63905334472656
332	406	177.0177001953125	175.42303466796875	186.4693603515625
333	406	281.6842346191406	280.49774169921875	272.8543701171875
334	406	282.7760009765625	283.5536193847656	283.82080078125
335	406	258.301513671875	256.94183349609375	261.7416687011719
336	406	360.7308044433594	347.53350830078125	365.2994079589844
337	406	236.0381622314453	241.456787109375	236.412109375
338	406	303.1061706542969	294.2247314453125	296.24639892578125
324	407	223.6097869873047	228.94998168945313	222.8173370361328
325	407	248.77896118164063	243.62149047851563	243.4181365966797
326	407	219.1331024169922	220.53805541992188	224.2687530517578
327	407	283.3214111328125	284.3809814453125	277.9673767089844
328	407	244.50588989257813	247.21469116210938	242.79183959960938
329	407	353.9059753417969	337.82952880859375	355.29779052734375
330	407	242.1713104248047	243.8054656982422	241.78050231933594
331	407	248.15415954589844	245.7901611328125	243.63201904296875
332	407	178.78076171875	176.5881805419922	183.9862518310547
333	407	278.26141357421875	277.82086181640625	269.14727783203125
334	407	284.24151611328125	284.871337890625	296.5585632324219
335	407	255.60325622558594	259.0391540527344	258.08209228515625
336	407	368.3445129394531	347.5890808105469	346.5660095214844
337	407	238.58436584472656	239.68441772460938	240.04885864257813
338	407	303.28839111328125	296.1795349121094	289.99237060546875
324	408	222.89047241210938	222.0203857421875	225.49925231933594
325	408	248.09156799316406	241.10943603515625	258.6126708984375
326	408	217.568115234375	224.6190948486328	224.56935119628906
327	408	281.45025634765625	293.033447265625	287.2315368652344
328	408	235.9612579345703	245.74517822265625	242.60986328125
329	408	363.86376953125	349.9317626953125	352.0921325683594
330	408	243.76800537109375	240.54949951171875	245.9289093017578
331	408	246.85755920410156	241.79632568359375	244.29879760742188
332	408	181.73208618164063	178.43165588378906	182.59063720703125
333	408	279.986083984375	275.068603515625	277.1302185058594
334	408	289.0466613769531	285.64996337890625	296.52667236328125
335	408	257.71514892578125	250.21652221679688	264.7817077636719
336	408	369.71697998046875	353.26458740234375	361.8974304199219
337	408	236.03392028808594	243.14797973632813	245.61123657226563
338	408	299.11407470703125	292.44158935546875	298.1524963378906
324	409	216.66458129882813	215.90380859375	220.7758026123047
325	409	247.53765869140625	239.81588745117188	240.88226318359375
326	409	220.3173828125	226.60208129882813	229.85501098632813
327	409	286.12823486328125	297.8740539550781	285.6522216796875
328	409	235.41714477539063	250.16427612304688	242.45957946777344
329	409	355.087158203125	344.0049133300781	349.9060974121094
330	409	247.5896759033203	246.31619262695313	242.881591796875
331	409	246.91685485839844	249.3366241455078	244.90977478027344
332	409	178.7827606201172	177.72091674804688	187.28416442871094
333	409	274.5244445800781	290.1007385253906	274.7973937988281
334	409	281.849609375	288.5698547363281	290.6850280761719
335	409	254.998291015625	245.9077911376953	255.9169158935547
336	409	372.2639465332031	340.0744323730469	369.0045166015625
337	409	244.35964965820313	241.68499755859375	244.55062866210938
338	409	296.6158752441406	293.6444396972656	284.2274169921875
324	410	219.250244140625	218.80844116210938	218.16650390625
325	410	250.07330322265625	250.71194458007813	240.87673950195313
326	410	218.37689208984375	226.11172485351563	223.6492156982422
327	410	291.0889587402344	287.49822998046875	295.4381408691406
328	410	238.37399291992188	246.964111328125	240.80307006835938
329	410	349.7015075683594	342.65106201171875	353.6139221191406
330	410	242.54351806640625	239.73167419433594	244.19375610351563
331	410	254.03945922851563	248.00839233398438	244.9092559814453
332	410	188.17713928222656	178.52288818359375	186.51736450195313
333	410	283.5058898925781	274.2530212402344	277.7215881347656
334	410	285.1493225097656	288.380859375	287.1006164550781
335	410	260.15631103515625	252.67404174804688	258.2429504394531
336	410	354.8735656738281	341.6625671386719	366.0621337890625
337	410	243.326171875	240.2157440185547	246.01083374023438
338	410	309.13800048828125	300.27117919921875	293.7022399902344
324	411	223.91664123535156	221.89144897460938	221.8203125
325	411	242.90771484375	241.3004608154297	244.55238342285156
326	411	225.52337646484375	220.91656494140625	225.01719665527344
327	411	289.054443359375	290.4389953613281	283.9927062988281
328	411	239.67762756347656	252.77027893066406	246.6346435546875
329	411	350.4047546386719	339.903564453125	360.9493713378906
330	411	248.36831665039063	238.6785888671875	245.4111785888672
331	411	258.8132019042969	249.7015838623047	244.86526489257813
332	411	178.14590454101563	177.21397399902344	183.29811096191406
333	411	284.29180908203125	283.598388671875	280.7364807128906
334	411	279.056396484375	290.17431640625	285.52325439453125
335	411	259.7624816894531	253.74041748046875	262.71331787109375
336	411	353.8865966796875	355.1746826171875	351.20843505859375
337	411	232.5582733154297	239.80831909179688	244.33596801757813
338	411	296.59375	283.09771728515625	301.9450378417969
324	412	226.25299072265625	222.9455108642578	219.05471801757813
325	412	249.29896545410156	239.7874755859375	242.600830078125
326	412	216.02645874023438	224.53289794921875	227.78482055664063
327	412	290.8147277832031	282.63702392578125	285.11761474609375
328	412	236.7738037109375	243.90673828125	243.74459838867188
329	412	356.3041076660156	345.4216613769531	363.8811340332031
330	412	239.3207550048828	240.18807983398438	241.2861328125
331	412	246.08975219726563	248.99961853027344	241.97299194335938
332	412	181.9512481689453	174.77659606933594	182.64793395996094
333	412	285.2510986328125	291.22113037109375	280.40423583984375
334	412	281.9076843261719	287.5655517578125	285.6600036621094
335	412	253.5908660888672	247.6708526611328	256.5602722167969
336	412	352.1795959472656	349.271728515625	359.8740234375
337	412	246.5680389404297	247.4265594482422	243.6820526123047
338	412	293.861572265625	299.68658447265625	290.2550354003906
324	413	217.9292755126953	216.27606201171875	220.20680236816406
325	413	251.24070739746094	242.85720825195313	241.2109832763672
326	413	222.55319213867188	221.88365173339844	223.43032836914063
327	413	283.3033447265625	289.71142578125	287.83526611328125
328	413	237.11460876464844	246.51901245117188	237.82334899902344
329	413	342.3464050292969	347.9190979003906	365.7348937988281
330	413	240.40371704101563	243.8456573486328	255.2332763671875
331	413	249.50628662109375	248.87820434570313	245.13442993164063
332	413	178.41758728027344	174.4963836669922	184.6183319091797
333	413	279.31048583984375	284.9909973144531	277.0472717285156
334	413	281.9720458984375	287.2742919921875	283.710205078125
335	413	258.40582275390625	251.43902587890625	270.2672119140625
336	413	352.3110656738281	351.1838073730469	360.0484313964844
337	413	241.0772705078125	245.84597778320313	241.53770446777344
338	413	307.796142578125	298.1839294433594	287.3097229003906
324	414	223.476806640625	218.02127075195313	227.05245971679688
325	414	246.33328247070313	244.8396759033203	245.06106567382813
326	414	225.58619689941406	220.55538940429688	226.86395263671875
327	414	296.7095947265625	280.2818603515625	280.8244934082031
328	414	237.427490234375	250.4402313232422	241.5487823486328
329	414	351.07098388671875	355.0733947753906	345.9833679199219
330	414	239.10787963867188	237.22921752929688	248.12527465820313
331	414	250.618408203125	247.1108856201172	244.46368408203125
332	414	181.98492431640625	176.6190948486328	177.27456665039063
333	414	285.6147766113281	290.505859375	271.834716796875
334	414	280.06268310546875	290.7712707519531	287.0412902832031
335	414	256.78424072265625	251.2045135498047	259.2032470703125
336	414	364.7969970703125	350.45751953125	358.200927734375
337	414	235.3314208984375	237.9620819091797	242.07203674316406
338	414	299.4299621582031	307.72430419921875	291.8688049316406
324	415	214.22821044921875	222.58486938476563	217.79782104492188
325	415	244.98992919921875	247.99180603027344	242.4482879638672
326	415	218.05316162109375	221.99801635742188	224.85862731933594
327	415	287.72894287109375	285.79974365234375	289.7626647949219
328	415	233.23736572265625	255.92369079589844	243.11907958984375
329	415	349.92095947265625	366.7339782714844	347.27392578125
330	415	243.25579833984375	237.84896850585938	244.359375
331	415	248.36123657226563	244.3754425048828	246.50015258789063
332	415	181.16409301757813	178.65206909179688	181.36566162109375
333	415	284.6051940917969	280.33184814453125	272.585205078125
334	415	294.9583740234375	288.4319152832031	286.0143737792969
335	415	258.6478271484375	251.01351928710938	263.1493835449219
336	415	370.5210266113281	349.5876770019531	355.5240173339844
337	415	246.42654418945313	242.52293395996094	245.50216674804688
338	415	292.1997985839844	293.6009216308594	302.133056640625
324	416	220.7667694091797	216.714111328125	222.69493103027344
325	416	245.20787048339844	246.152099609375	241.85186767578125
326	416	223.135009765625	221.87660217285156	225.59046936035156
327	416	290.6111755371094	285.3307800292969	287.4266052246094
328	416	237.29983520507813	249.70912170410156	242.24420166015625
329	416	356.3277893066406	347.2179260253906	354.92132568359375
330	416	239.66409301757813	238.31622314453125	247.07095336914063
331	416	245.21539306640625	244.54708862304688	244.81173706054688
332	416	183.20989990234375	174.25233459472656	182.9789276123047
333	416	282.1607971191406	276.98040771484375	283.7486572265625
334	416	284.6021728515625	290.3914794921875	288.6234130859375
335	416	258.3583068847656	249.20419311523438	264.85614013671875
336	416	375.71893310546875	341.2519226074219	354.7667541503906
337	416	241.57818603515625	243.54681396484375	244.59310913085938
338	416	297.9833068847656	289.3955078125	289.9292907714844
324	417	222.15585327148438	219.39627075195313	219.97232055664063
325	417	244.74038696289063	246.18829345703125	245.53005981445313
326	417	219.01150512695313	229.34783935546875	226.4434814453125
327	417	285.9716491699219	283.36083984375	292.02032470703125
328	417	236.4151611328125	253.03594970703125	240.55050659179688
329	417	355.0559997558594	349.2674560546875	355.15606689453125
330	417	243.65365600585938	247.47256469726563	238.4868621826172
331	417	242.88180541992188	250.95721435546875	239.4549560546875
332	417	185.69073486328125	179.48699951171875	184.53489685058594
333	417	288.60003662109375	279.5401916503906	280.2064514160156
334	417	275.6812744140625	296.25396728515625	285.19354248046875
335	417	258.2328796386719	249.96975708007813	265.789306640625
336	417	359.13336181640625	349.7231140136719	356.809326171875
337	417	243.21832275390625	243.36236572265625	246.9022979736328
338	417	290.5829772949219	303.5929870605469	292.3154296875
324	418	222.99703979492188	216.70481872558594	222.0688934326172
325	418	239.0681915283203	245.56198120117188	240.13934326171875
326	418	224.31576538085938	222.70071411132813	219.4834747314453
327	418	288.26751708984375	280.48870849609375	292.9007568359375
328	418	233.95616149902344	257.8885803222656	240.08428955078125
329	418	365.3898620605469	365.00634765625	353.8272705078125
330	418	236.7481689453125	242.40806579589844	241.8543701171875
331	418	250.61590576171875	246.59140014648438	239.78594970703125
332	418	176.57460021972656	176.3672637939453	180.94720458984375
333	418	283.9914245605469	287.43939208984375	273.4472351074219
334	418	282.8607177734375	282.73077392578125	281.5859680175781
335	418	257.61236572265625	254.1762237548828	264.8304748535156
336	418	366.3037414550781	352.2087707519531	362.8592529296875
337	418	238.9339599609375	243.63906860351563	245.44888305664063
338	418	291.0579833984375	284.2744445800781	287.54193115234375
324	419	219.6792755126953	215.78872680664063	217.07351684570313
325	419	242.4947509765625	240.93728637695313	237.3347625732422
326	419	222.92039489746094	223.04754638671875	228.51419067382813
327	419	294.3136901855469	292.4131774902344	288.9609375
328	419	234.47616577148438	245.15682983398438	251.56341552734375
329	419	346.5692138671875	355.0045166015625	348.97064208984375
330	419	240.16571044921875	238.72311401367188	245.28173828125
331	419	246.53787231445313	238.5589599609375	241.72845458984375
332	419	174.88442993164063	173.0150604248047	180.8587188720703
333	419	278.9168701171875	292.1935119628906	275.2198486328125
334	419	273.2044677734375	283.9160461425781	281.18963623046875
335	419	261.39935302734375	257.48870849609375	260.1595764160156
336	419	361.3208923339844	346.8085021972656	368.11297607421875
337	419	241.5078125	239.4893798828125	242.06826782226563
338	419	303.9820251464844	299.4701843261719	292.913818359375
324	420	223.09153747558594	213.92286682128906	219.2869415283203
325	420	245.87489318847656	246.64266967773438	236.538818359375
326	420	223.9417724609375	223.50872802734375	228.42547607421875
327	420	289.020263671875	268.6753234863281	285.614501953125
328	420	234.40052795410156	255.67086791992188	244.863037109375
329	420	358.3027038574219	365.3099365234375	342.0262145996094
330	420	248.08251953125	242.76873779296875	240.1544189453125
331	420	249.86569213867188	242.70387268066406	243.045654296875
332	420	177.01242065429688	179.14291381835938	188.3372344970703
333	420	283.531005859375	287.53997802734375	282.5599060058594
334	420	281.44146728515625	281.9232177734375	291.7946472167969
335	420	256.2690124511719	253.10833740234375	260.5202331542969
336	420	353.04669189453125	349.9048156738281	350.41302490234375
337	420	238.2345428466797	242.34396362304688	238.93649291992188
338	420	296.0249938964844	303.0943298339844	299.4935607910156
324	421	217.96621704101563	216.36676025390625	217.3419189453125
325	421	236.26712036132813	240.49972534179688	239.1898193359375
326	421	221.40138244628906	223.93875122070313	229.9915008544922
327	421	290.03411865234375	278.8816833496094	287.0410461425781
328	421	233.61761474609375	247.9701690673828	249.53366088867188
329	421	348.77081298828125	355.31842041015625	352.6880187988281
330	421	245.2513427734375	240.3765869140625	244.28549194335938
331	421	249.01620483398438	246.1385040283203	246.4629669189453
332	421	180.47445678710938	178.6953125	181.72531127929688
333	421	278.79803466796875	295.32958984375	268.93670654296875
334	421	274.1856384277344	274.147705078125	282.34576416015625
335	421	256.2770690917969	258.0340881347656	265.1079406738281
336	421	354.5270080566406	352.481689453125	365.167724609375
337	421	247.2174530029297	237.93215942382813	243.76321411132813
338	421	286.8412170410156	297.0826110839844	298.45806884765625
324	422	221.74392700195313	216.89227294921875	222.6793670654297
325	422	243.59434509277344	242.27890014648438	239.1978759765625
326	422	219.72625732421875	223.0709228515625	222.19204711914063
327	422	296.2519226074219	281.35980224609375	284.6878662109375
328	422	236.1080322265625	245.9437255859375	245.40916442871094
329	422	347.4767761230469	364.95379638671875	349.5384521484375
330	422	241.0224609375	241.9775390625	246.69747924804688
331	422	247.9221954345703	247.73568725585938	243.3251495361328
332	422	181.66146850585938	178.56512451171875	188.4955596923828
333	422	282.60638427734375	285.2332458496094	282.4284362792969
334	422	278.4112243652344	290.5915222167969	292.6247863769531
335	422	255.741943359375	259.3834533691406	260.5810546875
336	422	354.7064208984375	350.66888427734375	354.46014404296875
337	422	237.0220947265625	247.1287384033203	242.7159423828125
338	422	294.7774353027344	303.6424560546875	289.44549560546875
324	423	221.3787384033203	215.5562286376953	216.00888061523438
325	423	246.99102783203125	243.3153839111328	239.0518341064453
326	423	216.5379180908203	219.4955291748047	223.80882263183594
327	423	291.41790771484375	294.4579772949219	286.792724609375
328	423	236.1995086669922	245.9756622314453	245.9153289794922
329	423	365.44415283203125	351.8589172363281	350.201171875
330	423	242.95596313476563	244.42620849609375	238.31369018554688
331	423	246.64569091796875	250.5699005126953	247.5936737060547
332	423	184.7364501953125	179.03912353515625	186.3924560546875
333	423	282.66265869140625	273.0820617675781	279.3713073730469
334	423	278.5564880371094	282.4538269042969	288.98931884765625
335	423	257.78125	252.29727172851563	259.3226318359375
336	423	371.5238037109375	354.7137451171875	352.53070068359375
337	423	238.6614990234375	236.1517791748047	239.18603515625
338	423	290.9368896484375	309.10784912109375	290.6259765625
324	424	218.90292358398438	219.6445770263672	217.7435302734375
325	424	243.92657470703125	246.09579467773438	247.2662353515625
326	424	221.4945831298828	224.5906982421875	220.6463623046875
327	424	287.6138000488281	288.2838439941406	273.5523376464844
328	424	232.1023712158203	244.3910369873047	251.45407104492188
329	424	352.06927490234375	343.92449951171875	355.3232116699219
330	424	241.37005615234375	242.30274963378906	247.15390014648438
331	424	245.66424560546875	243.29095458984375	244.71900939941406
332	424	177.29641723632813	180.91226196289063	187.46737670898438
333	424	280.5160827636719	269.8444519042969	285.3973693847656
334	424	275.4717102050781	277.36444091796875	285.281494140625
335	424	255.27978515625	254.60650634765625	266.0833435058594
336	424	366.8658752441406	351.5472106933594	352.62042236328125
337	424	238.852294921875	238.85882568359375	237.8256072998047
338	424	285.82513427734375	293.5860900878906	294.9043273925781
324	425	221.27822875976563	216.89430236816406	220.44430541992188
325	425	249.1451416015625	236.84292602539063	240.26950073242188
326	425	225.76214599609375	220.77503967285156	226.15924072265625
327	425	287.68743896484375	287.8387451171875	296.5462646484375
328	425	231.67286682128906	247.34185791015625	250.19720458984375
329	425	343.47210693359375	342.287353515625	354.34051513671875
330	425	248.01968383789063	236.1884765625	243.82528686523438
331	425	245.54913330078125	241.4293670654297	241.52236938476563
332	425	172.7164764404297	180.19068908691406	188.26736450195313
333	425	278.7319030761719	274.283935546875	275.03314208984375
334	425	270.78692626953125	286.2803039550781	289.1479187011719
335	425	260.8549499511719	258.8896179199219	263.3237609863281
336	425	350.2484130859375	346.1216125488281	358.8807067871094
337	425	243.11505126953125	233.9579315185547	241.294921875
338	425	297.4258728027344	293.7012023925781	303.3924255371094
324	426	224.87896728515625	223.7789306640625	224.6047821044922
325	426	241.32986450195313	244.3211669921875	237.1309356689453
326	426	216.70506286621094	221.1643524169922	225.4723358154297
327	426	285.2209167480469	287.12200927734375	282.1992492675781
328	426	238.77838134765625	245.77784729003906	246.7396697998047
329	426	357.4215393066406	341.11541748046875	351.5799560546875
330	426	242.2841796875	242.18463134765625	236.68331909179688
331	426	243.87530517578125	247.58389282226563	245.033935546875
332	426	183.83270263671875	178.67796325683594	184.08905029296875
333	426	282.0838623046875	278.74676513671875	279.7596130371094
334	426	275.5516357421875	278.02142333984375	292.0296630859375
335	426	261.349853515625	257.01971435546875	263.3227844238281
336	426	351.0546569824219	349.70928955078125	349.48712158203125
337	426	241.17831420898438	243.89944458007813	242.737548828125
338	426	289.4962463378906	295.02825927734375	298.6081237792969
324	427	216.4092254638672	222.9319610595703	221.60040283203125
325	427	247.51400756835938	241.49449157714844	246.3770294189453
326	427	223.80882263183594	219.9914093017578	224.9400634765625
327	427	301.0912780761719	279.0606689453125	286.0829772949219
328	427	238.52052307128906	240.79026794433594	247.32931518554688
329	427	349.46649169921875	343.89434814453125	353.73736572265625
330	427	241.90591430664063	242.28465270996094	235.0579833984375
331	427	249.21701049804688	240.84933471679688	245.5664825439453
332	427	182.47476196289063	180.2283935546875	184.48086547851563
333	427	274.113037109375	263.2793273925781	277.8844299316406
334	427	280.4648132324219	282.8531494140625	292.9482421875
335	427	251.1457061767578	261.4388427734375	262.8528137207031
336	427	361.557373046875	359.9619140625	342.19384765625
337	427	243.13540649414063	234.69683837890625	240.25242614746094
338	427	290.6895751953125	293.3182067871094	294.99005126953125
324	428	221.546630859375	223.2601776123047	213.38853454589844
325	428	249.87977600097656	243.8511962890625	242.60459899902344
326	428	219.16453552246094	218.03128051757813	226.89288330078125
327	428	290.5091247558594	289.5995788574219	279.1242370605469
328	428	237.9371795654297	244.90750122070313	243.22488403320313
329	428	347.6637268066406	348.972412109375	341.664794921875
330	428	242.95999145507813	237.98995971679688	243.6807861328125
331	428	248.91317749023438	240.55349731445313	244.45584106445313
332	428	177.5655975341797	174.07138061523438	186.50782775878906
333	428	275.48199462890625	283.0233459472656	280.763916015625
334	428	281.3487243652344	281.05694580078125	289.3331604003906
335	428	261.2769775390625	250.42892456054688	268.052734375
336	428	362.7592468261719	351.23760986328125	348.12823486328125
337	428	246.58184814453125	238.33682250976563	239.6331787109375
338	428	287.4798889160156	289.12908935546875	307.222900390625
324	429	223.04530334472656	220.1706085205078	222.23524475097656
325	429	249.90792846679688	244.46115112304688	242.57644653320313
326	429	224.81790161132813	221.56951904296875	227.89968872070313
327	429	289.0810546875	283.881103515625	275.43597412109375
328	429	239.38131713867188	249.74154663085938	247.62158203125
329	429	346.8167724609375	354.64337158203125	351.7922668457031
330	429	253.08497619628906	241.29116821289063	238.24708557128906
331	429	248.31423950195313	243.3394775390625	247.6411895751953
332	429	179.61138916015625	180.7152099609375	183.33331298828125
333	429	279.67889404296875	275.87908935546875	266.9685363769531
334	429	275.03887939453125	280.26751708984375	284.4631652832031
335	429	256.7354736328125	250.0873565673828	263.1501159667969
336	429	381.3381652832031	352.49371337890625	365.77813720703125
337	429	244.70745849609375	235.20803833007813	244.33120727539063
338	429	298.0069580078125	298.65692138671875	301.29559326171875
324	430	217.95240783691406	219.4319610595703	218.4990234375
325	430	247.8334503173828	239.4783477783203	245.341552734375
326	430	228.2163543701172	225.01519775390625	225.97802734375
327	430	288.8847961425781	285.6044616699219	281.73126220703125
328	430	237.66473388671875	236.57098388671875	245.43202209472656
329	430	359.8013916015625	349.2767333984375	361.5000915527344
330	430	247.1413116455078	238.43031311035156	237.44281005859375
331	430	246.10305786132813	236.12010192871094	246.28477478027344
332	430	182.62405395507813	182.17318725585938	184.41603088378906
333	430	278.5542297363281	277.25311279296875	277.3458557128906
334	430	286.45343017578125	281.4829406738281	293.1603698730469
335	430	259.7235107421875	259.23138427734375	259.0403747558594
336	430	362.7758483886719	356.89825439453125	368.0989074707031
337	430	242.08209228515625	234.6578826904297	240.86166381835938
338	430	289.891357421875	298.6995849609375	305.8136901855469
324	431	223.92843627929688	225.24615478515625	223.36349487304688
325	431	245.2520751953125	245.3350372314453	240.1634521484375
326	431	230.33554077148438	223.33432006835938	225.52590942382813
327	431	283.7159729003906	281.857177734375	285.46697998046875
328	431	237.75924682617188	233.64175415039063	250.88482666015625
329	431	350.6905212402344	348.3423767089844	346.1927490234375
330	431	247.2156982421875	246.83041381835938	250.65335083007813
331	431	247.7138214111328	242.25750732421875	247.6253662109375
332	431	181.15127563476563	178.59201049804688	185.56610107421875
333	431	278.1234436035156	275.0328674316406	271.365234375
334	431	280.1114196777344	284.2186279296875	293.84271240234375
335	431	268.0693359375	260.4880676269531	260.95526123046875
336	431	372.70147705078125	353.9469299316406	349.94427490234375
337	431	248.9739990234375	233.36654663085938	235.63983154296875
338	431	306.3059997558594	292.5586853027344	294.1302490234375
324	432	221.2975616455078	221.9072723388672	220.07659912109375
325	432	250.26632690429688	242.36988830566406	242.4769287109375
326	432	225.27857971191406	219.9099884033203	221.94949340820313
327	432	286.5574951171875	290.7091369628906	291.3711853027344
328	432	236.19248962402344	242.72271728515625	246.1938018798828
329	432	338.66497802734375	341.8726501464844	350.0717468261719
330	432	246.16064453125	242.7843017578125	238.34384155273438
331	432	246.21063232421875	237.14776611328125	249.08102416992188
332	432	178.8606719970703	180.2821807861328	184.8274383544922
333	432	275.7383728027344	276.7934265136719	275.04620361328125
334	432	274.81243896484375	287.424560546875	294.7796936035156
335	432	258.55108642578125	259.4015808105469	260.5350341796875
336	432	355.7635192871094	358.4075012207031	354.43499755859375
337	432	239.34640502929688	238.65625	239.02066040039063
338	432	303.3605041503906	287.3363342285156	295.45196533203125
324	433	220.43450927734375	222.95205688476563	217.67140197753906
325	433	248.9227294921875	239.03573608398438	249.36053466796875
326	433	227.05775451660156	218.30905151367188	223.25869750976563
327	433	287.0428161621094	278.14984130859375	291.9567565917969
328	433	235.41587829589844	240.22225952148438	247.5147705078125
329	433	337.27490234375	346.49359130859375	356.7997741699219
330	433	251.56643676757813	240.42710876464844	243.35958862304688
331	433	248.73045349121094	243.23617553710938	245.17189025878906
332	433	185.12451171875	181.59613037109375	180.99998474121094
333	433	280.3765869140625	276.1919860839844	279.6879577636719
334	433	280.9320068359375	286.2491149902344	288.75384521484375
335	433	254.82061767578125	261.54791259765625	258.6045837402344
336	433	362.13818359375	363.57977294921875	364.135009765625
337	433	242.56336975097656	237.22567749023438	247.51051330566406
338	433	293.1796875	285.0206298828125	288.8121643066406
324	434	220.5335235595703	220.1138153076172	214.42425537109375
325	434	244.18292236328125	233.94915771484375	243.75115966796875
326	434	216.42733764648438	221.7014617919922	226.51536560058594
327	434	290.8172607421875	288.1174621582031	292.5476379394531
328	434	232.24237060546875	245.3018341064453	241.9536590576172
329	434	344.0446472167969	340.99932861328125	360.61187744140625
330	434	240.81491088867188	242.34246826171875	235.03561401367188
331	434	244.42469787597656	241.05088806152344	251.62420654296875
332	434	183.36874389648438	177.09259033203125	180.35682678222656
333	434	277.8643493652344	275.29052734375	270.5617370605469
334	434	277.16412353515625	278.49566650390625	288.44195556640625
335	434	262.0542907714844	253.53231811523438	254.51953125
336	434	356.9007263183594	366.21221923828125	352.50054931640625
337	434	243.6496124267578	243.22889709472656	237.53985595703125
338	434	297.4374694824219	298.35101318359375	303.5575256347656
324	435	217.36654663085938	218.9385986328125	220.91351318359375
325	435	243.6230010986328	240.00086975097656	244.21734619140625
326	435	226.66238403320313	222.2679443359375	226.42514038085938
327	435	281.13787841796875	284.9585876464844	287.7679138183594
328	435	235.09645080566406	250.17080688476563	244.07562255859375
329	435	355.32672119140625	350.6860046386719	356.6386413574219
330	435	236.29905700683594	245.55392456054688	236.89341735839844
331	435	245.87258911132813	236.59107971191406	241.98886108398438
332	435	180.48501586914063	175.3561553955078	178.45176696777344
333	435	278.45318603515625	274.2949523925781	267.6835632324219
334	435	275.36761474609375	291.21331787109375	289.3575439453125
335	435	259.7742614746094	256.5758972167969	259.9542541503906
336	435	362.7446594238281	368.93939208984375	356.94476318359375
337	435	250.54656982421875	240.44692993164063	244.82281494140625
338	435	298.5186767578125	292.69366455078125	303.61334228515625
324	436	225.30648803710938	220.39402770996094	215.2566680908203
325	436	244.8776092529297	240.39393615722656	236.69439697265625
326	436	225.60079956054688	216.86187744140625	222.21115112304688
327	436	287.15087890625	287.1008605957031	281.1748046875
328	436	234.08033752441406	253.5481414794922	244.04946899414063
329	436	347.6848449707031	343.619873046875	370.20306396484375
330	436	250.4007568359375	234.73001098632813	238.76181030273438
331	436	245.9841766357422	240.94859313964844	243.71319580078125
332	436	179.2547607421875	179.22360229492188	178.74205017089844
333	436	284.32220458984375	275.10198974609375	274.2651062011719
334	436	286.75	280.8023376464844	292.3020935058594
335	436	259.09722900390625	258.5561218261719	256.51861572265625
336	436	345.5018310546875	350.5278625488281	359.5646057128906
337	436	243.10223388671875	239.1887969970703	240.013916015625
338	436	297.46685791015625	295.56964111328125	285.9842224121094
324	437	224.5391845703125	226.16275024414063	218.06724548339844
325	437	244.40109252929688	245.1412353515625	242.68853759765625
326	437	220.70944213867188	220.36085510253906	229.7110137939453
327	437	281.34271240234375	281.3753662109375	283.32794189453125
328	437	233.10618591308594	241.11721801757813	243.6232147216797
329	437	346.1455078125	352.6020812988281	354.7853698730469
330	437	252.6222686767578	244.90728759765625	242.61338806152344
331	437	246.74267578125	246.40818786621094	245.73536682128906
332	437	180.90272521972656	176.13577270507813	179.4068145751953
333	437	279.5055236816406	279.43438720703125	268.7906188964844
334	437	285.5984191894531	290.05645751953125	290.1341247558594
335	437	256.4783630371094	262.7032470703125	253.6549530029297
336	437	355.9909973144531	386.7534484863281	363.3727111816406
337	437	244.1477508544922	232.1576690673828	239.04000854492188
338	437	285.7987365722656	285.7471923828125	296.0274963378906
324	438	220.23670959472656	227.48423767089844	225.42434692382813
325	438	240.59548950195313	241.8046112060547	239.2149658203125
326	438	230.110107421875	224.6648406982422	227.09469604492188
327	438	286.82391357421875	285.2734680175781	291.06103515625
328	438	239.65399169921875	249.57138061523438	242.99566650390625
329	438	334.55926513671875	345.7418212890625	361.0393981933594
330	438	249.07803344726563	239.0128631591797	245.31088256835938
331	438	251.05471801757813	245.12135314941406	246.89474487304688
332	438	180.26055908203125	173.26913452148438	179.94818115234375
333	438	273.31732177734375	271.4949645996094	283.2977600097656
334	438	285.0957946777344	277.5074157714844	301.2910461425781
335	438	251.4156494140625	247.535400390625	262.5283203125
336	438	361.2705993652344	358.4620056152344	367.18255615234375
337	438	243.7775421142578	236.86099243164063	248.10513305664063
338	438	292.41290283203125	294.5677795410156	288.28411865234375
324	439	221.92410278320313	219.2349395751953	217.07550048828125
325	439	248.6263885498047	241.72145080566406	239.95510864257813
326	439	222.91485595703125	218.21353149414063	224.0156707763672
327	439	282.4797058105469	284.4284973144531	289.8780212402344
328	439	238.0150909423828	243.9356231689453	244.34002685546875
329	439	353.74462890625	343.5078125	358.491455078125
330	439	251.83384704589844	238.4041748046875	231.74295043945313
331	439	252.12008666992188	243.4706573486328	241.84054565429688
332	439	175.17369079589844	178.57992553710938	183.7886962890625
333	439	270.2129211425781	272.687744140625	275.5521240234375
334	439	291.8260498046875	280.3544616699219	289.0559387207031
335	439	254.62557983398438	262.93621826171875	249.22836303710938
336	439	354.9831237792969	355.4051513671875	362.5041198730469
337	439	244.9783935546875	243.78005981445313	241.6251678466797
338	439	293.6361389160156	293.7447204589844	294.4237976074219
324	440	220.92282104492188	227.49728393554688	220.57676696777344
325	440	249.21829223632813	242.07630920410156	248.88099670410156
326	440	227.11151123046875	220.87557983398438	230.98699951171875
327	440	286.8440246582031	279.2589416503906	278.946533203125
328	440	237.40463256835938	243.78004455566406	244.4561004638672
329	440	350.71435546875	346.06982421875	356.4488830566406
330	440	248.17404174804688	243.702392578125	240.31199645996094
331	440	244.82861328125	243.22457885742188	249.66990661621094
332	440	172.8516845703125	177.2383575439453	182.0467529296875
333	440	277.4790344238281	268.2271728515625	269.9304504394531
334	440	294.0993347167969	281.73126220703125	295.66864013671875
335	440	258.8388366699219	257.3195495605469	256.80633544921875
336	440	357.8523254394531	354.76873779296875	346.6222229003906
337	440	238.83843994140625	243.54931640625	240.5967559814453
338	440	297.3904724121094	300.88543701171875	297.909912109375
324	441	223.21694946289063	226.83555603027344	217.47714233398438
325	441	242.20098876953125	243.56744384765625	240.90036010742188
326	441	223.53939819335938	217.6178741455078	231.51803588867188
327	441	288.43389892578125	282.6636657714844	278.9596252441406
328	441	233.97903442382813	241.86669921875	240.4421844482422
329	441	368.2766418457031	347.6717834472656	355.4305114746094
330	441	251.505615234375	239.96339416503906	240.42987060546875
331	441	246.49212646484375	237.8565216064453	248.68142700195313
332	441	174.92361450195313	183.84500122070313	179.99191284179688
333	441	282.3711242675781	271.39642333984375	273.6347351074219
334	441	294.10260009765625	289.5945129394531	292.146240234375
335	441	260.8811340332031	262.9347229003906	257.1546936035156
336	441	359.1622314453125	360.10418701171875	367.5402526855469
337	441	244.36663818359375	237.82562255859375	245.39031982421875
338	441	289.93231201171875	291.89794921875	289.45654296875
324	442	217.25949096679688	221.71853637695313	214.6534881591797
325	442	248.4530029296875	240.60531616210938	248.77996826171875
326	442	214.6634979248047	217.56158447265625	228.1321563720703
327	442	285.12164306640625	288.7772216796875	283.3035888671875
328	442	234.11325073242188	236.96279907226563	242.45932006835938
329	442	356.34710693359375	354.99267578125	357.6308898925781
330	442	243.3844757080078	245.32171630859375	236.5714874267578
331	442	239.8095703125	243.20828247070313	248.77493286132813
332	442	175.16717529296875	177.67315673828125	181.8560028076172
333	442	274.2004699707031	277.7554931640625	278.91339111328125
334	442	294.1221923828125	290.91851806640625	288.6025390625
335	442	254.02139282226563	252.2809295654297	253.05531311035156
336	442	365.62286376953125	358.52630615234375	373.3951721191406
337	442	240.1903533935547	241.15570068359375	240.52886962890625
338	442	289.31353759765625	286.3574523925781	299.837158203125
324	443	222.48936462402344	222.60899353027344	215.41575622558594
325	443	245.48858642578125	245.11361694335938	246.03244018554688
326	443	226.49224853515625	223.72940063476563	222.64492797851563
327	443	285.9334411621094	292.274169921875	281.3658447265625
328	443	241.02926635742188	245.7992401123047	244.72454833984375
329	443	371.29608154296875	340.45745849609375	360.6993408203125
330	443	240.68142700195313	232.68142700195313	245.922119140625
331	443	241.2984619140625	240.3061981201172	250.24948120117188
332	443	173.26864624023438	180.7604522705078	179.00820922851563
333	443	273.1009521484375	272.55279541015625	278.3828125
334	443	296.0840759277344	281.5912780761719	286.67864990234375
335	443	264.9159240722656	256.8000793457031	259.2826843261719
336	443	385.830322265625	353.4545593261719	366.70556640625
337	443	246.06536865234375	232.65780639648438	242.1376190185547
338	443	288.0252685546875	289.7792663574219	287.2881164550781
324	444	224.50827026367188	220.57073974609375	216.06568908691406
325	444	238.34609985351563	236.63182067871094	243.46539306640625
326	444	220.75344848632813	223.43458557128906	229.29603576660156
327	444	287.243408203125	280.73626708984375	277.3179626464844
328	444	228.7029266357422	249.16749572753906	245.95506286621094
329	444	365.78668212890625	340.5546569824219	358.41583251953125
330	444	247.50222778320313	241.69528198242188	251.82203674316406
331	444	242.91021728515625	244.44859313964844	252.10675048828125
332	444	174.62530517578125	177.34140014648438	181.069091796875
333	444	281.38818359375	278.0535888671875	268.14752197265625
334	444	286.4798583984375	285.3624267578125	280.1722717285156
335	444	258.27056884765625	264.90789794921875	251.86097717285156
336	444	361.284423828125	357.5122375488281	377.4724426269531
337	444	244.34226989746094	239.15261840820313	250.91775512695313
338	444	287.98529052734375	297.1557312011719	282.6126403808594
324	445	221.13143920898438	223.877685546875	224.62010192871094
325	445	243.78860473632813	246.18777465820313	245.52000427246094
326	445	228.56419372558594	215.83168029785156	231.69046020507813
327	445	284.273681640625	292.445068359375	291.701904296875
328	445	234.44248962402344	247.55349731445313	245.48304748535156
329	445	354.99017333984375	350.8943176269531	365.52734375
330	445	240.2066650390625	242.8637237548828	246.22122192382813
331	445	241.16824340820313	244.64712524414063	243.0517120361328
332	445	178.7938232421875	181.63357543945313	180.87632751464844
333	445	280.0227355957031	273.0370788574219	276.85675048828125
334	445	289.39801025390625	283.838623046875	287.1729736328125
335	445	259.0376281738281	260.29931640625	251.53326416015625
336	445	365.6298522949219	358.9076232910156	365.0063171386719
337	445	244.19374084472656	240.42507934570313	244.42648315429688
338	445	290.9554748535156	297.9579772949219	300.65045166015625
324	446	218.1215362548828	225.2137451171875	221.6220245361328
325	446	243.3477783203125	240.50804138183594	248.6698760986328
326	446	226.06097412109375	222.17318725585938	221.33074951171875
327	446	282.0273132324219	285.1744079589844	291.2560729980469
328	446	233.59552001953125	245.77484130859375	242.20849609375
329	446	349.1294860839844	345.0702819824219	359.3079833984375
330	446	241.96145629882813	246.31268310546875	238.58160400390625
331	446	252.28143310546875	242.91748046875	252.16282653808594
332	446	178.7410430908203	178.36029052734375	184.25918579101563
333	446	283.3689270019531	270.2508850097656	277.0726623535156
334	446	293.92816162109375	272.81439208984375	282.1537170410156
335	446	256.63067626953125	260.59283447265625	253.896240234375
336	446	360.9692687988281	341.9254150390625	361.0569763183594
337	446	247.8271942138672	240.43414306640625	234.5706787109375
338	446	300.2548522949219	304.4989929199219	287.9292297363281
324	447	218.96600341796875	221.91329956054688	223.50799560546875
325	447	249.8106689453125	241.76290893554688	249.02703857421875
326	447	218.57920837402344	220.63983154296875	225.51583862304688
327	447	282.68280029296875	289.14013671875	289.00665283203125
328	447	231.5831298828125	243.71041870117188	244.22817993164063
329	447	347.8228454589844	344.9139709472656	358.8932800292969
330	447	243.14068603515625	240.48138427734375	241.22454833984375
331	447	247.6771240234375	243.00042724609375	245.74066162109375
332	447	179.9235382080078	176.4220428466797	183.62960815429688
333	447	281.29119873046875	274.9290466308594	273.7601623535156
334	447	287.0259704589844	284.9633483886719	282.16229248046875
335	447	258.8089294433594	253.48080444335938	263.6844482421875
336	447	368.9504089355469	357.3245544433594	367.64324951171875
337	447	247.3295440673828	234.76292419433594	241.43869018554688
338	447	293.5833435058594	294.637451171875	293.6781005859375
324	448	219.93763732910156	224.48416137695313	221.97061157226563
325	448	251.22462463378906	246.85830688476563	243.43421936035156
326	448	225.11070251464844	221.1728973388672	217.60833740234375
327	448	287.441162109375	292.99298095703125	287.0302429199219
328	448	237.23446655273438	249.0126953125	246.9168701171875
329	448	377.60345458984375	349.26617431640625	358.0005798339844
330	448	245.8607940673828	239.3971405029297	244.9813995361328
331	448	246.92416381835938	245.25860595703125	251.95748901367188
332	448	176.73394775390625	184.1189422607422	181.68710327148438
333	448	273.0303039550781	273.3414611816406	274.74285888671875
334	448	283.8009338378906	295.6834411621094	287.398681640625
335	448	263.89703369140625	262.6758728027344	249.65835571289063
336	448	376.70159912109375	362.8273620605469	363.4410705566406
337	448	246.35865783691406	237.4669647216797	240.94583129882813
338	448	298.63275146484375	285.8927307128906	306.6304931640625
324	449	222.1995849609375	217.57012939453125	222.0548095703125
325	449	248.38815307617188	239.16845703125	240.96795654296875
326	449	227.92506408691406	227.32037353515625	223.16366577148438
327	449	288.969482421875	285.1787109375	291.15252685546875
328	449	235.57269287109375	246.82640075683594	243.86550903320313
329	449	345.0489501953125	348.5320739746094	342.77313232421875
330	449	240.60704040527344	239.578125	245.4327850341797
331	449	253.50767517089844	238.91360473632813	244.91957092285156
332	449	180.85496520996094	176.3438720703125	178.51559448242188
333	449	278.8261413574219	277.6951904296875	274.3092956542969
334	449	279.00762939453125	285.32269287109375	287.93829345703125
335	449	253.2241668701172	256.184814453125	261.73638916015625
336	449	358.13330078125	350.76739501953125	365.6095275878906
337	449	243.37843322753906	237.32321166992188	241.17051696777344
338	449	300.2354736328125	297.7073669433594	289.0421142578125
324	450	222.05958557128906	219.29222106933594	215.9556121826172
325	450	239.2692413330078	244.70191955566406	247.2496337890625
326	450	221.63409423828125	227.45834350585938	224.6656036376953
327	450	291.0404052734375	286.86309814453125	281.9006652832031
328	450	230.69998168945313	250.72120666503906	243.85293579101563
329	450	349.8133850097656	336.92449951171875	361.3907165527344
330	450	247.69322204589844	241.86471557617188	247.40972900390625
331	450	249.77017211914063	241.42861938476563	247.34588623046875
332	450	182.14427185058594	176.17196655273438	181.8650360107422
333	450	277.15484619140625	282.03790283203125	272.60028076171875
334	450	279.7952880859375	289.62188720703125	287.2501525878906
335	450	254.46749877929688	251.11781311035156	264.3165283203125
336	450	359.3728332519531	356.741943359375	368.5822448730469
337	450	243.58326721191406	245.61349487304688	243.6546630859375
338	450	298.8039245605469	286.4175109863281	292.6697692871094
324	451	218.37539672851563	222.04226684570313	224.28761291503906
325	451	243.81724548339844	241.35299682617188	244.6715087890625
326	451	215.485107421875	218.62973022460938	229.0658416748047
327	451	285.51171875	290.24822998046875	289.99639892578125
328	451	235.33824157714844	245.2108612060547	246.24481201171875
329	451	341.5625305175781	346.66876220703125	350.0885925292969
330	451	242.8551788330078	240.44290161132813	247.4949188232422
331	451	246.26718139648438	243.40455627441406	244.25303649902344
332	451	180.3837127685547	178.3115234375	183.03045654296875
333	451	278.8440246582031	276.9530334472656	270.8208923339844
334	451	278.06439208984375	282.1868896484375	281.56488037109375
335	451	258.7840576171875	257.4087829589844	254.9337158203125
336	451	353.224853515625	347.4986267089844	369.7493896484375
337	451	249.5789337158203	234.6422882080078	241.21099853515625
338	451	299.2623291015625	292.16864013671875	301.4589538574219
324	452	219.6332550048828	224.885498046875	220.1339111328125
325	452	241.28237915039063	243.57550048828125	244.22467041015625
326	452	215.16111755371094	217.92474365234375	230.1279296875
327	452	294.9400634765625	293.878662109375	288.49200439453125
328	452	232.4725799560547	244.13316345214844	246.39109802246094
329	452	353.63055419921875	347.8675842285156	349.40966796875
330	452	236.72378540039063	244.7313232421875	241.03732299804688
331	452	251.45584106445313	243.88258361816406	238.33779907226563
332	452	176.54495239257813	181.683837890625	178.16876220703125
333	452	286.6422119140625	271.2634582519531	279.49493408203125
334	452	276.34027099609375	283.28094482421875	287.2197570800781
335	452	255.93223571777344	257.6387939453125	254.426025390625
336	452	361.3535461425781	349.2878112792969	367.5980529785156
337	452	249.4610595703125	241.27532958984375	248.05613708496094
338	452	294.9073486328125	297.7463684082031	299.31439208984375
324	453	218.89939880371094	217.60003662109375	219.2919921875
325	453	237.3372802734375	247.6349334716797	248.92047119140625
326	453	216.65379333496094	220.03387451171875	224.89230346679688
327	453	282.04766845703125	298.51617431640625	276.15380859375
328	453	236.0110321044922	245.7396697998047	255.48109436035156
329	453	352.7118835449219	349.97039794921875	357.3262634277344
330	453	245.14627075195313	240.15818786621094	247.43991088867188
331	453	249.65809631347656	244.73104858398438	248.63369750976563
332	453	179.71493530273438	181.4541015625	178.6744384765625
333	453	276.53179931640625	285.6577453613281	271.89605712890625
334	453	278.6343994140625	282.4166259765625	292.248046875
335	453	261.62603759765625	260.99749755859375	259.8338317871094
336	453	349.39263916015625	358.65704345703125	359.05291748046875
337	453	244.03741455078125	240.47410583496094	241.8340301513672
338	453	285.9485168457031	296.0013732910156	299.7619934082031
324	454	221.98695373535156	223.5831298828125	220.50111389160156
325	454	236.57449340820313	243.03536987304688	246.9698944091797
326	454	215.73870849609375	222.24835205078125	232.87269592285156
327	454	291.60589599609375	295.5829162597656	280.798095703125
328	454	232.78045654296875	236.86126708984375	249.10818481445313
329	454	345.82904052734375	348.2998352050781	355.1927490234375
330	454	239.66909790039063	240.84506225585938	239.96717834472656
331	454	250.91195678710938	244.67276000976563	252.17764282226563
332	454	180.4043426513672	178.696044921875	181.36187744140625
333	454	277.1601257324219	286.68994140625	267.82177734375
334	454	278.9596252441406	286.1443176269531	288.9918212890625
335	454	265.8621826171875	260.3593444824219	261.9809265136719
336	454	350.9671630859375	354.08392333984375	371.12890625
337	454	241.02926635742188	236.5858154296875	244.40135192871094
338	454	292.41168212890625	291.2334289550781	296.68426513671875
324	455	214.6082305908203	224.6884765625	219.06277465820313
325	455	244.86077880859375	243.12611389160156	246.5778350830078
326	455	212.39527893066406	226.05821228027344	229.836669921875
327	455	287.9737243652344	284.8424377441406	287.05487060546875
328	455	233.92477416992188	252.42471313476563	243.6893310546875
329	455	347.6886291503906	353.2429504394531	355.15533447265625
330	455	239.93675231933594	241.4095458984375	243.47647094726563
331	455	242.8420867919922	240.64523315429688	242.47640991210938
332	455	180.1934814453125	180.74111938476563	176.9613800048828
333	455	281.319091796875	283.7650146484375	265.69580078125
334	455	279.2413330078125	283.1391906738281	292.24176025390625
335	455	263.5404052734375	249.97576904296875	252.42068481445313
336	455	351.107177734375	348.0731506347656	364.5034484863281
337	455	243.79437255859375	238.8852081298828	238.59693908691406
338	455	288.107421875	300.98394775390625	275.22412109375
324	456	226.93309020996094	222.66983032226563	220.53829956054688
325	456	237.39031982421875	241.799072265625	246.91207885742188
326	456	221.778076171875	217.64300537109375	225.51834106445313
327	456	284.2799987792969	297.1097412109375	284.74945068359375
328	456	231.35995483398438	246.4453887939453	247.94631958007813
329	456	359.71063232421875	340.1143798828125	358.80255126953125
330	456	235.0615234375	239.41525268554688	254.81509399414063
331	456	247.0214080810547	245.68814086914063	245.06935119628906
332	456	175.27447509765625	179.89764404296875	180.67752075195313
333	456	277.3033447265625	293.775390625	272.6590881347656
334	456	294.1832580566406	286.2767333984375	282.386962890625
335	456	262.62054443359375	252.15501403808594	265.37762451171875
336	456	359.7505798339844	350.8095703125	363.20660400390625
337	456	243.68179321289063	230.38983154296875	247.578857421875
338	456	308.3101501464844	295.24664306640625	286.6628112792969
324	457	221.3035888671875	218.98333740234375	224.14007568359375
325	457	239.10086059570313	245.2666778564453	245.10279846191406
326	457	226.5244140625	219.14895629882813	223.53965759277344
327	457	293.73492431640625	296.7928161621094	287.0925598144531
328	457	233.42385864257813	242.26983642578125	248.50953674316406
329	457	353.5073547363281	351.1328125	352.0169982910156
330	457	239.21266174316406	239.7786865234375	241.87826538085938
331	457	242.16802978515625	244.71221923828125	252.13644409179688
332	457	179.70263671875	175.46725463867188	181.46417236328125
333	457	276.6476745605469	281.7259826660156	276.5343322753906
334	457	282.5292053222656	288.8762512207031	288.7535705566406
335	457	262.12744140625	259.8544616699219	257.849365234375
336	457	361.5986022949219	354.6893310546875	350.3659973144531
337	457	242.39271545410156	241.490966796875	242.59075927734375
338	457	287.8460693359375	302.3601989746094	292.2958068847656
324	458	217.6010284423828	224.620361328125	216.05361938476563
325	458	247.6741180419922	246.23829650878906	241.30625915527344
326	458	221.14398193359375	217.2730712890625	224.6537628173828
327	458	292.93695068359375	294.0802307128906	291.0004577636719
328	458	237.69540405273438	238.83116149902344	250.4259033203125
329	458	347.102783203125	356.50421142578125	351.8246765136719
330	458	238.42425537109375	242.2743682861328	241.0453643798828
331	458	247.24534606933594	241.44122314453125	252.12811279296875
332	458	179.28265380859375	177.89254760742188	182.59414672851563
333	458	284.88641357421875	282.2530517578125	274.74713134765625
334	458	277.52978515625	288.46356201171875	293.2671813964844
335	458	259.50634765625	254.45643615722656	263.7178649902344
336	458	351.45001220703125	359.549560546875	355.7529296875
337	458	239.34437561035156	238.15737915039063	239.87718200683594
338	458	295.9862976074219	285.62005615234375	288.4862365722656
324	459	222.76280212402344	222.56149291992188	215.51779174804688
325	459	246.4725341796875	244.80398559570313	244.8396453857422
326	459	221.61573791503906	217.20570373535156	219.9273223876953
327	459	283.6378173828125	295.2918701171875	284.6190185546875
328	459	235.32791137695313	248.05613708496094	241.763671875
329	459	350.7040710449219	352.3636169433594	351.3912048339844
330	459	244.5574188232422	243.49505615234375	239.31549072265625
331	459	246.70172119140625	247.73092651367188	249.61386108398438
332	459	177.88502502441406	178.41079711914063	184.35745239257813
333	459	274.6244812011719	277.75048828125	279.40924072265625
334	459	273.9255065917969	286.578857421875	291.6730041503906
335	459	262.12042236328125	266.04010009765625	256.07647705078125
336	459	350.0003356933594	356.1651306152344	357.2694396972656
337	459	237.4556427001953	235.95498657226563	239.77313232421875
338	459	289.6194152832031	289.225341796875	302.0847473144531
324	460	225.89935302734375	225.0109405517578	219.762451171875
325	460	246.29586791992188	244.4558868408203	246.0289306640625
326	460	219.81776428222656	215.5406494140625	229.4126739501953
327	460	291.10626220703125	289.82073974609375	280.4326477050781
328	460	233.86618041992188	245.81277465820313	244.3179168701172
329	460	348.9219055175781	344.3128356933594	344.13861083984375
330	460	237.4468536376953	243.506103515625	239.86587524414063
331	460	251.44528198242188	243.58602905273438	246.13824462890625
332	460	180.00799560546875	181.88641357421875	186.85240173339844
333	460	283.49810791015625	290.1517333984375	271.6299133300781
334	460	273.9594421386719	282.2706298828125	288.37408447265625
335	460	250.8187255859375	255.1538848876953	259.02532958984375
336	460	347.2842712402344	356.6635437011719	350.7708740234375
337	460	238.5446319580078	239.34210205078125	243.81423950195313
338	460	300.93670654296875	305.712646484375	305.8730163574219
324	461	224.06015014648438	228.53604125976563	222.0098419189453
325	461	249.60128784179688	244.077392578125	244.67430114746094
326	461	220.4777069091797	217.0930938720703	225.39242553710938
327	461	293.059326171875	290.09893798828125	284.74066162109375
328	461	231.63063049316406	247.66934204101563	247.7060546875
329	461	354.5352783203125	350.4178161621094	354.1409606933594
330	461	237.41696166992188	240.7251739501953	249.91845703125
331	461	250.45907592773438	240.84176635742188	244.8853759765625
332	461	178.73602294921875	178.6460418701172	183.758056640625
333	461	279.78924560546875	283.7064514160156	277.97418212890625
334	461	281.047119140625	285.9779357910156	291.29022216796875
335	461	259.7152099609375	262.5190124511719	254.61175537109375
336	461	351.5592956542969	363.0937194824219	362.5546875
337	461	238.13070678710938	236.4088897705078	240.5371856689453
338	461	290.53448486328125	282.8438720703125	304.3585205078125
324	462	223.1714630126953	221.17288208007813	224.2845916748047
325	462	242.9248046875	243.01402282714844	243.51065063476563
326	462	214.88168334960938	219.42819213867188	227.7265167236328
327	462	281.4605712890625	293.6484375	285.20257568359375
328	462	231.24307250976563	244.2839813232422	237.4295196533203
329	462	344.8101806640625	351.38543701171875	360.2218017578125
330	462	238.8218536376953	248.8538818359375	242.14767456054688
331	462	241.25621032714844	247.7932586669922	245.69943237304688
332	462	179.78280639648438	179.7315216064453	177.5402069091797
333	462	286.6635437011719	286.06817626953125	272.1506652832031
334	462	288.6995544433594	287.2757873535156	290.07958984375
335	462	254.76705932617188	249.94485473632813	253.57101440429688
336	462	345.37115478515625	367.4022216796875	357.5261535644531
337	462	239.71810913085938	234.92202758789063	245.83816528320313
338	462	289.1700439453125	295.4902038574219	300.1884765625
324	463	221.78564453125	227.2736358642578	221.64515686035156
325	463	242.3334197998047	244.21435546875	249.87599182128906
326	463	222.60369873046875	215.9674072265625	229.96484375
327	463	282.29974365234375	293.5301208496094	280.0913391113281
328	463	240.0445556640625	244.67904663085938	244.2874755859375
329	463	341.88800048828125	354.3259582519531	360.55706787109375
330	463	238.4451141357422	239.8643798828125	247.5580291748047
331	463	246.64920043945313	240.4167938232422	242.21604919433594
332	463	175.6024627685547	174.73362731933594	180.88211059570313
333	463	281.70538330078125	290.37615966796875	272.6769104003906
334	463	275.7750244140625	281.9622497558594	279.39642333984375
335	463	252.55892944335938	256.6188659667969	252.83062744140625
336	463	355.00128173828125	362.8092346191406	357.7992858886719
337	463	240.90663146972656	240.6417236328125	241.3085174560547
338	463	285.28802490234375	293.75347900390625	295.3861389160156
324	464	219.7096710205078	220.63455200195313	218.13185119628906
325	464	236.84165954589844	242.6108856201172	240.58444213867188
326	464	219.6865692138672	216.2574462890625	230.94729614257813
327	464	287.8752136230469	297.6214294433594	288.0601806640625
328	464	231.16241455078125	244.4237060546875	240.13128662109375
329	464	353.1127624511719	352.8672790527344	355.6488952636719
330	464	246.65499877929688	245.41622924804688	250.20901489257813
331	464	250.67221069335938	241.77520751953125	247.73971557617188
332	464	175.9736785888672	182.67002868652344	184.33106994628906
333	464	275.88311767578125	283.990966796875	265.7968444824219
334	464	293.3377990722656	280.68524169921875	285.66455078125
335	464	263.1405334472656	257.7558898925781	253.73536682128906
336	464	350.96417236328125	357.8364562988281	365.4112243652344
337	464	241.30673217773438	233.6756591796875	246.57656860351563
338	464	284.9198303222656	288.52813720703125	305.85113525390625
324	465	224.4031982421875	214.093505859375	221.04373168945313
325	465	244.39076232910156	239.94454956054688	246.19454956054688
326	465	224.07147216796875	215.33834838867188	226.7679443359375
327	465	281.7855529785156	298.93560791015625	281.4037780761719
328	465	234.76092529296875	243.5362548828125	241.4115447998047
329	465	345.6033935546875	347.2779846191406	358.654541015625
330	465	238.9492950439453	245.69920349121094	243.63177490234375
331	465	248.76889038085938	241.21096801757813	244.86729431152344
332	465	182.46873474121094	178.2104949951172	186.4779052734375
333	465	278.7291259765625	287.8729248046875	282.6229553222656
334	465	286.8892517089844	282.12054443359375	292.04547119140625
335	465	258.42340087890625	252.44580078125	262.40313720703125
336	465	355.2523193359375	355.0740966796875	359.85888671875
337	465	235.4593505859375	231.22198486328125	241.92147827148438
338	465	287.809326171875	290.6260070800781	306.9629821777344
324	466	216.5891876220703	220.80923461914063	219.48046875
325	466	242.61668395996094	244.10879516601563	242.81143188476563
326	466	226.91448974609375	222.07919311523438	222.50466918945313
327	466	287.6885070800781	288.88653564453125	289.26202392578125
328	466	235.5792236328125	245.44332885742188	242.98233032226563
329	466	356.1390075683594	355.0220947265625	356.32574462890625
330	466	241.8908233642578	250.3464813232422	244.37066650390625
331	466	245.7371063232422	243.70791625976563	243.98361206054688
332	466	181.97186279296875	175.42855834960938	182.63185119628906
333	466	280.6221618652344	278.2212219238281	269.6087341308594
334	466	285.5187683105469	279.9350280761719	278.1300048828125
335	466	256.33233642578125	262.3222351074219	252.7938995361328
336	466	353.11505126953125	367.9903564453125	367.9596862792969
337	466	237.63885498046875	237.42898559570313	242.81695556640625
338	466	290.83331298828125	304.192138671875	294.80780029296875
324	467	220.5262451171875	224.1262664794922	220.1103057861328
325	467	246.87916564941406	242.02703857421875	242.933837890625
326	467	221.79847717285156	218.48948669433594	229.67681884765625
327	467	286.28607177734375	292.9130554199219	288.0003662109375
328	467	248.70028686523438	248.45425415039063	238.90780639648438
329	467	350.63543701171875	344.4648742675781	351.9649353027344
330	467	233.81468200683594	241.2213134765625	252.43124389648438
331	467	245.6418914794922	240.4197998046875	243.3912353515625
332	467	181.8846435546875	181.04722595214844	181.4676971435547
333	467	281.4739074707031	291.03619384765625	276.3166809082031
334	467	287.26849365234375	278.5826416015625	284.07086181640625
335	467	259.8514404296875	258.7295227050781	252.12413024902344
336	467	353.1305847167969	359.635009765625	357.6678466796875
337	467	237.54513549804688	235.25704956054688	249.06695556640625
338	467	298.31964111328125	284.2922668457031	291.4503479003906
324	468	221.56546020507813	228.03036499023438	219.13160705566406
325	468	250.66970825195313	243.87228393554688	247.10586547851563
326	468	224.34188842773438	217.90866088867188	226.29067993164063
327	468	288.5621032714844	282.79638671875	281.7699279785156
328	468	237.05526733398438	244.45864868164063	246.27371215820313
329	468	344.95068359375	346.4292297363281	357.4290771484375
330	468	237.93167114257813	241.82171630859375	240.7691650390625
331	468	250.00619506835938	240.69549560546875	244.6051483154297
332	468	183.4657440185547	180.54507446289063	187.77426147460938
333	468	276.6132507324219	281.75665283203125	270.49566650390625
334	468	285.61474609375	278.4908752441406	285.9166259765625
335	468	259.49053955078125	254.73214721679688	254.41021728515625
336	468	353.6707458496094	361.8074645996094	364.4312744140625
337	468	237.36190795898438	235.30628967285156	244.61947631835938
338	468	290.77252197265625	289.0252685546875	286.1647033691406
324	469	225.72897338867188	225.57992553710938	221.57904052734375
325	469	241.94386291503906	238.21267700195313	238.62583923339844
326	469	220.46994018554688	210.51284790039063	226.07101440429688
327	469	281.93682861328125	284.7137756347656	283.299560546875
328	469	237.3272247314453	241.602294921875	242.4259033203125
329	469	350.0088806152344	338.6639709472656	366.0963439941406
330	469	246.04049682617188	242.59603881835938	242.0788116455078
331	469	243.7451171875	240.58819580078125	236.82708740234375
332	469	180.309326171875	177.5618133544922	183.96011352539063
333	469	276.2116394042969	285.1551208496094	276.5675048828125
334	469	289.4447326660156	288.9478759765625	285.31414794921875
335	469	259.095947265625	258.03131103515625	259.6624755859375
336	469	353.31182861328125	361.343994140625	359.2929382324219
337	469	249.8553924560547	234.83831787109375	240.95941162109375
338	469	289.4932556152344	288.67041015625	300.6961669921875
324	470	222.3513946533203	219.47116088867188	221.31565856933594
325	470	253.92111206054688	241.87925720214844	242.32965087890625
326	470	221.58433532714844	220.53878784179688	221.6363525390625
327	470	288.5610656738281	286.35845947265625	288.12249755859375
328	470	233.9292755126953	241.86492919921875	244.14724731445313
329	470	347.5154724121094	349.91888427734375	349.8256530761719
330	470	247.60098266601563	241.22103881835938	238.75350952148438
331	470	243.5380096435547	245.871337890625	243.7647247314453
332	470	181.75672912597656	174.49588012695313	190.12039184570313
333	470	275.34124755859375	282.9815979003906	276.2987976074219
334	470	291.10223388671875	292.5933837890625	281.14715576171875
335	470	256.84857177734375	253.77862548828125	262.972900390625
336	470	358.5507507324219	347.6702880859375	359.7782287597656
337	470	241.18008422851563	234.9456329345703	242.89614868164063
338	470	304.1328125	293.7917175292969	298.437744140625
324	471	218.58221435546875	211.1014404296875	213.55490112304688
325	471	251.98236083984375	238.41748046875	248.7777099609375
326	471	221.57452392578125	221.82083129882813	223.14480590820313
327	471	285.55596923828125	288.3240966796875	282.67828369140625
328	471	232.07876586914063	246.4898681640625	247.40695190429688
329	471	352.31103515625	351.8794860839844	351.6085510253906
330	471	245.35411071777344	243.99017333984375	247.22726440429688
331	471	247.48385620117188	242.59202575683594	243.68606567382813
332	471	180.25454711914063	174.45742797851563	182.54991149902344
333	471	288.2059326171875	285.879150390625	281.8298034667969
334	471	290.9921569824219	288.2054443359375	283.76171875
335	471	259.3724060058594	250.96173095703125	263.1976013183594
336	471	362.8343505859375	348.82159423828125	356.25836181640625
337	471	240.82369995117188	235.66091918945313	244.2128448486328
338	471	288.790283203125	302.77716064453125	283.06756591796875
324	472	220.9193115234375	222.263916015625	222.47830200195313
325	472	250.49603271484375	242.94564819335938	238.43759155273438
326	472	219.02005004882813	217.13356018066406	223.49539184570313
327	472	285.9005126953125	280.9486083984375	277.09002685546875
328	472	236.2090606689453	243.90597534179688	247.02642822265625
329	472	344.6571044921875	335.7515869140625	353.4545593261719
330	472	247.50396728515625	245.97061157226563	243.02154541015625
331	472	245.64364624023438	246.65321350097656	246.08395385742188
332	472	182.33074951171875	179.2902069091797	180.9625244140625
333	472	281.0044250488281	288.2652893066406	268.8748474121094
334	472	288.6525573730469	283.4249572753906	285.1181335449219
335	472	256.9579162597656	255.02294921875	259.2615661621094
336	472	363.90679931640625	356.0572814941406	362.5005798339844
337	472	247.0010528564453	242.31732177734375	243.57269287109375
338	472	288.06243896484375	306.85418701171875	288.6259460449219
324	473	226.0989227294922	216.4781036376953	212.12814331054688
325	473	247.4054412841797	241.87652587890625	246.48033142089844
326	473	224.75735473632813	216.11695861816406	224.42230224609375
327	473	286.031982421875	276.8210754394531	275.1919860839844
328	473	237.37196350097656	247.02294921875	246.07943725585938
329	473	346.1828918457031	350.6623229980469	348.2118835449219
330	473	244.6365966796875	245.53155517578125	239.71331787109375
331	473	248.84405517578125	243.6689453125	253.04949951171875
332	473	177.84909057617188	174.8690948486328	181.82029724121094
333	473	277.9168701171875	286.2621765136719	273.48370361328125
334	473	277.5964050292969	287.55377197265625	284.5669860839844
335	473	259.2995300292969	252.888671875	248.9930877685547
336	473	356.15057373046875	361.10369873046875	344.1358642578125
337	473	238.6753387451172	237.05052185058594	240.56007385253906
338	473	286.7965087890625	296.8347473144531	302.8643798828125
324	474	218.04461669921875	221.66200256347656	217.6553192138672
325	474	254.04428100585938	248.09938049316406	239.29965209960938
326	474	223.51148986816406	219.13238525390625	218.81996154785156
327	474	287.2315673828125	284.0542907714844	273.03533935546875
328	474	239.54393005371094	248.10992431640625	248.4467010498047
329	474	349.14227294921875	337.9921569824219	354.94171142578125
330	474	240.69802856445313	245.63185119628906	246.00808715820313
331	474	252.19747924804688	245.90350341796875	246.96485900878906
332	474	186.17454528808594	180.85043334960938	179.97079467773438
333	474	284.7044677734375	290.90216064453125	275.4417724609375
334	474	278.05731201171875	292.23370361328125	287.1722412109375
335	474	256.70379638671875	257.260498046875	257.67218017578125
336	474	355.4360656738281	348.7185363769531	356.7504577636719
337	474	234.75665283203125	242.42086791992188	237.33328247070313
338	474	294.70904541015625	306.6179504394531	295.6982421875
324	475	222.3337860107422	228.42922973632813	216.4893798828125
325	475	240.34390258789063	242.20750427246094	246.07015991210938
326	475	222.26214599609375	217.3097381591797	224.07347106933594
327	475	284.7982177734375	292.6903991699219	279.68267822265625
328	475	236.06857299804688	249.30523681640625	241.56787109375
329	475	344.33343505859375	335.9317932128906	352.57391357421875
330	475	246.937744140625	244.28775024414063	243.49404907226563
331	475	245.22315979003906	243.79812622070313	242.8725128173828
332	475	181.42648315429688	177.51231384277344	182.56826782226563
333	475	280.76715087890625	292.0557861328125	275.75469970703125
334	475	270.82666015625	292.8170166015625	284.8677978515625
335	475	258.8481750488281	252.16107177734375	257.80438232421875
336	475	354.59033203125	351.40875244140625	352.9757995605469
337	475	243.23240661621094	241.51583862304688	237.25909423828125
338	475	297.8533935546875	285.0802001953125	302.6549987792969
324	476	221.91583251953125	224.90260314941406	221.72055053710938
325	476	242.76144409179688	238.8392333984375	242.4658966064453
326	476	217.764404296875	218.8546600341797	222.96713256835938
327	476	292.7243347167969	292.71124267578125	276.4483642578125
328	476	236.3365020751953	246.57406616210938	240.58871459960938
329	476	356.9930114746094	344.320556640625	352.5586242675781
330	476	242.52871704101563	247.1129150390625	241.11798095703125
331	476	246.56927490234375	238.0025177001953	250.8976593017578
332	476	178.27633666992188	180.61143493652344	179.86598205566406
333	476	279.8055725097656	280.99261474609375	286.55548095703125
334	476	273.9913635253906	288.6744384765625	285.84747314453125
335	476	258.0758056640625	260.4830322265625	251.9027099609375
336	476	351.96746826171875	358.303955078125	355.3043518066406
337	476	238.7740936279297	238.23326110839844	245.3154296875
338	476	300.5069274902344	289.0496826171875	295.3937072753906
324	477	224.398193359375	218.44171142578125	214.3390655517578
325	477	247.14181518554688	245.10003662109375	244.13848876953125
326	477	218.0175018310547	214.23074340820313	220.2701416015625
327	477	286.75982666015625	284.58636474609375	286.9543151855469
328	477	238.93621826171875	249.06472778320313	246.55897521972656
329	477	364.4996643066406	349.0093994140625	350.5308837890625
330	477	243.045166015625	245.01785278320313	237.06082153320313
331	477	253.62680053710938	239.76107788085938	248.47056579589844
332	477	176.46652221679688	185.4560089111328	179.56842041015625
333	477	283.1794128417969	289.404541015625	284.2940673828125
334	477	277.27972412109375	282.4251708984375	283.6139221191406
335	477	260.06329345703125	255.67892456054688	264.3904113769531
336	477	359.5643615722656	365.04754638671875	350.5311279296875
337	477	237.96861267089844	235.77703857421875	237.87762451171875
338	477	302.61932373046875	299.043701171875	294.0661315917969
324	478	221.13446044921875	220.61923217773438	216.62237548828125
325	478	248.65353393554688	240.18357849121094	243.3110809326172
326	478	221.79669189453125	220.9947052001953	227.23443603515625
327	478	289.70361328125	292.2686462402344	283.812255859375
328	478	239.518798828125	246.72610473632813	253.97215270996094
329	478	358.0704650878906	340.7982177734375	350.07427978515625
330	478	250.2122802734375	243.81224060058594	239.6276397705078
331	478	247.79222106933594	237.99624633789063	245.10707092285156
332	478	181.23446655273438	176.3451385498047	187.34722900390625
333	478	281.626708984375	285.3375549316406	271.4366455078125
334	478	276.3565979003906	288.7405090332031	283.3148498535156
335	478	260.01202392578125	253.44937133789063	262.1769714355469
336	478	355.1409912109375	358.9666442871094	354.8778381347656
337	478	239.7332000732422	231.90333557128906	242.7176971435547
338	478	312.8357849121094	295.2232360839844	285.5361022949219
324	479	217.65834045410156	212.24124145507813	215.72715759277344
325	479	249.95668029785156	241.61410522460938	242.35552978515625
326	479	221.31765747070313	218.6324920654297	218.90792846679688
327	479	293.3471374511719	295.75506591796875	291.1477355957031
328	479	236.61947631835938	249.23585510253906	243.01251220703125
329	479	351.4736328125	343.8800048828125	347.1317138671875
330	479	246.3104248046875	239.99026489257813	236.7886199951172
331	479	248.10916137695313	243.00018310546875	247.64370727539063
332	479	182.04473876953125	176.09280395507813	186.10845947265625
333	479	277.725341796875	279.19085693359375	277.4222412109375
334	479	273.2904052734375	287.11566162109375	285.7112731933594
335	479	255.9679412841797	262.7703552246094	266.080078125
336	479	349.347900390625	361.0537109375	358.7535705566406
337	479	238.0289306640625	244.743896484375	247.35015869140625
338	479	304.8641662597656	300.0301513671875	289.25848388671875
324	480	219.08538818359375	222.95809936523438	221.74066162109375
325	480	242.72097778320313	241.44271850585938	233.87826538085938
326	480	221.41015625	208.7678985595703	223.49920654296875
327	480	280.4713439941406	289.68603515625	286.680419921875
328	480	242.85140991210938	244.3317108154297	252.2206268310547
329	480	353.74383544921875	345.6061706542969	355.7826232910156
330	480	246.59042358398438	236.08164978027344	242.55484008789063
331	480	251.2203369140625	242.4165802001953	248.19989013671875
332	480	178.0529022216797	180.54054260253906	186.79910278320313
333	480	277.8238830566406	274.5269470214844	267.00848388671875
334	480	273.3617858886719	282.16229248046875	282.148193359375
335	480	260.74639892578125	256.7000732421875	268.2694091796875
336	480	351.3069763183594	350.1473693847656	359.31353759765625
337	480	236.38699340820313	237.9967803955078	238.15333557128906
338	480	301.09100341796875	286.3498840332031	288.9667053222656
324	481	225.66915893554688	221.61752319335938	220.61318969726563
325	481	249.99917602539063	243.24221801757813	240.65304565429688
326	481	227.8368377685547	219.51263427734375	223.0264434814453
327	481	288.8714599609375	290.9406433105469	286.7625732421875
328	481	237.67202758789063	245.4043731689453	245.47097778320313
329	481	340.7964782714844	347.8638000488281	350.2111511230469
330	481	241.00515747070313	240.62991333007813	242.09039306640625
331	481	248.7093505859375	242.429931640625	235.33668518066406
332	481	181.64889526367188	176.38662719726563	182.3981170654297
333	481	277.5791015625	286.87493896484375	270.578857421875
334	481	282.7430725097656	292.1640930175781	277.4978942871094
335	481	259.5181884765625	259.77203369140625	259.21832275390625
336	481	352.7667236328125	355.9289245605469	350.43890380859375
337	481	240.6077880859375	233.1184844970703	242.5877685546875
338	481	310.0023193359375	285.4606628417969	288.396728515625
324	482	220.90951538085938	215.92417907714844	216.0631866455078
325	482	252.02935791015625	241.20346069335938	242.44200134277344
326	482	228.85723876953125	228.4468231201172	216.93629455566406
327	482	288.4525146484375	287.9730224609375	288.9222412109375
328	482	237.63609313964844	243.18942260742188	245.31842041015625
329	482	352.71319580078125	340.5247802734375	350.791015625
330	482	245.20156860351563	242.352783203125	243.975830078125
331	482	248.94631958007813	245.09774780273438	246.298095703125
332	482	180.839111328125	176.52256774902344	182.998779296875
333	482	278.5755615234375	280.9016418457031	268.4682312011719
334	482	275.7564392089844	282.70587158203125	287.61358642578125
335	482	259.68756103515625	250.3799285888672	266.93560791015625
336	482	351.1855773925781	354.47698974609375	354.8710632324219
337	482	241.3434295654297	241.56210327148438	247.99583435058594
338	482	295.5703430175781	307.718505859375	297.5462951660156
324	483	222.14553833007813	226.55909729003906	218.74884033203125
325	483	245.3141632080078	241.39923095703125	241.39596557617188
326	483	222.29281616210938	220.83033752441406	224.37783813476563
327	483	284.3797607421875	287.45098876953125	291.73333740234375
328	483	242.91676330566406	249.576171875	249.59629821777344
329	483	350.95135498046875	353.2841796875	345.7441101074219
330	483	247.2498779296875	235.00973510742188	243.45230102539063
331	483	249.95567321777344	243.3806915283203	247.63262939453125
332	483	179.53875732421875	178.27784729003906	184.3690185546875
333	483	274.46136474609375	288.79705810546875	269.7517395019531
334	483	275.6461181640625	289.055908203125	286.373779296875
335	483	256.4700927734375	264.0495910644531	266.1022033691406
336	483	355.10809326171875	355.9093017578125	351.7048034667969
337	483	236.983154296875	234.455810546875	241.9677276611328
338	483	296.62689208984375	285.2269592285156	299.00897216796875
324	484	225.78805541992188	225.95013427734375	223.46047973632813
325	484	246.74246215820313	237.30938720703125	245.90829467773438
326	484	214.73715209960938	216.38385009765625	222.8216094970703
327	484	291.95123291015625	289.1368408203125	287.07220458984375
328	484	234.57998657226563	247.58566284179688	249.12979125976563
329	484	352.3299255371094	352.75213623046875	354.4523620605469
330	484	244.8532257080078	239.41224670410156	243.56993103027344
331	484	245.45816040039063	238.39132690429688	241.02825927734375
332	484	178.15771484375	179.11376953125	185.74478149414063
333	484	284.59893798828125	287.1433410644531	273.13336181640625
334	484	277.36993408203125	290.4115905761719	278.5582580566406
335	484	256.81109619140625	255.43008422851563	264.3667907714844
336	484	367.6468200683594	353.55438232421875	354.77130126953125
337	484	239.6341552734375	241.34996032714844	246.45896911621094
338	484	305.3477478027344	286.95361328125	302.1121520996094
324	485	216.86236572265625	226.2067413330078	212.18267822265625
325	485	253.921630859375	243.38070678710938	241.01217651367188
326	485	223.60171508789063	222.24533081054688	215.868408203125
327	485	280.8036193847656	297.80767822265625	285.1897888183594
328	485	230.4700164794922	247.13275146484375	240.81991577148438
329	485	369.6817932128906	357.75225830078125	351.22784423828125
330	485	240.2147216796875	249.92953491210938	240.23257446289063
331	485	252.16058349609375	248.74600219726563	246.2480926513672
332	485	175.5079803466797	176.90057373046875	180.09091186523438
333	485	281.2519836425781	290.8348388671875	262.7366638183594
334	485	280.0888366699219	282.2577819824219	284.1191101074219
335	485	258.4525146484375	259.0102233886719	257.24993896484375
336	485	367.6791687011719	372.152099609375	349.0904846191406
337	485	239.13778686523438	233.85488891601563	246.07894897460938
338	485	295.19989013671875	290.4246826171875	294.86663818359375
324	486	219.35203552246094	222.1596221923828	216.7113494873047
325	486	245.35260009765625	244.32870483398438	241.9046630859375
326	486	220.48828125	219.1263427734375	227.67977905273438
327	486	285.383056640625	296.89080810546875	282.7682189941406
328	486	233.78024291992188	241.0785369873047	248.47811889648438
329	486	363.1153564453125	353.74383544921875	352.779296875
330	486	239.40924072265625	245.78012084960938	242.97781372070313
331	486	247.41351318359375	247.0256805419922	248.14486694335938
332	486	174.2277069091797	180.67626953125	183.59844970703125
333	486	283.3829650878906	286.390869140625	274.90069580078125
334	486	279.1976318359375	281.6126403808594	284.36993408203125
335	486	254.0261688232422	254.13424682617188	260.7047119140625
336	486	370.14117431640625	373.87066650390625	349.7691345214844
337	486	236.64639282226563	241.80462646484375	242.86874389648438
338	486	300.3546142578125	290.23065185546875	293.06939697265625
324	487	217.80108642578125	224.278564453125	215.98928833007813
325	487	250.56613159179688	240.49974060058594	235.984130859375
326	487	221.40963745117188	215.12167358398438	227.50486755371094
327	487	286.6733703613281	288.4029846191406	276.2726745605469
328	487	236.87811279296875	241.84283447265625	247.604248046875
329	487	364.8304138183594	343.82318115234375	340.9623718261719
330	487	241.33590698242188	242.20925903320313	236.76223754882813
331	487	254.29335021972656	249.2805938720703	242.29244995117188
332	487	180.17913818359375	181.01730346679688	186.51837158203125
333	487	283.2515563964844	287.2770690917969	268.460693359375
334	487	274.8327941894531	291.0364074707031	278.09405517578125
335	487	253.07162475585938	252.67477416992188	257.95867919921875
336	487	354.1178283691406	358.25390625	354.48907470703125
337	487	240.76763916015625	231.64370727539063	243.90045166015625
338	487	301.87744140625	287.0103759765625	302.15789794921875
324	488	213.71249389648438	226.04537963867188	219.89215087890625
325	488	244.02737426757813	246.58035278320313	242.908935546875
326	488	225.3436737060547	223.94378662109375	220.43801879882813
327	488	286.7205810546875	285.9221496582031	276.0045166015625
328	488	234.6121368408203	252.84268188476563	248.91995239257813
329	488	347.4734802246094	348.63409423828125	347.23046875
330	488	243.70819091796875	245.64541625976563	241.06094360351563
331	488	246.93116760253906	241.32281494140625	248.80584716796875
332	488	180.20401000976563	180.79238891601563	186.7536163330078
333	488	277.4607238769531	282.8944091796875	267.67828369140625
334	488	275.66448974609375	284.7939147949219	276.1472473144531
335	488	263.0209045410156	259.11328125	253.04725646972656
336	488	355.1218566894531	359.46533203125	345.33392333984375
337	488	232.8319854736328	235.81622314453125	242.6367645263672
338	488	308.1138610839844	304.87274169921875	298.31231689453125
324	489	220.90524291992188	216.2215118408203	217.23260498046875
325	489	252.2563018798828	240.93905639648438	248.01995849609375
326	489	219.94692993164063	224.61456298828125	222.80050659179688
327	489	288.2167663574219	290.8856201171875	275.8552551269531
328	489	239.20689392089844	248.423583984375	250.557861328125
329	489	346.18341064453125	344.19622802734375	346.4712219238281
330	489	247.3554229736328	244.9627685546875	244.1806640625
331	489	254.59768676757813	237.128173828125	251.11654663085938
332	489	179.78204345703125	178.64328002929688	181.3118896484375
333	489	289.9202575683594	284.7303466796875	267.9416809082031
334	489	273.6614074707031	282.8725280761719	278.1898193359375
335	489	249.84056091308594	263.3408508300781	262.59747314453125
336	489	354.73236083984375	353.2115478515625	348.6343688964844
337	489	243.48802185058594	238.25965881347656	235.8803253173828
338	489	294.3682556152344	299.2671203613281	306.556884765625
324	490	223.33657836914063	221.9283905029297	222.136474609375
325	490	247.9033203125	239.70252990722656	242.46258544921875
326	490	220.87181091308594	211.6968536376953	221.7132568359375
327	490	297.5274353027344	299.7725524902344	279.7085876464844
328	490	236.19775390625	244.36663818359375	246.56124877929688
329	490	342.1448974609375	348.0832214355469	352.4510498046875
330	490	245.53231811523438	243.05572509765625	246.59266662597656
331	490	245.4091796875	244.69261169433594	248.56204223632813
332	490	183.11514282226563	174.03619384765625	181.4219512939453
333	490	284.3410339355469	286.6688232421875	276.2593688964844
334	490	273.85186767578125	286.9920349121094	281.1474304199219
335	490	257.9013671875	261.5041809082031	264.0807800292969
336	490	349.1028747558594	354.3743896484375	352.2376708984375
337	490	242.16378784179688	239.4456787109375	241.66514587402344
338	490	302.25714111328125	310.42779541015625	302.237060546875
324	491	221.41268920898438	219.45457458496094	222.54666137695313
325	491	246.4863739013672	238.1287078857422	235.94015502929688
326	491	227.83786010742188	224.89833068847656	221.21713256835938
327	491	285.93743896484375	288.1119384765625	293.6700439453125
328	491	241.9305419921875	246.50242614746094	245.50592041015625
329	491	347.65594482421875	348.09375	353.4907531738281
330	491	240.8056182861328	243.1831512451172	236.2354736328125
331	491	250.30174255371094	238.33251953125	242.63699340820313
332	491	180.44078063964844	180.51315307617188	188.51492309570313
333	491	280.41680908203125	293.9917907714844	275.2379455566406
334	491	272.0302734375	285.6109924316406	282.55889892578125
335	491	249.01168823242188	251.21307373046875	262.8894958496094
336	491	346.3385009765625	368.5898132324219	354.6484069824219
337	491	236.52548217773438	233.47589111328125	243.35354614257813
338	491	300.30108642578125	301.29937744140625	303.7729187011719
324	492	221.50515747070313	222.82662963867188	219.1710662841797
325	492	247.14434814453125	245.14126586914063	239.33258056640625
326	492	227.06753540039063	216.9900665283203	220.53024291992188
327	492	288.4693603515625	295.7749328613281	282.3385009765625
328	492	242.59732055664063	240.9581298828125	248.2006378173828
329	492	348.4194641113281	351.654052734375	346.2392272949219
330	492	245.1603546142578	236.2392120361328	235.1248321533203
331	492	252.7396240234375	237.8072509765625	247.74497985839844
332	492	182.0065460205078	178.61135864257813	184.8126220703125
333	492	276.6300964355469	291.46240234375	283.51593017578125
334	492	276.1384582519531	280.91796875	286.7271423339844
335	492	255.91339111328125	254.34912109375	268.3619079589844
336	492	351.4399108886719	363.00927734375	349.3006591796875
337	492	239.79200744628906	233.82472229003906	234.91575622558594
338	492	297.85040283203125	304.28912353515625	297.5940246582031
324	493	224.48138427734375	218.9813232421875	212.89089965820313
325	493	238.47830200195313	237.71804809570313	243.31809997558594
326	493	226.04185485839844	214.80450439453125	223.37503051757813
327	493	282.91900634765625	293.8283996582031	288.0823059082031
328	493	246.92239379882813	241.98104858398438	240.432373046875
329	493	341.0603942871094	330.7491760253906	351.81842041015625
330	493	243.3429718017578	252.64036560058594	246.0103302001953
331	493	251.51889038085938	237.7160186767578	253.350341796875
332	493	184.26170349121094	173.9205780029297	186.58522033691406
333	493	271.2406005859375	285.53009033203125	278.8744201660156
334	493	281.2449035644531	286.2146911621094	288.7040710449219
335	493	258.57568359375	251.54278564453125	258.66693115234375
336	493	350.6515197753906	354.9761657714844	349.03546142578125
337	493	236.18218994140625	232.4454345703125	239.06967163085938
338	493	305.5080871582031	305.2130126953125	293.84197998046875
324	494	226.5261688232422	220.9512176513672	222.6856689453125
325	494	251.18893432617188	243.95347595214844	241.74786376953125
326	494	225.82522583007813	216.58717346191406	223.19308471679688
327	494	285.81707763671875	289.489990234375	286.73846435546875
328	494	242.05770874023438	250.7910919189453	246.3104248046875
329	494	348.6549987792969	352.6236877441406	343.5834655761719
330	494	244.04119873046875	242.11927795410156	240.14736938476563
331	494	243.94139099121094	240.40748596191406	244.98365783691406
332	494	182.19705200195313	173.91831970214844	184.4544677734375
333	494	270.79522705078125	291.6363220214844	277.1631164550781
334	494	274.31658935546875	291.7396240234375	292.888916015625
335	494	256.67413330078125	256.50653076171875	256.3001708984375
336	494	348.3172302246094	356.1425476074219	348.19683837890625
337	494	232.57135009765625	228.21937561035156	242.9016571044922
338	494	299.9233093261719	295.2865905761719	301.5597229003906
324	495	217.85061645507813	222.0635986328125	223.09983825683594
325	495	245.10354614257813	237.5509033203125	241.6470184326172
326	495	223.60601806640625	222.44888305664063	216.46328735351563
327	495	286.5919189453125	290.4565734863281	289.140625
328	495	241.86392211914063	253.0877227783203	243.35557556152344
329	495	341.5406494140625	340.1402587890625	358.7105712890625
330	495	243.37692260742188	247.48812866210938	240.5391845703125
331	495	251.15249633789063	243.1869354248047	237.74066162109375
332	495	179.5339813232422	175.5896453857422	181.67251586914063
333	495	277.4398498535156	293.2445983886719	276.0374450683594
334	495	273.2223205566406	289.0830993652344	290.96881103515625
335	495	255.82945251464844	251.20855712890625	258.9006652832031
336	495	354.59808349609375	358.58441162109375	359.91876220703125
337	495	236.30784606933594	238.17041015625	246.18499755859375
338	495	300.8889465332031	289.2859191894531	292.2731628417969
324	496	219.70590209960938	223.41372680664063	221.2249298095703
325	496	248.2657470703125	238.35440063476563	236.3820037841797
326	496	221.86001586914063	220.54434204101563	215.33383178710938
327	496	288.1039123535156	285.7580261230469	277.1362609863281
328	496	239.73292541503906	248.4471893310547	244.79542541503906
329	496	353.7179260253906	357.7701110839844	347.95379638671875
330	496	240.78903198242188	244.87762451171875	247.24407958984375
331	496	245.82183837890625	242.85691833496094	239.17373657226563
332	496	182.46923828125	173.84117126464844	183.30816650390625
333	496	266.6392822265625	292.4853210449219	271.04681396484375
334	496	279.4416809082031	287.8075866699219	290.56463623046875
335	496	254.90858459472656	249.33111572265625	261.51470947265625
336	496	354.7717590332031	351.13006591796875	354.4687194824219
337	496	242.38671875	242.48068237304688	252.55667114257813
338	496	305.65863037109375	282.8948974609375	302.1762390136719
324	497	222.68138122558594	223.953857421875	222.88619995117188
325	497	249.4977569580078	244.0117645263672	235.8974609375
326	497	224.15841674804688	219.27464294433594	220.95826721191406
327	497	289.0687561035156	294.7246398925781	270.6761474609375
328	497	241.56007385253906	242.5380096435547	244.42898559570313
329	497	345.4274597167969	346.8502197265625	347.9801025390625
330	497	237.41946411132813	245.6494140625	235.88059997558594
331	497	255.9613800048828	241.28182983398438	247.13778686523438
332	497	182.9945068359375	179.7423095703125	179.27963256835938
333	497	280.99237060546875	288.8330078125	279.5489501953125
334	497	277.1151123046875	285.4091796875	293.033203125
335	497	251.17034912109375	256.89959716796875	263.1126708984375
336	497	355.6966552734375	348.4931640625	366.73974609375
337	497	238.6122589111328	235.28871154785156	244.513916015625
338	497	306.864990234375	286.5738525390625	290.3015441894531
324	498	215.43385314941406	222.16815185546875	222.16415405273438
325	498	246.73818969726563	247.1659393310547	240.8802490234375
326	498	223.8495330810547	218.3771514892578	219.12960815429688
327	498	292.2953186035156	285.14251708984375	277.24078369140625
328	498	249.29190063476563	247.56906127929688	246.27044677734375
329	498	338.3885192871094	346.63458251953125	350.4454345703125
330	498	244.1862030029297	239.6077880859375	246.53182983398438
331	498	242.98684692382813	246.00656127929688	240.64297485351563
332	498	182.92111206054688	181.4407958984375	183.1224365234375
333	498	275.6531677246094	273.9780578613281	284.0894775390625
334	498	275.2693786621094	289.87249755859375	289.9127197265625
335	498	263.0940856933594	264.9282531738281	264.71160888671875
336	498	353.13714599609375	346.2090759277344	355.8042297363281
337	498	239.7090606689453	233.36956787109375	245.0128173828125
338	498	295.64776611328125	302.0679016113281	294.5909118652344
324	499	220.70770263671875	223.69094848632813	222.28201293945313
325	499	243.78306579589844	240.09060668945313	242.82879638671875
326	499	215.43309020996094	219.0650177001953	223.71456909179688
327	499	299.8164978027344	290.9823303222656	276.4237365722656
328	499	237.3224334716797	245.37094116210938	243.2992706298828
329	499	358.88909912109375	344.06573486328125	356.0140686035156
330	499	242.4432373046875	246.1068572998047	243.4681396484375
331	499	252.2422332763672	244.334228515625	242.19091796875
332	499	181.63458251953125	180.2105712890625	184.79403686523438
333	499	276.6811218261719	284.136474609375	281.2265930175781
334	499	273.5636291503906	281.1742858886719	294.65325927734375
335	499	255.9478302001953	256.9010925292969	265.00286865234375
336	499	353.6295166015625	346.9555358886719	354.19146728515625
337	499	237.36668395996094	236.61672973632813	246.91915893554688
338	499	306.0125427246094	293.630859375	299.62701416015625
