Naa	Frame	2_bonds	no_bonds	303_350
324	0	1.6747053211385554	2.1063613566485317	3.299878337166526
325	0	1.944499203136989	2.338320289339338	2.858798725264413
326	0	2.053782668980685	2.3339103893800215	2.4157666618173774
327	0	1.8480827243704545	1.8950967663212825	2.382154571382623
328	0	1.3603057384490966	1.271012468771501	1.4665714285590432
329	0	1.741118808587392	1.4282832940419514	1.403280720114708
330	0	1.8291747229439872	1.6048229932785034	1.3005660304001398
331	0	2.2237620850404105	1.5444821119308472	1.2449947744607925
332	0	2.4708446775163924	1.4797855615615845	1.0255625588553292
333	0	2.4043862631446435	1.5707863851597434	1.4093882535633289
334	0	2.1739258135066315	1.42028729354634	1.4389691878767574
335	0	1.4677061864307948	1.225776685135705	0.8324411000524249
336	0	1.6620650440454483	1.3623842149972916	1.3439596369862556
337	0	0.8253440686634609	1.2833650963647025	1.4493397729737418
338	0	1.4043112432255465	1.7107478730818804	1.9213128580766565
324	1	1.6082425876097246	2.194285414435647	3.2672282348979604
325	1	1.725344445024218	2.468639084271022	2.870338405881609
326	1	1.911627704446966	2.6089702302759346	2.654239914634011
327	1	1.807865582014385	2.1480854812421297	2.461280948237369
328	1	1.310296881198883	1.4564577015963467	1.9139722802422263
329	1	1.5561064432064693	1.4915991028149922	2.4164068152507148
330	1	1.7282161201749529	1.6353502699307032	2.464898799146925
331	1	2.0717041393121085	1.422793487707774	2.7850653926531472
332	1	2.236609084265573	1.441659382411412	2.5797969613756453
333	1	2.2313438277495536	1.5635815482390554	2.918157037935759
334	1	2.126456204582663	1.3893616409862743	2.7239613392773796
335	1	1.3899402277810233	1.3101350239345007	1.8301502806799752
336	1	1.5843660235404968	1.3917165497938793	2.4121795296669006
337	1	0.9444886147975922	1.3006420050348555	1.7276624355997359
338	1	1.7282680693794699	1.686910916777218	2.506803779041066
324	2	1.745331796732816	2.292899110100486	3.096155209974809
325	2	1.8558399166379655	2.4692640134266446	2.848300116402762
326	2	1.9633549885316328	2.6388697624206543	2.788045644760132
327	2	1.809739119128177	2.1765006027723612	2.4302992820739746
328	2	1.30905601978302	1.4929174076427112	1.9411853010004216
329	2	1.4559508909781773	1.3909445057312648	2.5295055210590363
330	2	1.6141000645501273	1.5563228130340576	2.5174119217055186
331	2	1.90497288107872	1.2970778246720631	2.8319066961606345
332	2	2.0288433688027516	1.3709331410271781	2.5445257936205183
333	2	2.1946012346368087	1.7329706581015336	2.8577957153320313
334	2	2.1368763587054085	1.4059063827290255	2.7342806703904095
335	2	1.2901906371116638	1.3756930572646004	1.9945215838296073
336	2	1.4510236134131749	1.3265509357055028	2.5696688344081244
337	2	1.0288901329040527	1.2449005842208862	1.842722816126687
338	2	1.680666397599613	1.6558333845699535	2.72058471511392
324	3	1.6948203173550693	2.238390391523188	2.154144590551203
325	3	1.97151894228799	2.0331197806767056	1.8997591393334525
326	3	2.0887079672379927	2.320159912109375	2.3886188051917334
327	3	1.8719153216010647	2.5646080343346846	2.1298634880467464
328	3	1.4319676756858826	1.6106951453469016	1.9977432922883467
329	3	1.4306868265072505	1.4988033423821132	2.6072711845239005
330	3	1.2796184420585632	1.8143891266414098	2.7859729528427124
331	3	1.5057723422845204	1.5305344263712566	3.2646586298942566
332	3	1.2281708206449236	1.6877276045935494	3.2080141816820418
333	3	1.861109037148325	2.027896423088877	3.5034816014139274
334	3	1.5630488676183365	1.381686996011173	3.0764048239764046
335	3	0.8569924320493426	1.2778825078691756	2.3785964165415083
336	3	1.3467396075526874	1.1411651919285457	2.874688814083735
337	3	1.0106733696801322	1.2230854885918754	2.0153141106878008
338	3	1.6326514622744392	1.8938897076775045	2.6808795508216408
324	4	1.736896742473949	1.4842247746207498	2.4093628363175825
325	4	2.083873212337494	1.2393166763441903	2.3316974299294606
326	4	2.0418074347756128	1.2453081282702358	2.5473612655292857
327	4	1.788830173643012	2.0249689190011275	2.2273834504579244
328	4	1.419626498222351	1.0833422270688144	2.081849379972978
329	4	1.2298311988512676	1.13442824780941	2.3007710178693137
330	4	1.1042115092277527	1.3559310691697257	2.4856249264308383
331	4	1.2562328577041626	1.4654446442921956	2.5731479128201804
332	4	1.0671260782650538	1.6711748838424683	2.902657985687256
333	4	1.7627719264281423	2.1209646463394165	3.216740921923989
334	4	1.367490852580351	1.7218547708847944	2.582549249424654
335	4	0.771112152508327	1.128186549459185	2.337983923298972
336	4	1.1212368955214818	1.3301742474238079	2.2803435921669006
337	4	0.9691580193383353	1.1366867848805018	2.064421219485147
338	4	1.4125905317418717	1.7406913743299597	2.2344473179648903
324	5	1.5080616149035366	1.6768592921170322	2.625102389942516
325	5	1.8885749748774938	1.3816744089126587	2.7972597905567715
326	5	1.8830415227196433	1.3421071009202437	2.7803387425162573
327	5	1.3691745714137429	2.127135295616953	2.258125819657978
328	5	1.4452732920646667	1.195917790586298	2.114386276765303
329	5	1.3468555758396785	1.2122187167406082	1.795558586716652
330	5	1.311855571610587	1.4088754398482186	1.8867840937205724
331	5	1.4112062354882557	1.4624362885951996	1.9028914471467335
332	5	1.1512464199747359	1.6951423031943185	2.206543343407767
333	5	1.8920844291385852	1.8767984540838945	2.67734684442219
334	5	1.630723104757421	1.6148282009012558	2.1418219945010017
335	5	1.1200327788080489	1.3244011913027083	2.030754336288997
336	5	1.228007937471072	1.3316749433676403	1.6704448064168294
337	5	1.118734495980399	1.1924399392945426	1.83159305368151
338	5	1.148286942173453	2.121122212970958	1.779422030729406
324	6	2.0190648382360283	1.8170259432359175	2.9529407891360195
325	6	2.092317385332925	1.5492443357195174	3.3294768844332014
326	6	1.9253707690672441	1.4467124071988193	2.842481569810347
327	6	1.5440553175775629	2.2496334314346313	1.8925441315299587
328	6	1.4767255544662476	1.435332016511397	1.9657625935294412
329	6	1.1954706311225891	1.447149395942688	1.8467416018247604
330	6	1.2398377997534615	1.6537700380597795	2.1500719359942844
331	6	1.3514814674854279	1.6280064384142559	2.66636989514033
332	6	1.1586574826921736	1.7523173774991716	3.145260606493269
333	6	1.9143515699788143	2.0165315803728605	3.8188382951836837
334	6	1.5881103136960197	2.1406913785373463	2.939479379092946
335	6	1.0732991099357605	1.6527569038527352	2.3709002222333635
336	6	1.1612650031844776	1.5075443387031555	2.1495849043130875
337	6	1.1603028603962489	1.3694448045321874	1.7995556592941284
338	6	1.2882015845354866	2.280664128415725	1.7419397901086247
324	7	3.2073373144323174	1.3592972972176292	2.451257261362943
325	7	3.135956287384033	1.4116467152323042	2.806063635008676
326	7	2.8996610207991167	1.4110189459540627	2.7189944223924116
327	7	2.644341983293232	1.7513897795426219	1.7627494146949367
328	7	2.3218875408172606	1.5037357265299016	1.5909740382974797
329	7	1.4802722583214443	1.6135878662268321	2.039453094204267
330	7	1.3183452827589852	1.7725295169012887	2.553097137383052
331	7	1.2617558340231578	2.092306762933731	3.383377810319265
332	7	1.229386295591082	2.138429250035967	3.715412071772984
333	7	2.011889890620583	2.0872586589110527	4.235281153729088
334	7	1.6341884276446175	2.4859782106736126	3.247948169708252
335	7	1.408099685396467	1.8264478359903609	2.2796257393700734
336	7	1.1628739163279533	1.7922947406768799	2.437581310669581
337	7	1.8892806598118372	1.5809312973703658	1.328176770891462
338	7	2.0175133242326626	2.0214294335421394	1.596174955368042
324	8	2.9552972316741943	1.25523089278828	2.1350639950145376
325	8	2.972764781543187	1.3582223653793335	2.3364821587290083
326	8	2.7786237109791148	1.26707247170535	2.5399082573977383
327	8	2.461335458253559	1.5312453884827464	1.826807097384804
328	8	2.176318907737732	1.4576635469089856	1.7504161596298218
329	8	1.3526778693000476	1.7148867100477219	2.1639865934848785
330	8	1.3356995838029044	2.1128976259912764	2.59033511366163
331	8	1.175635665655136	2.4447628259658813	3.148757755756378
332	8	1.2297877073287964	2.650475570133754	3.3244196346827914
333	8	1.8645107746124268	2.260798931121826	3.555611196317171
334	8	1.634647755061879	2.4421849461162792	2.8939985387465534
335	8	1.4925412620816911	1.8412456853049142	2.0890278731073653
336	8	1.0730138023694356	1.8070118029912312	2.2009790490070977
337	8	1.6646546466009957	1.4578746046338762	1.2714346732412065
338	8	1.8184686478446512	1.7773623676861035	1.4798337186084074
324	9	2.408342058008367	1.1538551720705899	2.6800988153977827
325	9	2.440787434577942	1.406030876295907	2.8908549547195435
326	9	2.199346325614236	1.1450001163916155	2.7781242674047295
327	9	1.996886316098665	1.457646790303682	1.8658710529929714
328	9	1.5851853013038635	1.4489576816558838	1.918569033796137
329	9	1.0536975761254628	1.6665839652220409	2.232146312793096
330	9	1.1116963412080492	2.2700408356530324	2.443523645401001
331	9	1.1217503647009532	2.4670477708180747	2.7007071574529014
332	9	1.306083423750741	2.9204298768724715	2.6986465794699535
333	9	1.7700086706563045	2.532242442432203	2.9297408179232947
334	9	1.8550732486388262	2.1001083359998813	2.435798504773308
335	9	1.2585181423595972	1.6970408133098058	1.9065967287336076
336	9	0.9456392178932825	1.6050670742988586	2.0492334961891174
337	9	1.3213014474936895	1.2244279895509993	1.1656746012823922
338	9	1.5495304219862993	1.6286597111645866	1.4635112075244678
324	10	1.9950666319240222	1.668321598659862	2.0929318991574375
325	10	2.04790221793311	2.0250360539981296	2.201811730861664
326	10	1.8421914360739968	1.7452505393461748	2.0804787657477637
327	10	1.8210468292236328	1.993491724917763	1.8246831203761853
328	10	1.6927326321601868	2.0360090840946543	1.6548267711292615
329	10	1.4179833978414536	2.2646569907665253	1.5367687344551086
330	10	1.9195884551320757	2.680906959942409	1.5703021373067583
331	10	1.8365560968716939	2.7778888742129006	1.3944062888622284
332	10	2.335669789995466	3.2164921079363142	1.6343359776905604
333	10	2.6461541778162907	3.0301387686478463	2.198884311475252
334	10	2.240914863698623	2.3815438607159782	1.8366750548867619
335	10	1.8904482211385454	2.1836990543774197	1.595910063811711
336	10	1.322901224096616	1.9328274081150691	1.3245690663655598
337	10	1.3507932935442244	1.5864339215414864	1.126607963017055
338	10	1.5796673578374527	1.9171526151544906	1.3454202343435848
324	11	1.7122418013485996	1.7182852246544578	2.0731041864915327
325	11	1.4904761910438538	1.9494405473981584	2.3812556947980608
326	11	1.7086049101569436	1.864233743060719	1.9812448891726406
327	11	1.8693152603350187	2.133560902193973	1.7197661650808234
328	11	1.2514314532279969	1.8771712888370862	1.5824234377254138
329	11	1.302367630104224	1.8913951615492504	1.3394684692223866
330	11	2.0941565207072665	1.7984117439814977	1.4239702139581953
331	11	2.248721937338511	1.9757864773273468	1.222696046034495
332	11	2.499154363359724	2.126849515097482	1.6456453800201416
333	11	2.7444763058110286	2.5482227927760075	2.1892498104195846
334	11	2.460489602649913	2.0069248606176937	1.734305690316593
335	11	1.8170496480805534	1.8777324387005396	1.4479432276317052
336	11	1.4786293456951778	1.6899790316820145	1.1478923136989276
337	11	0.9518083121095385	1.520828298160008	1.2721822091511317
338	11	1.3931008857839249	1.8997613331850838	1.4666230959050797
324	12	1.551077420061285	2.7362859032370825	3.5840532779693604
325	12	1.515658404145922	2.634629692350115	3.4435339144298007
326	12	1.71515061638572	3.169077591462569	3.774934855374423
327	12	1.700233440650137	2.8165277054435327	3.4805922006305896
328	12	1.2201411247253418	1.7833820364691995	2.293995900587602
329	12	1.5112199162443478	2.0893912613391876	2.062864825129509
330	12	2.33003226348332	1.9246213947023665	2.1670280269214084
331	12	2.631806254386902	2.570430060227712	2.1272635658582053
332	12	3.1159701347351074	2.697695050920759	2.69112035206386
333	12	3.2315082801015755	2.883038432974564	2.581610077305844
334	12	3.070606960969813	2.484578342998729	1.81573846059687
335	12	1.9919672097478593	1.702337656702314	1.650071816784995
336	12	1.8353988975286484	1.8010538071393967	1.5135431836048763
337	12	1.0186705120972224	1.6099335040364946	1.8554488505635942
338	12	1.3738100072916817	2.4135319485383877	2.2807085233576156
324	13	1.7528655203905972	2.6519393704154273	4.270078789104115
325	13	1.8895197766167777	2.6288377387183055	3.853930558477129
326	13	2.013088648969477	3.4119212193922563	4.286930777809837
327	13	1.6845501316221136	2.7646310831371106	3.7995595053622595
328	13	1.0422271132469176	1.7313468131152066	2.874803001230413
329	13	1.503816470503807	2.6096101701259613	2.645632028579712
330	13	2.0819196360451833	2.6046927315848216	2.636011702673776
331	13	2.7526684403419495	3.2497803966204324	2.4496268232663474
332	13	3.1017401899610246	3.836540767124721	2.751997811453683
333	13	2.8678222204509534	3.926420236888685	2.384387831938894
334	13	2.9021683861227596	3.1103119289173797	1.871075433843276
335	13	1.7516269513538905	2.0821332335472107	2.1238038454736983
336	13	1.8773896942536037	2.2848960210879645	1.7636648664871852
337	13	1.0528419954436166	1.7332131351743425	2.5303842084748402
338	13	1.4032251694623161	2.685452187762541	3.0991156381719254
324	14	1.331283157522028	2.2891212701797485	4.05277646671642
325	14	1.6529011130332947	2.210440380232675	3.853624837739127
326	14	1.692438916726546	2.7175838297063653	4.055845217271284
327	14	1.1471761151363975	2.238550060673764	3.3509940473656905
328	14	0.6500115931034088	1.461501034823331	2.7026544484225186
329	14	0.9601317097743353	2.0062064627806344	2.55262491106987
330	14	1.2166342054094588	2.6365295818873813	2.641879064696176
331	14	1.776613066593806	2.8643539547920227	2.4798057079315186
332	14	1.8674532515662057	3.5581608840397427	2.7849552631378174
333	14	1.707638652701127	3.7944517637553967	2.409864431933353
334	14	1.79877306433285	3.065710937275606	1.6267226934432983
335	14	1.1006982326507568	2.083889765398843	1.8372462051255363
336	14	1.4610581248998642	1.9753672430912654	1.7171417276064556
337	14	1.0696743173258645	1.290948246206556	2.200518650668008
338	14	1.245574670679429	2.0009472300024593	3.0059941936941708
324	15	1.902983080257069	1.9817967739972202	3.5014199993827124
325	15	2.0700474636895314	2.108505913189479	3.1861731154578075
326	15	1.7988100810484453	2.64464224468578	3.3932266452095727
327	15	1.2981442714992322	1.9830473912389655	2.7095242299531637
328	15	0.7066136062145233	1.5910764607516201	2.1331389492208306
329	15	0.9444847901662191	1.81207242111365	2.074769785006841
330	15	1.306065491267613	2.289997032710484	2.1189595631190707
331	15	1.7122950156529744	2.2698588172594705	2.2695038318634033
332	15	2.22349636895316	2.878385373524257	2.6484785079956055
333	15	2.049441563455682	3.1180437364076314	2.7267253022444877
334	15	1.774635357015273	2.403770026038675	1.9941655888276941
335	15	1.0385244829314095	1.9991623674120222	1.7322330730301994
336	15	1.2119580904642742	1.7497038841247559	1.7044024219115574
337	15	0.9814040192535946	1.3701815434864588	1.7930552448545183
338	15	1.307069620665382	1.9216217784320606	2.202208806486691
324	16	1.8209267529574307	2.191064227711071	3.0974689613689077
325	16	2.318821915558406	2.0280212930270602	2.7056577716554915
326	16	1.876773173158819	2.4525110071355645	2.7155554728074507
327	16	1.4032659499268783	2.2485393850426925	2.4823339424635233
328	16	1.0246266901493073	1.5939738208597356	1.8129402940923518
329	16	1.1711493705709775	1.5403148233890533	1.4159976840019226
330	16	1.7308562312807356	1.8234551463808333	1.6643751774515425
331	16	1.8052530984083812	1.8672797580560048	1.716447542111079
332	16	2.228081021990095	2.225489786693028	2.0412216697420393
333	16	2.1107647105267175	2.838977111013312	2.303565997826426
334	16	1.8149194927776562	1.852577672285192	1.8674384075052597
335	16	1.1321749687194824	1.7813092725617545	1.4950691972460066
336	16	0.8950718020399412	1.5393719027439754	1.5385829011599224
337	16	0.7481139174529484	1.698839579309736	1.5845630424363273
338	16	1.108459539273206	2.0641675416161034	1.4373482115128462
324	17	1.778092384338379	2.0484673976898193	3.699392253702337
325	17	2.294917736734663	1.997073335306985	3.229925342968532
326	17	1.9163236943158237	2.4433321952819824	2.9302087263627485
327	17	1.3794484013005306	2.144431973758497	2.850716703816464
328	17	1.098935055732727	1.452167576009577	2.127328536727212
329	17	1.1678557445605595	1.352056125799815	1.6040698389212291
330	17	1.6426311561039515	1.656696115221296	2.088164286954062
331	17	1.6960024038950603	1.727341204881668	2.0119734704494476
332	17	1.9918418271200997	2.2568509578704834	2.4903205122266496
333	17	2.1135009213497766	2.680128862983302	3.012469379525436
334	17	1.83553147315979	1.7322182304718916	2.3503063987283146
335	17	1.2390754648617335	1.490689218044281	2.1688886880874634
336	17	1.0030598938465118	1.244036505619685	1.6045767664909363
337	17	0.8766126164368221	1.5915671672139848	1.8332952516419547
338	17	1.1448906064033508	1.959543361383326	1.5719506740570068
324	18	1.40533785386519	2.0618893016468394	3.207472259348089
325	18	2.179468563624791	2.0449422001838684	2.7870582001549855
326	18	1.9744788191535256	2.3091212077574297	2.6303963227705522
327	18	1.4255012336530184	2.1102143086885152	2.695823230241474
328	18	1.548353660106659	1.4167706316167659	1.8379591595042835
329	18	1.6791281203428905	1.1508237818876903	1.5974446684122086
330	18	2.392911263874599	1.6729033163615636	2.3465510436466763
331	18	2.31082014242808	1.6157147487004597	2.4446802735328674
332	18	2.4248645305633545	2.2449971607753207	3.0462162494659424
333	18	2.3949566577610217	2.613136467180754	2.9593990601991353
334	18	2.104779264506172	1.5182194078669828	2.535541394177605
335	18	1.7897409626415797	1.352911821433476	1.983838404927935
336	18	1.56316181520621	0.9826976284384727	1.6559288998444874
337	18	1.101356361593519	1.2670215197971888	1.6706007208142961
338	18	1.3878231609568876	1.369621662532582	1.6061398912878597
324	19	2.333457751707597	2.199690504507585	3.4646067185835405
325	19	3.596848351614816	2.295415827206203	3.1243433441434587
326	19	3.4934341474012895	2.5649254105307837	3.691581032492898
327	19	2.1322682092064307	2.3480560340379415	3.594901348415174
328	19	2.5530208110809327	1.7756012678146362	2.2274873039939185
329	19	2.7050969700018563	1.428785150249799	2.1226103752851486
330	19	3.27213340146201	1.9596235411507743	2.4633405038288663
331	19	3.324026107788086	1.849505623181661	2.851781447728475
332	19	3.403111696243286	2.306271484919957	3.458038943154471
333	19	3.037332020307842	2.7376884033805444	3.3642655485554744
334	19	2.449645393034991	1.9207370351342594	2.65226344501271
335	19	2.391755904470171	1.7381849459239416	1.6913883090019226
336	19	2.253208801150322	1.610559066136678	1.8435928424199421
337	19	1.7433924674987793	1.5222373349325997	1.6523176091057914
338	19	2.0977197955636417	1.6332164582084208	1.876153216642492
324	20	2.258685816418041	2.456905820152976	3.3813140392303467
325	20	3.6071733917508806	2.002829670906067	3.4591567516326904
326	20	3.6272774176164106	2.827116597782482	3.9456557794050737
327	20	2.270183142862822	2.866277029639796	3.5351054793909977
328	20	2.654925990104675	1.8238940238952637	2.4384424578059805
329	20	2.92047913869222	1.8326030323902767	2.420516928037008
330	20	3.433351142065866	2.2534632001604353	2.3845291307994296
331	20	3.4904202818870544	2.304973761240641	2.5725934704144797
332	20	3.5555458750043596	2.637423583439418	2.6366313185010637
333	20	2.9896057781420255	2.805132376520257	2.7167284676903174
334	20	2.7713765396791348	2.094413532930262	2.413016711964327
335	20	2.3451390266418457	1.4708073820386613	1.7913826278277807
336	20	2.3900083800156913	1.7417749166488647	1.8005818873643875
337	20	1.769359486443656	1.7309653759002686	1.595927928175245
338	20	2.187337068950429	2.08447686363669	2.0868276287527645
324	21	2.071831605651162	3.0257339044050737	2.249867710200223
325	21	2.8830026047570363	2.6704036678586687	2.851439254624503
326	21	2.951773166656494	3.366228385405107	3.1000053015622226
327	21	1.8885823111785085	2.8060788480859054	2.3552615517064144
328	21	2.0684133887290956	1.9098727161234075	1.984096429564736
329	21	2.2758165200551352	1.914615233739217	2.011407345533371
330	21	2.776062250137329	2.2832275288445607	2.22459523166929
331	21	2.826826790968577	2.683785696824392	2.0490105946858725
332	21	3.081469638007028	3.15125949042184	1.7745369843074255
333	21	2.676216439196938	3.3790848882574784	2.3561858566183793
334	21	2.649158575955559	2.3913536141900456	2.0995044357636394
335	21	2.0617401003837585	1.3241954956735884	1.839950578553336
336	21	2.0047155618667603	1.9776937415202458	1.49997744957606
337	21	1.4399692927088057	1.733743701662336	1.535554826259613
338	21	1.963216550209943	2.060510936905356	1.863685642971712
324	22	1.70134314623746	3.380562500520186	2.6669587222012607
325	22	1.7274290493556432	3.1889648948396956	3.251169102532523
326	22	1.7999631058086047	3.3445588025179775	2.7939600294286553
327	22	1.5947406166478206	2.6832857445666662	2.510742614143773
328	22	1.4582356572151185	1.93416551026431	2.147080183029175
329	22	1.6364361941814423	1.7735120008389156	2.0150688091913858
330	22	1.9869259936468942	2.2151449492999484	2.321600181715829
331	22	2.074343740940094	2.5753082036972046	2.0510206818580627
332	22	2.2576214926583424	3.251303400312151	2.1638236045837402
333	22	2.1755881184025814	3.1650626784876774	3.2570317920885588
334	22	2.416952539892758	2.2511409100364235	2.6789881271474503
335	22	1.6715272324425834	1.2618791673864638	2.3846487062317983
336	22	1.63252292573452	1.4772660831610362	1.9498157352209091
337	22	1.4265551907675607	1.7665503535951887	1.841273980481284
338	22	1.9375772896934957	2.172811844769646	1.95221745967865
324	23	1.5129094340584495	2.5841178677298804	3.0218594290993432
325	23	1.709081300667354	2.6648248604365756	3.3341487646102905
326	23	1.507861776785417	2.541205709630793	2.7624190503900703
327	23	1.0472226331108494	2.1090673270978426	2.7549734115600586
328	23	1.0101039409637451	1.60231474312869	2.7244340723211113
329	23	1.059031459192435	1.5942622770865758	2.4891184667746225
330	23	1.3892493418284826	1.8223671402250017	2.7794778687613353
331	23	1.7556540270646412	2.2263982693354287	2.797727326552073
332	23	1.7169854981558663	2.7863617965153287	2.7510561602456227
333	23	1.8196360625718768	2.644906897293894	3.3697710539165295
334	23	1.9070570959764368	2.0174366235733032	3.0900784660788143
335	23	1.2388251679284232	1.2378115483692713	2.9114201920373097
336	23	1.2228713507453601	1.1957827458779018	2.806508253018061
337	23	0.9368666112422943	1.3364959742341722	2.338240623474121
338	23	1.3413911076153027	1.5979292042115156	2.4710194082821118
324	24	1.324373413215984	1.8365594040263782	3.3181724548339844
325	24	1.373947377715792	2.2464201705796376	3.2714006219591414
326	24	1.3640150915492664	1.8179430961608887	2.749683466824618
327	24	1.01482818001195	1.8155478615509837	2.814660950710899
328	24	0.8223376512527466	1.3122204000299627	2.875333222475919
329	24	1.1844505940874417	1.367963746190071	2.725756744543711
330	24	1.61092951468059	1.3435670307704382	2.9066827467509677
331	24	2.1121531228224435	1.6832056144873302	3.0323503017425537
332	24	2.1916041714804515	1.7282576390675135	2.841841902051653
333	24	2.340024006994147	1.5443624069816189	3.2299160078952185
334	24	2.2333999591715195	1.5228958200005924	3.1699145962210262
335	24	1.3995128529412406	1.2271266835076469	3.0620480605534146
336	24	1.6518307626247406	0.9284238691131274	2.894855479399363
337	24	1.0416546421391624	1.0763121673039027	2.416243689400809
338	24	1.2481958515503828	1.545077919960022	2.713324322420008
324	25	1.2848609469153665	1.991904703053561	3.2000660679557105
325	25	1.4722951735768999	2.008883331503187	2.682439480509077
326	25	1.2456669699062	1.6053203452717175	2.710099133578214
327	25	1.1308521251929433	2.054507525343644	2.715698480606079
328	25	1.0122324705123902	1.4904525388370862	2.704911535436457
329	25	1.381978044907252	1.5851528545220692	2.6568782528241477
330	25	1.7253369433539254	1.651969279561724	2.879020035266876
331	25	2.4919370909531913	1.7698496182759602	3.0105528235435486
332	25	2.3946519238608226	1.738032647541591	2.6869730268205916
333	25	2.346877142002708	1.6421121547096653	2.9126384007303336
334	25	2.1216889760073494	1.8579484504811905	2.835408463197596
335	25	1.567413525921958	1.517678507736751	2.736887182508196
336	25	1.908403918147087	1.392054816087087	2.6177218755086265
337	25	1.241521954536438	1.3483605640275138	2.4069205011640276
338	25	1.3008445501327515	1.5865410916945513	2.4275682393242333
324	26	1.2973021973263135	1.83021389354359	2.14439303224737
325	26	1.4648755618504115	1.7458318557058061	2.137617519923619
326	26	1.2237371802330017	1.4846136461604724	2.5205916491421787
327	26	1.2064377069473267	1.6585270731072677	2.417173097008153
328	26	0.991773498058319	1.4131367314945569	2.241745341907848
329	26	1.477208450436592	1.5658913403749466	2.0909736901521683
330	26	1.7244443808283125	2.039199846131461	2.395860092980521
331	26	2.434582829475403	2.1921104987462363	2.386003394921621
332	26	2.3426550797053745	2.6499196801866804	2.18469728742327
333	26	2.5152822983892342	2.802500837727597	2.5164069878427604
334	26	1.9250405676224653	2.202179516063017	2.4424283644732308
335	26	1.494806170463562	1.6251142110143388	2.373917417866843
336	26	1.940659632285436	1.4351516713698704	2.0318396290143332
337	26	1.1890942113740104	1.1539778070790427	2.2048145702907016
338	26	1.3906899900997387	1.2224772572517395	2.0553519515430225
324	27	1.8906617164611816	1.7749487920240923	1.9414670900865034
325	27	1.6878285322870528	2.0312358140945435	1.9425760763032096
326	27	1.7025838981975208	2.0127690705386074	2.017603538253091
327	27	1.9878849983215332	1.7912617921829224	1.942459319767199
328	27	1.322518253326416	1.5508000308817083	1.7035379084673794
329	27	1.5404502203067143	1.4860299974679947	1.6314960171778996
330	27	1.7978432519095284	2.104067121233259	1.8837142927306039
331	27	2.2054995795090995	2.228909661372503	2.1019428869088492
332	27	2.345947469983782	2.6762170110430037	1.861824870109558
333	27	2.6563277307309603	3.0417607332530774	2.3842698335647583
334	27	2.018004620776457	2.2096010095932903	2.055609513731564
335	27	1.4862454533576965	1.6602216362953186	1.937349796295166
336	27	1.6688027828931808	1.4360093623399734	1.6151801149050395
337	27	1.1633065342903137	1.2495707656655992	1.6269731521606445
338	27	1.4376906366909252	1.5322726614335005	1.6499651460086597
324	28	2.4606281627308237	1.8957755674015393	2.153626311909069
325	28	2.6699702739715576	2.2373324632644653	1.9141379339354379
326	28	2.518920421600342	2.1525748643008145	2.1186786239797417
327	28	2.2831430560664128	1.8671573776947825	2.214507159433867
328	28	1.8577367067337036	1.679212440143932	1.8009375550530173
329	28	1.6862729241450627	1.707768827676773	1.7008680254220963
330	28	1.8260080558913094	2.3186337096350536	1.9949927244867598
331	28	2.174952228864034	2.328932215770086	2.0387470026810965
332	28	2.1739282608032227	2.832508393696376	1.8294466393334525
333	28	2.420836467491953	2.885933198426899	2.173826211377194
334	28	1.860706644899705	1.929274741341086	2.117998067070456
335	28	1.9407577514648438	1.7143260666302271	1.990786143711635
336	28	1.603862111767133	1.447686567902565	1.6784538278977077
337	28	1.4053343534469604	1.2717681697436742	1.5905979531151908
338	28	1.6777218229630415	1.533218008630416	1.8407930907081156
324	29	2.592006878419356	2.408502231944691	2.406903461976485
325	29	2.9160118273326328	2.5469099964414323	2.428581322942461
326	29	2.663359381935813	2.5125310854478315	2.77935207973827
327	29	2.2956665942543433	2.1168943141636096	2.5291788578033447
328	29	2.1534653306007385	1.865094943480058	2.3345898498188364
329	29	1.8265263537565868	1.9297250658273697	2.27344419558843
330	29	1.9630265406199865	2.422495756830488	3.058382051331656
331	29	2.5759965777397156	2.3524855176607766	3.1002047657966614
332	29	2.400465590613229	2.8307569367544994	3.0064592361450195
333	29	2.6146862757833382	2.7424077862187435	2.9394996542679634
334	29	2.0792693460688874	2.022409347926869	2.9025206986595604
335	29	2.1265986817223683	1.9518431425094604	2.71470536504473
336	29	1.8172107487916946	1.6029176364342372	2.145066743095716
337	29	1.6613125886235918	1.6519552895001002	1.7341939040592738
338	29	1.890330714337966	1.7983880674137789	2.0689074993133545
324	30	2.0274081988768144	2.6394274451515893	1.9208110787651755
325	30	2.300001416887556	2.7434612853186473	2.3269707901137218
326	30	2.0978388461199673	2.6437070586464624	2.5561563968658447
327	30	1.8653921704543264	2.2625109647449695	2.046633149448194
328	30	1.9189314484596252	2.2341984835538	2.1467442512512207
329	30	1.8668630073467891	2.2324390361706414	2.0045429170131683
330	30	1.9195176022393363	2.8530690499714444	2.977818625313895
331	30	1.923009564479192	2.6992574532826743	3.00400173664093
332	30	1.7326148067201887	3.292900732585362	3.6237307276044572
333	30	2.0177945714247856	3.0674120626951518	3.7966762467434534
334	30	2.0133941173553467	2.330009768990909	3.2308566991020653
335	30	2.1791051626205444	2.440938310963767	2.8600543396813527
336	30	1.7809159259001415	1.8867083191871643	2.1071477830410004
337	30	1.7191144568579537	1.803487913949149	1.5367240820612227
338	30	1.80462268520804	2.07009622629951	1.8112730138442095
324	31	1.911941875110973	3.2108204581520776	1.6871699094772339
325	31	2.09940619128091	2.7729182924543108	1.905256382056645
326	31	2.2249388044530694	2.5369377352974634	2.217639619653875
327	31	1.8599193786319934	2.772928476333618	1.842952809835735
328	31	1.9193646669387818	1.8029772151600232	1.8306423425674438
329	31	1.7186079720656078	1.5660900473594666	1.685207337141037
330	31	2.1325902002198354	1.8573826806885856	2.770980886050633
331	31	2.0612575511137643	1.6278838018576305	2.635416269302368
332	31	2.2412679876599992	2.2753739016396657	3.316732202257429
333	31	2.5020482791097542	2.4602402385912443	4.0506752415707235
334	31	1.9486869363223804	1.9212967718348783	3.224762131186093
335	31	2.193484399999891	1.9623952848570687	2.573745710509164
336	31	1.4438626666863759	1.4854131937026978	1.827405219276746
337	31	1.5229064737047469	1.5496127605438232	1.1921492559569222
338	31	1.7217094337238985	2.239860815160415	1.4588179237702315
324	32	1.7229453650387851	3.2724496884779497	1.85944402217865
325	32	2.018122238772256	2.933559162276132	2.1144711545535495
326	32	2.1805407892573965	2.4427231441844595	2.356963114304976
327	32	1.8506927490234375	2.729868870032461	2.0059360391215275
328	32	1.8022127866744995	1.7818872061642734	1.8263197595422918
329	32	1.7204887171586354	1.4755354821681976	1.7239346255858738
330	32	2.1599904724529813	1.777388802596501	2.5792832544871738
331	32	2.2562347253163657	1.367443859577179	2.463026523590088
332	32	2.3493694237300327	1.9929083585739136	3.218327692576817
333	32	2.4934012764378597	2.2478401974627844	3.7801076863941394
334	32	2.055752859396093	1.6064230063382317	3.0595046211691463
335	32	2.0696791921343123	1.7961433785302299	2.1505497097969055
336	32	1.6194235881169636	1.2038035442431767	1.7324820458889008
337	32	1.4749644483838762	1.3126351407596044	1.287767346416201
338	32	1.7155023041893454	2.1672344698625454	1.6039057058446549
324	33	2.31104652448134	2.4911759333177046	2.0094716548919678
325	33	2.6972713129861012	2.364727863243648	2.0749705859592984
326	33	3.044048851186579	1.8744758367538452	2.3345995382829146
327	33	2.602755069732666	2.128510280659324	2.141876609701859
328	33	2.5242670297622682	1.2978997122157703	1.937239484353499
329	33	2.544528434673945	1.2110940267642338	1.7104406704505284
330	33	2.8282628570284163	1.58277542250497	2.667776337691716
331	33	2.8523765206336975	1.2984233697255452	2.4120293855667114
332	33	2.890580313546317	1.765702247619629	3.3897416591644287
333	33	2.806339803494905	2.0843409801784314	4.374635997571443
334	33	2.491539043538711	1.6495476891012752	3.0537385519813087
335	33	2.404389262199402	1.5515754222869873	2.3059375882148743
336	33	2.258463313182195	1.1002210825681686	1.4454031040271123
337	33	1.9352656517710005	0.8912882549422128	1.141708723136357
338	33	2.519731689901913	1.8427825990845175	1.500693868188297
324	34	2.4596468101848257	1.5167604142969304	1.9736959500746294
325	34	2.684390493801662	1.4455627969333105	2.0355882814952304
326	34	2.8205562071366743	1.6198163032531738	2.319407896562056
327	34	2.531111667030736	1.6817385083750676	2.1602002194053247
328	34	2.5861524105072022	1.073474336754192	1.5744283307682385
329	34	2.6818400820096335	1.202485019961993	1.3225027993321419
330	34	2.85203640801566	1.503062869821276	2.3079252413340976
331	34	2.9769317309061685	1.1868640035390854	2.040774683157603
332	34	2.8637592451913014	1.6144214698246546	3.040419272014073
333	34	2.6039459203418933	1.9879731065348576	4.228398824992933
334	34	2.5937448810128605	1.4007557490292717	2.7951958459966324
335	34	2.3082648856299266	1.2757143804005213	2.1460076485361372
336	34	2.3514221807320914	0.8839319969216982	1.3021010607481003
337	34	2.008120434624808	0.7731857470103672	0.9094307848385402
338	34	2.590906297459322	1.7824144153033985	1.3706034842659445
324	35	2.319198261607777	2.108874960379167	1.9473339427601208
325	35	2.5063506194523404	2.0434686967304776	2.013509511947632
326	35	2.4145299954847856	2.039616649801081	2.296715107831088
327	35	2.129480744663038	1.6399288616682355	2.3229576851192273
328	35	2.220172905921936	1.1369496529752559	1.692687912420793
329	35	2.3791303038597107	0.9583525434136391	1.3730407531062763
330	35	2.3272586720330373	1.2635339072772436	2.3257559537887573
331	35	2.5488743583361306	0.767727792263031	2.0305233101050058
332	35	2.5660047190529958	0.9125807115009853	2.8325601645878384
333	35	2.4811446792200993	1.5665456370303505	3.9447505348607113
334	35	2.2900733246522793	1.0579672666156994	2.648010015487671
335	35	1.87371164560318	1.0608309635094233	2.1961505583354404
336	35	2.0282440980275473	0.7706216226021448	1.4347209930419922
337	35	2.001243327345167	0.812655542578016	1.1875125850949968
338	35	2.353005051612854	1.6802755489068872	1.4890435934066772
324	36	1.9412023045799949	2.3273627866398203	1.9707781618291682
325	36	2.154336861201695	2.2222857901028226	2.07549809558051
326	36	2.0095093467018823	2.1061933907595547	2.11870999769731
327	36	1.6842759533932334	1.958729486716421	2.2942672089526526
328	36	1.7525179624557494	1.2618977264924482	1.8055576086044312
329	36	1.8301297177871068	1.2261852671702702	1.4736212988694508
330	36	1.7449957047189986	1.3562467225960322	1.9098264234406608
331	36	2.005362590154012	0.8309516509373983	1.578683465719223
332	36	2.165571485246931	0.970119765826634	2.089202421052115
333	36	2.3767776802966467	1.4637761868928607	2.7803696331224943
334	36	1.9599429789711447	1.0536071868503796	1.921365597668816
335	36	1.5400103500911169	1.118785832609449	1.8049324410302299
336	36	1.538707474867503	0.934541366994381	1.4648904254039128
337	36	1.5338892510959081	1.1095862346036094	1.4549263630594527
338	36	1.783617657773635	2.095864737735075	1.5161188279881197
324	37	1.7926245385950261	2.180220603942871	1.9124398123134265
325	37	2.0826069116592407	1.9847399847848075	2.0759721994400024
326	37	1.8413912057876587	1.953629807992415	2.1180351105603306
327	37	1.6526916842711599	2.458552937758596	2.161604724432293
328	37	1.6118099212646484	1.6411698514764959	1.6854629083113237
329	37	1.5377757449944813	1.7439140925804775	1.4449026385943096
330	37	1.4854626314980643	1.809650250843593	1.741325889314924
331	37	1.5391440093517303	1.7702748676141102	1.6386141180992126
332	37	1.7125378506524223	1.7097443342208862	1.9910235915865218
333	37	2.15016045695857	1.9720161086634587	2.670878109179045
334	37	1.790843872463002	1.8413541457232308	1.9077537901261274
335	37	1.5432806696210588	1.5774433783122472	1.6860953910010201
336	37	1.4789058913787205	1.702898641427358	1.5345606803894043
337	37	1.5130538599831718	1.5772969211850847	1.5179187059402466
338	37	1.5927358515122358	2.3080571188646206	1.4546196495785433
324	38	1.7780016335574063	1.7991825884038752	2.7021821195429023
325	38	1.914355524948665	1.5411029032298498	2.8813099350248064
326	38	1.962586056102406	1.494396448135376	2.732553655450994
327	38	1.6087398905503123	2.07782244682312	2.6541654812662223
328	38	1.5614609718322754	1.4235376769846135	2.183127522468567
329	38	1.4666612148284912	1.5884443124135335	1.4927393744389217
330	38	1.5633976374353682	1.7423676678112574	1.8156104939324516
331	38	1.6077169080575306	1.8834646542867024	1.5296448071797688
332	38	1.7984961782182967	1.8305646010807581	1.4952454907553536
333	38	2.0010289392973246	1.961122475172344	1.9545158963454397
334	38	1.7235310288036572	1.8633427479687859	2.260200114811168
335	38	1.4287317991256714	1.4539840476853507	1.8698059916496277
336	38	1.4694794168074925	1.7046539237101872	1.6486244002978008
337	38	1.4013645904404777	1.3838516473770142	1.9493157693317957
338	38	1.49402837192311	1.7583067767760332	1.7189820268574882
324	39	1.8475180322473699	1.797201319174333	2.756288593465632
325	39	2.0565383774893626	2.2020929711205617	3.1617267302104404
326	39	1.9456573616374622	1.9862174229188398	2.728669361634688
327	39	1.5485003245504279	1.9581732561713772	2.3687913041365776
328	39	1.669859266281128	1.74214937470176	2.0875012549487026
329	39	1.503910978635152	1.8619346419970195	1.465472732981046
330	39	1.6197136299950736	2.3070233719689504	1.924804423536573
331	39	1.78375439842542	2.3412435253461203	1.3965012927850087
332	39	2.0069851194109236	2.5114966801234653	1.5609716176986694
333	39	2.2728153969112195	2.380525080781234	2.4220175617619564
334	39	2.536000637447133	2.2363434328752407	2.388819042374106
335	39	1.924420850617545	1.8846816505704607	2.0467622876167297
336	39	1.917589431007703	1.865050454934438	1.4262220809857051
337	39	1.6612487605639867	1.2921655944415502	1.5699245844568526
338	39	1.5398402634788961	1.6357085634680355	1.393701402580037
324	40	2.109946521845731	2.1944594491611826	3.091271335428411
325	40	2.3741078121321544	2.3717922483171736	3.2720383746283397
326	40	1.9817625934427434	2.1000683957880195	2.9708140980113638
327	40	1.6035320821561312	1.9652023189946224	2.3311804344779565
328	40	1.8482283234596253	1.7732545787637883	2.1341013583269985
329	40	1.587984174489975	1.713184768954913	1.4208052059014638
330	40	1.7571905936513628	2.3668408393859863	1.8960477709770203
331	40	1.98040767510732	2.3385698596636453	1.290439635515213
332	40	2.3307314940861295	2.5831266130719865	1.5121543918337141
333	40	2.7688967303225867	2.7946657758010063	2.50252229916422
334	40	2.9005391737994026	2.4300201920902027	2.3377132906633267
335	40	2.312087723187038	2.028626160962241	2.0728778413363864
336	40	2.158994749188423	1.7065718571345012	1.378575325012207
337	40	1.8246963705335344	1.1493440185274397	1.507554829120636
338	40	1.5027459368986242	1.535338513991412	1.4765206996132345
324	41	2.1372299952940508	2.2913674874739214	2.9601976438002153
325	41	2.2965701818466187	2.4013358524867465	3.0549862555095126
326	41	1.8741298155351118	2.160510843450373	3.0551081137223677
327	41	1.6012294919867265	2.032677324194657	2.329510450363159
328	41	1.9677000761032104	1.6208280433307996	2.0383988185362383
329	41	1.627340167760849	1.587987557053566	1.532120406627655
330	41	2.1075217723846436	2.320654417787279	1.857692573751722
331	41	2.133327454328537	2.2756385107835135	1.8125295738379161
332	41	2.701516798564366	2.722391060420445	1.934383647782462
333	41	3.1425463400389018	3.031623752493607	2.453527055288616
334	41	3.042066013111788	2.244657088728512	2.2232150891247917
335	41	2.5733369077954973	1.7823972872325353	1.7416066101619176
336	41	2.297876869638761	1.6643512845039368	1.4104097833236058
337	41	1.9329323513167245	1.0766088196209498	1.3906368102346147
338	41	1.5207183361053467	1.4707385021097519	1.4845474537681131
324	42	1.524175232106989	2.240732940760526	2.8324132615869697
325	42	1.7810981103352137	2.1913539426667348	2.5603127820151195
326	42	1.5662021528590808	2.137346397746693	2.963984576138583
327	42	1.1311677945287604	2.0909023222170378	2.5901118203213342
328	42	1.4483555674552917	1.726625832644376	1.9492387229746038
329	42	1.1325098276138306	1.6367477476596832	2.0977946122487388
330	42	1.9543471080916268	2.308058593954359	1.8636716433933802
331	42	1.8901568452517192	2.083242724339167	2.3964095215002694
332	42	2.506544351577759	2.6297455515180315	2.4276768480028426
333	42	2.62151659162421	2.818610818762528	2.2398371382763513
334	42	2.268807712723227	2.3046994419658886	1.9422776699066162
335	42	1.9247198445456368	1.9209795338766915	1.4764507838657923
336	42	1.593019261956215	1.6966720720132191	1.5724751005570095
337	42	1.1329343829836165	1.142321186406272	1.6802868672779627
338	42	1.0578468266655416	1.416535026886884	1.8841996894163244
324	43	1.1603363806551152	2.3574523709037085	2.4036787423220547
325	43	1.2652807704039983	2.326191680771964	2.0134919711521695
326	43	1.2478209029544483	2.2755753343755547	2.5811656171625312
327	43	0.9501431678470812	2.3640012239155017	2.5861189490870427
328	43	1.0503716051578522	1.8977289416573264	1.8503899357535623
329	43	0.9050491700569788	1.7477787534395854	2.101297194759051
330	43	1.1179064852850777	2.3033992648124695	2.0062824147088185
331	43	1.2457501987616222	2.1139968931674957	2.419829328854879
332	43	1.5978670120239258	2.5499280180249895	2.562980822154454
333	43	1.441812747403195	2.697031485406976	2.523649673712881
334	43	1.2845856231801651	2.2624472730300007	1.7881873355192297
335	43	0.9444430768489838	2.07306239434651	1.738365454333169
336	43	0.9270401125152906	1.867135097583135	1.6995767205953598
337	43	0.738159682069506	1.3329388669558935	1.7520652413368225
338	43	0.9404033071854535	1.5997901243322037	1.998240912661833
324	44	1.4808852130716497	2.9301103245128286	2.58906550840898
325	44	1.8021647419248308	2.6676218509674072	2.65172963482993
326	44	1.8334255760366267	2.4287772178649902	3.1324469176205723
327	44	1.231773156868784	2.9026813758047005	2.7691306565937244
328	44	1.314634418487549	2.035263484174555	2.172794916413047
329	44	1.0295465340216954	1.5991017917792003	2.1532176385323205
330	44	1.5731826680047172	1.9904768807547433	2.2023006847926547
331	44	1.4024506211280823	1.5190440118312836	2.10957607626915
332	44	2.000332849366324	1.6995259523391724	2.1637307575770786
333	44	2.7015831595972966	2.317161484768516	2.170652747154236
334	44	1.8693520251442404	1.954810100443223	1.4856061164070578
335	44	1.4257579956735884	2.026585681097848	1.7725175193377904
336	44	1.1552330230673153	1.515832136074702	1.549527222911517
337	44	0.9221810145037515	1.5448917831693376	1.633913551058088
338	44	1.112666698063121	1.7484059053308822	1.9927746267879711
324	45	1.9586762623353438	2.50939865545793	2.369583108208396
325	45	2.448530810219901	2.2031239611761912	2.3639884335654124
326	45	2.201721256429499	1.8842673843557185	2.71239558133212
327	45	1.3853832044099506	2.4496203723706698	2.5005525664279333
328	45	1.6739893317222596	1.5747472481294111	2.0352414412931963
329	45	1.3635385135809581	1.2451936180392902	1.8546022921800613
330	45	2.209853095667703	1.3770661183765955	1.9053596598761422
331	45	1.6194203794002533	1.4583020706971486	1.5985763867696126
332	45	2.281454426901681	1.463879874774388	1.759609648159572
333	45	3.0141677103544535	2.047315572437487	1.9151664344887984
334	45	2.016858549679027	1.9939691880170036	1.3532131910324097
335	45	1.8759653738566808	1.592767323766436	1.630291862147195
336	45	1.3516978075106938	1.2610625177621841	1.1542996143301327
337	45	1.2034558738980974	1.2477102364812578	1.3533746004104614
338	45	1.1733105498201706	1.6514092613669002	1.794826528605293
324	46	2.1086330847306685	1.9558380517092617	2.408268018202348
325	46	2.6294096197400774	2.0022049716540744	2.5587842634746005
326	46	2.3242893435738305	1.4216121326793323	2.9574460116299717
327	46	1.5093620890065242	1.6372661465092708	2.6212359855049536
328	46	1.6698514103889466	1.2933204824274236	2.0782161084088413
329	46	1.2810095846652985	1.2919102211793263	1.917822038133939
330	46	2.2349434409822737	1.852427329335894	2.285372316837311
331	46	1.7223181128501892	1.9231642385323842	1.9318913420041401
332	46	2.3590886933462962	2.109499982425145	2.3240033899034773
333	46	2.8887038607346383	2.2691793755481116	2.488248084720812
334	46	1.9274606213850134	2.524916045805987	1.9548922426560347
335	46	1.8899364386286055	1.8002877831459045	1.8337745921952384
336	46	1.2408733367919922	1.4296784152587254	1.3520578096310298
337	46	1.2198333825383867	1.0432170842375075	1.4961235523223877
338	46	1.202282214865965	1.5754476925906014	1.8535712186027975
324	47	1.7587880221280185	2.0744038170034234	2.077783313664523
325	47	1.9584577083587646	1.7217507532664709	2.3080465282712663
326	47	1.7054506648670544	2.0800641124898736	2.571259845386852
327	47	1.310667452059294	2.338116539152045	2.3755570461875513
328	47	1.3421835064888001	1.9151710163463245	1.6124575463208286
329	47	1.186693290869395	1.8732672035694122	1.563048854470253
330	47	2.0160740443638394	2.140940640653883	1.8583308458328247
331	47	1.720204472541809	2.185265988111496	1.9373427331447601
332	47	2.3229386806488037	2.341043029512678	2.3760926382882253
333	47	2.7575713207847192	2.3719236850738525	2.4220790235619796
334	47	2.022579719038571	2.2587988096124985	1.9867877469343298
335	47	1.8868600130081177	1.981574296951294	1.3392913852419173
336	47	1.3408286025126774	1.6979448596636455	1.273148847122987
337	47	1.2275893517902918	1.840783987726484	1.1122649269444602
338	47	1.142683292136473	2.4415110139285816	1.8003585689208086
324	48	2.1315959150140937	2.1982010277834805	2.246247259053317
325	48	2.5033340624400546	1.8966169187000819	2.3758626069341386
326	48	2.0499257282777266	2.3083301890980112	2.6015203432603315
327	48	1.3836129966535067	2.5252223642248857	2.3787763118743896
328	48	1.4052854537963868	2.1560216600244697	1.5825712897560813
329	48	1.2237285176912944	2.1077707509199777	1.5832524845997493
330	48	1.5684929064341955	2.0401723980903625	1.6532468455178397
331	48	1.463705152273178	2.1689192950725555	1.9166045983632405
332	48	1.862574917929513	2.286541155406407	2.4350664615631104
333	48	2.3406698891991065	2.0908221006393433	2.131172826415614
334	48	1.7223898803486544	2.2033771907582	1.9761509474586039
335	48	1.488809015069689	1.8271694353648595	1.1565742237227303
336	48	1.175254762172699	1.7585180898507435	1.3696008970340092
337	48	0.8780552021094731	1.9826059085982186	1.0479720021997179
338	48	1.2148767288993387	2.4390375123304477	1.8091386977364035
324	49	2.7108557441017846	2.7521849328821357	1.7080127759413286
325	49	3.1237849167415073	2.4125528080122813	2.0536774141447887
326	49	2.677427660335194	2.581286603754217	1.5577413819052957
327	49	1.8510734533008777	2.817520129053216	1.4091936475352238
328	49	1.9492776036262511	1.85256995938041	1.3143667416139082
329	49	1.411971112092336	1.7274402976036072	1.270718201994896
330	49	1.6958393710000175	1.52923698084695	1.5785589388438634
331	49	1.719250112771988	2.1090462704499564	1.614639123280843
332	49	1.7669002498899187	2.153850095612662	2.038700921194894
333	49	1.880034233394422	2.79320626509817	2.2237124882246317
334	49	1.7358805396977592	2.2643222247852997	1.981380869360531
335	49	1.437731683254242	1.61039103780474	1.5314974614552088
336	49	1.3078705792625744	1.687702809770902	1.5234046677748363
337	49	1.1041467913559504	1.6107831001281738	0.9164160234587533
338	49	1.2458705306053162	2.3663852775798127	1.2605035550454085
324	50	2.9473662593147973	2.6915543404492466	1.982837276025252
325	50	3.396975806781224	2.550058901309967	2.3005715012550354
326	50	3.1991956017234107	2.4202595840800893	1.9703168110413984
327	50	2.3983013755396794	2.5927288657740544	2.013362112798189
328	50	2.1290502190589904	1.6476211547851563	1.6331102414564653
329	50	1.578243191043536	1.464864249030749	1.4712325135866802
330	50	1.7196716666221619	1.375038402421134	1.7032461251531328
331	50	2.2167304853598275	1.8329863746960957	1.6902636488278706
332	50	2.4118869474955966	2.1700754165649414	1.7693729741232735
333	50	2.433383527554964	2.699624883501153	1.8523532152175903
334	50	2.2743434204774746	2.372480413492988	1.6767024152419145
335	50	1.2933452257088252	1.618846126965114	1.490344192300524
336	50	1.4866202026605606	1.4171712100505829	1.3755869915088017
337	50	1.310580040727343	1.3362172075680323	1.2970825263432093
338	50	1.3621196816949284	1.893740261302275	2.04294088307549
324	51	2.2513670271093194	2.3430339964953335	1.9360211329026655
325	51	2.581173130444118	2.197265795298985	1.92453704561506
326	51	2.293999368494207	1.8425992185419255	1.624058409170671
327	51	2.023456046455785	2.158659313854418	2.0981123196451286
328	51	1.7217034697532654	1.2851612513715571	1.5120555054057727
329	51	1.3561994135379791	1.000373472770055	1.3698559006055195
330	51	1.6074184009007044	1.1137648991176061	1.5969568065234594
331	51	2.0525877873102822	1.43414702018102	1.4842195510864258
332	51	2.2584122078759328	1.6213950770241874	1.572823234966823
333	51	2.554904730696427	2.585375139587804	2.101679463135569
334	51	1.9767107612946455	2.0109829271540924	1.6685008511823767
335	51	1.2500070631504059	1.6101767931665694	1.3832649333136422
336	51	1.175213245054086	1.1018393809596698	1.3510590841372807
337	51	1.130386701651982	1.0397152602672577	1.28729875598635
338	51	1.3471183040562797	1.353485107421875	1.963863120359533
324	52	1.7990637692538174	2.5528346841985528	2.037977240302346
325	52	2.0364910108702525	2.345406336443765	2.224268470491682
326	52	1.8863035332072864	1.995534669269215	1.4798280759291216
327	52	1.6354736717123735	2.2425064852363183	1.7872861811989231
328	52	1.4187175035476685	1.4654233889146284	1.5298474918712268
329	52	0.9994697545965513	1.2056804845730464	1.563966269294421
330	52	1.5437877859388078	1.2556320173399789	1.91630642754691
331	52	1.6633835832277934	1.6080815494060516	1.7760496238867443
332	52	1.9483766044889177	1.8006946529660905	1.9541651862008231
333	52	1.9453050525564897	2.4812778297223543	2.6513292162041915
334	52	1.8497841288061703	1.9752365631215714	2.0506142377853394
335	52	1.2138134155954634	1.4851022277559554	1.9228432178497314
336	52	1.0037453547120094	1.2261479149262111	1.7456931819518406
337	52	1.0866197177342005	1.172103932925633	1.5088777371815272
338	52	1.218954307191512	1.4662914486492382	1.9194059161578907
324	53	1.963521957397461	1.6954815279353748	2.5391103354367344
325	53	2.1124735474586487	1.3814656010695867	2.779044577053615
326	53	1.9201054573059082	1.227027790112929	2.3704260912808506
327	53	1.6764491420043142	1.5462643535513627	2.0331848357853137
328	53	1.5922831892967224	1.264444887638092	1.8558307452635332
329	53	1.257247229417165	1.1381453598539035	1.844936192035675
330	53	1.7234998771122523	1.2527353763580322	2.0390108227729797
331	53	1.8686907589435577	1.747934232155482	1.9064109027385712
332	53	2.1017353534698486	1.9987158605030604	2.0686284814562117
333	53	2.5220791917098198	2.730140159004613	2.8267522736599573
334	53	2.093261613565333	1.9268497719484217	1.9477993951124304
335	53	1.4793768610273088	1.6883219565664018	1.9595347728048051
336	53	1.3479766249656677	1.681684618194898	1.7549979587395985
337	53	1.3926493951252528	1.3303001608167375	1.7334533333778381
338	53	1.656371789820054	1.4635386817595537	2.0237589092815624
324	54	2.244065989147533	2.068670944734053	3.099557248028842
325	54	2.098267206123897	1.4897596112319402	3.827846680368696
326	54	1.9898575977845625	1.5263553315942937	3.4821065122430976
327	54	1.725904947833011	1.804135604908592	2.568333023472836
328	54	1.4710787415504456	1.256655145775188	2.1067992015318437
329	54	1.1707717925310135	1.1728604510426521	1.9913816650708516
330	54	1.5416863305228097	1.3853223281247276	1.9253512620925903
331	54	1.6606660187244415	1.5396765371163685	1.7255657613277435
332	54	1.9917665719985962	2.2643916266305104	1.7609433106013708
333	54	2.7075258054231344	2.826232859962865	2.4598579093029627
334	54	2.1713162029490753	2.538444483981413	1.4760587706285364
335	54	1.4639846682548523	1.7729996357645308	1.761749540056501
336	54	1.3527500828107197	1.8322998384634654	1.4747000237305958
337	54	1.4035996964999609	1.6166841728346688	1.8257035272462028
338	54	1.7568687270669376	1.5629679595722872	2.2669951214509854
324	55	2.2474978186867456	1.9098582159389148	2.6890784827145664
325	55	2.3050762159483775	1.4761341682502203	3.4374526909419467
326	55	2.0876130624250933	1.1852614825422114	3.049140149896795
327	55	1.6778272515849064	1.6508383248981677	2.2159835853074727
328	55	1.5543678164482118	1.1406588608568364	1.5443717566403476
329	55	1.4633082548777263	1.29189200202624	1.6051431000232697
330	55	1.9540112784930639	1.5850350516183036	1.3900695954050337
331	55	1.8455127477645874	1.7387973964214325	1.765549470980962
332	55	2.5653222629002164	2.4736127853393555	1.7768099478312902
333	55	3.443007782885903	3.03784926314103	2.699806332588196
334	55	2.2744305414312027	2.569292664527893	1.8905718396691715
335	55	1.8896473220416479	1.8456229652677263	1.4285065361431666
336	55	1.5339859475692113	1.5895578265190125	1.590929552912712
337	55	1.4235102023397173	1.341611853667668	1.5295406579971313
338	55	1.711781151154462	1.5763546298531925	1.5731319048825432
324	56	1.8573668978431008	1.5940386273644187	2.859426043250344
325	56	2.0174014398029874	1.5170171771730696	3.1887423310961043
326	56	1.3747766884890469	1.2147813601927324	3.2001419284126977
327	56	1.417705209631669	1.4877041076358997	2.703947199018378
328	56	1.092270988225937	1.055958942933516	1.7273800047961148
329	56	1.2819771418968837	1.2518704757094383	2.005201185743014
330	56	1.6393554210662842	1.6173680169241769	1.789158318723951
331	56	1.7037882804870605	1.7310180862744649	2.353487938642502
332	56	1.9159791810171944	2.426271779196603	2.7333499022892545
333	56	2.634184950276425	3.038671380595157	3.319849880118119
334	56	2.1972830786424526	2.433402187684003	2.3406628861146817
335	56	1.7236711978912354	1.712698791708265	1.384492244039263
336	56	1.5192022273937862	1.2849258755644162	1.6727978785832722
337	56	1.3488324114254542	1.1727619767189026	1.2250817843845911
338	56	1.5648749295402975	1.6288120115504545	1.9361869377248428
324	57	1.7578528035770764	2.0112268274480645	2.598826831037348
325	57	1.7951414840562003	2.5911989552634105	2.817601374217442
326	57	1.312259554862976	2.3470794504339043	3.2157927209680732
327	57	1.3906736530755694	1.9686728213962756	2.662138355405707
328	57	0.862816435098648	1.545814741741527	1.6444311467084018
329	57	1.0352280860145886	1.5079899926980336	2.0542831867933273
330	57	1.6594215290887016	2.1913495659828186	2.18676426580974
331	57	1.7370913525422413	2.201432913541794	2.7981820503870645
332	57	2.0424350840704784	2.8945602008274625	3.286759614944458
333	57	2.340436634264494	3.595872402191162	3.8650477810909876
334	57	2.0305304176667156	2.7316644892973057	2.779995918273926
335	57	1.4703530498913355	1.7866775223187037	1.768050798348018
336	57	1.2175132458408673	1.5482916980981827	1.8111464579900105
337	57	0.8373748702662331	1.0808106235095434	1.1309172000203813
338	57	1.0612100958824158	1.3699242367463953	1.971498545478372
324	58	1.9814455834302036	2.105192617936568	2.591488708149303
325	58	2.0664267199380055	2.5210682494299754	2.797410488128662
326	58	1.6577602299776943	2.640610088001598	3.1222728815945713
327	58	1.3805435707694607	2.137246715395074	2.698960693258988
328	58	1.20125093460083	1.6566442142833362	1.6335942636836658
329	58	1.2041031767924626	1.5154759113987286	1.881340354681015
330	58	1.6013634715761458	2.25129040649959	1.8613603711128235
331	58	1.5396380325158436	2.321384330590566	2.3104565342267356
332	58	1.8413337128502982	3.0360066890716553	2.721673148018973
333	58	2.249849840214378	3.505684601633172	3.125339934700414
334	58	1.893937159987057	2.6239305033403286	2.1598529605304493
335	58	1.3228730985096522	1.6820801751954215	1.4462325317519051
336	58	1.1657618333896	1.5760044356187184	1.6228389541308086
337	58	1.0653935713427407	1.0586523073060172	1.216895478112357
338	58	1.1246587599025053	1.2625598732162924	2.0927101303549374
324	59	1.9407544461163608	1.6730562123385342	2.215024536306208
325	59	1.8667849557740348	1.8620718632425581	2.308473297527858
326	59	1.8168375383723865	2.2729693109338935	2.552106337113814
327	59	1.5372404362026013	1.9775754903492175	2.4529740308460437
328	59	1.3557918071746826	1.5162704207680442	1.5471004030921243
329	59	1.3248559733231862	1.2666355594992638	1.5495703121026356
330	59	1.558859075818743	1.8712887508528573	1.4505109701837813
331	59	1.4629294474919636	2.248487373193105	1.6263105074564617
332	59	1.7588834421975272	2.6254617486681258	2.021532808031355
333	59	2.119461517584951	2.8568386592363058	2.4957909709528874
334	59	1.641360128627104	2.423263704075533	1.5084991455078125
335	59	1.1116900486605508	1.1929842744554793	1.2974343683038438
336	59	1.3018646836280823	1.3954409087697666	1.2403630912303925
337	59	1.2175799693380083	1.074351225580488	1.285912573337555
338	59	1.423186975366929	1.309262198560378	1.9380957449183744
324	60	2.2447733879089355	1.5801896398717707	2.1445024772123857
325	60	2.1642986876623973	2.1528780119759694	2.5535038198743547
326	60	1.8851448622616855	2.192027623003179	2.752977046099576
327	60	1.859961377946954	1.630211723478217	2.552500887920982
328	60	1.377923810482025	1.2844780087471008	1.8262521028518677
329	60	1.4493713279565175	1.3218725994229317	2.2318059702714286
330	60	1.6159953049251012	1.4183861017227173	1.8407569783074516
331	60	1.6317934691905975	2.0732972224553428	2.4341909090677896
332	60	1.7296336889266968	2.4784861632755826	2.6980397360665456
333	60	2.0441758381692985	2.829220094178852	2.7126145362854004
334	60	1.6180312703637516	2.510969225098105	2.2635569782818066
335	60	1.3502148517540522	1.187737992831639	1.56716993025371
336	60	1.6380255619684856	1.5141720523436863	2.044658208886782
337	60	1.475586712360382	0.8639054085527148	1.5193323578153337
338	60	1.6754271703607895	1.2663098748992472	2.339891994700712
324	61	2.3588709072633223	1.3464275056665593	1.4770032384178855
325	61	2.077731260231563	1.9053340979984827	1.9428744230951582
326	61	2.055921294472434	2.0039712624116377	2.1430806788531216
327	61	2.0607870189767135	1.5788859442660683	2.0702586958282874
328	61	1.6291332840919495	1.1207226298072122	1.6167693354866721
329	61	1.4831458032131195	1.3370448698600133	2.3493712842464447
330	61	1.4809417639459883	1.3451097650187356	2.384282886981964
331	61	1.5350591043631236	1.9060019453366597	2.991367836793264
332	61	1.7288318361554826	2.229043756212507	3.1859700679779053
333	61	1.9259310647060996	2.643816345616391	3.1171361647154154
334	61	1.6304077190511368	1.962796926498413	2.825058810851153
335	61	1.3231312079089028	1.4004646709987096	1.969717570713588
336	61	1.5476981302102406	1.5441305885712306	2.357582926750183
337	61	1.5416993583951677	1.1286141531808036	1.739333016531808
338	61	1.7855840921401978	1.6377794602338005	2.193175757632536
324	62	1.9083667993545532	1.0086156292395159	1.9841955358331853
325	62	1.9902919360569544	1.692884419645582	2.140998227255685
326	62	1.7194500402970747	1.8530528111891313	1.8827163522893733
327	62	1.6856267828690379	1.6387346731989008	2.336318536808616
328	62	1.3973942756652833	1.2161192785609851	1.688705942847512
329	62	1.3619321286678314	1.3403901706139247	2.172519529859225
330	62	1.531122727053506	1.5260400176048279	2.6367179325648715
331	62	1.6468265652656555	1.8912856181462605	2.8729478120803833
332	62	1.9863548619406564	2.1629144293921336	3.3405680997031078
333	62	2.0178740212791846	2.5847007036209106	3.5131573928029916
334	62	1.7476337657255285	2.003453016281128	3.0631881321177765
335	62	1.3660790579659599	1.493956276348659	2.316925082887922
336	62	1.6119119673967361	1.5694157083829243	2.31508440275987
337	62	1.4794014181409563	1.2245216114180428	1.8428400925227575
338	62	1.6141131976071526	1.7158795875661514	2.2189267382902256
324	63	1.9753501523624768	1.1257754889401523	1.9264321760697798
325	63	2.046274823801858	1.6539943643978663	2.3385229281016757
326	63	1.8076627254486084	1.5621683380820535	1.4731795354322954
327	63	1.7775049523303383	1.4633365932263827	1.851249054858559
328	63	1.5250487208366394	1.2072550058364868	1.2524948011745105
329	63	1.4775429765383403	1.112429755429427	1.4772446602582932
330	63	1.6122847965785436	1.5323004296847753	2.2958502173423767
331	63	1.7106956740220387	1.5772226850191753	2.040679623683294
332	63	2.019161718232291	1.7848524025508337	2.541945219039917
333	63	2.1094656053342318	2.079957962036133	2.9312696582392643
334	63	1.668386368190541	1.621191375395831	2.5248436647302963
335	63	1.3888644916670663	1.4785300493240356	1.973477942602975
336	63	1.6017171839872997	1.3860277930895488	1.797535315155983
337	63	1.548196085861751	1.167056211403438	1.38957941532135
338	63	1.6399088326622457	1.7465380360098446	1.6918300109751083
324	64	1.9534618637778542	1.771585388617082	1.733874255960638
325	64	2.3069769399506703	1.8501738395009721	2.0209150910377502
326	64	2.142690669406544	1.4222256378694014	1.3725148439407349
327	64	1.9016520412344682	1.4257447531348781	1.8815148849236338
328	64	1.4955132126808166	1.2426897829229182	1.1639784249392422
329	64	1.3363752315441768	0.9399796028931936	1.1310627857844036
330	64	1.5631995712007796	1.6520783730915614	1.7563587171690804
331	64	1.5885463456312816	1.317512313524882	1.3591907819112141
332	64	1.9114286388669695	1.6746149233409338	1.8800011702946253
333	64	1.8500362760142277	2.1340195881692985	2.440434637822603
334	64	1.1224928498268127	1.7040095189038444	1.836752274457146
335	64	1.153141702924456	1.5415795147418976	1.6493241361209325
336	64	1.3165186544259389	1.057673213382562	1.2560244177778561
337	64	1.3001698000090463	0.9103521193776812	1.230942257813045
338	64	1.5336753690943998	1.4675535103854012	1.695127108517815
324	65	2.0735525651411577	1.6573985815048218	1.6920532746748491
325	65	2.226648202964238	1.6085293250424522	1.891999798161643
326	65	2.1053609522906216	1.1343313455581665	1.6021897901188245
327	65	2.2925366163253784	1.2559480165180408	1.7873183488845825
328	65	1.4782168865203857	0.8697713721882213	1.1390695030039006
329	65	1.5224778453509014	0.8458175634344419	1.0618244608243306
330	65	1.7926260828971863	1.4572689192635673	1.2373004598276955
331	65	1.627994438012441	1.361834744612376	0.8931409865617752
332	65	1.973200491496495	1.7954498359135218	1.45345938205719
333	65	1.9685999343269749	2.0439017822867944	2.3208496507845426
334	65	1.379930531277376	1.4371746638241936	1.584776057916529
335	65	1.4186369606426783	1.2228073520319802	1.3986120905194963
336	65	1.2955812364816666	0.8715815668304762	1.1062440102299054
337	65	1.415110511439187	0.7601354335035596	1.2262733110359736
338	65	1.8141064643859863	1.51426503237556	1.5199064857819502
324	66	2.0350970680063423	1.7323772690512917	1.7611294876445422
325	66	2.0506445510046825	1.726375503199441	1.9357305935450964
326	66	2.11310169913552	1.341670350594954	1.8452452421188354
327	66	2.240077125398736	1.6647737590890181	1.4695257136696263
328	66	1.5006301760673524	1.2510694373737683	1.1368113539435647
329	66	1.350521092613538	1.1881163269281387	1.2378725359837215
330	66	1.4862160086631775	1.5863326702799116	1.2415630093642644
331	66	1.2632343073685963	1.6209265391031902	1.0731068501869838
332	66	1.2281602450779505	1.9819290297372	1.5242182527269637
333	66	1.503755205555966	2.3275504237727116	2.179279465424387
334	66	1.276881168870365	2.1063368250341976	1.4703859546605278
335	66	1.2461066927228654	1.9141645176070077	1.243121794291905
336	66	1.0725136672457058	1.4148341814676921	1.0658995856841404
337	66	1.3652866227286202	1.348466353757041	1.103191660983222
338	66	1.697570281870225	1.9306231106028837	1.5076591407551485
324	67	1.8098903135819868	2.181153665889393	2.05432636087591
325	67	1.9121243613106864	2.3669426356043135	2.289797076157161
326	67	2.139064387841658	1.486325979232788	1.9151803796941584
327	67	2.1425142978367053	1.7695761919021606	1.3314172939250344
328	67	1.4580564498901367	1.6627491604198108	1.027666449546814
329	67	1.5199281672636669	1.6545825550953548	1.1185868258277576
330	67	1.702255061694554	2.03552668435233	1.1262690893241338
331	67	1.5611443221569061	2.0791467229525247	1.123570258418719
332	67	1.8746402433940343	2.260108573096139	1.5234392711094447
333	67	2.4171781728142188	2.6893837953868664	1.9982775700719733
334	67	1.6183923272525562	2.665343102286844	1.2159063114839441
335	67	1.3731634616851807	2.4355348348617554	0.9639668379511152
336	67	1.1434997667868931	1.7535583625237148	1.0422908241550128
337	67	1.3145724024091447	1.6511382801192147	0.9404114995683942
338	67	1.7521168835022871	1.9956199141109692	1.4622624516487122
324	68	1.6292336637323552	2.2828139175068247	1.6371195641430942
325	68	1.770649288381849	2.4065011824880327	1.7455271652766637
326	68	1.9435940439050847	2.052311994812705	1.552559494972229
327	68	1.8590897698151438	2.020575623763235	1.2547092625969334
328	68	1.1850607991218567	1.6391530578786677	1.0698670799081975
329	68	1.3003212064504623	1.7344464361667633	1.4583507205049198
330	68	1.4438639879226685	2.2347744022096907	1.45196476152965
331	68	1.424109051624934	2.4039708177248635	1.765249530474345
332	68	1.7834043332508631	2.7095775263650075	2.67229894229344
333	68	2.204394484821119	3.0432667606755306	2.8155423967461837
334	68	1.6978489791645723	2.992564495872049	2.359132107566385
335	68	1.3839113456862313	2.396983197757176	1.4555388689041138
336	68	1.2196471492449443	1.8475933372974396	1.7272097220023472
337	68	1.2500928810664587	1.4278397389820643	1.4150390114103044
338	68	1.6773927492253922	1.5745071803822237	1.812121769961189
324	69	1.866894006729126	2.8229527906938032	1.9230425574562766
325	69	1.9024700777871268	2.8534483398709978	2.107013387339456
326	69	2.0196934938430786	2.93854097886519	1.7743593129244717
327	69	2.33909315184543	2.8486624579680595	1.4912346413261013
328	69	1.5747269868850708	2.134937123818831	1.246959772976962
329	69	1.6223008533318837	2.2093846251567206	1.4591575066248577
330	69	2.006634567465101	2.890230860028948	1.3525961552347456
331	69	1.7051186263561249	3.026678482691447	1.6106339593728383
332	69	1.9733329670769828	3.366476672036307	2.324069023132324
333	69	2.5957799773467216	3.2906546216262016	2.6863223627993933
334	69	2.08057500334347	3.0922816781436695	2.352934655021219
335	69	1.9410882081304277	2.5028845242091586	1.556788716997419
336	69	1.4285158216953278	2.052244355281194	1.6377290338277817
337	69	1.4373678735324316	1.6076917137418474	1.4175131916999817
338	69	1.763603357707753	1.813954185037052	1.8889033303541296
324	70	1.8590336712923916	3.024351878599687	2.0782934427261353
325	70	1.896529197692871	3.316705209868295	2.0963827882494246
326	70	1.6669231761585583	3.181131753054532	1.8393341953104192
327	70	1.9595172969918502	2.8777019601119194	1.923272835580926
328	70	1.4735307931900024	2.2905361327258023	1.3536783781918613
329	70	1.5166494995355606	2.3215613712867103	1.3261592065294583
330	70	2.372847548552922	2.836685929979597	1.1929404054369246
331	70	2.2682050665219626	2.946025868256887	1.3342923273642857
332	70	2.9993551118033275	3.134545462472098	2.1451939174107144
333	70	3.5786281133952893	3.003401128869308	2.5847902799907483
334	70	2.5902506463667927	2.579292255289414	2.2431960105895996
335	70	2.240064331463405	2.2575073497635976	1.5067770736558097
336	70	1.7299618571996689	2.020053962866465	1.294396514693896
337	70	1.624484930719648	1.822675347328186	1.533128755433219
338	70	1.648239535443923	2.0579129036735084	2.0047234156552483
324	71	1.6486355066299438	2.6918488199060615	1.998815655708313
325	71	1.8557901637894767	3.071797932897295	2.084118332181658
326	71	1.8117867491462014	2.684293660250577	1.7434452880512585
327	71	1.8016011213001453	2.528721307453356	1.8873379920658313
328	71	1.4050058245658874	2.124216166409579	1.2348957820372148
329	71	1.3972517202297847	2.2131649603446326	1.131561001141866
330	71	2.4042555689811707	2.761854784829276	1.169114806822368
331	71	2.328858027855555	2.8933528860410056	1.5885740915934246
332	71	3.074721642902919	3.121730089187622	2.302709664617266
333	71	3.8645456841117456	3.008786075993588	2.6260816172549597
334	71	2.750350040547988	2.615065097808838	2.038527018883649
335	71	2.26730523790632	2.2476618460246494	1.4680860723767961
336	71	1.5666127651929855	1.985963260134061	1.1528953065474827
337	71	1.37209928887231	1.6926508460726057	1.273734952722277
338	71	1.4814303271910723	1.915619639789357	1.685316240086275
324	72	1.720487269488248	1.6892988248304888	2.4686443588950415
325	72	2.0133624161992754	2.207079683031355	2.3401081221444264
326	72	2.0182651064612647	2.1337414654818447	2.0767997720024804
327	72	1.7675521624715704	1.715502092712804	2.0151339392913017
328	72	1.4160840272903443	1.5161207155747847	1.3401886008002541
329	72	1.490870013833046	1.5751263896624248	1.088334525624911
330	72	2.3178093263081143	2.3452613949775696	1.588011954511915
331	72	2.3961647351582847	2.477601687113444	1.9036640127499898
332	72	3.16197293145316	2.9008114337921143	2.587663854871477
333	72	3.8433687686920166	2.960418839203684	3.2132469478406405
334	72	2.6339999928193936	2.484912830240586	2.2718320103252636
335	72	2.0824019653456554	2.06869022335325	1.8615044525691442
336	72	1.5740895420312881	1.8040526608626049	1.2986833204825718
337	72	1.194178547177996	1.1945726616042	1.3804373059953963
338	72	1.2830214780919693	1.376876918708577	1.836183744318345
324	73	1.870957612991333	1.4070408235896716	2.5989383350719106
325	73	2.15310766015734	1.9369198679924011	2.513996882098062
326	73	2.261154608293013	1.9135203469883313	2.109612811695446
327	73	2.329505443572998	1.6514952370994969	2.0521399096438757
328	73	1.7677896618843079	1.6953566074371338	1.3559914502230557
329	73	1.8227670739094417	1.7356600364049275	1.0374753152330716
330	73	2.3001192723001753	2.4669540779931203	1.5376606839043754
331	73	2.4350580175717673	2.5630873640378318	1.790315141280492
332	73	2.9685488087790355	2.8888116564069475	2.314386946814401
333	73	3.719302666814704	3.068986491153115	2.873497166131672
334	73	2.7128173743977264	2.480776744730332	2.052707952611587
335	73	2.2205044286591664	2.1513680049351285	1.9138372029576982
336	73	1.852491870522499	1.7212778677543004	1.1046763435006142
337	73	1.831145235470363	1.2559654372079032	1.3850830112184798
338	73	1.639902584693011	1.3483607769012451	1.8126530016169828
324	74	2.94249567118558	1.411968848922036	2.3788735649802466
325	74	2.9191220658166066	1.5267382860183716	2.1335965309824263
326	74	2.9837737516923384	1.4502315629612317	1.9714883349158547
327	74	2.6779751275715076	1.345768181901229	2.116902941151669
328	74	2.329586458206177	1.3182280605489558	1.248309774832292
329	74	2.0420829405387244	1.2772700488567352	1.0582813546061516
330	74	2.3943474292755127	1.6776930093765259	1.710533048425402
331	74	2.3723674615224204	1.8815453946590424	1.8800101081530254
332	74	2.58296377318246	2.0564253330230713	2.5256055082593645
333	74	3.4962292093979683	2.7805533597343848	2.660220591645492
334	74	2.7108569145202637	1.6400427046944113	1.845543524798225
335	74	2.5185413360595703	1.439227317060743	1.7736567088535853
336	74	2.125991622606913	1.3574762692054112	1.1892992109060287
337	74	2.3054026194981168	1.2202566010611398	1.3525090387889318
338	74	2.016362596960629	1.2941376040963566	1.7790451961405136
324	75	3.309784997593273	1.5526427789167925	1.8531652147119695
325	75	3.32699910231999	1.9779478992734636	1.939951206956591
326	75	3.2600545449690386	1.5554923252625898	1.584407394582575
327	75	2.876087000495509	1.3507490346306248	1.7607687021556653
328	75	2.553816723823547	1.512290596961975	0.9115886904976584
329	75	1.946815311908722	1.3335760906338692	1.2388770133256912
330	75	2.3339436735425676	1.7250941736357552	1.9463613373892648
331	75	2.053774505853653	1.7621703644593556	2.4169246554374695
332	75	2.3293308530535017	1.8651091371263777	3.0329415457589284
333	75	3.312776653390182	2.219984067113776	3.1297576803910103
334	75	2.5713703912847183	1.4693247570711023	2.0459314865224503
335	75	2.508656859397888	1.546239469732557	1.6115614090647017
336	75	1.8978308389584224	1.396278475721677	1.585177406668663
337	75	2.386016539164952	1.1431757509708405	1.1217892255101884
338	75	2.1050265185973225	1.063954398912542	1.4987379102145924
324	76	2.8725063584067603	1.3748350035060535	1.9229760278354993
325	76	2.611369354384286	1.9541426811899458	2.217963533742087
326	76	2.5838984792882744	1.443096020004966	1.8086831894787876
327	76	2.290077466713755	1.3333564369302047	1.4733831035463434
328	76	1.8506553292274475	1.279560392553156	1.250690373507413
329	76	1.2781097988287609	1.2580455814798672	1.1957038342952728
330	76	1.434024350983756	1.8240318128040858	1.8764962724276952
331	76	1.4460805455843608	1.7022548913955688	2.1784216165542603
332	76	1.6104549510138375	1.9077214683805193	2.7250945568084717
333	76	1.9259025485892045	2.1293956417786446	3.1681412646644995
334	76	1.5196590493707096	1.3179184548995073	2.0638141842449413
335	76	1.4821102959769112	1.3894330177988325	1.6762804559298925
336	76	1.227091650168101	1.3387748723228772	1.748575543363889
337	76	1.8240359255245753	1.0441852254526955	1.4441320300102234
338	76	1.9136664306416231	1.2184099519954008	1.4689480837653666
324	77	2.4708559729836206	1.2183618112043901	1.9639629125595093
325	77	2.482991737978799	1.8508803418704443	2.102178386279515
326	77	2.0285631093111904	1.6134390397505327	1.7633834210309116
327	77	1.6720962022480212	1.3058925176921643	1.7139546494734914
328	77	1.5258662462234498	1.2036060853437944	1.3982741832733154
329	77	1.1793381770451863	1.1589166695872943	1.2772295673688252
330	77	1.5776258792196	1.7496285012790136	1.6361070701054163
331	77	1.735881378253301	1.622141182422638	1.919370989004771
332	77	1.6920630591256278	1.8469804184777396	2.386998857770647
333	77	1.937692221842314	2.185948315419649	2.6893069744110107
334	77	1.4750743683646708	1.2425156481125776	1.8667158379274256
335	77	1.2704974583217077	1.3538784980773926	1.563036756856101
336	77	1.1841573069492977	1.1962545787294705	1.691471075018247
337	77	1.3005166224070959	0.7056997844151088	1.4476281659943717
338	77	1.3347109135459452	1.1450818847207462	1.5202803681878483
324	78	1.6534132307226008	1.3238684209910305	2.0841538472609087
325	78	2.0752845236233304	1.7708432078361511	1.9525450042315893
326	78	1.856539552861994	1.677615230733698	1.6203749938444658
327	78	1.5958015354056108	1.232724710514671	1.8884411924763729
328	78	1.2888368964195251	1.1418576511469753	1.2914551496505737
329	78	1.3827708214521408	1.1593854278326035	1.0916354805231094
330	78	1.540405469281333	1.7990886909621102	1.4071298582213265
331	78	1.9295949041843414	1.7038060625394185	1.9882190525531769
332	78	2.0055787903921947	1.9198256731033325	2.561511652810233
333	78	2.0711817051234997	2.1139967127850183	2.4338740486847725
334	78	1.70646449397592	1.402592981562895	2.1727597082362458
335	78	1.2535953266280038	1.3787786364555359	1.4304849079677038
336	78	1.4150982598463695	1.1980933944384258	1.6183318396409352
337	78	1.3368127175739832	0.6676586823804038	1.463493355682918
338	78	1.3633403497583725	1.0883277023539824	1.5629964856540455
324	79	1.6543595465746792	1.0047726089304143	1.9483809687874534
325	79	2.018187735761915	1.3663615669522966	1.9462790148598808
326	79	1.7908599159934304	1.7955168160525234	1.6977303353222934
327	79	1.5075202866604454	1.2493414031831842	1.728380755374306
328	79	1.1275488138198853	1.196870213205164	1.1475483720952815
329	79	1.0366646523276966	1.3409123172362645	1.0573239028453827
330	79	0.8613806366920471	1.934478563921792	1.2597158210618156
331	79	1.3118112583955128	2.1950435837109885	1.945262223482132
332	79	1.5833105530057634	2.2656116826193675	2.442984172276088
333	79	1.998168430830303	2.5818297486556205	2.3111515045166016
334	79	1.2700499120880575	1.7333419533336865	2.2285929918289185
335	79	0.9105946634496961	1.6063778911318098	1.3095986587660653
336	79	1.0933855747183163	1.5146522621313732	1.6149647335211437
337	79	1.158743679523468	0.8640594099249158	1.4190685834203447
338	79	1.1866606053184061	1.384625256061554	1.4658851553412044
324	80	1.7072242390025745	0.8384371345693414	1.8547242554751309
325	80	2.0528484838349477	1.181463714156832	1.7145880205290658
326	80	1.9451122717423872	1.5936068188060413	1.8283652500672773
327	80	1.7550453763259084	1.092483479725687	1.8961731007224636
328	80	1.3013316631317138	1.0358342799273403	1.2709834467280994
329	80	1.4686091939608257	1.1652496034900348	0.9296844204266866
330	80	0.9749411940574646	1.5521933351244246	1.4931146161896842
331	80	1.387751470009486	1.7835952738920848	1.4361705879370372
332	80	1.3486586894307817	1.7405522891453333	2.271852936063494
333	80	1.7069626105459113	2.199003269797877	1.912917463402999
334	80	1.526763733695535	1.4644763399572933	1.5513560491449692
335	80	0.9099917752402169	1.3514658297811235	1.3200019555432456
336	80	1.2742540935675304	1.3065677856405575	0.7576104179024696
337	80	1.3514535512242998	0.8599256447383335	0.9154343988214221
338	80	1.3392788943122416	1.3732185398831087	1.307211886433994
324	81	1.5896609804847024	0.9394870779731057	2.1260666196996514
325	81	1.7030463133539473	1.2660092328275954	2.19790894644601
326	81	1.880307587710294	1.7725093256343494	2.469880299134688
327	81	1.9790344489248175	1.331072819860358	2.3451479296935234
328	81	1.441190278530121	1.0696242505853826	1.6141803806478328
329	81	1.6942827999591827	1.1448578362663586	1.262939140200615
330	81	1.2094072529247828	1.3802128647054945	1.6063418473516191
331	81	1.6421937942504883	1.7094291249910991	1.5320908228556316
332	81	1.407791597502572	1.560541067804609	2.206155947276524
333	81	1.847815005402816	1.992035426591572	2.110731262909739
334	81	1.8487433966468363	1.4595977979547836	1.4591259675867416
335	81	1.1297687462397985	1.257791212626866	1.2318762796265739
336	81	1.5291034082571666	1.1504231120149295	1.1175992041826248
337	81	1.7047518747193473	0.8710475223405021	1.0150116171155656
338	81	1.6767376871669994	1.2889164896572338	1.5297822321162504
324	82	1.2680508277632974	1.4995909170670942	2.052413723685525
325	82	1.5035388043948583	1.4199835913521903	2.235773367541177
326	82	1.3563013076782227	1.8512604995207353	2.4505589441819624
327	82	1.4648621521498029	1.7634357966874774	2.27646457521539
328	82	1.0801368713378907	1.2259606448086826	1.7016411802985452
329	82	1.4014273931582768	1.2388667464256287	1.6415230234464009
330	82	1.1475154416901725	1.2975372501782008	2.163598758833749
331	82	1.6603577335675557	1.578626662492752	2.2241872747739158
332	82	1.5958202907017298	1.4801629952022008	2.8103058678763255
333	82	2.1887983648400557	1.3913425458104987	2.3706370341150382
334	82	1.8745133456061869	1.2407541204901302	1.8546073015998392
335	82	1.088929729802268	1.1603266852242606	1.512162685394287
336	82	1.3723960568507512	1.139348824818929	1.447479744752248
337	82	1.1817142580236708	1.1301551035472326	1.1304338318961007
338	82	1.4765131894279928	1.5285997005069958	1.7117111051783842
324	83	1.219084539196708	1.7480764172293923	2.559516256505793
325	83	1.3731223429952348	1.8824648346219743	2.390134164265224
326	83	1.3400232575156472	2.0102914571762085	2.5943068157542837
327	83	1.4351239643598859	1.8041348959270276	2.3540324411894145
328	83	0.9981813609600068	1.5643976493315264	1.9160659096457742
329	83	1.4030364006757736	1.7398898005485535	1.811762382586797
330	83	1.139420645577567	2.109109333583287	2.5278228180749074
331	83	1.6212164560953777	2.1414208511511483	2.47732404867808
332	83	1.563002586364746	2.3209735666002547	2.839937925338745
333	83	2.2312077346600985	2.1244792185331645	2.3456834742897437
334	83	1.690986338783713	1.518855985473184	2.207787128055797
335	83	0.9926204255649022	1.4132981640951974	2.0097518989018033
336	83	1.306667909026146	1.4833121051390965	1.8024440159400303
337	83	1.1232645128454481	1.0684144028595515	1.568063029221126
338	83	1.5075557792887968	1.5508371836998884	1.764948760761934
324	84	1.64923387224024	2.235209269957109	2.853757446462458
325	84	1.690256689276014	2.4954225506101335	2.450146436691284
326	84	1.464444875717163	2.468215573917736	2.6225534135645088
327	84	1.3892309446083873	2.2147590925818994	2.250796343150892
328	84	0.9512839317321777	2.1146590384570034	1.9964613264257258
329	84	1.01312388976415	2.146154433488846	1.7925343960523605
330	84	1.1162484458514623	2.8091028247560774	2.7769754273550853
331	84	1.2951484670241673	2.9618024230003357	2.5889108379681907
332	84	1.4911208663667952	3.56489668573652	3.1893822806222096
333	84	1.6631933701665778	3.181882619857788	2.9371647458327446
334	84	1.3610717093243319	2.1223501878626205	2.4790400617262898
335	84	0.7858270960194724	1.5963850617408752	2.300237945147923
336	84	0.8755890851219496	1.880032832423846	1.9475390861431758
337	84	0.9487001555306571	1.2679854375975472	1.764651996748788
338	84	1.278105634100297	1.552583427990184	1.5629951743518604
324	85	1.658817096190019	2.0976618311621924	2.8859124183654785
325	85	1.7351630330085754	2.462386761392866	2.5704828841345653
326	85	1.7649391781200061	2.3050950223749336	2.456865592436357
327	85	1.5806852453633358	2.0211579987877295	2.4154135239751717
328	85	1.0558750331401825	1.9373085607181897	1.7000641822814941
329	85	1.209626664717992	1.9914040913184483	1.2250597104430199
330	85	1.2480827144214086	2.6577622209276472	1.9720649463789803
331	85	1.5124639471371968	2.7733920415242515	2.027631551027298
332	85	1.7508773463112968	3.566535302570888	2.8539434501102994
333	85	2.24027995686782	3.379636613946212	3.424435715926321
334	85	1.9046002836788403	2.1676127559998455	2.829674342099358
335	85	1.0789008225713457	1.5579877070018224	2.088556477001735
336	85	1.217173899213473	1.9147444367408752	1.6653885543346405
337	85	1.1275490735258376	1.3323165944644384	1.576190939971379
338	85	1.336599118569318	1.560182816842023	1.4454361060086418
324	86	2.2986520637165415	2.3953812664205376	2.2215797901153564
325	86	2.601535822663988	2.6020176921572005	1.9685226082801819
326	86	2.1421239484440195	2.6943572001023726	1.6704966046593406
327	86	1.7737368188406293	2.5310591082823906	2.0141709101827523
328	86	1.1929541230201721	1.9825787327506326	1.1975422393191943
329	86	1.0510037491718929	2.0779198358456292	1.2479999562104542
330	86	1.2341704538890295	2.4088224342891147	1.555533230304718
331	86	1.5150537590185802	2.6018078923225403	2.144622633854548
332	86	1.7639738661902291	2.9515624046325684	2.7352098396846225
333	86	2.197315241161146	2.9573928682427657	3.182645785181146
334	86	1.874447780496934	2.157543827505673	2.755876106374404
335	86	0.9587624711649758	1.6144351192883082	1.9327739988054549
336	86	1.0888948813080788	2.1044836044311523	1.6099906315406163
337	86	0.9908496567181179	1.7217110054833549	1.3758817655699593
338	86	1.2346473827081568	1.9707586765289307	1.5160099338082706
324	87	2.8410237702456387	2.3980285904624243	1.6965054273605347
325	87	3.118923987661089	2.7696124826158797	2.1669600691114153
326	87	2.3045377297834917	2.8785828026858242	1.7898374579169534
327	87	2.3465505273718583	2.6006397950021842	1.7049854805594997
328	87	1.5009006023406983	2.299245379187844	1.4393166195262561
329	87	1.1433692052960396	2.2570652017990747	1.4502492795387905
330	87	1.7219254544803075	2.652259247643607	1.6962112614086695
331	87	2.0624638398488364	2.8724408944447837	1.8945410152276356
332	87	2.505480561937605	3.4337124143327986	2.345060041972569
333	87	3.1020825787594446	3.4659038091960706	2.5856802087081108
334	87	2.2709045550402474	2.354498260161456	2.17556832818424
335	87	1.6281924843788147	2.1730572240693227	1.84612033196858
336	87	1.284390481809775	1.9323574751615524	1.3349670966466267
337	87	1.0917555391788483	1.803455420902797	1.126837125846318
338	87	1.420841651804307	2.031968418289633	1.1991700670298409
324	88	2.9289905808188696	2.904704679142345	1.9591941833496094
325	88	3.3291647263935635	3.099267210279192	2.5257455791745866
326	88	2.6071350032633003	2.9788039164109663	2.11507604338906
327	88	2.4673823745627153	2.9889286568290307	1.655154265855488
328	88	1.7472010612487794	2.727678494019942	1.5456057028336958
329	88	1.201274832089742	2.691034803787867	1.5295230597257614
330	88	1.925424073423658	3.5596676213400706	1.8749351075717382
331	88	2.162601560354233	3.6927480896313987	1.8013060788313549
332	88	2.746910435812814	4.403897489820208	2.0901977845600674
333	88	3.209001817201313	4.352423843584563	2.248556927630776
334	88	2.177740216255188	3.057360186296351	1.9205965434803682
335	88	1.697759142943791	2.7828843763896396	1.9192942551204137
336	88	1.2511732404430707	2.5831893483797708	1.2870113998651505
337	88	1.2033246755599976	2.104889920779637	1.1501381312097823
338	88	1.4895310401916504	2.074894337093129	1.2546665177625769
324	89	2.056052327156067	2.013941092924638	1.7343559048392556
325	89	2.1767310755593434	2.3272484626088823	2.121608683041164
326	89	1.8816531896591187	1.9878408366983586	1.9066452980041504
327	89	2.1948218533867285	1.8952084403288991	1.428154512455589
328	89	1.2683854043483733	1.8732617768374356	1.5723545442927966
329	89	1.0346976468960445	2.11165859301885	1.7074308196703594
330	89	1.4256981483527593	3.1805089712142944	2.233893479619707
331	89	1.954446276028951	3.511497139930725	2.0671359499295554
332	89	2.512700523648943	4.0823840754372736	2.4928082057407925
333	89	3.1295984544252096	4.535995031657972	2.7713500575015417
334	89	2.25110363259035	3.3349656497730926	1.9080060720443726
335	89	1.5121541449001856	2.7307205540793285	1.9466398698943002
336	89	1.3828881978988647	2.4510536938905716	1.4954682836929958
337	89	1.0496420179094588	1.6956851737839835	1.214422345161438
338	89	1.403357610983007	1.9000847199383903	1.3049040296498466
324	90	1.8311649777672507	1.8358202522451228	1.8241599581458352
325	90	2.024749074663435	2.078664813722883	2.146150827407837
326	90	1.9086270115592263	1.7482303814454512	1.9183658903295344
327	90	1.839673167780826	1.6579808937875848	1.7496921953402067
328	90	1.0979952454566955	1.694650411605835	1.4391599243337458
329	90	1.0409918030103047	1.9602962930997212	1.3707246134678523
330	90	1.2081845147269112	2.8769687584468295	1.726339042186737
331	90	1.887810657421748	3.2243911226590476	1.716241677602132
332	90	2.180682454790388	3.6611073357718333	1.9038212980542863
333	90	2.638169376473678	3.8729698407022575	2.248504262221487
334	90	2.0552560091018677	2.770821122562184	1.4396738935919369
335	90	1.2707946130207606	2.367302749838148	1.477875062397548
336	90	1.3769610201319058	2.225630576411883	1.3120381087064743
337	90	1.0270609940801347	1.5069190774645125	1.2224629095622472
338	90	1.2619938324479496	1.755617380142212	1.3607221140581018
324	91	1.835626396265897	2.0598806142807007	1.8297510688955134
325	91	1.8287755506379264	1.9673152565956116	2.197851376874106
326	91	1.6331536769866943	1.9056724309921265	2.051525202664462
327	91	2.014075705879613	1.6683796832436009	1.8491328515504535
328	91	1.1977972745895387	1.533040696924383	1.3997830152511597
329	91	0.9893456026911736	1.3845425993204117	1.3383864437540371
330	91	1.0435694924422674	1.9468505212238856	1.7122636011668615
331	91	1.5271994719902675	1.870296875635783	1.7887538770834606
332	91	1.6672025578362601	2.0906653915132796	2.1566423007420132
333	91	1.7148120340548063	2.5602590284849467	2.2885576235620597
334	91	1.360607574967777	2.0252804896410774	1.5395664607777315
335	91	0.9106031273092542	2.0142500570842197	1.2161331347056799
336	91	1.335204189022382	1.742982029914856	1.5046961257855098
337	91	1.1858537111963545	1.579488320010049	1.1311463798795427
338	91	1.4014530462377213	1.8159472170998068	1.4318649453275345
324	92	1.601628758690574	2.328927061774514	1.9765052253549749
325	92	1.6125842673437936	2.639141951288496	2.2515725748879567
326	92	1.5789490938186646	2.251536586067893	2.099076195196672
327	92	1.3897891201471027	1.815983069570441	2.0425608660045422
328	92	1.0827569723129273	1.8616070422259243	1.5193276838822798
329	92	0.9204229911168417	1.7388044595718384	1.5186561743418376
330	92	1.1221610946314675	2.306526677949088	1.655871834073748
331	92	1.4495343665281932	1.8842016458511353	1.9693626562754314
332	92	1.6518050602504186	2.2412138836724416	2.0723070417131697
333	92	2.302636610834222	2.733020644438894	2.18983562996513
334	92	1.8100435172810274	2.238917084301219	1.5312585409949808
335	92	1.12912837096623	2.228021042687552	1.2370435765811376
336	92	1.3704874590039253	1.6987614283959072	1.587729235490163
337	92	1.0771977688585008	1.5665691835539681	1.3500062482697623
338	92	1.2169598726665272	1.6659978067173677	1.6691324219984167
324	93	1.507680351083929	2.4105967825109307	1.6710142547434026
325	93	1.772092572280339	2.912787369319371	1.8057734540530614
326	93	1.807943268255754	2.577794248407537	2.039534709670327
327	93	1.1016520355877124	1.9534089753502293	1.9335162451392727
328	93	1.1294680297374726	2.0045515949075874	1.482404817234386
329	93	0.9052179877956709	1.9722134073575337	1.5755254824956257
330	93	1.0415981241634913	2.5264550277165005	1.703885555267334
331	93	1.2977955987056096	2.1340739130973816	2.2919864654541016
332	93	1.392095957483564	2.3615948132106235	2.130858506475176
333	93	2.0569739467219303	2.7655321045925745	2.093127702411852
334	93	1.629446920226602	2.3043478516971363	1.6433372988420374
335	93	1.2142271952969688	2.502336416925703	1.2567507113729204
336	93	1.2558562234044075	1.849412630001704	1.7295338461796443
337	93	0.9266533042703357	1.7530476536069597	1.3429359708513533
338	93	1.0800796747207642	1.7390842788359697	1.6815264014636768
324	94	1.4337889064442029	2.7252248417247427	1.770342848517678
325	94	1.6362565159797668	3.3404603515352522	1.792679991040911
326	94	1.7145392461256548	2.8939878940582275	1.836391882462935
327	94	1.0634149658052545	2.128963944159056	1.673464624505294
328	94	1.1816935539245605	2.3769584785808218	1.4754651568152688
329	94	1.0980666254957516	2.311012397209803	1.754105880856514
330	94	1.5300691383225578	3.2554191010338918	2.2091105580329895
331	94	1.7708350121974945	2.8325786789258323	2.8338186343510947
332	94	1.979060070855277	3.255951370511736	2.8662197249276296
333	94	2.4903544626737895	3.362883291746441	2.8501209083356356
334	94	1.9014115684172685	2.6414910625008976	2.743927366593305
335	94	1.5110197152410234	2.8720065695898875	1.9241693105016435
336	94	1.4612187544504802	2.1330583840608597	2.0898041874170303
337	94	1.1110731746469225	1.9431185466902596	1.278339922428131
338	94	0.9618465830298031	2.0544007736093857	1.3175610899925232
324	95	1.1576323725960471	2.3973884799263696	1.5888620615005493
325	95	1.3005941254752023	2.981973307473319	1.8590057236807687
326	95	1.366859327663075	2.380624922839078	1.4852416623722424
327	95	1.0432799144795066	1.965853358569898	1.3334365204760903
328	95	1.0089770257472992	2.2662613175132056	1.727832176468589
329	95	1.032264510790507	2.287621885538101	1.6085262844959896
330	95	1.5107089706829615	3.15093685899462	2.2485001172338213
331	95	1.6428285638491313	3.1177799503008523	2.2790960470835366
332	95	1.9004322971616472	3.81991069657462	2.498210464205061
333	95	2.453411497567829	4.15088385029843	2.778051181843406
334	95	1.998968846657697	3.095125268487369	2.6611175537109375
335	95	1.6198350872312273	3.0430112736565724	2.0735407386507307
336	95	1.367832288146019	2.2815331170956292	1.8680827220280964
337	95	1.2167448784623827	1.6637689641543798	1.4593524932861328
338	95	1.087615514502806	1.8642078147215002	1.3619964122772217
324	96	1.6097740910269998	1.6691238771785388	1.503744049505754
325	96	1.8298656514712743	1.8280682393482752	1.8256133539336068
326	96	1.739542625167153	1.4027156071229414	1.0123918598348445
327	96	1.2058431506156921	1.5895060614535683	1.2274356296187954
328	96	1.059748077392578	1.3595894791863181	1.2253982641480186
329	96	1.015191599726677	1.3719531099001567	1.2098886296153069
330	96	1.5197860513414656	2.362457411629813	2.09776839188167
331	96	1.6490497887134552	2.278839389483134	2.174979011217753
332	96	1.7782917363303048	2.8696373871394565	2.8997793197631836
333	96	2.600804843400654	3.367309620505885	3.139294411006727
334	96	1.9538490281385534	2.400643166373758	2.957932430155137
335	96	1.51369480575834	2.256529527051108	1.965873760836465
336	96	1.2220208992560704	1.4743839651346207	1.5413856903711955
337	96	1.2711113095283508	1.0147365501948766	1.1355106915746416
338	96	1.1883950934690588	1.428838123293484	1.153916646452511
324	97	1.9648564945567737	1.8493731563741511	1.8282195329666138
325	97	2.2120429447719028	2.0342018008232117	1.7712988938604082
326	97	2.068913156336004	1.5435258691961116	1.434847279028459
327	97	1.3213557820571096	1.6678367476714284	2.0414570820958993
328	97	1.1665109932422637	1.4105039293115789	1.400268478827043
329	97	0.9645981987317404	1.6104119618733723	1.20997999360164
330	97	1.3430140912532806	2.4121913058417186	1.7744494335991996
331	97	1.5584773818651836	2.2139024237791696	1.705768754084905
332	97	1.473524570465088	2.6203504630497525	2.348492315837315
333	97	1.9282566434458683	3.2374618429886666	2.732002672396208
334	97	1.6093111038208008	2.263196384205538	2.5061194826574886
335	97	1.2871269413403101	2.304477538381304	1.696393804890769
336	97	1.2625852078199387	1.6131455997625987	1.070931226015091
337	97	1.291079921381814	1.3403063671929496	1.233524305479867
338	97	1.28840150903253	1.6843345235375797	1.511169854332419
324	98	2.3002696254036645	1.9043760191310535	2.15179722959345
325	98	2.530962586402893	2.267584196158818	1.9567448156220573
326	98	2.269782066345215	1.9922918731516057	1.8819297443736682
327	98	1.6602464224162854	1.7897810622265464	2.4120857025447644
328	98	1.4581300735473632	1.6866218068382957	1.4840559634295376
329	98	1.0237688198685646	1.802993282675743	1.2157978465159733
330	98	1.2985232472419739	2.869312950542995	1.4109696192400796
331	98	1.4293299516042073	2.6043334205945334	1.2515868842601776
332	98	1.5212279387882777	3.3915675027029857	1.4431770188467843
333	98	2.0280705000224866	3.6773640607532703	1.362038348850451
334	98	1.7122400578330546	2.270483774297378	1.563769494785982
335	98	1.4941655227116175	2.3678512402943204	1.2484603013311113
336	98	1.3030563394228618	1.664550984899203	0.8705328603585561
337	98	1.3224360006196159	1.3995098045894079	1.2699824486460005
338	98	1.6941148778971504	1.7574678729562199	1.6328546580146341
324	99	2.1255325187336314	2.53735613822937	2.8972997665405273
325	99	2.5165352821350098	3.14467225755964	3.0740526063101634
326	99	2.230656136165966	3.134263428774747	2.7522425218061968
327	99	1.6432294469130666	2.5815350444693315	2.2202828181417367
328	99	1.6217832207679748	2.230778141455217	1.6695330468091099
329	99	1.320984164873759	2.2760101904471717	1.323027287920316
330	99	1.8007552453449793	3.051172273499625	1.4711114934512548
331	99	1.774627794822057	2.9686233003934226	1.4910115500291188
332	99	1.565091916493007	3.671432222638811	1.5732696396963937
333	99	2.256164500587865	3.858355246092144	1.625559599776017
334	99	2.081037542399238	2.462041237775017	1.5727069973945618
335	99	2.061622534479414	2.544909511293684	1.2187505875314986
336	99	1.4435568153858185	1.9806749572356541	1.064384140074253
337	99	1.355476098401206	1.714186157499041	1.2794192220483507
338	99	1.7127851493218367	1.8996120621176327	1.665188943638521
324	100	1.6088074228980325	2.604775081981312	2.6836834170601587
325	100	2.346851485116141	3.0569127457482472	3.087708439145769
326	100	2.136358922178095	3.184218991886486	2.9188327572562476
327	100	1.416676872654965	2.652595124746624	1.9069284326151799
328	100	1.8036690831184388	2.4361342300068247	1.2769912427121943
329	100	2.146977429588636	2.199403256177902	1.4464126030604045
330	100	2.697758981159755	2.704762731279646	2.0805998700005666
331	100	2.8698739608128867	2.707623461882273	2.460262894630432
332	100	2.7922164712633406	3.254404442650931	2.4854374953678677
333	100	2.7281747240769234	3.4493650386207984	2.7033204279447856
334	100	2.48696512334487	2.285639966235441	2.2719226795084335
335	100	2.2334315180778503	2.374105487551008	1.5681418776512146
336	100	1.983833779891332	1.8955557495355606	1.690292052924633
337	100	1.3328621557780675	1.7575858661106654	0.9341026501996177
338	100	1.718522517120137	1.9316235359977274	1.5142476769054638
324	101	1.9859869480133057	1.8302121379158713	2.344684535806829
325	101	2.9061971051352367	2.280505691255842	2.380583039351872
326	101	2.9184068766507236	2.4439387754960493	2.365653861652721
327	101	1.8124332239753322	2.044072251570852	1.6320624853435315
328	101	2.265425419807434	1.8914418654008345	1.34677039493214
329	101	2.6150091538826623	1.7402376532554626	1.3023388062914212
330	101	3.5434302602495467	2.2266468916620528	1.8100964086396354
331	101	3.4156993428866067	2.376153031984965	2.1815176606178284
332	101	3.817021131515503	2.8424010617392406	2.6179305825914656
333	101	4.067786392412688	3.283623971437153	2.785673179124531
334	101	3.247499003129847	2.230571606579949	2.5770854739581837
335	101	2.6471980128969466	1.9425395556858607	1.7338807923453194
336	101	2.3601436664660773	1.4599762558937073	1.6832458476225536
337	101	1.4157586268016271	1.1124354813780104	1.1839687611375536
338	101	1.5403528073254753	1.3788035967770744	1.3164010363466598
324	102	2.5006248734214087	1.3587094220248135	2.2129437815059316
325	102	3.2576450960976735	1.7087958029338293	1.9814915657043457
326	102	3.427602941339666	1.9056932167573408	2.0722451101649892
327	102	2.3070335513667057	1.690974423759862	1.5275091968084638
328	102	2.560756039619446	1.6328815872018987	1.3724058107896284
329	102	2.931911806265513	1.6854698310295742	1.1604454120000203
330	102	3.742349777902876	2.051268994808197	1.5607038821492876
331	102	3.8236189087231955	2.1448747416337333	1.625197599331538
332	102	4.084025825772967	2.5809593200683594	2.113045505114964
333	102	4.058427522056981	3.03720518162376	2.54255609763296
334	102	3.3806753579308007	2.200145216549144	2.331020719864789
335	102	2.5709650175912038	1.7871444395610265	1.736396142414638
336	102	2.660318374633789	1.5037196079889934	1.493357424934705
337	102	1.5394038472856795	1.0735157472746713	1.2235348778111594
338	102	2.0990108742433438	1.3852674715659197	1.2609681977945215
324	103	2.6982510306618432	1.9341719150543213	1.8050315596840598
325	103	3.144589969090053	2.0812417353902544	2.1196437818663463
326	103	3.191722024570812	2.401499249718406	2.3226451765407217
327	103	2.2010710113926937	1.990064313537196	1.8841160975004498
328	103	2.34554945230484	1.7591579719023271	1.7590823823755437
329	103	2.377210815747579	1.5083499799172084	1.4815897271037102
330	103	3.082360659326826	2.0386319926806857	2.0987137130328586
331	103	3.0737000107765198	1.9031942387421925	1.9955849746863048
332	103	3.8240859167916432	2.4606734343937466	2.2819743156433105
333	103	3.4877535042009855	2.7409252367521586	2.8656300118094995
334	103	2.6849105498370003	2.0762825152453255	2.3608621569240795
335	103	1.9117265939712524	1.6169394765581404	2.038717678615025
336	103	2.095481018225352	1.2876396924257278	1.6760546962420146
337	103	1.3019278390066964	1.1195580533572607	1.2898193342345101
338	103	1.9269626175656038	1.574016578057233	1.2695656664231245
324	104	2.2670411413366143	2.5285415866158227	2.008827502077276
325	104	2.158898890018463	2.3664804186139787	2.3713806186403548
326	104	2.495691949670965	2.9083915407007392	2.433818990534002
327	104	2.2762781318865324	2.4956956788113245	1.8712726392244037
328	104	1.6046605825424194	1.995848460630937	1.905170494859869
329	104	1.7344042559464772	2.0168616324663162	1.7832153191169102
330	104	2.663633636065892	1.8738557611192976	2.2641193185533797
331	104	3.0987072587013245	1.8872013787428539	2.106810430685679
332	104	3.803397996085031	2.196618216378348	2.3459287030356273
333	104	3.9583098260979903	2.4239273196772526	2.9780191371315405
334	104	3.062657159917495	1.882811798768885	2.5097184321459602
335	104	1.9510857037135534	1.558021570955004	2.155795701912471
336	104	1.7887771477301915	1.528963769475619	1.8796431968609493
337	104	1.204931037766593	1.4778700130326408	1.630171733243125
338	104	1.9035798381356632	2.049893533482271	1.6301901691100176
324	105	2.1376512592489068	2.9470259926535864	1.8771156397732822
325	105	2.0433943271636963	2.7895147800445557	1.995188798223223
326	105	2.1820101737976074	3.085854096846147	1.7721325917677446
327	105	1.9491412827843113	2.69549654659472	2.032246997481898
328	105	1.303840124607086	2.078582622788169	1.3959793069145896
329	105	1.5980772376060486	2.0716517319281897	1.3029282887776692
330	105	2.573762365749904	1.801625336919512	1.8043160353388106
331	105	2.9908708135286965	1.9970578650633495	1.5390535493691762
332	105	3.8817804881504605	1.9901986633028304	1.9671749046870641
333	105	4.257076577136391	2.0644650082839164	2.521282823462235
334	105	2.9897766253527474	1.5485023260116577	1.884432820712819
335	105	2.158414670399257	1.497393250465393	1.5513245633670263
336	105	1.8502082626024883	1.4709375848372777	1.287771813571453
337	105	1.3092039397784643	1.6427732706069946	1.2958193591662817
338	105	1.7626694721334122	2.0750719449099373	1.5369474326863009
324	106	1.5414490266279741	3.3123729445717554	2.376750848510049
325	106	1.7898173417363847	3.4904013020651683	2.4510082006454468
326	106	1.8875002319162542	3.618214715610851	2.2500977516174316
327	106	1.614025956705997	2.764464165035047	2.2639923346670052
328	106	1.1071701526641846	2.226244644685225	1.5338032679124312
329	106	1.209582122663657	2.2976789822181067	1.4618654549121857
330	106	2.1948254789624895	1.7562909977776664	2.0070672035217285
331	106	2.240290174881617	2.063505381345749	1.9379197756449382
332	106	3.052750144686018	2.024532232965742	2.5647867747715543
333	106	3.4526720297963998	1.9313702520571256	3.1542910149222925
334	106	2.5658437364241657	1.5490938986048979	2.30578832766589
335	106	1.9225056767463684	1.5670405881745475	1.8043174147605896
336	106	1.5158176322778065	1.6985050688187282	1.5056307415167491
337	106	1.3111446244376046	1.7258965628487724	1.2290903329849243
338	106	1.4096091389656067	2.2628369331359863	1.471990886856528
324	107	1.2308804772116921	2.6661969098177822	2.7406815615567295
325	107	1.613086998462677	2.8750115633010864	2.870241233280727
326	107	1.7196412086486816	2.912206758152355	3.088044426657937
327	107	1.452101845490305	2.2707420650281405	2.702069276257565
328	107	1.073094618320465	1.70233154296875	2.1218476837331597
329	107	1.2818654229243596	1.762016733487447	1.8397952616214752
330	107	2.084781195436205	1.4796715549060278	2.661234583173479
331	107	2.0782424112161	1.8603200316429138	2.453620692094167
332	107	2.5941435609545027	2.113173416682652	3.000270809446062
333	107	3.241894433372899	2.2322870241968253	3.428982609196713
334	107	2.340826798887814	1.401392235475428	2.579218640046961
335	107	1.8494763374328613	1.4681281702859061	2.1570963178362166
336	107	1.6165904849767685	1.4700443396965663	1.680562083919843
337	107	1.374116803918566	1.496234587260655	1.3483472551618303
338	107	1.6539968953413122	2.2023325878031113	1.5881162320866304
324	108	2.049838575449857	1.931216749277982	2.85781268639998
325	108	2.335772625037602	2.4138724207878113	2.739520720073155
326	108	2.604911674152721	2.200637784871188	2.786805196241899
327	108	2.2837285681774744	1.5745725192521747	2.7042781302803443
328	108	1.6514528155326844	1.613251350142739	2.4445383765480737
329	108	1.685320680340131	1.57529420653979	2.133300612370173
330	108	1.7376219970839364	1.9059545312608992	2.8533148765563965
331	108	1.773442765076955	2.0376693507035575	2.3804688155651093
332	108	1.7719776460102625	2.5629551070077077	2.608120782034738
333	108	2.389343211525365	2.5796530497701546	2.7447687073757776
334	108	1.8400609072516947	1.5773499923593857	2.6819864020628086
335	108	1.3929513267108373	1.7053804567881994	2.5036971228463307
336	108	1.7054309397935867	1.5308956801891327	1.9549456735452015
337	108	1.5825601816177368	1.2024598547390528	1.8961147580827986
338	108	2.00809712970958	1.6837161078172571	1.7297216162962072
324	109	2.7905914133245293	1.8270046602595935	3.562633514404297
325	109	3.004668184689113	1.8878739050456457	3.3358839750289917
326	109	3.3562022772702305	2.0536171089519155	3.2115531184456567
327	109	2.5925502149682296	1.6855139481393915	3.0874462002202083
328	109	2.1266873478889465	1.4502716606313533	2.650647748600353
329	109	2.1612343341112137	1.3137203603982925	2.259261280298233
330	109	2.293585044997079	1.3800909093448095	2.882691894258772
331	109	2.5037362575531006	1.583185076713562	2.516014575958252
332	109	2.7758680752345493	1.9248090130942208	2.5656117371150424
333	109	2.9148052868090177	2.1665155762120296	2.6538511451921964
334	109	2.2049144857070027	1.4437160842558916	2.86849746984594
335	109	1.5326550943510873	1.2378481200763158	2.4616977146693637
336	109	1.648498758673668	1.3823745548725128	2.195775200923284
337	109	1.6126853142465865	1.2379876800945826	2.2320610540253774
338	109	2.341381612946005	1.8176471205318676	2.03896603864782
324	110	3.3133828423239966	2.081828084858981	2.8038353703238745
325	110	3.35557006086622	2.0963437472070967	2.519635191985539
326	110	3.9394767717881636	2.607184475118464	2.3071224472739478
327	110	3.4549398547724675	2.057064740281356	2.3749273074300667
328	110	2.7760421991348267	1.7045369364998557	1.763094728643244
329	110	2.9297281901041665	1.8586082806189854	1.7479245116313298
330	110	3.3355591808046614	1.996051354067666	2.0349667157445634
331	110	3.631718337535858	2.6115440130233765	2.1552336513996124
332	110	3.989005974360875	3.1069445610046387	2.358542169843401
333	110	3.6740306302120813	3.0728814350931266	2.512752238072847
334	110	2.962623526068295	2.4250525726991543	2.3173675046247593
335	110	2.1530892934117998	1.5696595055716378	1.7861219814845495
336	110	2.3774309555689492	1.7767924467722576	1.729354922970136
337	110	1.9625300765037537	1.302500069141388	1.7664533768381392
338	110	2.6161872499129353	1.7395638718324549	1.9199098769356222
324	111	3.3547535809603604	2.5176539421081543	2.7432421987706963
325	111	3.4894326073782787	2.291308726583208	2.448475113936833
326	111	3.9325892491774126	2.724747982892123	2.124382257461548
327	111	3.3479364545721757	2.361336682972155	2.4014050270381726
328	111	2.5650294542312624	1.9979304183613171	1.4777866493571887
329	111	2.798626035451889	1.7570574631293614	1.6399892965952556
330	111	3.134024058069502	1.8964087877954756	1.774924065385546
331	111	3.6159533262252808	2.332480490207672	2.1199830869833627
332	111	4.005028520311628	2.7636196272713796	2.5590687819889615
333	111	3.7410638457850407	2.71549485859118	2.621630643543444
334	111	2.9964273817398968	2.288321817622465	1.827210461392122
335	111	1.9422692656517029	1.6554667353630066	1.4064797077860152
336	111	2.180528834462166	1.849452515443166	1.4276925673087437
337	111	1.6435644456318446	1.7751437425613403	1.4200365798813956
338	111	2.3866244694765877	1.870747629333945	1.903615769217996
324	112	2.799161044034091	2.901993014595725	2.3680857961828057
325	112	2.5920423098972867	2.556887320109776	2.4096663423946927
326	112	2.8036563613198022	2.719575145027854	2.0668725100430576
327	112	2.5848723524495174	2.593257941697773	2.173107385635376
328	112	1.7591172575950622	2.126148830760609	1.3582483746788718
329	112	1.6725814044475555	2.071628838777542	1.299773707985878
330	112	2.161921126501901	1.9094167692320687	1.455809269632612
331	112	2.38215579589208	2.231867959101995	1.7391073902448018
332	112	3.0938214233943393	2.7234679630824496	2.264425652367728
333	112	3.091226489920365	2.8097544594814905	2.5675821429804753
334	112	2.646998882293701	2.2933470992481007	1.4822893072577084
335	112	1.6242826410702296	1.4872157062802995	1.1048030470098769
336	112	1.553922047217687	1.8956562330325444	1.0979223723212879
337	112	1.575093116079058	1.748848898070199	0.9652125920568194
338	112	2.2577866315841675	2.0344466391731713	1.7031953965916353
324	113	1.9764920581470837	2.609880057248202	2.3591873429038306
325	113	2.064213957105364	2.3935917956488475	2.521703004837036
326	113	2.237324259497903	2.3588790243322197	1.9835053899071433
327	113	2.0266469215091907	2.2379359132365177	2.175352504378871
328	113	1.6274253606796265	2.073859149759466	1.2166295105760747
329	113	1.4015883853038151	2.2450826366742453	0.8679241190354029
330	113	1.9440475446837289	2.234684007508414	0.8698675291878837
331	113	1.767453670501709	2.5868333280086517	1.107462043563525
332	113	2.280702863420759	2.8147178377423967	1.3583915063313075
333	113	2.601979142741153	2.50810560427214	1.9294495080646716
334	113	2.1767371402067295	2.1783133464701034	1.2341904324643753
335	113	1.7148444482258387	1.6409411174910409	0.9251952980245862
336	113	1.3517365505297978	1.9501688530047734	0.8948289429148039
337	113	1.3575955969946725	1.6056266256741114	0.8675254157611302
338	113	1.752975551521077	1.9480926569770365	1.5474863788660835
324	114	1.7474888996644453	2.684061657298695	1.8146377260034734
325	114	2.049692392349243	2.7492153644561768	1.9200684598514013
326	114	2.0631671276959507	2.6258631619540127	1.6276390552520752
327	114	1.6792887198297601	2.294921511097958	1.7782554626464844
328	114	1.7769991278648376	2.1563602685928345	1.2345959598367864
329	114	1.5491483360528946	2.294606233636538	1.3670932253201802
330	114	2.2878117050443376	2.1317864997046336	1.3696355393954687
331	114	1.7859018643697102	2.533329298098882	1.6637108127276103
332	114	2.254765510559082	2.691202129636492	1.859210695539202
333	114	2.6501992250743664	2.4205653981158606	2.3275916513643766
334	114	2.1585784519419953	2.2841595691793106	1.6652467531316422
335	114	2.045019660677229	1.4276690142495292	1.3226749471255712
336	114	1.2955535898605983	1.9999997913837433	1.1840304632981618
337	114	1.3483829072543554	1.709680710520063	0.9899688575948987
338	114	1.6295873627943152	1.948441274025861	1.484685077386744
324	115	1.6563353430141101	2.9496313008395108	2.385409701954235
325	115	1.7448099085262843	2.954551577568054	2.1557778120040894
326	115	1.7379549633372913	3.0595722631974653	2.404385284944014
327	115	1.4606303854992515	2.603144796271073	2.4149168478815177
328	115	1.605239248275757	2.039368683641607	1.9355700666254216
329	115	1.422862134873867	1.790924663345019	1.8495244681835175
330	115	2.3538860934121266	1.6933865547180176	2.1105771490505765
331	115	1.9759748578071594	1.778923859198888	2.067940483490626
332	115	2.5906598567962646	1.9670751776014055	2.3415470804486955
333	115	3.1144429006074605	2.079372010732952	2.9418434594806873
334	115	2.3098168934092804	2.0228669117478764	2.3564698275397804
335	115	2.1216172575950623	1.2363532441002982	2.041069201060704
336	115	1.1770757287740707	1.5872293536861737	1.6027828703324
337	115	1.2907595038414001	1.6454029168401445	1.5242021083831787
338	115	1.710108623785131	2.0724033678279206	1.6635982218910665
324	116	1.7104798338629983	3.8045632405714556	2.6236969124187124
325	116	1.6120743581226893	3.85458699294499	2.816436324800764
326	116	1.7702666954560713	4.176246838136152	3.0679353150454434
327	116	1.6269019214730513	3.5539092515644275	2.6272216721584924
328	116	1.5906784892082215	2.4243370186198843	2.4822553504597056
329	116	1.426892638206482	2.176870952049891	2.0625193317731223
330	116	2.13783266714641	2.196934691497258	3.0144617216927663
331	116	1.8616967499256134	2.2191960215568542	2.496268649895986
332	116	2.348706075123378	2.430229731968471	2.8018485477992465
333	116	2.8300819898906506	2.2044907369111715	3.3876579184281197
334	116	2.211666233399335	2.2369684051064884	3.1208209290223965
335	116	2.0839386582374573	1.4663332274981908	2.774626782962254
336	116	1.2636652986208599	1.731415386001269	2.1757859140634537
337	116	1.4541644028254919	1.9271431054387773	1.9112661225455148
338	116	1.8205306880614336	2.261548308765187	1.818559260929332
324	117	1.6959542036056519	3.892922141335227	2.574416073885831
325	117	1.9200179662023271	3.9918737581798007	2.902460217475891
326	117	1.5868371399966152	4.324983900243586	2.98087384484031
327	117	1.3643619324031628	3.3549019411990515	2.77959636638039
328	117	1.6531666755676269	2.719119830565019	2.5975917252627285
329	117	1.4516410132249196	2.1522816121578217	2.288945292433103
330	117	2.170733732836587	2.506798131125314	3.434977207865034
331	117	1.9089393019676208	2.338053266207377	2.910612146059672
332	117	2.460338694708688	2.5097613675253734	3.03231143951416
333	117	2.792859303323846	2.048017614766171	3.3922039960560046
334	117	1.9285625219345093	2.2211684198940502	3.0191884601817414
335	117	2.030561532293047	1.820632951600211	2.800857560975211
336	117	1.3962200383345287	1.5434187352657318	2.2501826733350754
337	117	1.3607212815965926	1.8785821965762548	2.025036002908434
338	117	1.3814059075187235	2.002869662116556	1.9678366604973287
324	118	2.095506646416404	2.4492450844157827	2.165067293427207
325	118	2.3437555687768117	2.4730478525161743	2.9990658249173845
326	118	2.122567556121133	2.85608493198048	3.0845851464705034
327	118	1.7877190991451866	2.4978773405677392	2.480147637818989
328	118	1.9637981414794923	1.9400548501448198	2.4993837529962715
329	118	1.4972681403160095	1.5232583284378052	2.526623080174128
330	118	1.8810442430632455	1.692127559866224	3.5152856622423445
331	118	1.5436724225680034	1.3202278117338817	3.541707475980123
332	118	1.8167971883501326	1.6388143982206071	3.4312663078308105
333	118	2.2116024807879797	1.7872666246012638	3.199300489927593
334	118	1.749951215351329	1.7024134187137379	2.9684924798853256
335	118	1.7037678275789534	1.5590178540774755	2.4972940172467912
336	118	1.3839128116766612	1.170613743364811	2.888332337141037
337	118	1.4954360468047005	1.396479913166591	2.094757471765791
338	118	1.4386971698087805	1.446695608251235	1.9748002921833712
324	119	2.064395167610862	2.1091371232813056	1.750371976332231
325	119	2.417004772594997	2.22499064888273	2.3181053825787137
326	119	2.2217258431694726	2.3026267181743276	2.4207126877524634
327	119	1.9744363960466886	2.2630243113166406	1.9363117531726235
328	119	2.002977502346039	1.7056620771234685	1.9433604370463977
329	119	1.56660495698452	1.526126543680827	2.3697723845640817
330	119	1.7715208871023995	1.8283983213560921	3.1002495799745833
331	119	1.5812573532263439	1.8025300701459248	3.468220849831899
332	119	1.733457020350865	2.1558342150279453	3.841655288423811
333	119	1.9060049370715493	2.2143560836189673	4.058704953444631
334	119	1.6749960464589737	2.2653910202138565	3.094655948526719
335	119	1.5089005487305778	1.879937129361289	2.3458062410354614
336	119	1.3266391356786091	1.6658257097005844	2.5915208905935287
337	119	1.4222742659705025	1.473115861415863	1.7297924842153276
338	119	1.6052201495451086	1.438100814819336	1.888829560840831
324	120	2.2013824853030117	1.916453101418235	2.356056397611445
325	120	2.6661161524908885	2.179347906793867	2.6953574078423634
326	120	2.4903764724731445	1.7535524368286133	2.7094332088123667
327	120	2.1625492070850574	1.804783770912572	2.094464484014009
328	120	2.0811227321624757	1.3186783736402339	1.6383786093104968
329	120	1.5823287268479664	0.906104326248169	2.121624613801638
330	120	1.7999096597943987	1.5391833186149597	2.521143674850464
331	120	1.6482435564200084	1.5807871917883556	2.9457054932912192
332	120	1.7248994622911726	2.021011335509164	3.5948168890816823
333	120	2.3692281371668766	2.226530827974018	3.855456515362388
334	120	1.9213225631152882	2.3944524246103622	2.5973096034106087
335	120	1.6106569852147783	2.142966457775661	1.8810731428010123
336	120	1.3082493940989177	1.709908922513326	2.1058409412701926
337	120	1.3587399295398168	1.2038522873606001	1.2436439565249853
338	120	1.5841522357043099	1.2578912377357483	1.7317725139505722
324	121	1.7071337266401811	2.3365441885861484	2.548084259033203
325	121	2.210342117718288	2.251508116722107	2.384609724794115
326	121	2.1493775194341485	2.170725703239441	2.4347883354533804
327	121	1.858103827426308	1.958033524061504	2.0728759514658073
328	121	1.869261872768402	1.6024804765527898	1.4921401305632158
329	121	1.6718742648760478	1.458303079009056	1.6186780879894893
330	121	1.8505186353410994	2.06049359696252	2.070607457842146
331	121	1.772047758102417	2.1930320064226785	2.2004622419675193
332	121	1.8944057566779	2.370810236249651	3.0671609810420444
333	121	2.481101707408303	2.171234839840939	3.476299423920481
334	121	2.031888996853548	2.46482253074646	2.264901778277229
335	121	1.6892169543675013	2.316384664603642	1.7766168202672685
336	121	1.4196244180202484	1.9644028743108113	1.6991261144479115
337	121	1.2355634144374303	1.5131517818995885	1.2337733592305864
338	121	1.5408756242078894	1.4376888415392708	1.526789311100455
324	122	1.4293673146854748	2.6162338690324263	2.1568211100318213
325	122	1.8228302257401603	2.1820154871259416	1.928709123815809
326	122	2.075453584844416	2.234952211380005	1.9802830327640881
327	122	1.710272845469023	1.6898064236891897	2.098002841598109
328	122	1.5920428156852722	1.7623835476962002	1.5575001673264937
329	122	1.8382973869641621	1.874600072701772	1.6058880537748337
330	122	2.1900996821267262	2.3153613039425442	2.02862880059651
331	122	2.2996365229288735	2.3815351525942483	1.9803658922513325
332	122	2.8637886387961253	2.703664473124913	2.3850798266274587
333	122	3.515836389441239	2.2632354560651278	2.8164033011386267
334	122	2.6662534685695873	2.313807445413926	1.8752441336126888
335	122	1.9772616199084692	1.938249102660588	1.7169946772711617
336	122	1.728652800122897	1.8315598219633102	1.4892579317092896
337	122	1.2096629866531916	1.4690844586917333	1.3145741139139449
338	122	1.4547972573953516	1.7157276588327743	1.6049121407901539
324	123	1.53422964702953	2.4472851753234863	1.858741651881825
325	123	1.8746894087110246	2.519437279020037	1.7077311617987496
326	123	2.1048398559743706	2.0200463750145654	1.7265880758112127
327	123	1.7935170186193365	2.2567450811988428	1.8319410650353682
328	123	1.5388424873352051	1.7615106864409014	1.8511133519085972
329	123	1.7889912178119023	2.190245658159256	1.8794048676888149
330	123	2.7507519040788924	2.2148902331079756	2.3565462827682495
331	123	2.660294016202291	2.4663951992988586	2.517377515633901
332	123	3.4485195704868863	2.55702543258667	3.030063663210188
333	123	3.7716337003205953	2.52004737603037	3.3746387331109298
334	123	3.051231356228099	2.2411915484596703	2.6192877573125504
335	123	2.3544068251337325	1.9253421085221427	2.3096360649381364
336	123	1.8946914623181026	2.00948466360569	1.9362771312395732
337	123	1.1511851293700082	1.637260070868901	1.6741111023085458
338	123	1.5220124195603764	2.2107395985547234	2.1463216683443855
324	124	1.4549272818998857	2.5159423568032007	1.1405950459566983
325	124	1.7893391251564026	2.626371077128819	1.4579542790140425
326	124	2.0553595044396142	2.5476947914470327	1.5361859581687234
327	124	1.8177144213726646	2.7371126099636682	1.330182200983951
328	124	1.7773916006088257	1.9346486655148594	1.515561667355624
329	124	2.17778808871905	2.108083486557007	1.4797135690848033
330	124	3.3626428501946584	2.1588762487683977	1.8653244546481542
331	124	3.1883171002070108	2.255356748898824	2.012279520432154
332	124	4.12922055380685	2.4730845178876604	2.4875287328447615
333	124	4.293348324926276	2.7146814622377096	2.9634931463944283
334	124	3.6039712148554184	2.231478389571695	2.433177015360664
335	124	2.785855770111084	1.9809598241533553	1.8747583627700806
336	124	2.008067319790522	2.039752388993899	1.7714447279771168
337	124	1.2851152675492423	1.7320256233215332	1.4025392276900155
338	124	1.502359828528236	2.1967204458573284	1.9864384567036348
324	125	1.7194131287661465	2.8083574121648613	1.2948094931515781
325	125	2.051148303917476	2.6965653555733815	1.5843701703207833
326	125	1.7981541481885044	2.7582235119559546	1.4160942055962302
327	125	1.6961279166372198	2.5854694341358386	1.2093285479043658
328	125	1.946001148223877	1.63016385381872	1.4998254559256814
329	125	2.089267964164416	1.4651278754075368	1.259837307035923
330	125	3.2748906952994212	1.6501837798527308	1.8777833495821272
331	125	2.988262871901194	1.4208303292592366	1.896188199520111
332	125	3.703184502465384	1.7549457209450858	2.4406886781964983
333	125	4.1297830155021265	2.454559244607624	2.990132494976646
334	125	3.2585276856141934	1.7035766208873075	2.402477397638209
335	125	2.9309685230255127	1.6873901912144251	1.910297385283879
336	125	1.899869481722514	1.44898155828317	1.5274050186077754
337	125	1.5739584394863673	1.3995271580559867	1.2593800170081002
338	125	1.5348225411246805	1.636919330148136	1.8896699582829195
324	126	1.7131130478598855	3.27685529535467	1.9916743690317327
325	126	1.9566025393349784	3.249419961656843	1.963301522391183
326	126	1.9165599996393377	2.769252386960116	1.6978151256387883
327	126	1.9191432124690007	2.4852956721657202	1.4614832840467755
328	126	1.9987643003463744	1.5826007019389758	1.6198402859947898
329	126	1.996062954266866	1.4759408583243687	1.3216140419244766
330	126	2.4977464165006364	1.4702369741031103	1.7410341586385454
331	126	2.3993199865023294	1.4242423673470814	1.7756628890832264
332	126	2.761716229575021	1.4478330612182617	2.103156464440482
333	126	3.0154378916087903	2.0074135504270854	2.997274950930947
334	126	2.7854945799883675	1.5373349049512077	2.123347850406871
335	126	2.371287328856332	1.581275190625872	1.8104500600269862
336	126	1.9404268314441044	1.5207521518071492	1.5616789211829503
337	126	1.6265838401658195	1.613965937069484	1.3566045079912459
338	126	1.9330080326865702	1.8704277136746574	1.8151523996801937
324	127	1.7971043261614712	3.410918777639216	2.70600962638855
325	127	1.8534270780427116	3.669499925204686	2.631403778280531
326	127	2.0708278092471035	2.9322268095883457	2.03984674540433
327	127	2.0817727477926957	2.2340088580784045	1.9077455181824534
328	127	1.8694078207015992	1.6208992221138694	1.8684237220070579
329	127	1.9092772404352825	1.5373858163754146	1.512632782260577
330	127	1.9431148767471313	1.9689874819346838	1.7577302966799055
331	127	2.015268345673879	1.9738117853800456	1.8704322377840679
332	127	2.154937607901437	2.2589025497436523	1.760622841971261
333	127	2.4372808807774593	2.73017816794546	2.4151518972296464
334	127	2.081635973032783	2.0142941264545215	2.0570055456722485
335	127	1.926033045564379	1.9792473827089583	1.919961154460907
336	127	1.918081358075142	1.560921202103297	1.639413113395373
337	127	1.7726152624402727	1.6005308628082275	1.642283286367144
338	127	2.1587799857644474	1.972556338590734	1.7153850162730497
324	128	1.4954279119318181	2.9546827402981846	2.852063005620783
325	128	1.734876845564161	2.871502569743565	2.6973819732666016
326	128	1.7451469789851795	2.5245318196036597	2.373484741557728
327	128	1.7459125205090171	2.917231973848845	2.1356632772244906
328	128	1.3928928256034852	2.293148777701638	2.0243436206470835
329	128	1.499755010008812	2.3063902258872986	1.8578329185644786
330	128	1.347506855215345	3.020751425198146	2.1152263368879045
331	128	1.4634570876757305	2.948219438393911	1.8789155582586925
332	128	1.4645487921578544	3.616095474788121	1.8621616874422346
333	128	1.761843060192309	4.186660490537944	2.293942457751224
334	128	1.6975567971958834	3.186486650915707	1.8963049299576704
335	128	1.3029609492846899	3.1983149562563216	1.7997184225491114
336	128	1.6513670335213344	2.253182202577591	1.6343020399411519
337	128	1.5152065583637782	2.1010939478874207	1.7218496884618486
338	128	1.9548335285747753	1.8172109127044678	1.669002371675828
324	129	1.7135910554365679	2.9398646354675293	3.0151440663771196
325	129	1.8710598945617676	2.9827649763652255	2.9197058166776384
326	129	1.4840737581253052	2.8601063164797695	2.6020128943703393
327	129	1.4131049858896356	3.127976505379928	2.4416692507894417
328	129	1.1506444334983825	2.4821415597742256	2.0806675390763716
329	129	1.1167426506678264	2.3964741925398507	1.8938584278027217
330	129	1.3807841283934457	3.2108552115304128	2.148869659219469
331	129	1.5350724359353383	3.059563418229421	1.9992315073808034
332	129	1.8107476575034005	3.6606035232543945	1.9731359141213554
333	129	2.2860839178687646	4.064762642509059	2.713172724372462
334	129	1.9663057467516731	3.1055736541748047	2.1055768237394443
335	129	1.647859173161643	3.097307120050703	2.0574770825249806
336	129	1.4002760648727417	2.26152112086614	1.6738538791735966
337	129	1.211850004536765	2.0204072764941623	1.677795444216047
338	129	1.4422349158455343	1.6022097854053272	2.078496785724864
324	130	1.9391809051687068	2.3934428583491933	2.778897458856756
325	130	2.2512851442609514	2.9349406446729387	2.6826166936329434
326	130	1.9119149988347834	2.565521088513461	2.193308938633312
327	130	1.6804872500269037	2.719089482959948	2.140994147250527
328	130	1.6796107411384582	2.0018217997117476	1.9041978879408403
329	130	1.5076643377542496	1.9756470372279484	1.7130844444036484
330	130	1.9875168885503496	2.5405974217823575	2.0825061202049255
331	130	1.81623179713885	2.4250505765279136	2.253658950328827
332	130	2.0434753383908952	3.2456339427403043	2.1939044339316234
333	130	2.7465285501982035	3.438948907350239	2.4869509747153833
334	130	2.3177917564616486	2.826437613543342	2.3286330419428207
335	130	2.2765207971845354	2.5708184242248535	2.06901182447161
336	130	1.7065689116716385	1.9696067969004314	1.897543375690778
337	130	1.4012057951518468	1.7866883363042558	1.5477512904575892
338	130	1.4819499499657576	1.8771070802912992	2.029061464702382
324	131	2.9066554633053867	2.109947356310758	2.3853291164744985
325	131	3.027563827378409	2.4867711663246155	2.3147376775741577
326	131	2.613061688163064	2.605875860561024	2.3117116581309927
327	131	2.2214811789362052	2.803650504664371	2.1821397731178687
328	131	2.3210187911987306	1.711684064431624	1.7343517975373701
329	131	1.7019358177979786	1.8546776622533798	1.6053689767916997
330	131	2.6663161516189575	1.7358381492750985	2.0499082122530257
331	131	2.2763188680013022	1.8437034885088603	2.2205370167891183
332	131	3.041628394808088	2.4902988501957486	2.8531929424830844
333	131	4.109079787605687	2.3703786260203312	3.292512868580065
334	131	2.872490125543931	2.017746518639957	1.9932254342471851
335	131	2.9395510980061124	1.6047401853970118	1.6954764808927263
336	131	1.8167850077152252	1.5377639432748158	1.6844304303328197
337	131	1.8004463400159563	1.5871087397847856	1.267259350844792
338	131	1.8980151414871216	2.301679625230677	1.7419096511953018
324	132	2.6861969991163774	1.4932046044956555	1.7058472091501409
325	132	2.9611410072871616	1.4383933799607413	2.061512129647391
326	132	2.612108924172141	1.3998090462251143	2.1620944521643897
327	132	2.044897907658627	1.6318438774661015	1.6261389506490607
328	132	2.1887434124946594	1.0905330831354314	1.366407340223139
329	132	1.671664521098137	1.1141005530953407	1.1801570331056912
330	132	2.5502048560551236	1.3304783659321922	1.8665172457695007
331	132	2.2373799482981362	1.543211003144582	2.0001057287057242
332	132	2.942642859050206	2.0281709262302945	2.5892537321363176
333	132	3.7887820695575916	2.081048507439463	2.905578349765978
334	132	2.7248995304107666	1.8350793053122127	1.7125971036798813
335	132	2.5673608609608243	1.2859067235674178	1.4426856211253576
336	132	1.7379095653692882	1.2708367655674617	1.495047574241956
337	132	1.5801479646137782	1.1605229335171836	1.0831551934991563
338	132	1.7444454922395594	2.082423588808845	1.5490371409584494
324	133	2.088142059066079	1.506902651353316	2.015237981622869
325	133	2.5055730513163974	1.6490624802453178	2.0419654761041914
326	133	2.2724184773185034	1.2716266837987034	2.169954690066251
327	133	1.7370558788901882	1.478314249139083	1.7726680040359497
328	133	1.8684192776679993	1.3069758090105923	1.2879727428609675
329	133	1.5821966330210369	1.2739324321349461	1.0433410629630089
330	133	2.1403004952839444	1.2402999145644051	1.5526728119168962
331	133	1.96933846672376	1.4552071193854015	1.9250239829222362
332	133	2.815767969403948	1.4786650453295027	2.5539053167615617
333	133	3.559720102109407	1.9768680773283307	2.788530989697105
334	133	2.311598272884593	1.6149101537816666	1.9073510941337137
335	133	2.063385401453291	1.412239168371473	1.3196866512298584
336	133	1.5317329217990239	1.5013597309589386	1.5494193906585376
337	133	1.238335711615426	1.3517474106379919	1.0804287918976374
338	133	1.3531888688311857	1.9462415120180916	1.4797594968010397
324	134	2.12923987345262	1.937682737003673	2.3825768449089746
325	134	2.341744269643511	2.169674439089639	2.516694554260799
326	134	2.129274704239585	1.3793342817913403	2.3739416924389927
327	134	1.5143961341757524	1.667143962885204	1.606305624309339
328	134	1.5948861360549926	1.4964044419201938	1.177334108135917
329	134	1.1535852427283924	1.4827647705872853	1.0213329220811527
330	134	1.5985399910381861	1.4730788128716605	1.322945875780923
331	134	1.7134596407413483	1.7847224076588948	1.6770877142747243
332	134	2.3304476737976074	1.8361869198935372	2.1463954278400967
333	134	2.9603115633914343	2.59091171465422	2.559806510021812
334	134	2.2504361026427326	2.269159162745756	1.7847881667754228
335	134	1.7586214797837394	1.810111403465271	1.2044660661901747
336	134	1.14121159662803	1.9048734853665035	1.3157703280448914
337	134	1.076231164591653	1.539538426058633	0.8552316129207611
338	134	1.2096608000643112	1.750925947638119	1.2378481731695288
324	135	2.168611927465959	2.769573840227994	2.2476047602566807
325	135	2.379746437072754	3.2303068467548917	3.069276605333601
326	135	2.160485278476368	2.7724121917377818	2.5386063077233056
327	135	1.5491360300465633	2.1390781214362695	1.519794922125967
328	135	1.3874797105789185	2.0395604263652456	1.366235082799738
329	135	1.0416835794846218	1.7166513601938884	1.0008195042610168
330	135	1.1264646564211165	1.794362153325762	1.5809734463691711
331	135	1.4995441834131877	1.8686111569404602	1.6410846213499706
332	135	1.9502279928752355	1.9886430501937866	2.304562670843942
333	135	2.5881235097583972	2.645505842409636	2.7999658961045113
334	135	2.1803493219263412	2.144183867117938	1.633172168451197
335	135	1.477310768195561	1.8923434274537223	1.3222757152148656
336	135	1.15534412364165	1.6813468237717946	1.2109137227137883
337	135	1.0707740655967168	1.615117379597255	0.9773765844958169
338	135	1.3010392469518326	1.965796758146847	1.1546239642535938
324	136	1.6213585246693005	2.7248101884668525	3.244563406163996
325	136	2.0771676557404652	3.018265502793448	3.2122192893709456
326	136	1.8875387798656116	2.642364653674039	2.5801821405237373
327	136	1.4004222060504712	2.36149621637244	1.5977117638838918
328	136	0.950729101896286	2.217612396587025	1.4685604247179898
329	136	0.8881461471319199	1.838378757238388	1.187586670120557
330	136	1.1004287813391005	2.098909420626504	1.614237870488848
331	136	1.226072072982788	1.7636983195940654	1.6484256188074748
332	136	1.3887453930718558	1.8958593947546822	2.137002876826695
333	136	1.6598344037407322	2.3104585346422697	2.4206192305213525
334	136	1.746829299365773	1.7894108856425566	1.702316031736486
335	136	1.248543722288949	1.93832813841956	1.408251370702471
336	136	0.9901769980788231	1.4175387918949127	1.2862891306479771
337	136	0.7885519947324481	1.6498295409338815	1.2864185869693756
338	136	1.2697795313947342	1.7664032262914322	1.6693663036122042
324	137	1.874365828254006	2.5823796228929	2.789138078689575
325	137	2.1291322708129883	2.9099152769361223	2.297163350241525
326	137	2.0828358151695947	2.71328988942233	2.3491321477023037
327	137	1.7639552103845697	2.420708411618283	1.7341043509935077
328	137	1.2459278345108031	2.171845566142689	1.5025578412142666
329	137	1.158971294760704	1.7125283976395924	1.523865873614947
330	137	1.5690915840012687	1.9789828147206987	1.8781219465391976
331	137	1.4194813668727875	1.7582251628239949	1.770590990781784
332	137	1.774288262639727	1.8302502121244157	2.292144400732858
333	137	1.980088930380972	2.0438816359168603	2.520490131880108
334	137	1.6028731325093437	1.668700891382554	1.474064686719109
335	137	1.4569756644112724	1.845617149557386	1.3857696396963937
336	137	1.0868519594271977	1.4275580644607544	1.2984441568454106
337	137	1.1290741520268577	1.6381082279341561	1.318392425775528
338	137	1.524604888523326	1.7016907299266142	1.97439163572648
324	138	1.9636908227747136	2.2350814017382534	2.6061444716020064
325	138	2.2266336253711154	2.644935267312186	1.9116482649530684
326	138	2.0401106856086035	2.3293366215445777	2.211234287782149
327	138	1.662232047633121	2.2053504115656803	1.7077118534790843
328	138	1.1458926677703858	1.9990818067030474	1.515825022350658
329	138	1.12456410129865	1.8009126385052998	1.5949609577655792
330	138	1.7507918732506889	2.347741518701826	1.7835761393819536
331	138	1.7882681985696156	2.2300221820672355	1.7840703924496968
332	138	2.2799182619367326	2.18101395879473	2.187446015221732
333	138	2.1442495647229647	2.594052001049644	2.386167312923231
334	138	1.8293674202526318	2.2194880457485424	1.5182454235413496
335	138	1.3499228613717216	1.9406655090195792	1.427990232195173
336	138	1.1884383782744408	1.817440778017044	1.4301878263552983
337	138	1.1611487141677312	1.750582686492375	1.2894792897360665
338	138	1.3051813279881197	1.684570074081421	1.8854896250893087
324	139	2.0406568483872847	1.552747520533475	2.338024919683283
325	139	2.5466166394097463	1.9352187088557653	2.254936567374638
326	139	2.3997276913036	1.6710858128287576	2.074290253899314
327	139	1.8433376676157902	1.4981557319038792	1.9724125171962537
328	139	1.6953685998916626	1.2109977873888882	1.7362799536098132
329	139	1.723210483789444	1.1026026035348575	1.9642887314160664
330	139	2.3154564670154025	1.7948300412722997	2.3443887404033115
331	139	2.4266131818294525	1.9269326130549114	2.554246405760447
332	139	3.103658608027867	1.9657275676727295	3.0643607548304965
333	139	2.5785501128748844	2.5312044871480843	3.3067423544431986
334	139	1.8185437076232012	1.866225375848658	1.9670895548427807
335	139	1.7141124946730477	1.235927437032972	1.6908255474908012
336	139	1.8217053413391113	1.456722932557265	1.795586183667183
337	139	1.4572022642408098	1.0346494700227464	1.441414441381182
338	139	1.4789782622281242	1.2173835144323462	1.8352860352572273
324	140	2.278382518074729	1.5963095751675693	2.3015642274509776
325	140	2.9000095469611034	1.8776401111057825	1.7550675528390067
326	140	2.7732664455067026	1.7120550112290815	2.0278112563219937
327	140	2.094318245586596	1.8318998186211837	2.022556882155569
328	140	2.2334892988204955	1.3409344824877651	1.8894245407798074
329	140	2.336872627337774	1.319573884208997	2.017737706502279
330	140	2.8292655433927263	1.774802667754037	2.5598367622920444
331	140	2.929445445537567	1.9586385091145833	2.4839640458424888
332	140	3.6056692600250244	1.9417366300310408	3.1525770596095493
333	140	3.293119945024189	2.5282818392703406	2.918578624725342
334	140	2.657095460330739	2.071002146776985	1.6601555557811962
335	140	2.2099303603172302	1.4107781393187386	1.8332451241356986
336	140	2.192218760649363	1.7931672781705856	1.6672239204247792
337	140	1.7726293631962367	1.453645212309701	1.5379339967455183
338	140	1.6803932891172522	1.7890155525768505	1.8184413348927218
324	141	2.4160206101157446	1.698951862075112	2.3396075530485674
325	141	2.4212722948619296	1.9441496218953813	1.9947810683931624
326	141	2.5223146351900967	1.9528959556059404	2.0109756859866055
327	141	2.6329930205094185	2.017159493345963	1.9662580866562693
328	141	2.3246293306350707	1.5231342207301746	1.8290307088331743
329	141	2.3868324756622314	1.523735707004865	1.965968390305837
330	141	2.68973776272365	1.9862751449857439	2.6153203078678677
331	141	2.7525917291641235	2.2649229367574057	2.4353166421254477
332	141	3.2407564095088413	2.183967726571219	3.1065349919455394
333	141	3.5848844051361084	2.664900867562545	2.7965461831343803
334	141	2.991880178451538	2.042562681085923	1.619493982371162
335	141	2.3588642392839705	1.4321077295712061	1.6669254984174455
336	141	2.296595806876818	1.8140258193016052	1.653239329655965
337	141	2.048847266605922	1.5260214720453535	1.3572260226522173
338	141	2.0790843262391934	1.8168036937713623	1.729314740966348
324	142	2.22387479652058	2.1737529147755015	2.4666094346479936
325	142	2.003600674016135	2.4362945216042653	2.267905150141035
326	142	2.111073678190058	2.575341137972745	2.121148185296492
327	142	2.230671386969717	2.4947029665896765	2.7038014562506425
328	142	1.7989545106887816	2.2569533694874155	2.1552801348946313
329	142	1.6779546936353047	2.521383970975876	2.0476851761341095
330	142	1.662266194820404	3.098290341241019	2.8049516677856445
331	142	1.6794916093349457	3.3804153402646384	2.6926029920578003
332	142	1.7882605620792933	3.063843386513846	3.24458418573652
333	142	2.3429890871047974	2.906568251158062	2.852026211588006
334	142	2.3315971739151897	2.8253813210655663	1.9780942832722384
335	142	1.815137164933341	2.295004265648978	1.8585806318691798
336	142	1.7221055179834366	2.6082436442375183	1.7756194720665615
337	142	1.7110055685043335	2.049807574067797	1.4923081057412284
338	142	1.7336760548984302	2.248543991762049	2.029419597457437
324	143	1.7921983328732578	1.8646611083637585	2.225656585259871
325	143	1.607615121773311	1.903806013720376	2.190707836832319
326	143	1.5645776770331643	2.1850760633295234	2.352768594568426
327	143	1.7266827194314254	2.1023906092894706	3.1801064892819055
328	143	1.3568597435951233	2.0672737034884365	2.530751033262773
329	143	1.28830690185229	2.333848754564921	2.337880323330561
330	143	1.4899372628756933	2.943319729396275	2.610915013722011
331	143	1.4171226819356282	3.0632097919782004	2.6341272393862405
332	143	1.6566215583256312	2.7822953973497664	3.0978410243988037
333	143	2.1422378326717175	2.5684703776710913	2.6415405022470573
334	143	1.9110959277433508	2.346678565530216	2.0294220096924724
335	143	1.3328691465514046	2.2686084508895874	1.8187363062586104
336	143	1.1713118702173233	2.1534204334020615	2.235861361026764
337	143	1.1313337172780717	1.7840577874864851	1.99748466696058
338	143	1.327500714975245	2.3960231682833504	2.6495953728170956
324	144	1.6643900112672285	1.8050006302920254	1.6896038814024492
325	144	1.6425346646990096	1.6784786326544625	1.8132564084870475
326	144	1.493723284114491	1.8088440136475996	1.8050349083813755
327	144	1.5067666141610396	1.8236218565388729	2.420617605510511
328	144	1.3007644534111023	1.673804445700212	1.6088868921453303
329	144	1.1274450694521267	1.8306018213431041	1.6245323965946834
330	144	1.6456343616758073	2.5388457775115967	1.4195375953401839
331	144	1.7621625363826752	2.3083423574765525	1.6293876866499584
332	144	2.139653137751988	2.2918204239436557	1.6892657279968262
333	144	2.34395684693989	2.217379049250954	1.9355261890511763
334	144	1.7862500513301176	1.981581028769998	1.8023690406013937
335	144	1.481861650943756	1.852940022945404	1.3289364916937692
336	144	1.2305554648240407	1.6540047874053319	1.8062745332717896
337	144	1.1563342809677124	1.4468303152493067	1.5068461894989014
338	144	1.141973548075732	2.102436942212722	2.1709124621223
324	145	1.9840430996634744	1.7238109003413806	1.5065394748340954
325	145	2.163354822567531	1.6326539431299483	1.9543587054525102
326	145	1.929104512388056	1.6911963441155173	1.8520459478551692
327	145	1.814296000882199	1.510785510665492	2.0547556751652767
328	145	1.707423174381256	1.5385361042889683	1.4216664054177024
329	145	1.3033311267693837	1.601873869697253	1.581202934185664
330	145	1.9370898944990975	1.8637632387025016	1.5400215983390808
331	145	1.945647786060969	1.896174858013789	1.858955164750417
332	145	2.2898225443703786	1.8589648348944527	2.314542974744524
333	145	2.378252205095793	1.9182278733504445	2.639581975183989
334	145	1.825923155335819	1.563799731871661	2.286259048125323
335	145	1.6441067201750619	1.6150781512260437	1.4493227771350317
336	145	1.249247819185257	1.2837089548508327	1.6938045074542363
337	145	1.3387351802417211	1.1556470905031477	1.2635988422802515
338	145	1.2128153197905596	1.6356084066278793	1.9837337942684399
324	146	2.6945054097609087	1.710483897816051	1.576077016917142
325	146	2.7666240079062328	1.5105509076799666	2.0568953582218716
326	146	2.673594583164562	1.6850208585912532	1.751848275011236
327	146	2.271738441366898	1.7545919292851497	1.3009725495388633
328	146	2.2319950342178343	1.2313682599501177	1.0084367123517124
329	146	1.8291580925385158	1.5706031769514084	1.368987922867139
330	146	2.5042982527187894	1.7316945706095015	1.4733436448233468
331	146	2.249983568986257	1.829950322707494	1.7846589783827465
332	146	2.5452037198202953	1.9240187406539917	2.2117420605250766
333	146	2.3347115893112984	1.9979156945881091	2.7382527715281437
334	146	2.023753720171311	1.4319959878921509	2.22241710915285
335	146	2.0208119494574412	1.173359798533576	1.3646123579570226
336	146	1.5342360188563664	0.9865960677464803	1.6308993796507518
337	146	1.6568471193313599	1.1458768333707536	0.8263355365821293
338	146	1.4713253133437212	1.7288914287791532	1.621983289718628
324	147	3.1501729705116968	1.9985711249438198	2.0136395801197398
325	147	3.0931392908096313	1.6845756087984358	2.2769478304045543
326	147	3.363815676082264	1.9372381297024814	1.980514038692821
327	147	2.63027192416944	2.0368427414643135	1.914269390859102
328	147	2.372824501991272	1.2044592662291094	1.5521872151981702
329	147	2.0392049153645835	1.358359192808469	1.8328958104054134
330	147	2.2769398518971036	1.4487580273832594	1.9317042827606201
331	147	2.1093266308307648	1.5564566055933635	2.0177723368008933
332	147	2.397196343966893	1.9271371364593506	2.4842651230948314
333	147	1.9578359628978528	1.8941336870193481	2.94955439316599
334	147	1.7548880647210514	1.559958443922155	2.349835185443654
335	147	1.5556068931307112	0.9934380437646594	1.647472517830985
336	147	1.4092222948869069	1.0742742791771889	1.844597155849139
337	147	1.7843528985977173	1.2401103632790702	1.4492783887045724
338	147	1.9601256496766035	1.9136445732677685	1.770779245039996
324	148	2.603632775220004	1.7612644325603137	2.324944257736206
325	148	2.6165127073015486	1.4672798769814628	2.680838567870004
326	148	2.937553730877963	1.4920608780600808	2.1480374336242676
327	148	2.1302786249863472	1.8260593351564909	2.050440085561652
328	148	1.760341513156891	1.0425516150214456	1.5496197613802822
329	148	1.8598475108544033	1.2643430903553963	1.5704983125130336
330	148	2.098320850304195	1.3799478965146201	1.7317206944738115
331	148	2.1679479678471885	1.5948356290658314	1.9366264541943867
332	148	2.672206606183733	1.9245248522077287	2.3333117621285573
333	148	3.055196498569689	1.9707183398698505	2.851957446650455
334	148	2.352312382529764	1.4765156437368954	2.3449266097124886
335	148	1.4689842547689165	1.0264372272150857	1.740294567176274
336	148	1.51289564371109	1.2199381043513615	1.6783584505319595
337	148	1.4960569994790214	1.234212372984205	1.3841227548463004
338	148	1.7901519957710714	1.963481671669904	1.5786388060625862
324	149	2.010939695618369	2.2129106413234365	2.4640098701823843
325	149	2.0643580726214816	2.1588448456355502	2.79613390990666
326	149	2.5256474885073574	2.2111621769991787	2.1424894874746148
327	149	1.9995162236063104	2.487905351739181	1.96338110848477
328	149	1.6653005123138427	1.7835905226794155	1.4659966122020374
329	149	1.851124902566274	1.7374448080857594	1.3359864801168442
330	149	2.181381481034415	2.02675324678421	1.6448931523731776
331	149	2.005649516979853	1.8926643828550975	2.0025071601072946
332	149	2.7086654731205533	2.1969433512006487	2.4418114934648787
333	149	3.113084316253662	1.9214510039279336	3.080808074850785
334	149	2.353283734882579	1.7779867999693926	2.277618821929483
335	149	1.630658847945077	1.5648056268692017	1.833520565714155
336	149	1.7005400707324345	1.6317917207876842	1.629356602827708
337	149	1.5745063935007368	1.602855580193656	1.3468130145754134
338	149	1.9026532804264742	1.7468185284558464	1.464417717036079
324	150	1.6004863869060169	2.7762752879749644	2.303900718688965
325	150	1.6208369050707137	3.0390762431280955	2.640149252755301
326	150	1.870549732988531	2.8547670407728716	2.191666527227922
327	150	1.7027054899617244	2.705076951729624	1.8998537126340365
328	150	1.4037676930427552	2.37669884074818	1.3639879443428733
329	150	1.6814694454272587	2.0284465104341507	1.3402849286794662
330	150	1.8935323187283106	2.6319869586399625	1.5245009234973363
331	150	1.8567122121651967	2.2268025477727256	1.732230673233668
332	150	2.3324547835758755	2.2862914630344937	1.8604604176112585
333	150	2.8673448939072457	2.059041280495493	2.0794798888658224
334	150	2.3169894148321712	2.1605499982833862	1.7738056393230663
335	150	1.5245608346802848	2.3049230660711015	1.5065845336232866
336	150	1.7437625626722972	1.88113933801651	1.5287742366393406
337	150	1.496761679649353	1.8968810609408788	1.1997968299048287
338	150	1.8256926045698278	1.7209458912120146	1.4545244679731482
324	151	1.4437124729156494	2.6434775699268687	2.0053969621658325
325	151	1.2932502371924264	2.9081599542072842	2.162164671080453
326	151	1.3426113020290027	2.74859036098827	1.9721901308406482
327	151	1.5053299979159707	2.828714979322333	1.6902002033434416
328	151	1.3148858189582824	2.3816547177054663	1.1904240304773503
329	151	1.5909108767906825	2.3738146324952445	1.5092141032218933
330	151	1.666414397103446	2.8498124054500034	1.548473869051252
331	151	1.600854714711507	2.7519793113072715	1.6080408791701
332	151	1.9086346796580724	2.9067942074366977	1.9091666766575404
333	151	2.735249343671297	2.7450550104442395	2.0391082826413607
334	151	2.1320362792295566	2.5721676069147446	1.4678268642986523
335	151	1.5513739160129003	2.5455274837357655	1.261882049696786
336	151	1.7335663040479024	2.2574379295110703	0.9652100106080373
337	151	1.5699865988322668	1.9621378438813346	0.8835575112274715
338	151	1.6690507566227633	1.9034100630704094	1.4353438966414507
324	152	1.7408655881881714	2.5806135047565806	1.8687414581125432
325	152	1.5217248456818717	3.1177224942616055	1.9669121588979448
326	152	1.6218404878269543	2.9343461990356445	1.7303168123418635
327	152	1.7673256899181164	2.5515696437735307	1.3481539644693072
328	152	1.6007380604743957	2.119207598946311	0.9789976477622986
329	152	1.9502374082803726	1.9767841299374898	1.2961698149641354
330	152	1.8004507763045174	2.139847423349108	1.8531693134989058
331	152	1.8965117832024891	2.112618992726008	2.1288083295027413
332	152	1.9741319417953491	2.256855317524501	2.731375081198556
333	152	2.772837155743649	2.1919064710014746	2.948433562328941
334	152	2.3250964809866512	1.9726006213356466	2.44971599298365
335	152	1.7380704283714294	1.9806501013892037	1.8238403967448644
336	152	1.9931754271189372	1.6335925261179607	1.6538325150807698
337	152	1.8613032358033317	1.706858788217817	1.1596225670405798
338	152	2.055030212682836	1.7268811253940357	1.3052783608436584
324	153	1.6292538317767056	1.548991864377802	1.9790256890383633
325	153	1.3699251839092799	1.912881416933877	2.2253492730004445
326	153	1.407608151435852	1.8441527648405596	1.938808343627236
327	153	1.6632057804810374	1.8878928736636513	1.3733727681009393
328	153	1.457170879840851	1.3809847831726074	0.8458888855847445
329	153	1.7584483077128727	1.3523389498392742	1.2958897997935612
330	153	1.5324733001845223	1.452881361757006	1.7439374923706055
331	153	1.8527939816315968	1.7444429794947307	2.36961030960083
332	153	1.5917265585490636	1.962299074445452	2.9019162314278737
333	153	2.562556680880095	2.078488914590133	3.2627302972893966
334	153	2.963603601736181	1.914853432599236	2.9831777320188633
335	153	1.9588799561773027	1.2758887835911341	1.732245066336223
336	153	1.9755473633607228	1.3814227332671483	1.7301177779833476
337	153	1.7286675572395325	1.0259408482483454	1.0236822707312447
338	153	2.1922803906833424	1.2744208995033712	1.3321047635639416
324	154	1.7844372662630947	2.0399843996221367	2.1627217639576304
325	154	1.605441187109266	2.2922831007412503	2.308045446872711
326	154	1.5070937330072576	2.2492257248271597	1.819136532870206
327	154	1.7440171304501986	2.283063813259727	1.478367943512766
328	154	1.5028223991394043	1.6794611432335593	1.4005255753343755
329	154	1.7240380148092906	1.2989899565776188	1.295620674888293
330	154	1.6283407466752189	1.235676348209381	1.5093953950064523
331	154	2.0429920057455697	1.3410577873388927	2.137059619029363
332	154	1.801482422011239	1.1824029173169817	2.464071137564523
333	154	2.522514769905492	2.1152230501174927	2.8093388080596924
334	154	3.0133202566820034	1.6825013230828678	2.753492656876059
335	154	1.9975522586277552	1.4675032155854362	1.5173937508038111
336	154	2.0529455294211707	1.4861325075229008	1.718983416755994
337	154	1.6737616147313799	1.4362851551600866	1.077091702393123
338	154	2.0834298905204323	1.3818285395117367	1.3184122723691605
324	155	1.7080920501188799	1.933907454664057	2.2159302017905493
325	155	1.6987551876476832	2.3894444704055786	2.241527353014265
326	155	1.5218306996605613	2.2021771669387817	1.7820251204750754
327	155	1.6540521383285522	2.038087192334627	1.5443355660689504
328	155	1.599368929862976	1.8400704752315173	1.3663324930451133
329	155	1.6001143604516983	1.5424202531576157	1.1196013788382213
330	155	1.716498647417341	1.777214765548706	1.362267119543893
331	155	1.820478489001592	1.9503558774789174	1.8264864087104797
332	155	1.7204837117876326	1.9986252784729004	2.023872869355338
333	155	2.0884180068969727	2.6008942189969515	2.193629628733585
334	155	2.5758392810821533	1.9480647199294145	2.483634682262645
335	155	2.0501020550727844	1.7637500762939453	1.266893437930516
336	155	1.7893245220184326	1.827193592985471	1.5949429819981258
337	155	1.6249432478632246	1.576778531074524	1.139942854642868
338	155	1.8280100401710062	1.4621258097536423	1.4464414259966683
324	156	1.437483549118042	3.027804136276245	2.3150770230726763
325	156	1.5543328779084342	3.4353313786642894	2.3704341735158647
326	156	1.3424219760027798	3.3030757904052734	2.2192760055715386
327	156	1.4650037414149235	2.7800535779250297	1.8991354076485885
328	156	1.4446120262145996	2.4598252556540747	1.489927432753823
329	156	1.3465824524561565	1.922661731640498	1.398364747563998
330	156	1.610495490687234	2.3036896841866628	1.4507990053721838
331	156	1.4929992854595184	2.156712810198466	1.7745820581912994
332	156	1.6586126940590995	2.131183351789202	2.0667003222874234
333	156	1.8663760925594128	2.6974965020229944	2.3158916548678747
334	156	1.9931346739039701	2.02904176010805	2.3714923648273243
335	156	1.708381508077894	1.8624069861003332	1.3365380764007568
336	156	1.4397390286127727	1.7618837902943294	1.6334125598271687
337	156	1.3395125099590846	1.7791501879692078	1.3154558879988534
338	156	1.5014525862301098	1.8638436618973226	1.7290397531845991
324	157	1.0929303494366733	4.080140829086304	2.2380588379773227
325	157	1.3013555662972587	4.329751593726022	2.285165863377707
326	157	1.3042044856331565	4.335447809912941	2.3744517022913154
327	157	1.5701679995185451	3.9993411490791724	2.1333870323080766
328	157	1.4462751269340515	3.559783003546975	1.5606599721041592
329	157	1.4031895647446315	2.839492082595825	1.566009114185969
330	157	1.6064612780298506	3.353092244693211	1.4848882896559579
331	157	1.4235591689745586	2.977294941743215	1.7188425759474437
332	157	1.4879848105566842	2.9792623860495433	1.8348127433231898
333	157	1.8953006957706653	3.1567422465274206	2.0725964872460616
334	157	1.688829029307646	2.6878407702726475	2.15971504239475
335	157	1.6415708405630929	2.7821435928344727	1.3598946588379996
336	157	1.353168671329816	2.0433606008688607	1.676680748661359
337	157	1.3200943384851729	2.4087463361876353	1.461750056062426
338	157	1.492545552113477	2.3101308556164013	1.7555725714739632
324	158	1.0496939366514033	4.25914361260154	1.5487517551942305
325	158	1.278297781944275	4.430268594196865	1.9383939504623413
326	158	1.3886522596532649	4.438423200087114	2.1389952139420942
327	158	1.5598864178908498	4.09810733795166	2.049593034543489
328	158	1.36904319524765	3.879490440542048	1.9563866420225664
329	158	1.5063786953687668	3.1591920952002206	2.416088193655014
330	158	1.5247695446014404	3.674170596258981	2.5132456166403636
331	158	1.6209197143713634	3.2177743315696716	3.048320015271505
332	158	1.5224236590521676	3.253131798335484	3.015220880508423
333	158	1.6521665736248619	3.4242563749614514	3.265253970497533
334	158	1.5476412001778097	3.093098331900204	3.0018568880417766
335	158	1.5172611304691859	3.3125529629843578	2.3375354409217834
336	158	1.3841647952795029	2.3802282214164734	2.5267307360967
337	158	1.446669272014073	2.7905878850391934	2.0140999385288785
338	158	1.877285782028647	2.4049139373442707	2.1124996998730827
324	159	1.2406015558676287	4.143688115206632	1.3317443457516758
325	159	1.462604514190129	4.289247819355556	1.692076027393341
326	159	1.335304086858576	4.214204289696434	1.7949505285783247
327	159	1.4771728892075389	3.4540524357243587	1.72214632912686
328	159	1.283859920501709	3.1545351201837715	1.728711258281361
329	159	1.2503492881854374	2.61959969997406	2.0843029419581094
330	159	1.355473015989576	2.951189705303737	2.3080507005964006
331	159	1.3040137588977814	2.6940182050069175	2.6613489588101706
332	159	1.490014910697937	2.9237028871263777	2.7317300524030412
333	159	1.6331767722180015	3.847629848279451	3.0806332512905725
334	159	1.273412939380197	3.227884951759787	2.6527398474076214
335	159	1.2781719991139002	3.004937393324716	2.1617062091827393
336	159	1.3067110578219097	2.2987273236115775	2.059915448228518
337	159	1.2844322408948625	2.5777335166931152	1.7939431837626867
338	159	1.7633584457285263	2.3758171446183147	1.8947321947883158
324	160	1.5153454650532117	3.09758921103044	1.3278999328613281
325	160	1.646112084388733	3.0876338311604092	1.5558903557913644
326	160	1.641765529459173	3.0112640207464043	1.5352016579021106
327	160	1.7282775515004207	2.3719330837852075	1.2594906217173527
328	160	1.6089961886405946	2.159462105144154	1.4527602412483909
329	160	1.7975326677163441	2.0792042712370553	1.9112870593865712
330	160	1.8549210599490575	2.1208133356911794	2.215359628200531
331	160	1.8504085044066112	2.3926875591278076	2.6707332134246826
332	160	2.3039537838527133	2.488083941595895	2.683298553739275
333	160	2.176348880717629	3.1019493404187655	3.1639481971138403
334	160	1.7682559420080746	2.569979990229887	2.6065893593956444
335	160	1.6111973013196672	2.244448959827423	2.202113321849278
336	160	1.7841435422499974	1.7879591633876164	2.1764854540427527
337	160	1.4553964819226946	2.0254428471837724	1.5692378282546997
338	160	1.9598796507891487	2.2634983904221477	1.5909893723095165
324	161	1.7032584277066318	2.6894933743910356	1.3916628577492454
325	161	1.8895470925739832	2.8048000505992343	1.6653559718813216
326	161	1.9076999642632224	2.7122048247944224	1.6289567839015613
327	161	1.8603720664978027	1.838906909290113	0.9513942567925704
328	161	1.7291211009025573	1.4600490873510188	1.019690746610815
329	161	1.9334508230288823	1.3503310481707256	1.6407816658417385
330	161	1.9332317113876343	1.1092719222818102	1.9175442968096053
331	161	2.102315604686737	1.4496129353841145	2.63870769739151
332	161	2.386976787022182	1.5147573947906494	2.9337115628378734
333	161	2.1115891556990776	2.1047638341000208	3.433021984602276
334	161	1.7812534500570858	1.95352541699129	2.691244504031013
335	161	1.4684399451528276	1.3707940365586961	1.848239711352757
336	161	1.8596880833307903	1.1150878171126049	2.1388271152973175
337	161	1.3958992787769862	1.3470565591539656	1.1286791903632027
338	161	1.9253437448950375	1.820863779853372	1.1618009770617765
324	162	1.7840376658873125	2.431557969613509	1.5483434091914783
325	162	2.1193044781684875	2.7918454919542586	1.8347052080290658
326	162	1.8297766772183506	2.9836351438002153	1.5636706677350132
327	162	1.4366549065238552	2.1455600010721305	1.0017984227130288
328	162	1.4051302433013917	1.8644368865273215	0.9127929589965127
329	162	1.4811170746882756	1.592988168199857	1.0693938955664635
330	162	1.5281942571912492	1.6897856763431005	1.2298996022769384
331	162	1.7988029917081196	1.9060608943303425	1.3612754146258037
332	162	2.072697503226144	1.9206728424344743	1.7197544915335519
333	162	1.9348607126035189	2.157537629729823	2.216435984561318
334	162	1.6768297588123995	1.897926975699032	1.6338210877250223
335	162	1.2266963251999445	1.783942699432373	1.1964376611368996
336	162	1.5985202888647716	1.3713847796122234	1.3187586193283398
337	162	1.0218574915613448	1.4288382530212402	0.7518967986106873
338	162	1.3085305971257828	1.850461160435396	0.9142018661779516
324	163	1.7706529877402566	2.4910823648626153	1.6937605901197954
325	163	2.1501742771693637	3.1727558374404907	1.9141705461910792
326	163	1.7782722169702703	2.9500993381847036	1.8121795437552712
327	163	1.3192898787950214	1.9935348912289268	1.3987643405010826
328	163	1.3857183694839477	2.207561980594288	0.9872224005785856
329	163	1.5701302190621693	1.7664706657330196	1.162046693265438
330	163	1.6881950838225228	1.9890509588377816	1.389588168689183
331	163	1.9925841987133026	2.016281803448995	1.6820953885714214
332	163	2.0720941679818288	2.0325937271118164	2.1178342274257114
333	163	2.603036359736794	2.246302692513717	2.5172002691971627
334	163	2.2421297395930573	2.1478749373379875	1.6653270791558659
335	163	1.5720386930874415	2.2749328357832774	1.1446085827691215
336	163	1.810464695096016	1.7809492846330006	1.2423472702503204
337	163	1.2090890577861242	1.744672920022692	0.7215372451714107
338	163	1.4248425785232992	1.8837722750271069	0.972552453770357
324	164	1.3865893537347966	2.3802159916270864	1.520747802474282
325	164	1.4784998638289315	3.087751967566354	1.4941343750272478
326	164	1.1564321572130376	2.829799457029863	1.56610737063668
327	164	1.229524292443928	1.9027183118619417	1.523484976668107
328	164	1.3189167618751525	2.1601709886030718	1.2067690870978616
329	164	1.4441192944844563	1.7083007395267487	1.1320375800132751
330	164	1.760083453995841	1.9776238799095154	1.483258647578103
331	164	1.5814290940761566	1.9240472217400868	1.4471953709920247
332	164	1.8700740337371826	1.9582202775137765	1.9517110586166382
333	164	2.4354601596531116	2.260235064908078	2.600076443270633
334	164	2.1150450706481934	2.201621588538675	1.5906245988958023
335	164	1.6671264001301356	2.27287711415972	1.4051146081515722
336	164	1.3372888763745625	1.7393230696519215	1.051301009953022
337	164	1.1577431389263697	1.5484961782182967	1.0772803979260581
338	164	1.237901831374449	1.6977711845846737	1.2532150009099174
324	165	1.0831949602473865	2.150924812663685	2.425309896469116
325	165	1.1431905627250671	2.668649639402117	2.163587382861546
326	165	0.8761994567784396	2.4124735485423696	2.214688528667797
327	165	1.1442930917990835	1.792170763015747	2.4767474249789587
328	165	1.1266582369804383	2.0570496970956977	1.7858272140676326
329	165	1.5413840413093567	1.6257729083299637	1.5696977178255718
330	165	1.7680685690471105	2.184984956468855	1.6490882464817591
331	165	1.8771525224049885	2.0325630009174347	1.4919465978940327
332	165	1.9416897807802473	2.313899278640747	1.9788401637758528
333	165	2.381196668273524	2.744290402061061	2.109559228545741
334	165	2.0830834543003753	2.6129386284772087	1.6138394790537216
335	165	1.4250638910702296	2.440018517630441	1.5032384736197335
336	165	1.3821197946866353	1.8848753720521927	1.4247906655073166
337	165	1.1285192242690496	1.640289570604052	1.7874187401362829
338	165	1.3688633792540605	1.5854023134007174	2.0024477734285244
324	166	1.4024304043162952	1.2838301225142046	2.676557866009799
325	166	1.3912475449698312	1.183001492704664	2.3699375901903426
326	166	1.4028613025491887	1.442953261462125	2.6439069401134145
327	166	1.3751825721640336	1.4814021963822215	2.7965728483702006
328	166	0.8770644426345825	1.4589132070541382	2.3417373353784736
329	166	1.1550763969620068	1.3597291211287181	2.151049161950747
330	166	1.2179173954895564	1.8944154041154044	2.3633094685418263
331	166	1.3969063957532246	1.5406415859858196	2.222720722357432
332	166	1.596830129623413	2.0744869198117937	2.354494946343558
333	166	2.0274229802583394	2.787260469637419	2.1837714094864693
334	166	1.8780722547979916	2.471212211777182	2.3391826643663296
335	166	0.958630063704082	1.9070488980838232	2.1307761669158936
336	166	1.0104364330569904	1.740629677971204	2.108730504910151
337	166	0.9502431239400592	1.4507056304386683	2.2252006019864763
338	166	1.3804203131619621	1.3728383569156422	2.3280036028693702
324	167	1.3683233802968806	1.1511392430825667	2.8157957683910024
325	167	1.4650808913367135	1.1915476747921534	2.807377679007394
326	167	1.4554877389561047	1.6069503805854104	2.742593223398382
327	167	1.393345766945889	1.5590372775730335	2.9044092956342196
328	167	0.8561461687088012	1.524464867331765	2.542587258599021
329	167	0.993661696712176	1.5611370702584584	2.327896992365519
330	167	1.2575723358563013	2.2337847352027893	2.7839365346091136
331	167	1.4031129678090413	1.949191113313039	2.5231170455614724
332	167	1.3543177843093872	2.371868916920253	2.6235804898398265
333	167	1.611499403652392	2.7073275791971305	3.1009539428510164
334	167	1.7387995158924776	2.606048990698422	2.8550950358895695
335	167	0.8045467223439898	1.9309142657688685	2.5270856278283254
336	167	0.9854349990685781	1.9037317087252934	2.210654139518738
337	167	0.7700207872050149	1.500887325831822	2.2744429452078685
338	167	1.2009858103359448	1.5563912742278154	2.3056444420534024
324	168	1.5097297538410535	1.4532004269686611	2.284932635047219
325	168	1.6568285397120885	1.530595302581787	2.4702798298427036
326	168	1.5760916146365078	2.0690514716235073	2.182932290163907
327	168	1.4305174413480257	1.7069960518887168	2.1769336901212992
328	168	0.9707868933677674	1.8268883228302002	2.0736731615933506
329	168	1.0461294824878375	1.8899234185616176	2.0641430815060935
330	168	1.1605780337538039	2.55481003011976	2.735579422542027
331	168	1.2529286692539852	2.3333451747894287	2.438453435897827
332	168	1.335029925618853	2.7925927298409596	2.7213130678449358
333	168	1.775660885007758	2.954424632223029	3.131720078618903
334	168	1.563660691766178	2.1715614164576813	2.822308722664328
335	168	0.7717270084789821	1.9967838781220573	2.310186897005354
336	168	0.8601242949565252	2.001660784085592	1.9790600935618083
337	168	0.8080009818077087	1.576082936355046	1.9013333320617676
338	168	1.233655571937561	1.6707395174924065	1.8704282746595495
324	169	2.054994745688005	1.9237992655147205	2.085595044222745
325	169	2.4155274033546448	2.047803963933672	2.3093365601130893
326	169	2.130788044496016	2.232965426011519	1.8905793861909346
327	169	1.7272899903749164	1.809343130964982	1.744741678237915
328	169	1.5380049109458924	1.8252660794691606	1.7960366660898381
329	169	1.2853596359491348	1.8449712445338566	1.719177283346653
330	169	1.5730032324790955	2.1896723338535855	2.6947109528950284
331	169	1.4903310338656108	2.1254966060320535	2.535106082757314
332	169	1.661359531538827	2.407738140651158	3.0047257287161693
333	169	2.1231317708366797	2.58922058657596	3.2657236300016703
334	169	1.6509103354285746	1.78212290651658	2.4934847004273357
335	169	1.3435853464262826	1.8154688732964652	1.9726263454982214
336	169	1.0003394683202107	1.5875945140918095	1.700834259390831
337	169	1.0245959333011083	1.3631432822772436	1.5474984986441476
338	169	1.1957539670607622	1.9462027199128096	1.6073035773108988
324	170	2.3254866383292456	2.848093704743819	1.555482875217091
325	170	2.8081774030412947	3.3390964099339078	1.862297569002424
326	170	2.8884553259069268	3.48806415904652	1.7960573001341387
327	170	2.04836568706914	2.628331598482634	1.5736579957761263
328	170	1.938756799697876	2.4082834287123247	1.3910288702357898
329	170	1.9837878594795864	2.3354305823644004	1.5068995530406635
330	170	2.158159468855177	2.9103155647005354	2.493411668709346
331	170	2.1947960754235587	2.8136656880378723	2.463496188322703
332	170	2.5682331153324673	3.2818235669817244	2.4672181606292725
333	170	2.495683431625366	3.129578427264565	3.1109232902526855
334	170	2.2633303614223705	2.2181470464257633	2.280450694701251
335	170	1.6386314715657915	2.3231463006564548	1.7550437705857413
336	170	1.807237779100736	1.8166265587011974	1.3961321065823238
337	170	1.4090863721711295	1.5875335761478968	1.1133137217589788
338	170	1.5043086444630343	2.0739245484857	1.3054790987687952
324	171	2.214575236493891	2.84578368880532	2.1022086251865733
325	171	2.7496899366378784	3.240215301513672	2.4008997678756714
326	171	2.9053069244731557	3.158114433288574	2.2031296599995005
327	171	2.0737582005952535	2.467394276669151	1.8604931517651206
328	171	1.9660786032676696	2.332526271993464	1.643439076163552
329	171	2.1237997164328895	2.120975226163864	1.5360388954480488
330	171	2.36869672366551	2.5926679372787476	2.0767239587647572
331	171	2.3741559386253357	2.36884476741155	2.1663099030653634
332	171	2.827361379350935	2.767371416091919	2.189148255756923
333	171	2.577513098716736	2.7727701914937875	2.5459214574412297
334	171	2.4140214990167057	2.030975475030787	1.866637903101304
335	171	1.7722399405070715	2.2899074724742343	1.6837629675865173
336	171	1.9214065770308177	1.6152848849693935	1.4772228449583054
337	171	1.5304969804627555	1.617636161191123	1.3378958872386388
338	171	1.7124758958816528	2.1101268039030185	1.4147081585491406
324	172	1.8814412463795056	2.342368971217762	1.582456642931158
325	172	2.212265278611864	2.8458145686558316	1.9202325599534171
326	172	2.462828137657859	2.7688261595639316	1.7065584442832253
327	172	1.8446543279447054	2.219479943576612	1.4248449676915218
328	172	1.7488606095314025	2.0298098867589776	1.3246953270652078
329	172	1.956795295079549	1.8256275206804276	1.488739515344302
330	172	1.764281485761915	2.4418372937611172	1.9674404774393355
331	172	1.934729278087616	2.233278055985769	2.057056655486425
332	172	2.095403892653329	2.7024305207388744	2.766603810446603
333	172	2.024161332531979	2.8339049439681205	3.289709367250141
334	172	2.029203639310949	1.8642517258139217	2.396319129887749
335	172	1.4844695244516646	2.119185541357313	1.9488621694701058
336	172	1.8199641406536102	1.3879037002722423	1.5864490667978923
337	172	1.5928290826933724	1.4621250544275557	1.2490186776433672
338	172	1.7502384185791016	1.7657036851434147	1.2152378664297216
324	173	1.5772906108336016	1.7089305357499556	1.8743729157881304
325	173	1.898077232497079	1.9064993006842477	2.0883220859936307
326	173	2.1225169680335303	2.017108592120084	1.9322848211635242
327	173	1.6400740648570813	1.736609841647901	1.6271190078634965
328	173	1.4888597965240478	1.5552100051533093	1.5102292949503118
329	173	1.5598739584287007	1.363201896349589	1.5234267165263493
330	173	1.3869184511048454	1.8763521483966283	2.1346577491079057
331	173	1.4404641489187877	2.091539571682612	2.1545745929082236
332	173	1.7497933421816145	2.5216474873679027	2.8611439977373396
333	173	1.9803127113141512	2.6733460802780953	3.4621396441208687
334	173	1.8067817968480728	1.5801105008405798	2.7094178059521843
335	173	1.2636037043162756	1.6752071721213204	1.9443598985671997
336	173	1.4974969526131947	1.3447317083676655	1.5698364078998566
337	173	1.341638548033578	1.1577997888837541	1.203708359173366
338	173	1.5047597008592941	1.790386298123528	1.1389831199365503
324	174	1.2151338403875178	1.6496087204326282	1.688599001277577
325	174	1.4202373794146947	1.7489850521087646	1.9425404923302787
326	174	1.584170016375455	1.7587460712953047	1.7151807438243518
327	174	1.1470473691036827	1.6760549043354236	1.5402089294634367
328	174	0.9809597253799438	1.4756419983777134	1.4365535541014238
329	174	1.2508323018749554	1.420288731654485	1.515784775217374
330	174	1.1880073845386505	2.054389374596732	2.0367687259401595
331	174	1.6390211284160614	2.3189030488332114	1.8634808162848155
332	174	1.7820310592651367	2.8786956582750594	2.3032639707837785
333	174	2.426465078404075	2.9518019651111804	2.7905896713859155
334	174	2.285209796007942	2.0008925620247338	2.5479778542238125
335	174	1.3866737655230932	1.6566706810678755	1.7190963285309928
336	174	1.6335760454336803	1.5291547775268555	1.5729245692491531
337	174	1.2255694440432958	1.189038634300232	1.3152542327131544
338	174	1.47595031822429	1.8675972083035637	1.3724459409713745
324	175	1.5006363933736628	1.7172980200160632	1.8657932173122058
325	175	1.6491216250828333	1.883309236594609	2.025549147810255
326	175	1.5994273749264805	1.78407160802321	1.880237427624789
327	175	1.333436304017117	1.689283709777029	1.756275685209977
328	175	1.1696203351020813	1.7671508138830012	1.5023883364417336
329	175	1.1187963758905728	1.8478515148162842	1.539020945628484
330	175	1.2763211812291826	2.3137141977037703	2.0483916997909546
331	175	1.5394982894261677	2.638991137345632	1.8275617857774098
332	175	1.6272391080856323	3.279918738773891	2.111106583050319
333	175	2.0143895400197884	3.4739111850136206	2.588641781555979
334	175	1.7681549436905806	2.342401055728688	2.351908753899967
335	175	1.1520309916564397	2.0252516525132314	1.683623160634722
336	175	1.0839335198203723	1.6587989181280136	1.372206062078476
337	175	0.9041085881846291	1.4263738904680525	1.2120567517621177
338	175	1.2669794033555424	1.9583871434716618	1.5905012313057394
324	176	1.320108879696239	1.8597318475896663	1.8116221536289563
325	176	1.4598695465496607	2.042010928903307	1.9848171302250452
326	176	1.3043802218003706	1.9276419336145574	1.9672485481608997
327	176	1.0756842054818805	1.9034961085570485	1.9568160521356683
328	176	0.9355231583118438	1.9535428177226672	1.4826446663249622
329	176	0.8597908169031143	2.098700443903605	1.5092573910951614
330	176	0.9705258820738111	2.341880832399641	1.8952699473926
331	176	1.394464631875356	2.608943502108256	1.5442277292410533
332	176	1.5459059136254447	3.1067286900111606	1.8571101597377233
333	176	1.9542188707150911	3.1918183753364966	2.213431452449999
334	176	1.809109792989843	2.5854742106269386	2.025913217488457
335	176	1.0177150879587447	2.238197990826198	1.4864437920706612
336	176	1.0568140298128128	1.9305638670921326	1.1629285713036854
337	176	0.8452028930187225	1.6661711420331682	1.2208719934735979
338	176	0.9017682671546936	2.156825703733108	1.7693925254485185
324	177	1.5065979957580566	2.194690845229409	1.9845957322554155
325	177	1.6220737355096	2.4889666863850186	2.3713242496762956
326	177	1.6542035232890735	2.471879850734364	2.306728818199851
327	177	1.3821062665236623	1.9718130074049298	2.406416648312619
328	177	1.14021697640419	1.97050019827756	1.7852009534835815
329	177	0.8247831612825394	1.8993717034657795	1.703429068128268
330	177	0.9755441631589618	1.9011235066822596	1.9949573278427124
331	177	1.361522614955902	1.9507334629694622	1.6832810540994008
332	177	1.4262044940676009	2.25858896119254	1.8962904385157995
333	177	1.6702805255588733	2.2222618680251274	2.148111889236852
334	177	1.4332186158965616	2.0915219152674958	2.0316622607848225
335	177	0.887189154114042	1.9578654595783778	1.7188964230673653
336	177	0.9193918332457542	1.742281104127566	1.33604334294796
337	177	0.9370623741831098	1.660321363380977	1.5282091328075953
338	177	0.993553876876831	2.1966738560620476	1.8250154607436235
324	178	1.5778801874680952	2.187781182202426	1.5385989926078103
325	178	1.758688279560634	2.714332478387015	1.9783682056835719
326	178	1.7388157627799294	2.6399114565415815	2.106925303285772
327	178	1.590515607281735	1.6859752065257023	2.5448280823858163
328	178	1.2122487068176269	1.5308487090197476	1.6486452709544788
329	178	1.0346064443389575	1.4921474407116573	1.583158348997434
330	178	1.1157960891723633	1.7588960358074732	2.16859461580004
331	178	1.4411583443482716	1.8587011297543843	2.0668858786424003
332	178	1.5060598509652274	2.4007016590663364	2.331406388963972
333	178	1.8398332627196061	2.5709165648410193	2.2357248005114103
334	178	1.489753709119909	1.9989815038793228	2.2279383785584392
335	178	1.1194127372332983	1.6077423691749573	1.7304713215146745
336	178	1.1100862647096317	1.3606601307789485	1.3891500035921733
337	178	1.020045748778752	1.23848272221429	1.3365741797855921
338	178	1.148378849029541	1.7954366697984583	1.4458062157911413
324	179	1.8156281601298938	2.429080442948775	3.0975539034063164
325	179	1.930426035608564	3.1695800679070607	3.5808071238654002
326	179	1.9474396922371604	3.0601143836975098	2.9711432456970215
327	179	2.0120279287037097	1.8182896689364785	2.8853291712309184
328	179	1.5719601273536683	1.7042446353218772	2.325307943604209
329	179	1.320917010307312	1.7308662583430607	2.3434760868549347
330	179	1.4851631692477636	2.04542247738157	3.066270317350115
331	179	1.565126011768977	2.1661455829938254	3.284853478272756
332	179	1.6410280295780726	2.29096405846732	3.280769109725952
333	179	2.188140536609449	2.4135372638702393	3.8583155556728967
334	179	1.4477740175583784	2.079781272832085	3.1915878969080307
335	179	1.3445885522024972	1.7584821156093053	2.6102169837270464
336	179	1.3285714834928513	1.6326105693976085	2.1452077279488244
337	179	1.2934921298708235	1.410262840134757	1.6263892906052726
338	179	1.4575233950334436	1.923793210702784	1.8766139324973612
324	180	2.1647547375072134	2.392014741897583	3.604909376664595
325	180	2.5288244656154086	2.7382989270346507	4.415435756955828
326	180	2.4978555766018955	2.7114427523179487	3.4328128424557773
327	180	2.365928154242666	1.8260983981584247	2.987949697594894
328	180	2.0960637450218202	1.7703020139174028	3.0905331698330967
329	180	1.7357853750387828	1.6415337473154068	3.2605720460414886
330	180	2.1049442631857738	2.0228478397641863	3.962522728102548
331	180	1.649233082930247	2.156215717395147	4.320664465427399
332	180	1.8283147982188634	2.629887512751988	4.423384257725307
333	180	2.68916602511155	3.0225025478162264	4.719855710079796
334	180	1.586262015735402	2.2194250261082367	3.8224071474636303
335	180	1.8335323248590742	1.8227122000285558	3.278087615966797
336	180	1.3500892668962479	1.730730007092158	2.949484278758367
337	180	1.5615397776876176	1.447041085788182	2.1647165843418668
338	180	1.8639572999056648	1.9454323123483097	2.32277207514819
324	181	1.9396642338145862	1.946306737986478	4.07671984759244
325	181	2.3549837384905135	2.261408575943538	4.931326014654977
326	181	2.202921227975325	2.393703265623613	4.0759053447029805
327	181	2.1407027934726917	1.848939155277453	3.4667199787340666
328	181	1.8627245426177979	1.786542383107272	3.557578368620439
329	181	1.6833762129147847	1.7831545223792393	3.8290126025676727
330	181	2.0737866503851756	2.022262121949877	4.340411186218262
331	181	1.9054067035516102	2.2817839980125427	4.504909515380859
332	181	2.1530088015965054	2.690812451498849	4.9582125799996515
333	181	2.7351263196844804	3.0512263147454513	5.031089883101614
334	181	1.9143529709647684	2.243288685293759	3.8567584262174717
335	181	1.7803299682480949	2.0820140157427107	3.510710665157863
336	181	1.559619461496671	1.881785735487938	3.1773663262526193
337	181	1.4837460688182287	1.5403567467417036	2.468783276421683
338	181	1.7994582653045654	1.9302518367767334	2.894329744226792
324	182	1.9190704280679876	1.5201712413267656	3.145145069469105
325	182	2.367571243218013	1.94405232157026	3.319548027856009
326	182	2.0379771210930566	1.8196034323085437	2.998334927992387
327	182	2.0686476544329992	1.51087150448247	2.689307451248169
328	182	1.7843212127685546	1.4060846350409768	2.455090804533525
329	182	1.5540326833724976	1.462481399377187	2.4847180346647897
330	182	1.859254879610879	1.788369630064283	2.689932107925415
331	182	1.8486721614996593	2.0133333702882132	2.9374505281448364
332	182	2.2355501651763916	2.5066795689719066	3.360039268221174
333	182	2.7306385165766667	2.953986456519679	3.7684196045524194
334	182	1.8862698849509745	2.1399470778072582	2.7713349566740146
335	182	1.6922257202012199	1.7924521650586809	2.325391956738063
336	182	1.420339862505595	1.5635141183932622	2.177540441354116
337	182	1.3934306076594762	1.1279337576457433	1.8266600966453552
338	182	1.6013898568994858	1.3493191634907442	2.3653071207158707
324	183	1.5309682000767102	1.4385304992849177	2.0369252183220605
325	183	1.8455100059509277	1.7353935582297189	2.107364680085863
326	183	1.6328381083228372	1.9184771884571423	2.081477642059326
327	183	1.650375579532824	1.4988179646040265	2.020820184757835
328	183	1.304627811908722	1.186872655695135	1.804550896991383
329	183	1.2039514283339183	1.1125167657931645	1.9145423819621403
330	183	1.3382120813642229	1.329568122114454	2.190261653491429
331	183	1.5050155917803447	1.2139240304629009	2.2774231831232705
332	183	1.61131409236363	1.5489853620529175	2.6707414218357632
333	183	2.1277619223845634	1.7264867644560964	3.0000595293546977
334	183	1.4343414166394401	1.2129463518367094	2.4922412704018986
335	183	1.0166006215981074	1.2304233355181557	2.198052568095071
336	183	1.068191647529602	0.9432388991117477	1.857439359029134
337	183	1.0713386493069785	0.9059442707470485	1.4380117569650923
338	183	1.4223546490949743	1.3490757766891928	1.8140825313680313
324	184	1.8596701947125522	1.4726219827478582	2.173471905968406
325	184	2.1289388707705905	1.7736354385103499	2.4637273039136613
326	184	1.7986038598147305	1.8130756399848245	2.353221069682728
327	184	1.7427656776026677	1.4281163654829327	2.2248718173880326
328	184	1.5440345525741577	1.1772265921939502	2.2052065459164707
329	184	1.4185696244239807	1.2229590713977814	2.2231781681378684
330	184	1.2946541394506181	1.5797847679683141	2.3104085751942227
331	184	1.4009644935528438	1.452004849910736	2.3245388070742288
332	184	1.2946128504616874	1.662031582423619	2.431243658065796
333	184	1.5841820741954602	1.5794651194622642	2.6762321622748124
334	184	1.3516930131351246	1.383074585129233	2.344611083759981
335	184	1.2106949176107134	1.2492145555359977	2.230600791318076
336	184	1.2607711901267369	1.056566593547662	2.091628074645996
337	184	1.4688675318445479	0.9077288380690983	1.7341914772987366
338	184	1.71793910335092	1.2340172424035913	2.0541583439883064
324	185	1.7196491306478328	1.3984731760892002	3.0930646766315806
325	185	2.0205612778663635	1.7768285359655107	3.448440824236189
326	185	1.5822747187180952	1.4389818690039895	3.2778188315304844
327	185	1.4533849578154714	1.1697018585707013	2.8323599162854647
328	185	1.3446231484413147	1.1673181815580889	2.626564957878806
329	185	1.1463514218727748	1.3365031629800797	2.653868317604065
330	185	1.112882090466363	1.6782453656196594	2.417541674205235
331	185	1.425902138153712	1.614129553238551	2.441661536693573
332	185	1.1358527456011092	1.864979897226606	2.4694447176797047
333	185	1.596599252600419	1.8810292796084755	2.68531218327974
334	185	1.4618807505158817	1.6885760671952192	2.017624532475191
335	185	1.3094240384442466	1.3788694994790214	2.2490862097058977
336	185	1.2701311161120732	1.319167544444402	2.2778945763905845
337	185	1.3881819929395403	0.9851806078638349	2.157346112387521
338	185	1.4534510163699879	1.323635458946228	2.4385713268728817
324	186	1.8599973050030796	2.36450533433394	2.162927920168096
325	186	2.026585136141096	2.4119121858051846	2.4960961852754866
326	186	1.7958114038814197	2.7529447295449	2.331564491445368
327	186	1.674951107878434	1.4052179110677618	1.9059882665935315
328	186	1.4860373735427856	1.4509031014008955	1.6875364021821455
329	186	1.4221280763546627	1.7288167377312977	1.8055075605710347
330	186	1.6935874904905046	2.2726009828703746	1.706950809274401
331	186	2.065139969189962	2.3033210833867392	1.7754151026407878
332	186	2.4107000146593367	2.600837843758719	1.8786898510796683
333	186	2.732203822386892	2.198339845004835	1.9570435536535162
334	186	2.1903505956425384	1.915330220671261	1.7424244249568266
335	186	1.7065821630614144	1.583787977695465	1.668740451335907
336	186	1.673325647910436	1.571192925175031	1.6638240814208984
337	186	1.6392336232321603	0.9882051561559949	1.6238433292933874
338	186	1.7460901176228243	1.29114733022802	1.6917877688127405
324	187	1.9278825521469116	3.3565491112795742	2.2795084823261607
325	187	2.0711203813552856	2.563341566494533	2.6074542828968594
326	187	1.8074935674667358	3.035514376380227	2.789025826887651
327	187	1.6284198321794208	2.022336301050688	2.1352264190974988
328	187	1.514384889602661	1.5706756548448042	1.6235321001573042
329	187	1.5074541717767715	1.9527555654446285	1.8829793284336727
330	187	1.8430914453097753	2.5187686511448453	2.2514604244913374
331	187	1.9300491313139598	2.515954375267029	2.2189740538597107
332	187	2.399393217904227	2.7174834864480153	2.805450984409877
333	187	2.9547266458210193	2.3786900733646594	2.859824168054681
334	187	2.213627611889559	2.2296444317873787	2.5507223465863396
335	187	1.8819794654846191	1.8079679438046046	1.9583604506083898
336	187	1.5444656660159428	1.6964631726344426	1.8836273352305095
337	187	1.570644531931196	1.1094329697745187	1.8948213798659188
338	187	1.6381192908567541	1.4935024030068342	2.1190617575364956
324	188	1.778846339745955	2.9235362139615146	2.446955290707675
325	188	1.8851091350827898	2.027531393936702	2.903640764100211
326	188	1.7720123095945879	2.3777415969155054	2.970467372374101
327	188	1.5523141748026799	1.8037699774691933	2.25160823370281
328	188	1.5164441347122193	1.1447455449537798	2.1267288598147305
329	188	1.539393479625384	1.5101356903711955	2.513086259365082
330	188	2.035339823790959	1.9952968273844038	3.112247109413147
331	188	1.7621450821558635	1.859348863363266	3.136569857597351
332	188	2.514706645693098	2.0840249742780412	3.5668276378086636
333	188	3.2016746746866325	2.345636154475965	4.096906737277382
334	188	2.27568354326136	1.9101166514789356	3.324778346454396
335	188	2.080687267439706	1.5564833794321333	2.9069988216672624
336	188	1.4240447133779526	1.334438328941663	2.4439324537913003
337	188	1.430390749658857	0.9616555869579315	2.2908394847597395
338	188	1.4497787461561316	1.4623398254899418	2.159686740706949
324	189	2.4759726524353027	3.3956985256888648	2.4662458246404473
325	189	3.1863580090659007	3.1542257581438338	3.0861399514334544
326	189	2.947069601579146	3.1723607019944624	3.230380903590809
327	189	2.0955401533528377	1.7743729415692782	2.4139451855107357
328	189	2.110890781879425	1.478408152406866	2.2296795628287573
329	189	1.837095891435941	1.5276910066604614	2.470753997564316
330	189	2.2417600069727217	2.0899536524500166	3.3025817019598827
331	189	2.016907791296641	1.8850810726483662	3.1789126793543496
332	189	2.6528988565717424	2.0869589192526683	3.5783960819244385
333	189	3.1214054383729635	2.217101241412916	4.155374564622578
334	189	2.2890654171214386	1.8440293634639067	3.4135600398568546
335	189	2.1705855471747264	1.5955875856535775	3.0329876116343906
336	189	1.4736660222212474	1.3045165563623111	2.298912227153778
337	189	1.4657154508999415	1.161655421767916	2.150065234729222
338	189	1.3393495082855225	1.5198730125146753	2.1569492115693936
324	190	3.2977604432539507	3.5419700145721436	2.5653447671370073
325	190	4.004123057637896	3.5985433203833446	2.7875374044690813
326	190	3.5305880416523325	3.726796280254017	3.1809838251634077
327	190	2.610336993869982	2.1174829696354114	2.7706804275512695
328	190	2.985141730308533	1.9178261756896973	2.167526613582264
329	190	2.3637997458378472	1.7033331940571468	2.7970458765824637
330	190	2.7567271845681325	2.360652804374695	3.320020386150905
331	190	2.417836348215739	2.0319283505280814	3.389575262864431
332	190	2.873194694519043	2.415593760354178	3.6772286551339284
333	190	3.184269616478368	2.563777522036904	3.617723502610859
334	190	2.5036959648132324	2.032106743139379	3.51584859455333
335	190	2.671789356640407	1.9652137926646642	2.9857082877840315
336	190	1.7143445859352748	1.5140543431043625	2.6776602268218994
337	190	1.999323810849871	1.3663048318454198	2.1024725011416843
338	190	1.5942220477496876	1.5103834306492525	2.5337923835305607
324	191	3.007590900767933	3.150630083951083	2.091379003091292
325	191	3.7081665141241893	3.2047368628638133	2.3874808379581998
326	191	3.2692653916098853	3.4949844533746894	2.6711541522632944
327	191	2.3621176669472144	2.05731747652355	2.3660730374486825
328	191	2.753444194793701	1.8246508836746216	1.8183349479328503
329	191	2.371185302734375	1.5585093051195145	2.427962144215902
330	191	2.524940993104662	2.0988552570343018	2.1151853033474515
331	191	2.32630584637324	1.919431875149409	2.872301697731018
332	191	2.3470228058951244	2.2207658290863037	2.874462366104126
333	191	2.283825021041067	2.291088675197802	2.9115752671894275
334	191	2.0609784967759075	2.0424329743665806	2.707183641545913
335	191	2.2694044368607655	1.862986249583108	2.067976636545999
336	191	1.8501119315624237	1.5174591938654582	2.410408765077591
337	191	1.935809212071555	1.3170123781476701	1.830374470778874
338	191	1.6558191215290743	1.3341692195219153	2.4978902900920197
324	192	2.282514138655229	2.6716025959361684	2.128618587147106
325	192	2.9153785024370467	3.0044121401650563	2.0452631371361867
326	192	2.5641086751764472	3.164631886915727	2.2846509001471778
327	192	1.7630000867341693	1.8738602148859125	1.9534378239983006
328	192	2.1463160037994387	1.6690450798381458	1.368698542768305
329	192	1.791415234406789	1.401066283384959	1.775763561328252
330	192	1.9397732615470886	1.7219336884362357	1.6648160474640983
331	192	1.9993507464726765	1.6561641097068787	2.153544068336487
332	192	2.1902211904525757	2.031157902308873	2.452626943588257
333	192	2.1595656558087	2.3459629008644507	2.526813168274729
334	192	2.123008335337919	1.9129270455416512	2.468593008377973
335	192	2.0109746967043196	1.5238763179097856	1.5994867597307478
336	192	1.777204637726148	1.5361988296111424	2.0359141329924264
337	192	1.7204903534480505	1.091964304447174	1.1874194528375352
338	192	1.6161247632082771	1.4897714642917408	1.7333806472666122
324	193	2.559179024262862	1.857981031591242	2.126836744221774
325	193	3.135833501815796	2.562008891786848	2.2241323505129134
326	193	2.931757861917669	2.396163658662276	2.3634992729533804
327	193	1.9544265332974886	1.4946122044011165	1.8414226142983687
328	193	1.94705570936203	1.2695875818079168	1.4788680293343284
329	193	1.5617868602275848	1.1848883430163066	1.821058268348376
330	193	1.565696852547782	1.2580243604523795	1.6687456795147486
331	193	1.5300172170003254	1.2846621374289195	2.1647545198599496
332	193	1.3705429860523768	1.3774827037538802	2.3133761201586043
333	193	1.6610073917790462	1.7764527421248586	2.61520370684172
334	193	1.7346521475735832	1.6312279560986687	2.5249637715956745
335	193	1.612600292478289	1.1172786610467094	1.7855612209865026
336	193	1.3363725195328395	1.19398383051157	2.0122253795464835
337	193	1.4463742119925362	0.7145562980856214	1.2737478017807007
338	193	1.4164807586108936	1.5411005721372717	1.7814485115163468
324	194	2.7658004543998023	1.5112914497202092	2.2666548815640537
325	194	3.1469102927616666	1.936017164162227	2.218660201345171
326	194	2.9349905360828745	1.9558294469659978	2.2764191085642036
327	194	2.06772013714439	1.4962407789732282	1.835227081650182
328	194	2.1085403084754946	1.5148952765898271	1.5055985559116711
329	194	1.68474875887235	1.4217189103364944	1.7391340285539627
330	194	1.784759087221963	1.570198995726449	1.9496402144432068
331	194	1.7707800269126892	1.5706409116586049	2.234343300263087
332	194	1.816190208707537	1.493645531790597	2.575740780149187
333	194	2.2735308471478914	1.9502500923056352	2.8173897140904476
334	194	2.0095988231546738	1.6671543331707226	2.383483928792617
335	194	1.8286226051194328	1.347992296729769	1.8481582658631461
336	194	1.571522240837415	1.3747699111700058	1.8697717090447743
337	194	1.5391104051045008	1.0033434203692846	1.3130761555262975
338	194	1.6107143935035257	1.7835391689749325	1.773362580467673
324	195	1.5378301468762485	2.0855088233947754	2.588196797804399
325	195	1.7125311238425118	2.2529740844454085	2.9081038747515
326	195	1.713649500500072	2.1724964055148037	2.7086115316911177
327	195	1.3467331183584113	1.7570436565499556	1.9337195722680343
328	195	1.1758242130279541	1.5139984759417446	1.8558698242360896
329	195	1.164411763350169	1.2387633969386418	1.9029483298460643
330	195	1.4163407172475542	1.3101644941738673	2.085191343511854
331	195	1.5658210416634877	1.2679605185985565	2.279901613791784
332	195	1.9410198075430733	1.388923066002982	2.8136635507856096
333	195	2.526687452667638	1.741892739346153	3.0208973131681742
334	195	1.9742955109652351	1.5992598498568815	2.5024719518773697
335	195	1.5295861789158411	1.114545579467501	1.9548380715506417
336	195	1.2889975309371948	1.2819234281778336	1.8359472056229909
337	195	1.0726911340441023	1.12069428392819	1.480138863836016
338	195	1.1626470053897184	1.7947073298342087	1.8399981330422794
324	196	1.3131349736993962	2.737326903776689	2.8055351213975386
325	196	1.605561409677778	3.0167819942746843	2.9748474018914357
326	196	1.6760792082006282	2.5143051364205102	2.9280548962679775
327	196	1.3355908331118131	1.9604421352085315	2.1354953866255912
328	196	1.3011943221092224	1.668740532614968	1.9321768175471912
329	196	1.4165832350651424	1.543370246887207	2.061848600705465
330	196	1.7111599700791496	1.6847812277930123	2.1730885761124745
331	196	1.681618720293045	2.0421996116638184	2.2398310204346976
332	196	2.147951296397618	2.4143650191170827	2.783161231449672
333	196	2.566839055011147	2.6440209840473377	2.9002833868327893
334	196	1.8184024305904614	1.9920126760707182	2.580424757564769
335	196	1.4263492311750139	1.413979138646807	2.2130753568240573
336	196	1.2406888405481975	1.4201085766156514	1.7831838329633076
337	196	0.911447674036026	1.1697696575096674	1.684733407838004
338	196	1.128390627748826	1.9876370780608232	1.9044194221496582
324	197	1.082218516956676	2.7687609629197554	2.5607714653015137
325	197	1.7030900716781616	2.9869891575404575	3.0479559898376465
326	197	1.6980295939878984	2.5589138594540684	3.017868995666504
327	197	1.2464212712488676	2.00524850268113	2.2562075225930465
328	197	1.3918310761451722	1.7227904904972424	1.9302716797048396
329	197	1.454012672106425	1.7652942885955174	2.109693472584089
330	197	1.8004366840635027	2.1836334552083696	2.188832300049918
331	197	1.6848740180333455	2.29809762040774	2.1549052198727927
332	197	2.1334100450788225	2.8838205678122386	2.561401844024658
333	197	2.576507016232139	3.1819631676924858	2.6241033202723454
334	197	1.8064845239414888	2.2601944699006924	2.4022785355063045
335	197	1.5764718311173576	1.8263098427227564	2.0440060070582797
336	197	1.2971395303805668	1.6130851308504741	1.8070480078458786
337	197	1.0118803552218847	1.264068454504013	1.723526418209076
338	197	1.328274106278139	2.055565862094655	1.9278228142682243
324	198	2.014561089602384	2.050842675295743	2.701282414523038
325	198	2.3718724761690413	2.0466539348874773	3.1860858542578563
326	198	2.548680218783292	1.822167765010487	3.068170287392356
327	198	1.9088763751481708	2.1812052664003874	2.443723622121309
328	198	1.8056028604507446	1.6860143813219937	2.0498885133049707
329	198	1.6790534555912018	1.6418450325727463	2.081789846221606
330	198	2.1419864552361623	2.212228698389871	2.090530948979514
331	198	2.0403645634651184	2.3586926261583963	1.873073826233546
332	198	2.6246887615748813	2.916534662246704	2.2266297340393066
333	198	2.9704825250725997	3.5557348853663395	2.368270911668476
334	198	2.190637329045464	2.6424731927759506	2.2271338070140168
335	198	1.790253460407257	2.0437428610665456	2.0794132266725813
336	198	1.392468084891637	1.7362835307916005	1.705220694343249
337	198	1.1028502030032021	1.323322491986411	1.7483701705932617
338	198	1.387962818145752	1.8538938620511223	1.866343014380511
324	199	2.768503514203158	1.4042626077478582	2.7284626310521904
325	199	3.1925598553248813	1.4008510112762451	3.373013343129839
326	199	3.0988179553638804	1.1612409895116633	3.0520474910736084
327	199	2.384762111463045	1.7102295787710893	2.455332831332558
328	199	2.377420210838318	1.5580224123868076	2.443290211937644
329	199	1.8296417345603306	1.2469878296057384	2.399985979000727
330	199	2.3403825419289723	1.764896069254194	2.4655954582350597
331	199	2.01811291774114	1.6725207070509593	2.220617731412252
332	199	2.125967366354806	2.135627729552133	2.20877548626491
333	199	2.2426188682254993	2.853524509229158	1.9555819473768536
334	199	2.099128070999594	2.090368116603178	2.096178181031171
335	199	2.059092206614358	1.9481917108808244	2.4838776758738925
336	199	1.4832747379938762	1.4108600467443466	1.8985131829977036
337	199	1.4695893781525748	1.4116441862923759	2.0753048062324524
338	199	1.602266465916353	1.5401943957104403	1.9927296287873213
324	200	3.032297958027233	1.648772488940846	2.0869276957078413
325	200	3.4027025188718523	1.6639383009501867	2.3162635139056613
326	200	3.17232701995156	1.5681814822283657	1.9414047436280684
327	200	2.377577179356625	1.8412352047468488	1.8954565211346275
328	200	2.3831397771835325	1.4988832798871128	1.854029276154258
329	200	1.6221296240886052	1.2495579272508621	1.769441028436025
330	200	2.1584426505225047	1.6726551907403129	2.1783152392932346
331	200	1.9115350842475891	1.2937119404474895	1.9392783641815186
332	200	2.1684372765677318	1.775416714804513	2.554783718926566
333	200	2.144763858694779	2.47943021121778	2.593151983461882
334	200	2.273583313998054	2.068649831940146	2.2095902737449196
335	200	2.099548876285553	1.9208270481654577	2.493915821824755
336	200	1.5348144521315892	1.2833217630783718	1.7857579439878464
337	200	1.520542059625898	1.3295113784926278	1.8623794998441423
338	200	1.497631006381091	1.3999831325867598	1.8511142520343555
324	201	3.46060171994296	1.6363114335320212	1.7208345369859175
325	201	3.8914923667907715	2.28227641752788	2.0193723014422824
326	201	3.659969373182817	2.0314770395105537	1.5596429976550015
327	201	2.802616131933112	1.7929950513337787	1.6486827511536448
328	201	2.768163251876831	1.5736423514106057	1.5261837460777976
329	201	1.986990049481392	1.3168083727359772	1.4982824325561523
330	201	2.124438669000353	1.778002951826368	1.814587754862649
331	201	1.7557314534982045	1.4782414933045704	1.6713283956050873
332	201	1.8958746024540492	2.004656263760158	2.340970720563616
333	201	1.8997517259497392	2.7434047146847376	2.404252629531057
334	201	2.0831634156844197	2.308057651800268	1.9905266270918005
335	201	2.0960938589913503	1.9097507425716944	2.173717507294246
336	201	1.6340551724036534	1.33845716714859	1.6059142251809437
337	201	1.953636007649558	1.2719357524599348	1.6422879440443856
338	201	1.9623282797196333	1.4206385402118458	1.8316864616730635
324	202	4.061509760943326	1.6594734300266614	1.667796947739341
325	202	4.564265898295811	2.255020635468619	2.0676800778933933
326	202	4.321812304583463	2.0466118942607534	1.5238550359552556
327	202	3.276948778252853	1.3869903777775012	1.5087801657224957
328	202	3.250420880317688	1.258209613236514	1.278989846056158
329	202	2.8455677429835	0.9677875613172849	1.4642952183882396
330	202	2.4440827880586897	1.1949887914316994	1.762124044554574
331	202	2.404631038506826	1.3612605432669322	1.659115155537923
332	202	2.152647750718253	1.629797101020813	2.192414437021528
333	202	2.218158903874849	1.9712963041506315	2.5396433943196346
334	202	2.30051387758816	2.0619113234912647	1.8004496868918924
335	202	2.1784609130450656	1.2818361350468226	1.8765418529510498
336	202	2.121617684761683	1.160050464173158	1.4114023447036743
337	202	2.3404614414487566	0.9882213430745261	1.3530775223459517
338	202	2.357002791236429	1.4109718028236837	1.8624210708281572
324	203	3.4392260204661977	1.3442458564584905	1.458266171542081
325	203	3.7943650654384067	1.7285885129656111	1.706803253718785
326	203	3.477057110179554	1.7127918655222112	1.5719306794079868
327	203	2.878236908661692	1.40128346179661	1.4007697105407715
328	203	3.123704504966736	1.096026355570013	1.008690899068659
329	203	2.8483004669348397	0.8862935230135918	1.2705562512079875
330	203	2.580031991004944	1.2384156329291207	1.5804176415715898
331	203	2.4855342706044516	1.5068509081999462	1.5266310771306355
332	203	2.2138449123927524	1.371353268623352	2.0123631272997176
333	203	2.2400395995692204	1.7097907066345215	2.3502105035279928
334	203	2.287195416057811	1.708136383224936	1.4704090707442339
335	203	2.21514607327325	1.2696964655603682	1.4042521119117737
336	203	2.232957442601522	1.0559190039833386	1.2646739035844803
337	203	2.372027277946472	0.9580595067569188	1.1499008919511522
338	203	2.377478739794563	1.3816355536965763	1.7586777701097376
324	204	2.5524212663823906	1.7727852951396594	1.518535310571844
325	204	2.886730568749564	2.119494753224509	1.796375104359218
326	204	2.5354467522014272	1.9103549068624324	1.9202340732921253
327	204	2.2041520068519995	1.378366194273296	1.7405215376301815
328	204	2.4240578174591065	1.1985433480956338	1.3047527291558005
329	204	2.263651877641678	0.8447065452734629	1.6109990924596786
330	204	2.2918625473976135	1.2771084138325282	1.687071178640638
331	204	2.3490463693936667	1.456621954838435	1.5713090499242146
332	204	2.3955158165522983	1.5820387942450387	2.0832111835479736
333	204	2.570640940415232	1.652829032195242	2.464326500892639
334	204	2.3413558497148403	1.3984755207510555	1.6936064117095049
335	204	1.998818780694689	1.1294061584132058	1.5601988860539027
336	204	1.944239651163419	0.9716606363654137	1.565504143635432
337	204	1.8558691995484489	0.9963479893548148	1.4143079348972865
338	204	1.897941315875334	1.3347310879651237	1.8918047231786392
324	205	2.0049376379359853	2.15365410934795	1.570082892071117
325	205	2.231281416756766	3.0391780648912703	1.7955513851983207
326	205	2.1622427051717583	2.560476714914495	1.801479166204279
327	205	1.9456608671891062	1.6956698078858226	1.616505553847865
328	205	1.7502543687820435	1.733456167307767	1.099516592242501
329	205	1.6281704256931941	1.4383638352155685	1.47570896645387
330	205	1.7064434715679713	2.315328529902867	1.4561435665403093
331	205	1.9497171839078267	2.2744151254494986	1.6302350759506226
332	205	1.9714207819529943	2.63310330254691	1.9339055844715662
333	205	2.3809099197387695	2.9987071187872636	2.4227958729392602
334	205	1.832087187206044	2.403872952741735	1.7514876267489266
335	205	1.3654071688652039	2.0921532085963657	1.4220436641148158
336	205	1.4444825400908787	1.4269864882032077	1.4421024670203526
337	205	1.3640069706099374	1.18614661693573	1.0488673533712114
338	205	1.5855618855532478	1.4311618173823637	1.8080191331751205
324	206	1.9351546114141291	2.135910478505221	1.6127440279180354
325	206	2.38040258203234	2.812773721558707	1.457459875515529
326	206	2.069564710963856	2.218136126344854	1.4942830801010132
327	206	1.737126111984253	1.5278705044796592	1.6016608476638794
328	206	1.7099397778511047	1.718490795655684	1.232115994800221
329	206	1.5857176631689072	1.6568381190299988	1.4636298765738804
330	206	1.6264096072741918	2.3687418018068587	1.8519103016172136
331	206	1.9089828034241993	2.5445485512415567	1.9564785659313202
332	206	1.8921418360301427	2.8694192341395786	2.4721388135637556
333	206	2.4917037173321375	3.2100100391789486	2.7511427778946724
334	206	1.8352576283847584	2.830333064584171	2.0346997836056877
335	206	1.3217717920030867	2.365013003349304	1.6734619651521956
336	206	1.456119438012441	1.9802366991837819	1.5698362837235134
337	206	1.3307599680764335	1.4161534224237715	1.1918150186538696
338	206	1.5873689441119923	1.5871683078653671	1.52664815678316
324	207	1.758755618875677	1.811092040755532	1.9983109885996038
325	207	2.1240664209638322	2.465553479535239	1.8576186980519975
326	207	1.8594643094322898	1.7989985292608088	2.085120450366627
327	207	1.5195313754834627	1.3973133313028436	1.7905948914979632
328	207	1.3895710706710815	1.6663288094780662	1.6070909716866233
329	207	1.1805569380521774	1.781785140434901	1.4687109937270482
330	207	1.5836806212152754	2.4000928742544994	1.9217846308435713
331	207	1.6077041427294414	2.6409570376078286	1.850737492243449
332	207	1.53748847757067	2.7378238269260953	2.3538080624171664
333	207	1.840636604710629	3.098028220628437	2.53338266673841
334	207	1.2946039894047905	2.878951395259184	1.886009412653306
335	207	1.2928031597818648	2.5284729174205234	1.6043609295572554
336	207	1.284980411330859	2.2695971876382828	1.489225481947263
337	207	1.1498779569353377	1.6774391617093767	1.3990578821727209
338	207	1.3384386336102205	1.5967299657709457	1.629755090264713
324	208	1.5724106701937588	1.5331460562619297	2.1508885730396616
325	208	2.099630423954555	1.709649213722774	2.1804959007671902
326	208	2.0871025215495718	1.3838040178472346	2.207851214842363
327	208	1.5608801778994108	1.3383416282503229	1.777774503356532
328	208	1.5618762612342834	1.3013418587771328	1.8442868211052634
329	208	1.6167319069306056	1.5707371135552723	1.9467654426892598
330	208	2.003921253340585	1.8742163862500871	2.3983135563986644
331	208	2.1160470942656198	2.018386056025823	2.4032831390698752
332	208	2.1601078510284424	2.101618136678423	2.745200974600656
333	208	2.150023786645187	2.258192539215088	2.980713279623734
334	208	1.5766586906769697	2.3622794221429264	2.3992601562948788
335	208	1.4404968874795097	1.976352368082319	2.1506029963493347
336	208	1.4984643508990605	1.9180267204840977	1.9290688435236614
337	208	1.2725121974945068	1.4969091670853751	1.8662185072898865
338	208	1.4324928241617538	1.5506525811027079	1.9212480012108297
324	209	1.5171108137477527	2.380416891791604	2.0769618316130205
325	209	2.0237889885902405	2.750736509050642	1.988556342465537
326	209	2.1514258818192915	2.2502189657904883	1.8981908559799194
327	209	1.7441545850352238	2.035500871507745	1.587711541276229
328	209	1.7045134544372558	1.8400987386703491	1.7567182020707564
329	209	1.8426729341348012	1.7166893432537715	1.919852927327156
330	209	2.1191076806613376	2.060675689152309	2.458045559270041
331	209	2.2025060852368674	1.8862705826759338	2.8339150746663413
332	209	2.1293484142848422	2.1489520583833968	3.1475443158830916
333	209	2.2255296518928125	2.8190957496040747	3.740011315596731
334	209	1.689240062938017	1.8560269860660328	2.920243094949161
335	209	1.6000881365367345	1.9931451337678092	2.519733360835484
336	209	1.6356285909811656	1.6165835559368134	2.050575544436773
337	209	1.4007148061479842	1.5616667696407862	1.7377323082515173
338	209	1.5971598905675553	1.723149622187895	1.6773393084021175
324	210	1.7367475032806396	2.8671573508869517	2.2508119453083384
325	210	1.999839450631823	2.9229300873620168	2.2306794353893826
326	210	2.108270460909063	2.860693021254106	2.1043258255178277
327	210	1.7943632728175114	2.658406194887663	1.702624471564042
328	210	1.5203251600265504	2.3109177242625845	1.8454021974043413
329	210	1.5466759006182353	1.9804308513800304	1.8617285589377086
330	210	1.660567241055625	2.151126946721758	2.6190809522356306
331	210	1.7038472692171733	2.0144202609856925	2.919088919957479
332	210	1.7727308443614416	2.260876791817801	3.421751396996634
333	210	2.049191801171554	2.7995726685774955	4.134770531403391
334	210	1.4119191941092997	1.804795784108779	3.214256258571849
335	210	1.4438541190964835	2.022588857582637	2.785069635936192
336	210	1.2369225124518077	1.486254334449768	2.156772126754125
337	210	1.23409537758146	1.9443135346685136	1.7631367530141557
338	210	1.4291969467611874	1.9838776728686165	1.6770579955157112
324	211	1.4658682346343994	3.078521338376132	1.7653224143114956
325	211	1.4212334666933333	2.5956781761986867	1.7388546637126379
326	211	1.5194936773993752	3.078272754495794	1.8080533742904663
327	211	1.526334524154663	2.931121964203684	1.7059166682393927
328	211	1.2285231471061706	2.317805463617498	1.31241943619468
329	211	1.277263934413592	1.9956333835919697	1.1511112600564957
330	211	1.4593080963407243	2.0660851342337474	1.5433638606752669
331	211	1.654213418563207	1.7981410125891368	1.680645873149236
332	211	1.960296971457345	2.069172671863011	1.7559719255992345
333	211	2.446136085610641	2.615797802021629	2.6715963953419735
334	211	1.5790455271216	1.6039715163847978	2.151296804932987
335	211	1.368311984198434	2.0245662331581116	1.7943244917052132
336	211	1.2431970636049907	1.4970266421635945	1.3392159640789032
337	211	1.2464180077825273	2.2444360852241516	1.2152423432895116
338	211	1.2828771612223457	2.2353406373192284	1.2169879359357498
324	212	1.5295048301870173	3.0620122822848233	1.3976926803588867
325	212	1.659790277481079	2.727479560034616	1.5815294640404838
326	212	1.7236552780324763	3.109813625162298	1.8759064024144954
327	212	1.581860021540993	2.673785837073075	1.670051148063258
328	212	1.277546215057373	2.110518899830905	1.2054984352805398
329	212	1.1295106112957	1.9026807248592377	1.0918644070625305
330	212	1.4102003744670324	2.047902626650674	1.3950931004115514
331	212	1.5771068334579468	1.807007650534312	1.4089325467745464
332	212	1.976357408932277	2.1168372460774014	1.3967132908957345
333	212	2.0667629053718164	2.4572157734318782	1.8745686756937128
334	212	1.3092238131691427	1.461270065868602	1.5325743520961088
335	212	1.040369531938008	1.561686532838004	1.302504530974797
336	212	1.1790319407979648	1.2482555334766705	1.0624461770057678
337	212	1.2233081587723322	2.0622459650039673	1.0135218756539481
338	212	1.3493534607045792	2.168372350580552	1.4088144863353056
324	213	1.799831130287864	2.161651286211881	1.921023878184232
325	213	2.006837955542973	2.2132120558193753	2.277888774871826
326	213	1.838390122760426	2.4582093845714224	2.5061291564594614
327	213	1.6383991994355853	2.1043315435710706	1.783473058750755
328	213	1.4683379888534547	1.669672424143011	1.1681467240506953
329	213	1.1943374027808507	1.7061306486527126	1.6324943751096725
330	213	1.6408474785940987	2.150699402604784	1.9722128425325667
331	213	1.5454114079475403	1.9298226833343506	2.409902731577555
332	213	2.0329799481800626	2.2988384451184953	2.8395068304879323
333	213	1.8183223887493736	2.7287292104018364	2.853086258235731
334	213	1.4794919420691097	1.727074384689331	2.426492080968969
335	213	1.2563763090542384	1.6019677434648787	1.6877337438719613
336	213	1.1906156539916992	1.2684018264214199	1.8061876396338146
337	213	1.255869746208191	1.3178418278694153	1.021358426128115
338	213	1.425251915174372	1.5374012414146871	1.5671297627336838
324	214	1.688603325323625	1.539818525314331	2.4684439680793067
325	214	1.9018750616482325	1.5068617292812891	2.7078223483903066
326	214	1.8511070988394998	1.5078558813441882	2.78217736157504
327	214	1.5158156407506842	1.5680802495856034	2.0280956971017936
328	214	1.2709770202636719	1.3564300320365212	1.1910535476424478
329	214	1.3088339120149612	1.5291590342919033	1.8047520965337753
330	214	1.720988290650504	1.8168952550206865	2.1668596608298167
331	214	2.006842931111654	1.7215263843536377	3.0641084710756936
332	214	2.2889688355582103	1.8295592410223824	3.77172098840986
333	214	2.6597118879619397	1.9383889185754877	3.997479376040007
334	214	1.908419265466578	1.7494568404029398	3.262440457063563
335	214	1.6223305804388863	1.7062905090195792	2.3339139223098755
336	214	1.5776504824558895	1.5320436904827754	2.288526897629102
337	214	1.2084426113537379	1.2754573566573006	1.097918608358928
338	214	1.357179178911097	1.3005044320050407	1.577725466559915
324	215	1.4647683121941306	2.1008733836087314	2.289606647057967
325	215	1.6101164988109045	2.1136257222720554	2.6466679743358066
326	215	1.6763579520312222	1.9026842550797896	2.477467580275102
327	215	1.2764785195651807	2.1763760604356466	1.8105001135876304
328	215	1.3462119340896606	1.668639150532809	1.5633647116747769
329	215	1.4801901479562123	1.7308091670274734	1.680330867568652
330	215	2.1398914626666476	1.8947176592690604	2.1058961749076843
331	215	2.4699233174324036	1.7553445100784302	2.6214628418286643
332	215	2.8942690236227855	1.830152119909014	3.5258903162819997
333	215	3.4267631706438566	2.087380428063242	3.6404990773451957
334	215	2.407044803394991	1.6332669819102568	3.27502301160027
335	215	2.050968272345407	1.7642165422439575	2.37924325466156
336	215	1.8501307368278503	1.616806184252103	2.2770768254995346
337	215	1.4047231248446874	1.5407578349113464	1.1174908663545335
338	215	1.430123441359576	1.7873683957492603	1.3750597694340874
324	216	2.2561933235688643	2.0955804478038442	3.221971533515237
325	216	2.6275436026709422	1.9887377619743347	3.5051062958581105
326	216	2.519074873490767	1.6164896054701372	3.4594774029471655
327	216	1.9092135617607517	1.8962271213531494	2.5968108930085836
328	216	1.9729681372642518	1.5562416531822898	2.1462773843245073
329	216	1.7849179307619731	1.4733908424774806	2.081118663152059
330	216	2.4434264728001187	1.8234264935765947	2.1461352109909058
331	216	2.4684352477391562	1.6333296398321788	2.710724671681722
332	216	2.7671806131090437	1.6570909704480852	3.3155051980699812
333	216	3.4347475076976575	2.1704979444804944	2.973653479626304
334	216	2.520151138305664	1.733526952126447	2.8248863921445957
335	216	2.173505570207323	1.533606469631195	2.0252130031585693
336	216	2.0007763107617698	1.3509386479854584	2.0204233129819236
337	216	1.6500042932374137	1.3490211708205087	1.1607796124049596
338	216	1.7144055822316338	1.5695518605849321	1.453919316039366
324	217	3.3538236834786157	2.3194385875355112	3.8154915896329014
325	217	3.891856687409537	2.2366094078336443	4.506080644471305
326	217	3.748962337320501	2.008928819136186	4.12242579460144
327	217	2.8267751994885897	2.006075438700224	2.878440593418322
328	217	2.7518676042556764	1.7455394593152134	2.4989409013227983
329	217	2.0516992857058844	1.4438250561555226	2.25436698893706
330	217	2.5523609859602794	1.9061346394675118	2.293539047241211
331	217	2.251015305519104	1.6168239216009777	2.638565997282664
332	217	2.2665988377162387	1.6613259996686662	2.94388975415911
333	217	2.5934300924602307	2.3494286160720024	2.489636678444712
334	217	2.061458061723148	1.8521262337179745	2.330980756703545
335	217	2.050939108644213	1.6531780021531242	2.0379154682159424
336	217	1.760627766450246	1.3236733824014664	1.787596936027209
337	217	1.983721034867423	1.3439990878105164	1.4292415550776891
338	217	2.2704283349654255	1.5572740961523617	1.6222082095987655
324	218	3.237323912707242	2.6134911450472744	3.5818653973666104
325	218	3.979866760117667	2.844462582043239	4.101504240717206
326	218	3.787246248938821	2.5360334569757637	3.7294515696438877
327	218	2.894901288183112	2.1040865873035632	2.7529260108345435
328	218	2.6633859634399415	1.9071279764175415	2.338918924331665
329	218	1.7905152191718419	1.3158562084039052	2.0118400851885476
330	218	2.171064095837729	2.016672509057181	1.9127148985862732
331	218	1.5847393572330475	1.7000163694222767	2.338538726170858
332	218	1.419479250907898	2.094034092766898	2.6445912633623396
333	218	1.9113342448284751	3.0640268451289128	2.5708101423163163
334	218	1.696740423931795	2.346377176396987	2.134062689893386
335	218	1.620069750717708	2.127609440258571	1.8454242859567915
336	218	1.291241854429245	1.378994549314181	1.6935501048962276
337	218	1.761835319655282	1.4792196324893407	1.426322877407074
338	218	2.1599221930784336	1.5664020356009989	1.5416137541041655
324	219	2.504536823792891	2.6120193004608154	2.103452682495117
325	219	3.094076156616211	2.8852718557630266	2.6876797335488454
326	219	3.0003570209849966	2.5090135877782647	2.331432645971125
327	219	2.195684288677416	2.2584745695716455	1.7106332841672396
328	219	1.928414225578308	2.0444591262123804	1.512368148023432
329	219	1.322892705599467	1.5535451968510945	1.9210332532723744
330	219	1.6625651802335466	2.0504707268306186	2.0409350906099593
331	219	1.25623885790507	1.8203599254290264	2.4960491061210632
332	219	1.00781968661717	2.143513321876526	2.985811471939087
333	219	1.551609942787572	2.9462743056447884	2.710492824253283
334	219	1.4328577869078691	2.208503442652085	2.234242881045622
335	219	1.2101229556969233	2.1228396551949635	1.883894579751151
336	219	0.8997795755664507	1.4420905808607738	1.7791855732599895
337	219	1.1320083439350128	1.4413003666060311	1.1660512856074743
338	219	1.6014556043288286	1.7112216037862442	1.395162869902218
324	220	2.6798758506774902	2.073089664632624	1.427778872576627
325	220	3.3785021475383212	2.2413219894681657	2.230690700667245
326	220	3.2867238304831763	2.208468350497159	1.831328879703175
327	220	2.396498121713337	1.9596871388585944	1.2450308391922398
328	220	2.2536255359649657	1.878535509109497	1.3460833701220425
329	220	1.643563449382782	1.9312953650951385	1.8143483102321625
330	220	1.5264615161078317	2.164742018495287	2.018559013094221
331	220	1.227478673060735	2.7421812216440835	2.3082108398278556
332	220	0.9475840244974408	2.743913854871477	2.7280301366533553
333	220	1.3803133933167708	2.6853359874926115	2.56673832943565
334	220	1.1073109402376062	2.3867266809239105	2.1806913824642407
335	220	1.1276487367493766	1.7303866403443473	1.9282966085842677
336	220	0.982315793633461	1.9522706866264343	1.6590247005224228
337	220	1.24882030912808	1.27247131722314	1.0736909210681915
338	220	1.7220726644291597	1.5871553771636064	1.332571096280042
324	221	3.477497469295155	1.8504948074167424	1.212755192409862
325	221	4.406833205904279	1.9078580396515983	1.9749046989849635
326	221	4.403969894755971	2.143778616731817	1.8151892315257678
327	221	3.177583092137387	1.8442877091859515	1.0170343204548484
328	221	3.001175808906555	1.5154649127613415	1.2878677194768733
329	221	2.41754678885142	1.7603613287210464	1.7127728809912999
330	221	2.395235061645508	1.6319304619516646	1.9840548634529114
331	221	2.0391051272551217	2.327857881784439	2.2254029413064322
332	221	1.9250031198774065	2.3179265090397427	2.5993671076638356
333	221	2.074989588637101	2.7166329057593095	2.893419541810688
334	221	1.6798477663713343	2.4868985905366787	2.3376374945921055
335	221	1.8978681990078516	1.3642944267817907	2.037400952407292
336	221	1.5646676421165466	1.781356672445933	1.7581584999958675
337	221	1.8362723929541451	1.095940692084176	1.0974591033799308
338	221	2.3872271846322453	1.4306773017434513	1.1338265292784746
324	222	3.3539868051355537	1.5511252880096436	1.1411277001554316
325	222	4.25121773992266	1.9367538946015495	1.754639880997794
326	222	4.217687238346446	2.4281782670454546	1.90299484946511
327	222	3.0354288251776445	1.929327456574691	1.0348872542381287
328	222	3.0677242517471313	1.559224475513805	1.2758477384393865
329	222	2.49808606505394	1.9738604774077733	1.7691480765740077
330	222	2.5473410742623463	1.8017687456948417	1.729581390108381
331	222	2.1589059034983316	2.6772647897402444	2.2332830727100372
332	222	1.920498558453151	2.7647158418382918	2.283797127859933
333	222	2.035998432259811	3.030763638646979	2.450725034663552
334	222	1.8274025636560776	2.9258594933678124	2.291474875281839
335	222	2.11024934053421	1.6370833601270403	1.5475145663533891
336	222	1.7079198857148488	2.180261289079984	1.8624053796132405
337	222	2.0119744624410356	1.4191711970738001	1.0379303991794586
338	222	2.467936368549571	1.5471294417100794	1.2358264747787924
324	223	2.5331684242595327	1.7022304968400435	1.3170436078851873
325	223	3.0526405232293263	1.760411296572004	1.7724838086536951
326	223	3.0151411403309214	1.9999208125201138	1.8388122753663496
327	223	2.32800565267864	2.074033887762772	1.141194955298775
328	223	2.467822766304016	1.8914080207998103	1.202204319563779
329	223	2.3714276452859244	2.1687554915746055	1.6147336463133495
330	223	2.4671070916312083	1.876350121838706	1.547476887702942
331	223	2.275630215803782	2.5315805673599243	2.3394485910733542
332	223	2.432778460638864	2.5231920310429166	2.3739880323410034
333	223	2.7162811881617497	2.5098980037789596	2.0801990471388163
334	223	2.213889114996966	2.9069503756130444	2.1637035608291626
335	223	2.3202600138528005	1.9342825412750244	1.29914767401559
336	223	1.8675378461678822	2.3634072691202164	1.7046896368265152
337	223	1.9210703117506844	1.897373582635607	1.0810344772679465
338	223	2.2318838484147014	2.2221649674808277	1.1343387190033407
324	224	2.2310308434746484	1.6565356904810125	2.00712432644584
325	224	2.4335004091262817	1.6922512650489807	1.923519253730774
326	224	2.4737800468098032	1.7931920073249124	2.1278334856033325
327	224	2.257210323685094	2.0456737530858895	2.0466335133502356
328	224	2.0966379761695864	1.8813818042928523	1.3499783819372004
329	224	2.004151170452436	1.9620912224054337	1.149237374464671
330	224	2.1906969717570712	1.848979651927948	1.3146692514419556
331	224	1.9632252256075542	2.3285518288612366	1.6123829980691273
332	224	2.42848573412214	2.2878964798791066	1.7246910333633423
333	224	2.7282117166017232	2.1075192062478316	2.2125444851423564
334	224	2.0950882925706753	2.762731706394869	1.6456078641554888
335	224	2.1970225231988088	1.8513881989887782	1.3655874303409032
336	224	1.7863008429606755	2.1173476179440818	1.230251615246137
337	224	1.8446902292115348	1.6674140691757202	1.1025652629988534
338	224	2.014157435473274	2.050809376380023	1.3248943405992843
324	225	1.9647065184333108	1.4888920458880337	1.9573031663894653
325	225	2.117948659828731	1.2885895371437073	1.8853720767157418
326	225	2.1333635937083852	1.2433776421980425	1.884849418293346
327	225	2.0190429499274805	1.7463545046354596	2.128199658895794
328	225	1.7337026596069336	1.4913365949283948	1.6277503967285156
329	225	1.6168579906225204	1.7153586943944295	1.503613476951917
330	225	1.7359000955309187	1.84554580279759	1.7343297430447169
331	225	1.6747488578160603	2.2736878991127014	1.7059451341629028
332	225	2.078885419028146	2.6625610419682095	2.0351445845195224
333	225	2.371030431044729	2.620309779518529	2.4971789623561658
334	225	1.7099453210830688	2.7163628760506127	1.5429497957229614
335	225	1.783252945968083	1.8027250511305672	1.7799553615706307
336	225	1.5636178652445476	1.90762659907341	1.4145469963550568
337	225	1.612929838044303	1.4745085750307356	1.4274714929716927
338	225	1.6837730127222397	2.0791382438996258	1.6603122598984663
324	226	1.993402827869762	1.404933138327165	1.9607328176498413
325	226	2.094997371946062	1.4025054999760218	1.6155909214700972
326	226	2.1632010503248735	1.2141068090092053	1.7561719200827859
327	226	2.005295050771613	1.687402474252801	2.145726799964905
328	226	1.6714200139045716	1.550917387008667	1.4579977555708452
329	226	1.6567170719305675	1.805874730149905	1.4038690775632858
330	226	1.8431475843702043	1.9161740371159144	1.7116173931530543
331	226	1.713074614604314	2.2821053663889566	1.8513083060582478
332	226	2.2373485224587575	2.647531475339617	2.1697976929800853
333	226	2.508219756578144	2.622181214784321	2.868042469024658
334	226	2.0670099048053516	2.395610879449283	1.8708530804690193
335	226	2.0128093532153537	1.791284373828343	1.9052456532205855
336	226	1.6023194938898087	1.9922300378481548	1.5316951473553975
337	226	1.6136877536773682	1.5818900125367301	1.3627865825380598
338	226	1.7354724547442268	2.1415593413745655	1.702979284174302
324	227	2.3845105821436103	1.360481403090737	2.626203710382635
325	227	2.5641098533357893	1.518076820032937	2.256797356264932
326	227	2.5867809599096123	1.5460425940426914	2.472878434441306
327	227	2.0254624454598678	1.8634393277921175	2.846700517754806
328	227	1.7711319208145142	1.484981125051325	1.777995770627802
329	227	1.8232854505379994	2.181616778175036	1.856615682442983
330	227	2.089269084589822	2.312412832464491	1.8323398402759008
331	227	2.2254133224487305	3.1544082959493003	2.2266450226306915
332	227	2.63212319782802	3.6251130444662913	2.1028056485312328
333	227	2.8693884924838415	3.4973895173323784	2.646722335564463
334	227	2.4132456569110645	3.394257026560166	1.9397002388449276
335	227	1.9289259229387556	2.083793955189841	1.6434322595596313
336	227	1.6781606475512187	2.576206902662913	1.6262312680482864
337	227	1.3788177115576608	1.6678035684994288	1.430523157119751
338	227	1.5465666686787325	2.415838297675638	2.1060581067029167
324	228	2.9356683167544277	1.2512424100529065	2.8258289857344194
325	228	3.2105386427470615	1.398081817797252	2.7224485192980086
326	228	3.209159092469649	1.391188838265159	2.835117210041393
327	228	2.4572761058807373	1.7230636697066457	3.0014507017637553
328	228	2.0816563248634337	1.1627521840008823	2.19791934706948
329	228	1.9314119915167491	1.741688147187233	2.2544561674197516
330	228	1.6595719456672668	2.1691890699522838	2.394254105431693
331	228	2.3832682073116302	2.89579039812088	2.418874571720759
332	228	2.245853458132063	3.4950286660875594	2.3907482624053955
333	228	2.4337156760065177	3.53167798644618	2.684915542602539
334	228	2.2393469670239616	3.353389389374677	1.817724950173322
335	228	1.1872033860002245	1.9791760104043143	1.5673324125153678
336	228	1.6664302746454875	2.370892102519671	1.8937260160843532
337	228	1.1929144859313965	1.4778750879423959	1.6480053918702262
338	228	1.6816020853379194	1.9295178792055916	2.258763074874878
324	229	2.676554961638017	1.174091875553131	3.0018216479908335
325	229	3.1056508166449412	1.3875593798501151	3.1884773629052297
326	229	2.9419483054767954	1.2555493008006702	2.8530442281202837
327	229	2.246995022422389	1.535697319005665	2.697761334870991
328	229	2.0801745414733888	0.9693546132607893	2.548307700590654
329	229	2.0503264913956323	1.5282635241746902	2.3719250857830048
330	229	1.53531870671681	1.7859071407999312	2.6471908603395735
331	229	2.5598226686318717	2.465827544530233	2.3648688991864524
332	229	2.3186522892543246	3.1358634063175748	2.5063159465789795
333	229	2.818770872919183	3.1178879863337468	2.3486431272406327
334	229	2.387777293429655	2.8244466220631317	1.7593577609342688
335	229	1.2855912148952484	1.7043695279530116	2.083323453153883
336	229	1.7833007474740346	2.0727192809184394	1.8507915089527767
337	229	1.1937930073056902	1.4064743689128332	1.963102740900857
338	229	1.8250854225719677	1.4433891632977653	2.0921543135362515
324	230	2.3607829375700518	1.6939404227516868	3.1741448532451284
325	230	2.7307243858064925	1.9210629888943263	3.6102975266320363
326	230	2.411530473015525	1.652391498739069	3.1277560970999976
327	230	1.8761521828802008	1.9506726202211881	2.3212518441049674
328	230	1.7371209740638733	1.3745111552151767	2.468026638031006
329	230	1.5256379743417103	1.7734618733326595	2.168090581893921
330	230	1.2685677324022566	1.8439229897090368	2.5596982070377896
331	230	1.9592325687408447	2.3396498362223306	2.427535275618235
332	230	2.001528433391026	2.4742983749934604	2.7438359601157054
333	230	2.5958409811321057	2.2233773971858777	2.5412193348533227
334	230	2.125283732133753	2.708088103462668	2.1686604303472183
335	230	1.3333043243203844	1.9097197140966142	2.360161440713065
336	230	1.509398025770982	2.1601254642009735	2.0723457286755242
337	230	1.1435263752937317	1.6661027414458138	1.999190194266183
338	230	1.4870845570283777	1.6766375303268433	1.51935472909142
324	231	1.3458025780591099	1.5734576203606345	3.409315087578513
325	231	1.467822892325265	1.9443728242601668	3.6115328073501587
326	231	1.6191349029541016	1.5758040059696545	3.3581702492453833
327	231	1.5912328268352307	1.5475933489046598	2.6133482707174203
328	231	1.298177218437195	1.5194056792692705	2.613432667472146
329	231	1.6071825921535492	1.7845550278822582	2.209561879436175
330	231	1.3648820689746313	1.8893560682024275	2.5401214020592824
331	231	1.9468118051687877	2.233164052168528	2.57572736342748
332	231	1.9275236470358712	2.3812593391963413	2.7938308034624373
333	231	2.3261057640376843	2.353034107308639	2.4935511915307296
334	231	2.1037580125472126	2.507603448979995	2.0820504707448624
335	231	1.3705896990639823	1.9734472121511186	2.170984583241599
336	231	1.8682503402233124	2.008651797970136	1.9761709024508793
337	231	1.4513465421540397	1.4601141980716161	2.008085608482361
338	231	1.7177108526229858	1.56654892949497	1.5727783231174244
324	232	1.2634509260004216	2.020314921032299	4.1964965950358994
325	232	1.3643488458224706	2.383125935282026	4.258937307766506
326	232	1.6185979518023403	2.011853965845975	4.3181468139995225
327	232	1.599416274773447	1.6859592638517682	3.3524753419976485
328	232	1.3055403351783752	1.6766982837156816	3.02690373767506
329	232	1.87085356314977	1.7610375533501308	2.4357227981090546
330	232	1.5907026529312134	2.2576548968042647	2.4128347294671193
331	232	2.376237859328588	2.2200037439664206	2.4795096715291343
332	232	2.2934649671827043	2.6336753708975658	2.2649614810943604
333	232	2.8904671167072498	2.603262600145842	1.963735818862915
334	232	2.5950551734251133	2.124833310351652	1.8613273536457735
335	232	1.5683173622403825	1.68312269449234	1.8296726090567452
336	232	2.2826720774173737	1.5876673758029938	1.8895258853832881
337	232	1.672228787626539	1.1842662649495261	2.0855865137917653
338	232	1.7873920412624584	1.3203954696655273	2.1078135195900414
324	233	1.3875108740546487	2.224677952853116	3.3063614585182886
325	233	1.4069151452609472	2.9411510910306657	3.5788501501083374
326	233	1.72124322977933	2.543421138416637	3.7026776400479404
327	233	1.669082811004237	1.78816346745742	2.9018338228526868
328	233	1.497083032131195	1.8510106693614612	2.729699655012651
329	233	2.108910709619522	1.6526175538698833	2.658814311027527
330	233	1.8266772031784058	2.2478732466697693	3.0618710688182285
331	233	2.550509035587311	1.8467529813448589	3.2632355292638144
332	233	2.481449229376657	2.263149772371565	3.917289904185704
333	233	3.0159913866143477	2.8657585570686743	3.9130155287290873
334	233	2.770318662419039	2.1929804297054516	2.9146479718825398
335	233	1.7403398837362016	1.8413206509181432	2.214723995753697
336	233	2.432459776600202	1.4217858016490936	2.315756618976593
337	233	1.8033762318747384	1.2496816686221532	1.8075090902192252
338	233	1.9216846648384542	1.3921928055146162	2.0005492462831387
324	234	1.2502795999700373	2.841253063895486	2.3681792345913975
325	234	1.4352897575923376	3.8779172045843944	2.7762241874422346
326	234	1.5217277245088057	3.2604701952500776	2.716201131994074
327	234	1.2831346235777203	1.6956832722613686	2.139445926013746
328	234	1.3647204399108888	1.725162928754633	2.2580015767704356
329	234	1.7336310942967732	1.8132601430018742	2.3038182655970254
330	234	1.7265754682677132	2.1598020110811507	2.897329534803118
331	234	1.9037701189517975	2.0762564142545066	3.2039236028989158
332	234	2.273937225341797	2.083922266960144	3.9022109508514404
333	234	2.7000790520718225	2.6842316451825594	3.815975879368029
334	234	2.4255528660381542	2.3044018815545475	2.8287724747377285
335	234	1.6321841818945748	1.7330260702541895	2.031979433127812
336	234	2.019419660170873	1.6295282791058223	2.0955637792746225
337	234	1.5896889226777213	1.3163940480777196	1.4393646035875594
338	234	1.5624609905130722	1.695962807711433	1.6981038416133207
324	235	1.2119273814288052	2.4988778070970015	2.314869100397283
325	235	1.6191768986838204	3.5045727491378784	2.646218180656433
326	235	1.2782162861390547	3.152951955795288	2.5186344276775015
327	235	1.12030197444715	1.616722207320364	1.9484657990305048
328	235	1.2779756784439087	1.7336956479332664	1.913825739513744
329	235	1.1888177022337914	2.26646359761556	1.585907980799675
330	235	1.635076710156032	2.3694745813097273	2.2686575651168823
331	235	1.5206317603588104	2.74606200059255	2.0112993915875754
332	235	1.7752457175936018	2.8535756724221364	2.935826437813895
333	235	1.9986151958766736	2.622244351788571	3.374295385260331
334	235	1.6472704550799202	2.5177068009096035	2.1652235984802246
335	235	1.5299382380076818	1.5705135209219796	2.0625029461724416
336	235	1.19306630641222	2.0858066181341806	1.6560840010643005
337	235	1.1992882319859095	1.3927850382668632	1.5107575144086565
338	235	1.2365407803479362	1.9279620717553532	1.5223824346766752
324	236	1.5370379577983508	2.372466705062173	2.3224411010742188
325	236	1.8025049652372087	3.0269093172890797	2.458074246134077
326	236	1.5374721397053113	2.891201626170765	2.423456408760764
327	236	1.3519483616477566	1.8547957884637933	1.8701681902534084
328	236	1.5023683071136475	1.9905920028686523	2.1144227439706977
329	236	1.5313572982947032	2.578993042310079	1.7579081505537033
330	236	2.1849349652017866	2.870661803654262	2.6526399680546353
331	236	2.3915280302365622	3.2342894077301025	2.5371791819731393
332	236	2.77678758757455	3.735323224748884	3.438455104827881
333	236	3.0055186873988102	3.5219629061849496	3.9252842978427283
334	236	2.4178806052488437	2.8601144201615276	2.5677804946899414
335	236	2.210613821234022	2.318689627306802	2.408261239528656
336	236	1.7847344428300858	2.350783263643583	1.8448581049839656
337	236	1.218792736530304	1.6509380510875158	1.5624765242849077
338	236	1.245503380018122	2.0928497314453125	1.6057826420840096
324	237	1.7184757536107844	2.031848896633495	2.559147748080167
325	237	1.7732320087296622	2.2601768715041026	2.595103314944676
326	237	1.4869322668422351	1.8703292933377353	2.551768194545399
327	237	1.3605822952170121	1.573412067011783	2.259301361284758
328	237	1.879265511035919	1.700022903355685	2.327970331365412
329	237	1.8105229536692302	1.7211197515328724	1.9287556111812592
330	237	2.547779951776777	2.1965531536511014	2.528723086629595
331	237	2.6740064223607383	2.3285985390345254	2.3820940057436624
332	237	3.060215813773019	2.863687379019601	2.9429287910461426
333	237	3.110907931076853	3.126709411018773	3.546205583371614
334	237	2.7333382718703327	2.786402800503899	2.541659383212819
335	237	2.5310646976743425	2.3972012315477644	2.291553863457271
336	237	2.1222796042760215	2.083633398016294	2.077348326643308
337	237	1.4741329295294625	1.5661477872303553	1.8269773636545454
338	237	1.5702107513652128	1.6576954617219812	1.7818414744208841
324	238	1.8128013935956089	1.9059931364926426	2.2590866305611352
325	238	1.6345023172242301	2.188242597239358	2.066508957317897
326	238	1.4113906296816738	1.260553939775987	2.1121044158935547
327	238	1.5484744812312878	1.3259654641151428	2.039130185779772
328	238	1.6549113154411317	1.297132134437561	1.7816660837693648
329	238	1.652917707959811	1.390311564008395	1.579320381085078
330	238	2.274827642100198	1.7836328148841858	2.1425773671695163
331	238	2.6581745942433677	2.132296750942866	2.2144918143749237
332	238	3.0999877793448314	2.7112832069396973	2.755043234143938
333	238	3.1537655152772603	2.7233056520160877	2.8455492697264018
334	238	2.6361181455499985	2.3695122213924633	2.179432055529426
335	238	2.198854957308088	1.7463183488164629	1.6195911594799586
336	238	1.8924473921457927	1.7522173672914505	1.7009623348712921
337	238	1.2031263155596597	1.131259675536837	1.3096770984785897
338	238	1.507179568795597	1.575652515186983	1.4607584686840283
324	239	2.2574586759914053	1.3468309749256482	2.1852838559584185
325	239	2.165023514202663	1.5569974013737269	1.7405620047024317
326	239	1.8189962668852373	1.1318856206807224	2.118999654596502
327	239	1.536278668202852	1.07918865116019	2.407050095106426
328	239	1.416998839378357	1.0686658187346025	1.539161812175404
329	239	1.5388704439004262	1.1894791821638744	1.4950368702411652
330	239	2.1415212750434875	1.788100208554949	1.8114618488720484
331	239	2.6574955781300864	2.113209386666616	2.0143220822016397
332	239	3.1789421694619313	2.505772113800049	2.5963150773729597
333	239	3.343740312676681	2.429211240065725	2.544033565019306
334	239	2.769760286106783	2.2968397841734043	1.857562548973981
335	239	1.9839541571480888	1.6653839605195182	1.5396284205572945
336	239	1.8091200987497966	1.655005820095539	1.5109039098024368
337	239	1.0494017345564706	0.8617671089512962	1.739677565438407
338	239	1.356684702284196	1.3182884594973396	1.80025833494523
324	240	2.53782226822593	1.3969493996013294	2.809037511998957
325	240	2.590243194784437	1.9531989693641663	2.6532160554613387
326	240	2.0135418501767246	1.5026859586889094	2.9705922603607178
327	240	1.5206198315871389	1.1788034533199512	2.893123570241426
328	240	1.367410123348236	1.2005018483508716	2.0191615603186865
329	240	1.562026063601176	1.3105572611093521	1.8700440973043442
330	240	2.2098272357668196	1.9661170925412859	2.124135281358446
331	240	2.773053208986918	2.3905056516329446	2.2473196585973105
332	240	3.3404694625309537	2.5364032813480923	2.8000387464250838
333	240	3.609019241834942	2.458938799406353	2.973662828144274
334	240	2.7887310420765594	2.2865631089491	2.1603868077783024
335	240	2.084705787045615	1.5931769183703832	1.8038638489586967
336	240	1.936972588300705	1.824346236884594	1.6779724657535553
337	240	1.1078961193561554	0.9365819777761187	1.8341184428759985
338	240	1.3482926908661337	1.3466855568044327	2.0762887001037598
324	241	1.8430526906793767	2.5747461318969727	3.723899472843517
325	241	2.1806436351367404	3.2749498231070384	3.211103524480547
326	241	1.607782623984597	2.6882344592701304	3.5135326385498047
327	241	1.324777038473832	1.9760688543319702	3.5924097864251388
328	241	0.985671192407608	1.6304918852719394	2.603531165556474
329	241	1.3880306060115497	1.7217874775330226	2.4103430906931558
330	241	1.944610365799495	1.785714430468423	2.5787478174482072
331	241	2.1726864178975425	2.548552612463633	2.4392837087313333
332	241	2.6786743572780063	2.481701901980809	2.6478378091539656
333	241	2.863140294426366	2.1317378658997383	2.7086743555570902
334	241	2.2102791351430557	2.486405702198253	1.9938930623671587
335	241	1.508350942816053	1.2069918172700065	1.8631992425237383
336	241	1.6279396762450535	1.8585583766301472	1.8832047333319981
337	241	0.8736323948417392	1.0161859605993544	2.1737392715045383
338	241	0.9296091304105871	1.760424182695501	2.506682613316704
324	242	1.6902648535641758	2.738496043465354	3.3330455910075796
325	242	2.09927841595241	2.9802732127053395	2.924653938838414
326	242	1.4939460212534124	2.4589307091452857	3.1139594208110464
327	242	1.3196826263477928	2.053200753111588	3.10231688148097
328	242	0.9956713140010833	1.805964383212003	2.425514806400646
329	242	1.0725981518626213	1.7164983699719112	2.369503597418467
330	242	1.1892056592873164	1.9675618750708443	2.721483060291835
331	242	1.1269145607948303	2.363771915435791	2.5371506611506143
332	242	1.4617594821112496	2.443084682737078	3.0611728259495328
333	242	1.6114718976773714	2.0843302262456795	2.935162857959145
334	242	1.0871137906523312	1.8935184338513542	2.232162461561315
335	242	0.5969590629850116	1.18223717382976	1.9809295620237077
336	242	0.7740679656465849	1.4814022531112034	1.8115188131729762
337	242	0.7802799833672387	0.9989613933222634	1.8182122537067957
338	242	0.8865268773892346	1.8257230590371525	1.9672645260305965
324	243	0.8967973373152993	3.0960028171539307	2.17085401578383
325	243	1.1281424079622542	2.6511246476854597	2.461961201259068
326	243	1.2317219972610474	2.5678526054729116	2.0228795355016533
327	243	1.3223387504878796	2.5750921525453268	1.9763607163178294
328	243	1.043378472328186	2.194264054298401	1.944490378553217
329	243	1.1998577540119488	1.521486888329188	2.0050519158442817
330	243	1.2567225396633148	1.957937913281577	2.309759650911604
331	243	1.2316828270753224	2.086190104484558	2.4056666493415833
332	243	1.6439249515533447	2.2404770169939314	2.4869815622057234
333	243	1.6210964259348417	2.573557546264247	2.3164568700288473
334	243	1.0830195546150208	1.986241004046272	2.0024356421302345
335	243	0.6712888692106519	1.821908712387085	1.8672411016055517
336	243	0.8123327766855558	1.5133520464102428	1.5654455175002415
337	243	0.8726275520665305	1.7144778881754195	1.3066873465265547
338	243	1.1438779515378616	1.9705542606465958	1.5813528649947222
324	244	1.4005000482905994	3.1759527163072065	2.1758686412464487
325	244	1.4862377728734697	2.7304438863481795	2.117827134472983
326	244	1.1791973493315957	2.6596917672590776	1.842442664233121
327	244	1.38599210350137	2.9400338750136528	1.977960793595565
328	244	0.9317797124385834	2.532129937952215	1.7304060675881126
329	244	1.102634608745575	1.844081550836563	1.7215398798386257
330	244	1.4553883075714111	2.3744769436972484	1.9572471039635795
331	244	1.641406108935674	2.4523911277453103	2.1353885730107627
332	244	1.911812390599932	2.4722935131617954	2.167892643383571
333	244	2.149212956428528	3.2414915812642953	1.9573417211833752
334	244	1.7592308661516975	3.1954341776230755	1.9483248275869034
335	244	0.9456654020718166	2.8229208162852695	1.477215153830392
336	244	1.0691375434398651	2.583777219057083	1.5121916631857555
337	244	0.9374256900378636	2.3073736003467014	1.2395937868527003
338	244	1.1084938540178186	2.07924619141747	1.3595063405878403
324	245	1.5476000634106724	2.764927452260798	2.2103088335557417
325	245	1.9283660990851266	3.0329031433377946	2.3420711926051547
326	245	1.6969073468988591	2.5654526190324263	2.0869864333759653
327	245	1.4628411813786155	2.734758075914885	1.7482404269670184
328	245	1.0473468244075774	2.439408128911799	1.4642250321128152
329	245	1.351298302412033	1.958139215906461	1.5898369252681732
330	245	1.7682711907795496	2.401451894215175	2.0957489609718323
331	245	2.1832056045532227	2.3320157726605735	2.52009125550588
332	245	2.5165790489741733	2.3952766145978654	2.8538478783198764
333	245	3.171457140069259	3.5586091593692175	2.668030337283486
334	245	2.298649738816654	3.3272160081302418	2.4824487181270825
335	245	1.1285009469304765	3.014725310461862	1.6267135739326477
336	245	1.3736159627636273	2.653675148884455	1.8802094161510468
337	245	0.8766419121197292	2.3230548756463185	1.1792656012943812
338	245	1.1569567112361683	1.9978147184147554	1.1494965553283691
324	246	1.4775011864575474	2.2119436264038086	2.246637387709184
325	246	1.8273627076830183	2.3778865167072842	2.423858949116298
326	246	1.6539015986702659	2.1731552102349023	2.145081801847978
327	246	1.2646776625984593	2.290234427703054	1.8890502515592074
328	246	1.0500203788280487	1.938250563361428	1.5846120444211094
329	246	1.2777547041575115	1.5566885073979695	1.5502957850694656
330	246	1.7478537218911308	2.1261750204222545	1.9405159098761422
331	246	2.125787377357483	2.105915198723475	2.2051907082398734
332	246	2.5709236008780345	2.782226664679391	2.299689769744873
333	246	3.272277417935823	3.7229436949679724	2.0096235714460673
334	246	2.4718050606110515	2.8136288558735565	2.0302573793074665
335	246	1.2421963214874268	2.722149303981236	1.4160098433494568
336	246	1.3786674390236537	2.2310888866583505	1.6217379122972488
337	246	0.8992664430822644	1.9619924000331335	1.1542682647705078
338	246	1.1887549056726343	1.7670831329682295	1.57254159450531
324	247	1.1594814549792896	1.7402618581598455	2.3362329222939233
325	247	1.4606082269123621	1.8005459308624268	2.316980310848781
326	247	1.3362217491323298	2.0256436412984673	1.9460304975509644
327	247	1.1784627814041941	2.0091981448625265	1.8664684170170833
328	247	0.992146760225296	1.6724301684986462	1.7452539747411555
329	247	1.3923627709348996	1.6964423954486847	1.8362173239390056
330	247	1.742605107171195	1.6544505442891801	2.1876134872436523
331	247	2.2835849026838937	1.8608551422754924	2.367288092772166
332	247	2.803288459777832	2.1852334567478726	2.4033577101571217
333	247	2.9553211739188745	2.5383468238930953	2.3030024955147193
334	247	2.3731193893096028	1.8040760615292717	2.2797078525318817
335	247	1.1123013751847404	1.8046295898301261	1.9340079171316964
336	247	1.5110604564348857	1.7626886616150539	1.8605719556411107
337	247	0.9226652383804321	1.706378059727805	1.3940478478159224
338	247	1.1433645907570333	1.7614096262875725	1.9180560252245735
324	248	0.9563993378119036	2.5215848142450508	2.5704748197035356
325	248	1.5143006869724818	2.0254062839916775	2.231703451701573
326	248	1.9357798533006148	2.613759062506936	2.442359512502497
327	248	1.763182188335218	2.9542173962844047	2.1636656522750854
328	248	0.9700093865394592	1.7464057207107544	2.2222602367401123
329	248	1.2130049616098404	1.7052572419246037	2.3967559039592743
330	248	1.538190449987139	1.748808068888528	2.6321442467825755
331	248	1.9055474897225697	1.8386960724989574	2.9024147391319275
332	248	2.1395128113882884	2.280982426234654	2.6322573934282576
333	248	2.4489421468032035	2.3366499511819137	2.4176901516161466
334	248	2.0542785910999073	1.614651406512541	2.1734409472521614
335	248	1.4045350636754717	1.609295334134783	2.0046302931649342
336	248	1.4714563166101773	1.2970842868089676	2.0240681022405624
337	248	1.4003348861421858	1.657017435346331	1.401456790310996
338	248	1.8505224620594698	1.965288099120645	1.98283912153805
324	249	1.062574863433838	2.280504508451982	2.6555488759821113
325	249	1.9957406776291984	1.9172262804848808	2.319566403116499
326	249	2.156146222894842	2.353153705596924	2.638431267304854
327	249	1.8428191824963218	2.678554798427381	2.1467134136902657
328	249	1.1332806527614594	1.7486191662875088	2.0379661430012095
329	249	1.3876980344454448	1.829433302084605	2.2353526999553046
330	249	1.6763491119657243	1.8005145277295793	2.5299966846193587
331	249	2.001645863056183	2.22378999988238	3.0260305603345237
332	249	2.156250102179391	2.5213198321206227	3.177018846784319
333	249	2.3850807453456677	2.5419756613279643	2.72896745330409
334	249	1.903143279692706	2.0838369481703816	2.2683723393608544
335	249	1.5659378852163042	1.6401662485940116	1.977771554674421
336	249	1.5690676321585972	1.8659377346436183	2.0765200654665628
337	249	1.5306539365223475	1.87895040001188	1.434704806123461
338	249	1.9990942618426155	2.1232884841806747	1.9370250912273632
324	250	1.400925105268305	2.3471050587567417	2.4104103391820733
325	250	2.277189927441733	1.6606080191476005	2.440645899091448
326	250	2.198845050551675	2.3049371134151113	2.525476715781472
327	250	1.7493776145734286	2.9078218434986316	1.8727876136177464
328	250	1.2232497215270997	1.7503524260087446	1.7949386401609941
329	250	1.4112988710403442	1.6237944066524506	1.7188574622074764
330	250	1.6448297245161874	1.8382393632616316	2.227688585008894
331	250	2.069213072458903	2.120054612557093	2.3599027196566262
332	250	2.0920591354370117	2.427323409489223	2.844587939126151
333	250	2.4016611199629936	2.339356039699755	2.583700500036541
334	250	2.147179771872128	2.256533840123345	1.8996750466963823
335	250	1.7356203879628862	1.5028236763817924	1.7277905344963074
336	250	1.691908836364746	1.729056219259898	1.7293053319056828
337	250	1.688611388206482	1.742135030882699	1.435514441558293
338	250	2.0068213729297413	1.9827021150028004	1.8250205025953405
324	251	1.8821085474707864	2.0110086527737705	2.987397150559859
325	251	2.459552134786333	1.2308295369148254	3.1488219499588013
326	251	2.195198568430814	1.6676722764968872	3.078893444754861
327	251	1.697042138952958	2.5160048447157206	2.365846953893963
328	251	1.400977659225464	1.4118822379545732	2.2701704718849878
329	251	1.3080181802312534	1.499267816543579	2.084431211153666
330	251	1.8595192006656103	1.8169580357415336	2.340542588915144
331	251	2.116555651028951	2.11413765947024	2.600112040837606
332	251	2.4098761762891496	2.485260316303798	3.061004332133702
333	251	3.012465891085173	2.524534545446697	2.5158918154867074
334	251	2.3993064094992245	2.238803183331209	2.038535069016849
335	251	1.8666242020470756	1.7508530616760254	1.664560684135982
336	251	1.590880756576856	1.624279424548149	1.8946951627731323
337	251	1.468723944255284	1.4014817561422075	1.6923536232539587
338	251	1.619460386388442	1.8549736808328068	2.007938462145188
324	252	1.9755111065777866	1.8438674428246238	1.8339967185800725
325	252	2.8409454141344344	1.2220184632710047	2.2846856457846507
326	252	2.7502369447187944	1.7778883305462925	2.086679144339128
327	252	1.87456592760588	2.2587958323328117	1.956964844151547
328	252	1.8120850205421448	1.3288573676889592	1.7982233871113171
329	252	1.5733299950758617	1.720847378174464	1.7809431304534276
330	252	2.0804059335163663	2.002450866358621	2.47206483568464
331	252	1.9510928591092427	2.271840830643972	2.794172684351603
332	252	2.3915651866367886	2.562218223299299	3.2687922545841763
333	252	2.8925505562832483	2.8688149452209473	2.53172799160606
334	252	2.4371811011258293	2.405229652629179	2.05723543026868
335	252	1.8666627662522453	2.0756579296929494	1.820848388331277
336	252	1.2394499282042186	1.7096742242574692	1.8373930752277374
337	252	1.0323696391923087	1.4219631808144706	1.289562165737152
338	252	1.4148870215696447	1.9630950899685131	1.4608804688734167
324	253	2.471580451185053	1.9903291030363603	1.6045251867987893
325	253	3.234646797180176	2.1113055178097317	2.0387427551405772
326	253	3.035367012023926	2.3926855217326772	2.012137868187644
327	253	2.236820986396388	2.470710014042101	2.041946291923523
328	253	1.9955984354019165	2.0057862888682974	1.8457858020609075
329	253	1.653666650255521	2.248095288872719	1.7704750100771587
330	253	1.959254733153752	2.3913960116250172	2.480164102145604
331	253	1.7778218189875286	2.6927208304405212	2.6603104869524636
332	253	1.9325066293988908	2.839404514857701	3.327646493911743
333	253	2.424194806500485	2.7022176667263635	2.6702168928949455
334	253	1.9326359594569487	2.5636738889357624	2.0829958635218
335	253	1.7190047928265162	2.2387624382972717	1.8273329309054784
336	253	1.230862279733022	2.0751166343688965	1.6494212051232655
337	253	1.3345910481044225	1.812293359211513	1.2512748837471008
338	253	1.772437334060669	2.109727466807646	1.3175144055310417
324	254	2.151776898990978	2.629093278538097	1.7825409932570024
325	254	2.754478795187814	3.313851935522897	2.112970130784171
326	254	2.452280282974243	3.5345237255096436	2.117327852682634
327	254	1.9061232366059955	2.859955963335539	1.6248032733013755
328	254	1.5966803193092347	2.4644547917626123	1.1007800535722212
329	254	1.5638633122046788	2.853207061688105	1.3163032879432042
330	254	1.5375825337001257	2.6817125422613963	1.6582253660474504
331	254	1.835105687379837	3.114570160706838	2.318404326836268
332	254	1.936612810407366	3.245736394609724	2.262229629925319
333	254	2.446817071814286	2.7550695820858606	2.7423435763308874
334	254	1.986172262360068	2.7748367646161247	2.4376134942559635
335	254	1.6227033393723624	2.287239525999342	1.7054328407560075
336	254	1.576129247744878	2.5052903393904367	1.5071834325790405
337	254	1.3980964379651206	1.9558186616216386	0.9901458110128131
338	254	1.721720253720003	2.5345769068774056	1.0670906690990223
324	255	1.9342160333286633	2.9549324945970015	2.135005062276667
325	255	2.6114311729158675	3.7341983829225813	2.1692664452961514
326	255	2.210145592689514	3.85903263092041	2.276702956719832
327	255	1.6001381183925427	2.6749261680402254	1.892710660633288
328	255	1.2819902360439301	2.276804197918285	1.063650060783733
329	255	1.3376215398311615	2.5514776706695557	1.2009676396846771
330	255	1.196585246494838	2.4466041837419783	1.5532860585621424
331	255	1.4222800433635712	2.6491015354792276	2.3557510574658713
332	255	1.5434394223349435	3.3689877646309987	2.614173412322998
333	255	2.4969925817690397	3.2198320564470793	3.060670074663664
334	255	1.9606597914415247	2.362715672044193	2.845427814651938
335	255	1.4069808551243372	1.642066478729248	1.6455580251557487
336	255	1.3851653536160786	2.030379975835482	1.5288317302862804
337	255	1.0216027242796761	1.522419580391475	0.8195771617548806
338	255	1.362490078982185	2.106375343659345	0.9858922923312468
324	256	1.9379854202270508	3.035019939596003	2.7636859633705835
325	256	2.564219423702785	3.844336884362357	2.596661158970424
326	256	2.1150313182310625	3.767256910150701	2.7611090486699883
327	256	1.5897957902205617	2.6037726966958297	2.600331093135633
328	256	1.2086077690124513	2.1822906624187124	1.5971862944689663
329	256	1.277815875907739	2.294907122850418	1.242841159303983
330	256	1.1512936013085502	2.2098169156483243	1.4897229160581316
331	256	1.4782792925834656	2.5475227435429892	1.7235728998978932
332	256	1.5272422007152013	3.05478412764413	1.9710613318852015
333	256	1.939280773464002	2.942474942458303	2.3154170450411344
334	256	1.8386489223031437	2.3170803364585426	1.9249650099698234
335	256	1.3122367305415017	1.3112956115177699	1.2987244171755654
336	256	1.2489433288574219	1.8873886267344158	1.059845859805743
337	256	1.0785368851252966	1.2396955064364843	1.250518032482692
338	256	1.543483183664434	1.831172129687141	1.2456813349443323
324	257	2.3875326460058037	2.8920004801316694	2.718271840702404
325	257	2.8330289125442505	2.961449691227504	2.6709310667855397
326	257	2.789887645027854	3.008336132222956	2.8366446928544478
327	257	2.1096345374458716	2.844082838610599	2.8106118126919397
328	257	1.8685113668441773	2.052252184260975	1.8750492117621682
329	257	2.001361315449079	1.614977777004242	1.5599749783674877
330	257	2.6091898339135304	1.375809269292014	1.743160367012024
331	257	2.890399754047394	1.7033063471317291	2.202427953481674
332	257	3.1951064382280623	2.061336023466928	2.4326207978384837
333	257	2.9491915200885974	2.591480305320338	2.318845228144997
334	257	3.0335743567522835	1.7741222241345573	2.063761781243717
335	257	2.1189044458525523	1.1949009427002497	1.3523326175553458
336	257	2.0236885994672775	1.3658963988224666	1.239940196275711
337	257	1.284023710659572	1.3340436135019575	1.4232179096766882
338	257	1.6327582773040323	1.9140775203704834	1.3623542294782751
324	258	1.9592666192488237	2.381878527727994	2.198609471321106
325	258	2.3887435538428172	2.07240161725453	2.1896137169429233
326	258	2.410536375912753	2.1081129746003584	2.155196796764027
327	258	1.7763064597782336	2.4849847115968404	2.2359448483115747
328	258	1.792964804172516	1.6678295460614292	1.601880507035689
329	258	1.9778777211904526	1.2419739613930385	1.463673656185468
330	258	2.640017407281058	1.2504359654017858	1.6551482932908195
331	258	2.8374834656715393	1.714832176764806	1.9420438309510548
332	258	3.2642389706202914	2.043073841503688	2.2724991866520474
333	258	2.9980235476242867	2.9734921518125033	2.0008650892659237
334	258	3.0353631692774155	1.8584040613735424	1.6043519973754883
335	258	2.2297482831137523	1.1241289845534734	1.299301871231624
336	258	2.05283452073733	1.303475687901179	1.1964493940273921
337	258	1.2772946740899767	1.4439663035529	1.3657476646559579
338	258	1.502108864924487	1.8447233087876265	1.40722516003777
324	259	2.471254912289706	2.2123394229195337	2.138238863511519
325	259	2.257499728884016	1.5558541587420873	2.2374118992260525
326	259	2.284028638492931	1.6183654503388838	2.398202982815829
327	259	2.443315443239714	2.2398913157613656	2.1927912988160787
328	259	2.028300678730011	1.5074421167373657	1.8999520323493264
329	259	2.094795892635981	1.4813054949045181	1.8183034112056096
330	259	2.67181932926178	1.423818153994424	2.211735154901232
331	259	2.9841031432151794	1.6657841602961223	2.081036299467087
332	259	3.301502534321376	1.7993664230619157	2.2914299283708846
333	259	3.042579174041748	2.733438723965695	1.8507768354917828
334	259	3.2941581641926483	1.9354702725129969	1.9584209708606495
335	259	2.3897028309958324	1.3800273793084281	1.9678504977907454
336	259	2.2360819280147552	1.443579226732254	1.7144960016012192
337	259	1.5620754276003157	1.7817596111978804	1.8331361753599984
338	259	1.8909136197146248	2.107538798276116	1.857930295607623
324	260	2.666648192839189	2.0714353864843194	2.178943569009954
325	260	2.452461872782026	1.5987282650811332	1.8449700304440089
326	260	2.5272187753157183	1.6760731935501099	2.4794937047091397
327	260	2.6426432509171334	2.23860690468236	2.6932396135832133
328	260	2.100758731365204	1.4241169474341653	1.7272495464845137
329	260	2.1151234259208045	1.5496988147497177	1.5960498799880345
330	260	2.4105741807392667	1.4774991188730513	1.77671594279153
331	260	2.7017674644788108	1.5420291125774384	1.3995305200417836
332	260	2.9497166020529613	1.40429082938603	1.9702884980610438
333	260	2.783673725630108	2.0329362467715613	1.5599994847649021
334	260	3.0065555572509766	1.471427759703468	1.7346972717958338
335	260	2.0444165553365434	1.2374902367591858	1.7657335996627808
336	260	2.102593501408895	1.4566562175750732	1.52309916416804
337	260	1.6635630471365792	1.8516678980418615	1.7072852339063371
338	260	1.9984314371557796	2.199131264406092	1.8513758463018082
324	261	2.483240019191395	2.582069006833163	1.9784790494225242
325	261	2.193779332297189	2.366791776248387	1.8351557169641768
326	261	2.253166285428134	2.382077087055553	2.324104655872692
327	261	2.535736397693032	2.0791137783150924	2.2364917617095146
328	261	1.7538396716117859	1.8502449013970115	1.6327821666544133
329	261	1.6829254825909932	1.475419228275617	1.4871954421202342
330	261	1.8169593214988708	1.7194337248802185	1.6977990525109428
331	261	2.1008754670619965	1.4205866754055023	1.3960475325584412
332	261	2.0421891042164395	1.6491926567895072	2.006659780229841
333	261	2.039550122461821	1.8918318309282	2.0213486332642403
334	261	2.5033005475997925	1.7057466717327343	1.8733694833867691
335	261	1.4393395015171595	1.7713035004479545	1.7681295105389185
336	261	1.6880142092704773	1.3415387123823166	1.5247072577476501
337	261	1.542537237916674	1.7249600887298584	1.4817020041601998
338	261	1.9009658659205717	2.0252526998519897	1.7974593499127556
324	262	2.3027255426753652	2.6519235264171255	2.0973136099902066
325	262	1.9875320451600211	2.1626093132155284	2.315514726298196
326	262	2.063122413375161	2.325467976656827	2.393632867119529
327	262	2.311785196003161	2.333267193091543	1.8894938293256258
328	262	1.6087367177009582	1.951033819805492	1.6154794259504839
329	262	1.7084721227486928	1.8343442579110463	1.5305893222490947
330	262	1.6158304725374495	2.2546689425195967	1.8355708462851388
331	262	1.5940393209457397	1.759916792313258	1.5871490438779194
332	262	1.6712401594434465	2.061381425176348	2.0681741067341397
333	262	1.9503750612861233	2.0681308570661043	2.2490746661236414
334	262	1.7481766869040096	1.9008202132056742	1.7975492547540104
335	262	1.4323406730379378	1.9858538252966744	1.728489977972848
336	262	1.314611812432607	1.6099774986505508	1.496286968390147
337	262	1.4961834294455392	1.9811706457819258	1.2411540150642395
338	262	1.8072061258203842	2.1377187616684856	1.6103195933734669
324	263	2.105480269952254	2.77883581681685	2.0989810011603613
325	263	2.1023187211581638	2.1875310029302324	2.047293407576425
326	263	2.153272021900524	2.7620847441933374	2.356455542824485
327	263	2.1143159364399158	2.744590633793881	1.9840933398196572
328	263	1.639424216747284	2.19200307672674	1.3894950368187644
329	263	1.6512981553872426	2.0853920628627143	1.0282199333111446
330	263	1.9053149563925607	2.438914009502956	1.544068225792476
331	263	1.7781103750069935	2.1052324175834656	1.2262776096661885
332	263	1.9592843396323067	2.2932424545288086	2.000938432557242
333	263	2.2213223984366968	2.1671896357285347	2.5791935607006677
334	263	1.9221639492932487	1.988877675112556	1.7508317933363073
335	263	1.4776582888194494	2.0396269474710738	1.3380261659622192
336	263	1.3641198178132374	1.7417925894260406	0.9611476187904676
337	263	1.2954425300870622	2.0685103620801653	0.9866330368178231
338	263	1.7005617899053238	2.2274483792922077	1.2913689718526953
324	264	2.032391981645064	1.9255324060266668	2.4921220649372446
325	264	2.1988927040781294	2.0356211066246033	2.163568522248949
326	264	2.2545868049968374	2.2868596640500156	2.5461979562586006
327	264	2.1400675271686755	2.112769415504054	2.4928301196349296
328	264	1.9250029444694519	1.7960554903203791	1.5730528181249446
329	264	1.9239612420399983	1.7598049938678741	1.2938514997561772
330	264	2.376258441380092	2.146185040473938	2.121385063443865
331	264	2.27526464064916	2.0069699188073478	2.163969248533249
332	264	2.8921653543199812	2.2774191243307933	3.075259208679199
333	264	2.9840586687389172	2.0295180772480212	3.3272421610982796
334	264	2.8711533265955307	1.9235328716390274	2.306866204037386
335	264	2.067631321293967	1.6968674659729004	1.4899719187191554
336	264	1.6463248779376347	1.631789321700732	1.4765867764751117
337	264	1.552181260926383	1.5081099697521754	0.8511819456304822
338	264	1.7903244986253626	1.805753785021165	1.5036451150389278
324	265	1.8498745289715854	2.100745276971297	2.7752879316156562
325	265	2.1681412713868276	2.2231594749859402	1.7203306896345956
326	265	2.1742502559315073	2.247518376870589	2.639843225479126
327	265	1.8466801204179462	2.1001287196811878	3.1751152465217993
328	265	1.7285557746887208	1.8028765266591853	1.9009542898698286
329	265	1.8437685718139012	1.8701672901709874	1.6367903848489125
330	265	2.3907827053751265	2.1762827209063937	1.979253121784755
331	265	2.5157687266667685	2.220340132713318	2.0205001731713614
332	265	2.9547983578273227	2.3584537506103516	2.519232852118356
333	265	2.9501763017554032	2.162882742128874	2.979352035020527
334	265	2.829755151973051	2.318499032188864	2.179454074186437
335	265	1.9411241582461767	1.9959206751414709	1.8046848263059343
336	265	1.9193774064381917	1.6652086526155472	1.7603356689214706
337	265	1.570665146623339	1.3125307730266027	1.8237886684281486
338	265	1.9483739628511316	1.8268793330473059	2.3217130618936874
324	266	1.5514544465325095	2.1296854452653364	2.36238676851446
325	266	1.9850070306232996	2.144135969025748	1.4942453929356165
326	266	2.054101434620944	2.2200774387879805	2.3940678293054756
327	266	1.4194805716213428	2.272074686853509	2.953118738375212
328	266	1.3459283709526062	2.030487309802662	1.6987077431245283
329	266	1.665358806649844	2.119968851407369	1.4810803433259327
330	266	2.4645982640130177	2.4863923958369663	1.7986830898693629
331	266	2.894768397013346	2.358975827693939	1.7985963622728984
332	266	3.1736181463514055	2.223548310143607	1.9669010979788644
333	266	3.115228351793791	2.473313155927156	2.3939442446357324
334	266	3.2203292425941017	2.612756196190329	1.8192140144460343
335	266	1.8942771809441703	2.479734863553728	1.6105448603630066
336	266	2.0669011225303016	1.932431012392044	1.577876369158427
337	266	1.1382398647921426	1.6338280524526323	1.6462337630135673
338	266	1.850636931026683	1.835092593641842	1.955269694328308
324	267	1.9881596890362827	2.1840402754870327	2.5304975618015635
325	267	2.0351820843560353	2.2476823244776045	2.061743140220642
326	267	1.9189526276154951	2.4697841080752285	2.608470483259721
327	267	1.9270196274707192	2.410841464996338	2.6730872769104805
328	267	1.521774673461914	2.247344797307795	1.5943908041173762
329	267	1.8081878075997035	2.4080750644207	1.6152487347523372
330	267	2.0278143457004	3.071755187852042	2.12095502444676
331	267	2.7983411947886148	3.1080882946650186	2.5644752581914267
332	267	2.9205380167279924	3.4163170542035783	2.8981916223253523
333	267	2.8812039651368795	4.1021132092726855	3.338036010139867
334	267	3.0513125167173496	3.5483998410842	2.606356522616218
335	267	1.9025133166994368	3.0470322370529175	1.9103726744651794
336	267	2.1665690690279007	2.4399073819319406	1.8283138225475948
337	267	1.600098431110382	1.8215447238513403	1.550886137144906
338	267	2.388597979265101	2.020080159692203	1.7386557144277237
324	268	2.7153309041803535	2.1147082068703393	2.3712239373813975
325	268	2.6631289550236295	2.0521230697631836	1.9591671994754247
326	268	2.343001268126748	1.7315833135084673	2.414725509556857
327	268	2.773950081122549	2.0374872496253564	2.3890406771710047
328	268	1.8990364909172057	1.8418484167619185	1.3103757771578701
329	268	1.6234596421321232	1.8468710084756215	1.418060044447581
330	268	1.398676872253418	2.779630218233381	1.852426724774497
331	268	1.7686186134815216	2.809022863705953	2.4255168437957764
332	268	1.6871411459786552	3.653686285018921	2.671692132949829
333	268	1.9993510246276855	4.5237643467752555	3.1756527423858643
334	268	2.0219737571828507	3.570979525061215	2.602358439389397
335	268	1.902706231389727	2.968557119369507	1.7942378180367606
336	268	1.8420841594537098	2.319537937641144	1.7551967253287633
337	268	2.050681003502437	1.7616844517844064	1.4381775089672633
338	268	2.539867316975313	1.8910977069069357	1.5761056226842545
324	269	2.304802331057462	2.2274483008818193	2.7198574542999268
325	269	2.440350660255977	1.8959646735872542	2.5471499136516025
326	269	2.2132859338413584	1.4672035520726985	2.554681756279685
327	269	2.647760535541334	2.0084724238044336	2.492553554083172
328	269	1.8551607131958008	1.656144228848544	1.7381914095445112
329	269	1.555568888783455	1.394172340631485	1.4332245190938313
330	269	1.186062480722155	2.317420090947832	1.804928183555603
331	269	1.4616504907608032	2.575098196665446	2.238323986530304
332	269	1.463860613959176	3.3793017523629323	2.3020187446049283
333	269	1.769416332244873	4.147240350120946	2.6632714397028874
334	269	2.061041874044082	3.515239350935992	2.3029822321499096
335	269	1.8277167337281364	2.6909525224140713	1.7043972270829337
336	269	1.7479144483804703	2.2686484505732856	1.6544851660728455
337	269	1.893512785434723	1.7935114673205785	1.775250153882163
338	269	2.1898044067270614	1.86277034703423	1.71054787495557
324	270	2.2029804424806074	2.035966396331787	2.940035018053922
325	270	2.3667942540986195	2.0810848219054088	2.9496625321252004
326	270	2.0280901301990855	1.5158558758822354	2.5342833670702847
327	270	2.4110577231959294	1.8035447597503662	2.2491216534062435
328	270	1.722603702545166	1.4808868386528709	1.7797682176936755
329	270	1.1918958574533463	0.8782001336415609	1.5432538787523906
330	270	0.9952690175601414	1.639815194266183	1.888372344630105
331	270	0.8421514332294464	1.9663417438666027	2.5448580185572305
332	270	0.8869275110108512	2.515646457672119	2.7486727918897356
333	270	1.3232725795946623	3.1326475645366467	2.9473615069138375
334	270	1.53579141813166	2.925658099791583	2.4128607792012833
335	270	1.3776084865842546	2.1251134191240584	1.6295606068202428
336	270	1.2738882303237915	1.7093976140022278	1.7401402692000072
337	270	1.7637586082730974	1.5184852566037859	1.4803250602313451
338	270	1.874711036682129	1.5681192313923555	1.2905920849126928
324	271	1.618138844316656	1.637347329746593	3.017064007845792
325	271	1.538948885032109	1.834491295473916	3.1230203935078213
326	271	1.4528689709576694	1.4504824443296953	2.578905365683816
327	271	1.954406976699829	1.4348569449625517	2.2969139939860295
328	271	1.3092379570007324	1.0517021417617798	1.7125982262871482
329	271	1.391862894097964	0.5220737146834532	1.4295888344446819
330	271	1.3570071969713484	0.965313983815057	1.659655247415815
331	271	1.396209975083669	1.0509414623181026	2.3455953896045685
332	271	1.139904601233346	1.4782135316303797	2.678184883935111
333	271	1.4130243313939947	2.0085449344233464	2.966117582823101
334	271	1.5904761763180004	1.8372971240211935	2.3760327801984897
335	271	1.3447677407945906	1.1344674016748155	1.447778923170907
336	271	1.4703720857699711	0.9148937662442526	1.5976996620496113
337	271	1.5899418081556047	0.7449563443660736	1.393747525555747
338	271	1.9716264149721932	1.244505195056691	1.3694370248738457
324	272	2.2799120382829146	1.371352119879289	2.0591389049183237
325	272	2.397933636392866	1.748240487916129	2.1514319351741245
326	272	2.237574815750122	1.4744956493377686	1.6968429413708774
327	272	2.5679469610515393	1.3238435544465716	2.011982566431949
328	272	1.9520469188690186	0.9178962057287042	1.4332803054289385
329	272	1.811990926663081	0.5047875307500362	1.2372713436683018
330	272	1.6758634192602975	1.017098307609558	1.5255934000015259
331	272	1.6423431535561879	1.025479460755984	1.7303626537322998
332	272	1.3211668389184135	1.4632349354880196	2.0494182791028703
333	272	1.7174219520468461	2.1572693084415637	2.54786573585711
334	272	1.6876489695380716	1.7322635370142319	1.9279505084542667
335	272	1.6371250067438399	1.0314751352582658	1.3515059862818037
336	272	1.7954125603040059	0.8065411237378916	1.4314265896876652
337	272	1.9452165365219116	0.7160728446074894	1.1871985622814722
338	272	2.480510347029742	1.2294508604442371	1.3688002053429098
324	273	2.5247682224620474	1.4198016145012595	1.6866320154883645
325	273	2.609955038343157	1.6705123611858912	1.947982473032815
326	273	2.601758263327859	1.7119431062178179	1.9360495155507869
327	273	2.776772925728246	1.5171117751221908	2.0786901022258557
328	273	2.167134177684784	0.9735847332260825	1.1805274161425503
329	273	2.010952870051066	0.5975420512259007	1.0020240048567455
330	273	1.9397917645318168	1.2851101543222154	1.3094589795385088
331	273	1.8163122236728668	1.2928892374038696	1.5506519476572673
332	273	1.5248441525868006	1.8334331171853202	1.6004201514380318
333	273	2.0338704899737707	2.6818266605076038	2.3967993384913395
334	273	2.0305941946366253	1.8263847196803373	1.6517323816523832
335	273	1.8484782150813512	1.337599745818547	1.343431796346392
336	273	1.852818101644516	0.803995152314504	1.4131644119819005
337	273	2.163326229367937	0.6113491100924355	1.26055942262922
338	273	2.5930635929107666	0.8648838435902315	1.5584554461871876
324	274	2.196333234960383	1.587601434100758	1.7762941338799216
325	274	2.4447999681745256	1.8274217588560921	2.015807628631592
326	274	2.275492559779774	1.7347456108440051	2.0517662546851416
327	274	2.1780656827123543	1.4035463521355076	2.0623898066972433
328	274	1.9911483526229858	1.0258939537135037	1.0010556416078047
329	274	1.8357769300540288	0.8005259111523628	0.8184006735682487
330	274	2.1474253024373735	1.4488316774368286	0.823153189250401
331	274	1.916541963815689	1.4580277701218922	1.2229758997758229
332	274	2.0433527742113387	1.6692003522600447	1.2712234939847673
333	274	2.65827246716148	2.377926230430603	2.3732699720483077
334	274	2.4302651741925407	1.8570599906584795	1.2499877705293543
335	274	2.097294109208243	1.5796042680740356	1.0361997612885065
336	274	1.8891258786122005	1.1373958239952724	0.9812309021751086
337	274	1.9299863491739546	0.8385035267898014	0.9182917901447841
338	274	2.167756627587711	1.136691605343538	1.5134775673641878
324	275	2.4517799724232066	1.7756574479016392	1.7466709505427966
325	275	2.5082850456237793	1.935206072671073	2.1044617550713673
326	275	2.5861806219274346	1.7090125409039585	2.1235026012767446
327	275	2.3748197116349874	1.4973087749983136	1.965250523466813
328	275	1.8880161762237548	1.1315097700465808	0.9481515938585455
329	275	1.8533632457256317	1.2700966000556946	0.8192550341288248
330	275	2.038431542260306	1.4700100762503487	0.8963830385889325
331	275	2.357289512952169	1.666187842686971	1.3465866645177205
332	275	2.470328228814261	1.868476220539638	1.265381097793579
333	275	2.7823395791806673	2.010614846882067	2.2720890986291984
334	275	2.515754075611339	1.8938444502213423	1.390886738019831
335	275	1.6135520594460624	1.6005912337984358	1.084769913128444
336	275	1.6143839955329895	1.527872120340665	1.1892043898502986
337	275	1.591349218572889	1.3400671311787196	1.0878976115158625
338	275	2.0818267149083756	1.5706072204253252	1.5737807329963236
324	276	2.5558888261968438	2.222536888989535	1.8461744785308838
325	276	2.6475556067058017	2.28536719083786	1.8078183957508631
326	276	2.7500083446502686	1.9553852623159236	1.5335510644045742
327	276	2.3521296476062976	1.6323174238204956	1.6160405623285394
328	276	1.8219372749328613	1.2817436781796543	1.0001450126821345
329	276	1.7509197890758514	1.3118798186381657	0.9563501675923666
330	276	1.9596021430833	1.4454709802355086	1.1518837596688951
331	276	2.669505476951599	1.8362320760885875	1.4974524080753326
332	276	2.90224974496024	2.429401057107108	1.4072466237204415
333	276	2.860767640565571	2.6040350637937846	1.6705504781321476
334	276	2.8056882479611565	2.4049711718278775	1.0215643504086662
335	276	1.453522903578622	1.7338230524744307	1.0552752230848585
336	276	1.4779500563939412	1.8259014238913853	1.113135151565075
337	276	1.3119978308677673	1.5342134833335876	0.9934891419751304
338	276	1.8383586126215317	1.6249090923982508	1.2990284667295569
324	277	2.495726542039351	2.376835064454512	1.7697424238378352
325	277	2.5356459617614746	2.5074742010661533	2.023343707833971
326	277	2.7573907375335693	2.1671030304648657	1.6281917962160977
327	277	2.451197730867486	1.6904238525189852	1.528765951332293
328	277	1.8943789601325989	1.5175491788170554	0.9277573336254467
329	277	1.776628573735555	1.2646690333882968	0.839416059354941
330	277	1.7320096322468348	1.3747474466051375	1.259662585599082
331	277	2.1133172710736594	1.66457994778951	1.5843419432640076
332	277	2.4304613045283725	2.0746326616832187	1.573463797569275
333	277	2.5926286735032735	2.3503311119581523	1.6190073490142822
334	277	2.1280822052675137	2.027399455799776	1.1282634700045866
335	277	1.4984875661986214	1.6121018443788802	1.0745849609375
336	277	1.5515121221542358	1.5657035658756893	1.0321706955631573
337	277	1.5396160227911813	1.437356906277793	0.6896628396851676
338	277	2.0093256725984463	1.5203703571768368	1.0270513751927544
324	278	2.045773809606379	2.378467321395874	1.9187711477279663
325	278	2.3791276046207974	3.0862519570759366	1.767346944127764
326	278	2.68998215415261	2.34983830018477	1.703308647329157
327	278	2.2630139150117574	1.604270665269149	1.569453201795879
328	278	2.113962137699127	1.615794756195762	0.7415821389718489
329	278	2.0394359876712165	1.120684802532196	1.0875408177574475
330	278	2.1627889275550842	1.4414178388459342	1.48409189922469
331	278	2.5544999043146768	1.329625094930331	1.6524790227413177
332	278	2.8909502710614885	1.7175680909837996	2.211512735911778
333	278	2.9243811557167456	2.1405665121580424	2.249983599311427
334	278	2.2567488305708943	1.8881535039228552	1.5375089294770186
335	278	2.0244822927883694	1.6827804957117354	1.353600263595581
336	278	1.7131746311982472	1.2820032760500908	1.0811237295468648
337	278	1.529351566519056	1.2231112846306391	0.8611119389533997
338	278	1.932814598083496	1.4318398447597729	1.2006332558744095
324	279	2.464678081599149	2.840700539675626	2.3311585946516558
325	279	3.2335499865668162	3.227048771721976	2.009540855884552
326	279	3.1231935891238125	2.5962719050320713	2.0692602287639272
327	279	2.2858919093483374	1.9753566290202893	2.082279839013752
328	279	2.639488863945007	1.7727018486369739	1.5059691342440518
329	279	2.2654735346635184	1.4385299384593964	1.5283039957284927
330	279	2.589752435684204	1.8260360530444555	1.7488916090556554
331	279	2.5599391063054404	1.461139738559723	1.7594317197799683
332	279	2.9593818187713623	1.8757415839603968	2.085232734680176
333	279	3.2395999431610107	2.740994779687179	2.309147094425402
334	279	2.4930347274331486	2.2530217310961556	1.677618805099936
335	279	2.4592097997665405	2.0601324694497243	1.5792943154062544
336	279	2.0144771337509155	1.4795259634653728	1.3687391777833302
337	279	1.839265763759613	1.6030400565692358	1.301833621093205
338	279	2.1262039647382847	1.5841366473366232	1.726956339443431
324	280	2.1354010972109707	2.1342002045024526	3.00979022546248
325	280	2.789144686290196	2.0527386495045254	2.627703479358128
326	280	2.7375453168695625	2.0306375568563286	2.6804722439159048
327	280	1.8456252750597502	1.920054881196273	2.337163912622552
328	280	2.183605980873108	1.6197790015827527	1.8007305752147327
329	280	2.0828088968992233	1.4331890046596527	1.5847056955099106
330	280	2.412578514644078	1.7702967439379012	1.6514139430863517
331	280	2.847923199335734	1.5929961204528809	1.5344283878803253
332	280	3.0161943435668945	1.9964202301842826	1.7909947974341256
333	280	3.185785544546027	2.7950874755257056	1.9999828777815167
334	280	2.8959035873413086	2.319582826950971	1.6986016455818624
335	280	2.464781182152884	1.9616138083594186	1.4975245935576302
336	280	2.455103243390719	1.5544453710317612	1.242954949537913
337	280	1.6114769322531564	1.5852802566119604	1.359577374798911
338	280	1.9158925449146944	1.8869534801034367	1.7486203838797176
324	281	2.001845121383667	2.0704508152875034	2.665476235476407
325	281	2.492831196103777	1.9832323789596558	2.3514370066779002
326	281	2.6795900518243965	1.9023730646480213	2.4522284377704966
327	281	1.939666704127663	1.8080802214773077	1.9712396609155756
328	281	1.8648282647132874	1.5146098787134343	1.8348178646781228
329	281	1.9511562635501225	1.349404861529668	1.7792227615912755
330	281	2.144780303750719	1.64376323563712	2.0078727347510203
331	281	2.9076900283495584	1.492108146349589	1.9903638462225597
332	281	2.981379508972168	1.9538485322679793	2.448723111833845
333	281	2.9683612271359094	2.9877952776457133	2.3667737559268347
334	281	2.7655089182012222	2.1883521851371315	1.8907555622213028
335	281	2.1051603640828813	1.862473794392177	1.8029458011899675
336	281	2.3047703206539154	1.454946334163348	1.3923430641492207
337	281	1.4603239383016313	1.4909417118344988	1.3414596148899622
338	281	2.034843262504129	1.8808074909098007	1.7666542530059814
324	282	2.2705603512850674	1.9946677684783936	2.503980441526933
325	282	2.6811206000191823	1.7098051309585571	2.6275101559502736
326	282	2.927378459410234	1.9171259945089167	2.576064348220825
327	282	2.2589191386574194	1.6894393406416242	1.9455907721268504
328	282	2.067112123966217	1.3569471510973843	1.6220675056630915
329	282	2.1804093023141227	1.5967898021141689	1.556178942322731
330	282	2.4712972470692227	1.6979345168386186	1.8734925985336304
331	282	2.9597140550613403	1.9121365745862324	2.134184787670771
332	282	3.0306588922228133	2.3654000077928816	2.740532398223877
333	282	3.103305302168194	2.820607298298886	2.6094336195995935
334	282	2.4848683441386505	1.7086441306506885	1.9385429129881018
335	282	2.216205324445452	1.5313504082815987	1.4294456839561462
336	282	2.2523270497719445	1.2913373063007991	1.2771289323767026
337	282	1.567177610737937	1.3541897109576635	0.9921719048704419
338	282	2.1833064415875603	2.16932378095739	1.5533728003501892
324	283	2.2295898524197666	2.2760554335334082	2.7166674353859643
325	283	2.635651401111058	2.231087625026703	2.656718764986311
326	283	3.01081581549211	2.5774781703948975	2.7888010198419746
327	283	2.2823433876037598	2.076039571511118	2.220508518971895
328	283	2.101973903179169	1.3815951997583562	1.7962212562561035
329	283	2.2335681865612664	1.7528804242610931	1.6220833857854207
330	283	2.6364367519106184	1.749361787523542	1.6788207122257777
331	283	3.0267514189084372	2.0499328871568046	2.2915453612804413
332	283	3.0999891417367116	2.287093128476824	2.6535979339054654
333	283	3.3396784380862585	2.4840466599715385	2.546209780793441
334	283	2.6212682303260353	1.576207490528331	2.0530111088472256
335	283	2.347510984965733	1.417716349874224	1.195686319044658
336	283	2.194182261824608	1.4985088109970093	1.2850823079546292
337	283	1.5945103509085519	1.5347854495048523	1.1369716439928328
338	283	2.025166027686175	2.1679447889328003	1.6942407699192272
324	284	1.6929021206769077	1.7286085540598088	3.342917030507868
325	284	2.055002876690456	1.9284777215548925	3.5778137615748813
326	284	2.6170008182525635	2.2583685138008813	3.639064311981201
327	284	2.0662661665364315	1.8910908197101794	2.538761992203562
328	284	1.8224812746047974	1.7832225994630293	2.1659164645455102
329	284	2.5047748535871506	2.2255669782559075	1.663076028227806
330	284	3.049628598349435	2.5033519778932845	1.778201801436288
331	284	3.485727687676748	3.0197677413622537	2.2403154571851096
332	284	3.8154967512403215	3.0994468416486467	2.709742648260934
333	284	3.9604853705355993	3.3651671033156547	2.9126595446937964
334	284	3.2370348257177017	2.611822675256168	2.334014415740967
335	284	2.623988764626639	2.3440992661884854	1.6455400245530265
336	284	2.5869824091593423	2.242724299430847	1.5444838876525562
337	284	1.5379034195627486	1.6460235970360892	1.138321374143873
338	284	2.0357695747824276	1.6192643081440645	1.5592290618840385
324	285	1.328123612837358	1.3406362533569336	2.90444092317061
325	285	1.8436525123459953	1.6931079030036926	2.8689282621656145
326	285	1.8929251540790906	1.7701071934266523	2.915788780559193
327	285	1.5545404082850407	1.499833721863596	2.2978654597934924
328	285	1.6882336020469666	1.5421964038502087	1.9746391773223877
329	285	2.0115130692720413	2.155201251308123	1.4344541976849239
330	285	2.457954772881099	2.365162100110735	1.6253537024770464
331	285	2.7447745203971863	3.1355196436246238	2.0650519033273063
332	285	3.372229950768607	3.19793016569955	2.3009139129093716
333	285	3.507217444871601	3.5235335450423393	3.1221708373019568
334	285	2.793721731971292	3.073064130895278	2.3571132631862866
335	285	2.0898523245538985	2.2584372673715865	2.00811220066888
336	285	1.9627140512069066	2.362326671679815	1.6034129709005356
337	285	1.3673647727285112	1.5288132173674447	1.2583754232951574
338	285	1.6332397531060612	1.388444605995627	1.670434916720671
324	286	1.8183798464861782	1.6072889783165671	2.1232934539968316
325	286	2.4117046764918735	1.9475214396204268	1.8831001435007368
326	286	2.2354890541596846	2.096716447310014	2.1951252222061157
327	286	1.6361412688305503	2.0726865467272306	1.8179431275317544
328	286	1.8653980016708374	1.7530837275765159	1.6137204603715376
329	286	1.8629982819159825	2.5099174280961356	1.5638237247864406
330	286	2.5519865410668507	3.064646227019174	1.7257153732436044
331	286	2.551831523577372	3.9824726581573486	2.113731930653254
332	286	3.3476737907954623	4.287841558456421	2.1411971705300465
333	286	3.452961068404348	4.258009170231066	2.956919607363249
334	286	2.636010829140158	3.9286649367388558	2.0787493691724888
335	286	2.083188610417502	2.613227128982544	1.8505534444536482
336	286	1.7236641943454742	3.036990871032079	1.5418026248613994
337	286	1.330771608012063	1.3917608431407384	1.2456424065998621
338	286	1.4160590732798857	1.3414412175907808	1.6646633989670698
324	287	2.030126539143649	1.877432476390492	2.3149836605245415
325	287	2.594646521977016	2.240678753171648	2.303089533533369
326	287	2.4078430479223076	2.3102423494512383	2.1537292220375757
327	287	1.7609039043125354	2.3430779670414172	2.068382746294925
328	287	1.8776418924331666	1.8429683555256238	1.873162258755077
329	287	1.6395235011974971	2.6248703996340432	1.875201607743899
330	287	2.4016173481941223	3.069547244480678	2.422680148056575
331	287	2.2763210932413735	3.9622722069422402	2.774190445741018
332	287	3.174637828554426	4.152256386620658	3.1716228893824985
333	287	3.3205968957198295	4.1932797933879655	3.6319781730049536
334	287	2.4399806681801293	3.8197569566614487	2.3012247015448177
335	287	1.8946349961417062	2.54699170589447	2.193898090294429
336	287	1.389327585697174	2.8916481832663217	2.15395055214564
337	287	1.1378475683076041	1.4514730742999487	1.6130597506250655
338	287	1.4597462696187637	1.4636566568823421	1.8681722949532902
324	288	2.131912729956887	2.170899499546398	2.3369495543566616
325	288	2.3609947647367204	2.2500287124088834	2.255207564149584
326	288	2.0519168918783013	2.3359682776711206	2.1114850260994653
327	288	1.8413604811618203	2.4217596367785803	1.9088641844297711
328	288	2.037702167034149	1.9220037785443393	1.7827452529560437
329	288	1.8749272326628368	1.8629544923702877	1.8795147488514583
330	288	2.8597492149897983	2.6789010081972395	2.5088936601366316
331	288	2.708791216214498	2.7789949774742126	2.9527690410614014
332	288	3.464799472263881	3.1700731004987444	3.5881850719451904
333	288	3.1693474493528666	3.36333051480745	3.854440965150532
334	288	2.621050441966337	2.6891729270710663	2.238667607307434
335	288	2.020104306084769	2.188667927469526	2.076677475656782
336	288	1.7036056071519852	2.051987702647845	2.184510966142019
337	288	1.4651932205472673	1.449258259364537	1.727351495197841
338	288	1.581634381238152	1.5286705704296337	1.9148178451201494
324	289	2.0446285009384155	2.1092442165721548	1.5199117010289973
325	289	2.296540379524231	2.1670709933553423	1.842594223363059
326	289	1.9504984617233276	1.9708862196315418	1.5882213765924627
327	289	1.8184851282521297	2.017697905239306	1.6019765891526874
328	289	2.116389346122742	1.8782385912808506	1.625063722783869
329	289	2.1178527971108756	1.8011247167984645	1.8988800346851349
330	289	2.9255855764661516	2.596358503614153	2.7191913979394093
331	289	2.8144482374191284	2.8030268351236978	3.3491216699282327
332	289	3.2816830021994456	3.2672222682407925	4.074999741145542
333	289	3.123071921499152	3.5794362143466345	4.367847166563335
334	289	2.818747702766867	2.562149230171652	2.7450041069703945
335	289	2.3567106894084384	2.124629480498178	2.3183031252452304
336	289	1.9126508980989456	1.9662085721890132	2.340722064177195
337	289	1.4486003177506583	1.5047849757330758	1.5700064982686723
338	289	1.5824475989622229	1.3865982995313757	1.713914057787727
324	290	1.7334052974527532	2.273270509459756	2.211554852398959
325	290	1.762386986187526	2.1676779985427856	2.1785047394888744
326	290	1.4463266351006248	2.042150995948098	2.290926131335172
327	290	1.4962766045018245	1.7960405349731445	2.143124969382035
328	290	1.5360797047615051	1.8677757761695168	1.4738041379235007
329	290	1.6130204945802689	1.763381486137708	1.9447806874910991
330	290	2.0626183407647267	2.5230574437550137	2.5444700632776533
331	290	2.00720277428627	2.677349030971527	3.027314603328705
332	290	2.3638292040143694	3.1606080191476003	3.6624015739985873
333	290	2.4382403398814954	3.6843011504725407	3.8663535494553414
334	290	2.2416192293167114	2.7589062802931843	2.69668844166924
335	290	1.8549804857798986	2.273325136729649	1.9119791388511658
336	290	1.454429989059766	1.9524179100990295	2.1826485941807428
337	290	1.219762487070901	1.6988927977425712	1.4143014550209045
338	290	1.493076941546272	1.5588383744744694	1.6623352134928984
324	291	1.4772385358810425	2.7199782674962822	2.140699874271046
325	291	1.764299818447658	2.805643320083618	1.9579771246228899
326	291	1.5266824093731968	2.511703838001598	2.1423692161386665
327	291	1.2748960382060002	2.2995452378925525	2.2092603005860982
328	291	1.3160972714424133	2.3554697686975654	1.5083475329659202
329	291	1.5054284930229187	2.2653556913137436	1.8297294080257416
330	291	1.8321734751973833	2.6460828270230974	2.582299760409764
331	291	1.8944590588410695	2.8071945110956826	2.770814220110575
332	291	2.0935135228293285	3.062342643737793	3.7116501671927318
333	291	2.2281091025001123	3.47221723355745	4.068568367707102
334	291	1.9951919106876148	2.7379355290356804	2.926022305208094
335	291	1.6640452998025077	2.398849299975804	1.8070550901549203
336	291	1.506914700071017	2.1873757342497506	1.9519677807887394
337	291	1.3358491318566459	2.0374512331826344	1.3227789912905012
338	291	1.4762397443546968	1.9739008230321549	1.8011021053089815
324	292	1.3116833838549526	2.8378373709591953	2.067261284047907
325	292	1.5985509157180786	3.0011051212038313	1.8407830936568124
326	292	1.3194670460440896	2.654099529439753	2.0424939502369273
327	292	1.0061643280481036	2.2691029874902022	1.8880043531719006
328	292	1.122966569662094	2.3381140665574507	1.262505596334284
329	292	1.2207126468420029	2.0150510569413504	1.6113522599140804
330	292	1.572433888912201	2.493082216807774	2.2983220389911105
331	292	1.5515972673892975	2.373173634211222	2.6774003307024636
332	292	1.565752080508641	2.667055913380214	3.4853167874472484
333	292	1.729093495168184	3.129116698315269	3.779178318224455
334	292	1.5420043608721565	2.539862730923821	3.1623711585998535
335	292	1.4594589386667525	2.427890249661037	1.8315605861800057
336	292	1.18339604139328	2.0716275026400885	1.8319741437832515
337	292	1.0650470554828644	1.9490673882620675	1.2462717209543501
338	292	1.1083848932210136	1.9491132217295029	1.6313917496625114
324	293	1.340792547572743	2.699752157384699	2.4454223242673008
325	293	1.6626400692122323	2.5446232983044217	2.348837435245514
326	293	1.4073166630484841	2.209154800935225	2.2630232247439297
327	293	1.067942622460817	2.156149801455046	1.6813233086937351
328	293	1.1571581184864044	1.6850925033742732	1.4195656776428223
329	293	1.1023253351449966	1.2629959682623546	1.3503271987040837
330	293	1.2483435017721993	1.2035685181617737	1.7921876737049647
331	293	1.2899889945983887	1.2862652639547985	2.0524228314558663
332	293	1.1118330274309431	1.6310240711484636	2.5844505514417375
333	293	1.5076154344960262	2.2378228463624654	3.3358963037792004
334	293	1.4781385590048397	1.8909930551753324	2.8573093203937305
335	293	1.3228232605116708	1.6330876350402832	1.797512880393437
336	293	1.0934414342045784	1.4113649278879166	1.8418523768583934
337	293	0.9621398619243077	1.4575126937457494	1.5100921818188258
338	293	1.0811743806390202	1.9742040844524609	1.687793822849498
324	294	1.5013982924548062	1.600182750008323	2.8997992385517466
325	294	1.7779850193432398	1.6455265028136117	2.972397650991167
326	294	1.885892857204784	1.4806986938823352	2.913314385847612
327	294	1.5396571598554913	1.6950527241355495	1.9621976990448802
328	294	1.4690633177757264	1.2213882695544849	1.7925528504631736
329	294	1.287763645251592	1.8164719690879185	1.5809039225180943
330	294	1.740661084651947	2.144745886325836	1.8098135931151254
331	294	1.579219400882721	2.5945476293563843	2.0418977439403534
332	294	1.9968974930899483	2.853672810963222	2.598369938986642
333	294	2.3013019436284115	3.336779054842497	3.2711139854631925
334	294	1.7395584863774918	2.636818759581622	2.851117772214553
335	294	1.5429992164884294	1.8501237630844116	1.7948877896581377
336	294	1.1833684369921684	1.9886472076177597	1.8561945706605911
337	294	1.2121409262929643	1.2970330970627921	1.702587902545929
338	294	1.2828005482168758	1.8708439644645243	1.8848686709123499
324	295	2.105344685641202	1.8629599701274524	2.4961272152987393
325	295	2.2074448551450456	1.9144889627184187	2.923481379236494
326	295	2.055479472333735	1.598170443014665	2.3507826761765913
327	295	1.687536082769695	1.7660239997662996	1.6309079371000592
328	295	1.5414207577705383	1.6516946337439797	1.7509780471975154
329	295	1.4622069994608562	2.1671473185221353	1.5984704693158467
330	295	2.2122961027281627	2.429300103868757	2.1894585490226746
331	295	2.575335959593455	2.8837493658065796	2.7794116735458374
332	295	3.2352889605930875	3.1382457528795515	3.5196054662976946
333	295	3.806835023980392	3.6344597716080513	4.050918704585025
334	295	2.9887753935421215	3.1458457217496982	3.8474716158474194
335	295	2.463462769985199	2.4594721453530446	2.5383080754961287
336	295	1.651606207092603	2.5545768439769745	2.6434894055128098
337	295	1.4332007680620467	1.951592206954956	1.8630595547812325
338	295	1.3611893338315628	2.3180691985523	1.7198758195428288
324	296	2.2436406937512485	2.246724692257968	2.2182570587504995
325	296	2.268459984234401	2.343938503946577	2.781340003013611
326	296	2.120878284627741	1.9509690783240579	1.9624517397447065
327	296	1.8045846161089445	1.933965293984664	1.865909689351132
328	296	1.4950161814689635	1.9035001017830588	2.036505948413502
329	296	1.4577572296063106	2.149836147824923	1.7848678926626842
330	296	2.1744738136019026	2.4053119931902205	2.2562883411134993
331	296	2.6453376412391663	2.5734007358551025	2.3533923625946045
332	296	3.321103981563023	2.6605617659432546	2.8538900443485806
333	296	3.9167626029566716	3.221036296141775	3.291432593998156
334	296	3.0102748309864715	2.8551384981940773	3.1316478953642
335	296	2.445809926305498	2.488333761692047	2.459628309522356
336	296	1.651653379201889	2.577146748701731	2.437264934182167
337	296	1.4109437891415186	2.1666857600212097	1.8590936490467616
338	296	1.4852174836046554	2.464658393579371	2.06310114439796
324	297	2.0662683898752388	2.022792415185408	2.2650775692679663
325	297	2.017356310571943	1.8483013425554549	2.4830049191202437
326	297	1.8476023782383313	1.7460591467944058	1.5671219934116711
327	297	1.6212905708112215	1.8783491912641024	2.1373327217603983
328	297	1.276879858970642	1.6874663721431384	2.1066324710845947
329	297	1.4926896542310715	1.8348403722047806	2.0970464100440345
330	297	2.299907990864345	1.8584311263901847	2.5058827570506503
331	297	2.7501707871754966	1.9953738550345104	2.5982078313827515
332	297	3.305679900305612	1.948156135422843	2.993786709649222
333	297	3.8326191400226794	2.407851112516303	3.343465616828517
334	297	2.8000568081350887	2.2354766130447388	3.214656857883229
335	297	2.2597992164748057	2.034388141972678	2.621163402284895
336	297	1.526440257827441	1.9851938436428707	2.575869103272756
337	297	1.2634256822722298	1.8836244259561812	2.142979953970228
338	297	1.480387891040129	2.3901826213387882	2.4212062919841095
324	298	1.9698982563885776	1.8725686940279873	2.9833682883869517
325	298	2.071166123662676	1.79400269474302	2.9917322397232056
326	298	1.8008131980895996	1.6032931262796575	2.756178140640259
327	298	1.7670348945416903	1.5950200620450472	3.0808727239307605
328	298	1.1359584867954253	1.3962864767421375	2.505211981860074
329	298	1.3282815540830295	1.1899155974388123	2.486863295237223
330	298	1.7001218114580428	1.1595798177378518	2.723723496709551
331	298	2.112318217754364	1.338022271792094	2.713280995686849
332	298	2.353982755116054	1.4105622598103114	3.0980514798845564
333	298	2.9130068829185083	2.022166735247562	3.3367276191711426
334	298	2.252376339014839	1.6821338499293608	3.0935360263375675
335	298	1.6467107704707555	1.3752119030271257	2.4935502409934998
336	298	1.4725308964649837	1.1121913542350133	2.785770058631897
337	298	1.118086929832186	1.1775834815842765	2.5340508222579956
338	298	1.375398320310256	1.4685511238434736	2.720145309672636
324	299	1.8910974806005305	1.7334549318660388	2.5450729673559014
325	299	2.034657427242824	1.6262145383017403	2.2330213870321
326	299	1.5648607882586392	1.4729314067146995	2.391735141927546
327	299	1.6197886372867383	1.465174624794408	2.6147359233153495
328	299	1.0071167051792145	1.2726884863593362	1.5143106308850376
329	299	1.2105148335297902	1.1432710910836856	1.6174497604370117
330	299	1.5516916172845023	1.0799195511000497	1.4607491322926112
331	299	1.7155725459257762	1.2537853022416432	1.6652697225411732
332	299	1.9189149311610632	1.3699629987989153	1.6117614677974157
333	299	2.449116487252085	1.935534075686806	1.320226600295619
334	299	1.896340482375201	1.7176415780011345	1.6546757466652815
335	299	1.4583446213177271	1.4126458380903517	1.0727349604879106
336	299	1.3554191887378693	1.3352157324552536	1.4410698463519414
337	299	1.0847978251320975	1.2065648862293787	1.4216928737504142
338	299	1.2127542250296648	1.3633512468898998	2.220694759312798
324	300	1.3842835426330566	1.9087524847550825	2.1086642091924492
325	300	1.221084909779685	1.7606179799352373	2.134739807673863
326	300	1.6939037496393377	1.7505372220819646	2.479450984434648
327	300	1.7787257621162815	1.5516076715368974	2.2049004780618766
328	300	1.3197627544403077	1.4889202876524492	1.4056224497881802
329	300	1.4240305721759796	1.213189885020256	1.1462976038455963
330	300	1.756893277168274	1.3423360415867396	1.5342263919966561
331	300	1.8169930179913838	1.2221285502115886	1.2495079437891643
332	300	2.218225887843541	1.2041150672095162	1.437684450830732
333	300	2.5390411552629972	1.7776824361399601	1.757309549733212
334	300	2.088916498072007	1.576370821279638	1.7847043836818022
335	300	1.5902631878852844	1.2678859659603663	1.4760597603661674
336	300	1.5623047997554143	1.3788912494977315	1.2018421689669292
337	300	1.238970901284899	1.1705465572220939	1.2243993452617101
338	300	1.3381315680111157	1.2898916567073149	1.8725311545764698
324	301	1.5472982796755703	1.7559327645735308	1.7517134601419622
325	301	1.2447479452405656	1.6050458805901664	1.9293139321463448
326	301	1.8192438320680098	1.5967068130319768	2.3419849655844946
327	301	1.9691294117977745	1.5240542888641357	1.7868205371655916
328	301	1.3760840892791748	1.5914628180590542	1.1896948218345642
329	301	1.5312530597050984	1.1690248226126034	1.2332211981217067
330	301	1.7525828310421534	1.466110646724701	1.5542297959327698
331	301	1.8767240047454834	1.3037336369355519	1.5188565850257874
332	301	2.1053078515189037	1.5557146753583635	1.559015427316938
333	301	2.259622184853805	2.0534638354652808	1.7810435483330174
334	301	2.0302255434148453	1.6417143905864042	2.1028283203349396
335	301	1.5343719720840454	1.388601337160383	1.5283279504094804
336	301	1.6506361216306686	1.1585034827391307	1.5212453405062358
337	301	1.4538570897919791	1.2874668751444136	1.1577617824077606
338	301	1.662639204193564	1.2387552436660318	1.5294347896295435
324	302	2.026400165124373	1.9070161364295266	1.8868702975186435
325	302	1.8939671857016427	1.6928309031895228	2.029711433819362
326	302	1.8914549459110608	1.648529659618031	2.413146560842341
327	302	1.882893719171223	1.7122282166230052	2.000136475814016
328	302	1.5990172147750854	1.7269356467507102	1.4260024482553655
329	302	1.4022949735323589	1.3227882782618205	1.7351008206605911
330	302	1.7468361003058297	1.6045669913291931	1.7796751516205924
331	302	1.6465779344240825	1.6413192351659138	2.0834337373574576
332	302	1.737909095627921	1.9317567178181239	2.0602773087365285
333	302	1.899017465742011	2.207271092816403	1.9174389462721975
334	302	1.7590225794736076	1.7785117135328405	2.31708788170534
335	302	1.493215799331665	1.5106874023165022	1.4447750278881617
336	302	1.5243110954761505	1.2807094901800156	1.821449637413025
337	302	1.497806761945997	1.3985127210617065	1.2944462129047938
338	302	1.640899335636812	1.5284291155198042	1.6515479368322037
324	303	1.8401055227626453	1.442593509500677	1.6377240311015735
325	303	1.8798443675041199	2.0286508543150767	1.8449509143829346
326	303	1.6443798758766868	2.140318740497936	2.293413422324441
327	303	1.6288711397271407	1.5962828209525661	1.6718426566374929
328	303	1.461573052406311	1.5223607475107366	1.3506603891199285
329	303	1.1175457239151	1.356103350718816	1.6883039871851604
330	303	1.575024230139596	1.9233239803995406	2.241599304335458
331	303	1.5582396785418193	2.1019140481948853	2.5255910555521646
332	303	1.6652253525597709	2.5136145523616245	2.5059776306152344
333	303	1.6586757333655107	2.622348245821501	2.42208721135792
334	303	1.6390234021579517	2.3415056116440716	2.4457672483780803
335	303	1.361611476966313	1.7161609615598405	1.7308578831808907
336	303	1.3015380303064983	1.6723030755917232	1.8925931602716446
337	303	1.3075008222034998	1.2294760346412659	1.085383483341762
338	303	1.353181705755346	1.5629160193835987	1.2865378541104935
324	304	1.7908019802787087	1.312746828252619	1.8082668781280518
325	304	1.7440931371280126	1.955178473676954	2.017930805683136
326	304	1.9676411260258069	2.419697252186862	2.2247485355897383
327	304	1.779500873465287	1.636900782585144	1.6598085729699386
328	304	1.3652207851409912	1.7738315517252141	1.5843171206387607
329	304	1.0738395874698956	1.8627907087405522	1.720271850625674
330	304	1.4717532907213484	2.5603560549872264	2.4042291981833324
331	304	1.4065741697947185	2.5832271178563437	2.618043303489685
332	304	1.3509469202586584	3.2652686664036343	2.6962029252733504
333	304	1.4877224156731053	3.7921131912030672	2.645663989217658
334	304	1.522901226492489	2.9737116168527042	2.4156342534457935
335	304	1.2885585299560003	2.3879237515585765	1.8442036254065377
336	304	1.1902245084444683	2.2088538904984794	1.7973693509896596
337	304	1.4533749563353402	1.516330395426069	1.288292075906481
338	304	1.7150444002712475	1.6233960951075834	1.3733973818666794
324	305	1.6549058719114824	2.329120570963079	1.902456359429793
325	305	1.6477740151541573	2.7212527649743214	2.02585996900286
326	305	1.8685995448719372	3.0242605209350586	1.6905185200951316
327	305	1.6900620836960643	2.5831956737919857	1.883206386315195
328	305	1.3184121370315551	2.4306701746853916	1.7656073353507302
329	305	1.0719987476865451	2.1739981720844903	1.7534478604793549
330	305	1.6526432207652502	2.7362858057022095	2.026893445423671
331	305	1.4895872175693512	2.3535743057727814	2.221291720867157
332	305	1.5662425586155482	2.9128401620047435	1.9999870232173376
333	305	2.332488587028102	3.49764094854656	2.3947356374640214
334	305	1.869329291231492	2.8760572601767147	2.3075977633981144
335	305	1.734274046761649	2.645335146359035	1.9137497459139143
336	305	1.3611246968309085	2.2104183236757913	1.764940768480301
337	305	1.4395319393702917	1.964975552899497	1.702904462814331
338	305	1.7307206392288208	1.9942001384847305	2.0695403463700237
324	306	2.1917276924306694	2.6895685412667016	2.5296787565404717
325	306	2.3615929739815846	2.721937690462385	2.6462812083108083
326	306	2.338258006355979	2.6368257349187676	2.4758584065870806
327	306	1.7238530673478778	2.4773791275526347	2.570598050167686
328	306	1.5327403783798217	2.177466110749678	2.3641135692596436
329	306	1.1979292655984561	1.8815848728020985	2.224103624622027
330	306	1.887224895613534	2.5532805238451277	2.5969477040427074
331	306	1.7073470056056976	2.3049399852752686	2.6137091318766275
332	306	1.8467400584902083	2.893317597252982	2.3020405088152205
333	306	2.5499364074907804	3.4681301744360673	2.413250734931544
334	306	1.988694801050074	2.937859633389641	2.4502330527586094
335	306	1.9241615448679243	2.644378202302115	2.3456749745777676
336	306	1.2582114438215892	2.138135612010956	2.0064686983823776
337	306	1.390953004360199	1.9113553847585405	2.0877715349197388
338	306	1.6285160078721888	1.8556092206169577	2.2113322019577026
324	307	1.9352737665176392	2.9910330122167412	2.923469976945357
325	307	2.253352735723768	2.789663655417306	3.356147118977138
326	307	2.141238808631897	2.6363537311553955	2.9718386476690117
327	307	1.5607230914266486	2.425596331295214	2.5852824512280916
328	307	1.4042735934257506	2.214873443950306	2.6048211834647437
329	307	1.166342553993066	1.7443801512320836	2.585496803124746
330	307	1.79139586857387	2.1297745449202403	3.349426882607596
331	307	1.723469853401184	1.7883652846018474	3.337205648422241
332	307	1.9287211554391044	2.238056148801531	3.443746771131243
333	307	2.560372553373638	3.0472516511615955	3.394945132104974
334	307	1.827952973982867	2.701433953116922	3.004875000785379
335	307	1.7513508456093925	2.6192027500697543	2.95090046950749
336	307	1.2124650652209918	1.9297369122505188	2.3978671034177146
337	307	1.257209735257285	1.9756174342972892	2.176426317010607
338	307	1.768931641298182	1.7368164272869335	2.126701937002294
324	308	1.5724041570316662	2.9254239689220083	2.829814238981767
325	308	2.390018786702837	3.058005162647792	3.498912368501936
326	308	2.344814268025485	2.7083402546969326	2.6120588129216973
327	308	1.2679235558760793	2.1833665182715967	1.969971819927818
328	308	1.4358704328536986	2.0571572347120806	2.322872898795388
329	308	1.1947073216239612	1.668013979991277	2.068665102124214
330	308	1.921758302620479	2.0838825702667236	2.8231983525412425
331	308	1.7605337798595428	1.718532919883728	2.79436057806015
332	308	2.0213556630270824	2.1185596329825267	2.778154270989554
333	308	2.5402298601050126	2.677801332975689	2.748017097774305
334	308	1.8740892199908985	2.0936065070769367	2.4038109498865463
335	308	1.6986977202551705	2.256540928568159	2.5474356753485545
336	308	1.1693787102897961	1.53182186683019	1.9433785825967789
337	308	1.044766298362187	1.521379394190652	1.604310086795262
338	308	1.6902578508152681	1.574171360801248	1.4610260234159582
324	309	1.9682255658236416	1.6762170358137651	2.1839396303350274
325	309	2.3534264734813144	2.445421968187605	2.584952235221863
326	309	1.9976381605321711	2.009230386127125	2.175646326758645
327	309	1.3864525713418658	1.2759551437277543	1.8199515468195866
328	309	1.3280731916427613	1.508602348240939	1.9399714361537586
329	309	1.271652360757192	1.4193300654490788	1.7016535152991612
330	309	1.4619521839278085	2.0815723027501787	2.2453715120043074
331	309	1.6328388849894206	1.5847426454226177	2.2490539650122323
332	309	1.8791213376181466	1.980777655329023	2.4719443321228027
333	309	2.173523363314177	2.535939705999274	2.931274263482345
334	309	1.5711913599687464	1.800890614004696	2.0498710239634796
335	309	1.2748740230287825	2.0621393067496165	2.2085257853780473
336	309	1.2045691137512524	1.2851717124382656	1.69794466594855
337	309	1.0172992050647736	1.1499199654374803	1.46317058801651
338	309	1.5793663473690258	1.1363813701797933	1.5336391224580652
324	310	2.5346060449426826	1.7482674663717097	1.7975930300625889
325	310	2.7278252840042114	2.539415563855852	2.0456018362726485
326	310	1.9543767842379483	2.4470945488322866	1.7179039933464744
327	310	1.8571615532824868	1.6055629943546497	1.9869467145518254
328	310	1.2356513619422913	1.8010820475491611	1.7178328470750288
329	310	1.3467743943134944	1.6436247676610947	1.6074523280064266
330	310	1.4773429036140442	2.495691180229187	1.8151241966656275
331	310	1.4799643953641255	1.8227797945340474	1.7681297957897186
332	310	1.59935234274183	2.534203427178519	2.075704881123134
333	310	1.9421313499149524	3.4287528866215755	2.6046377357683683
334	310	1.5187558075960945	2.084578450988321	1.9129945039749146
335	310	1.3291046576840537	2.4252198338508606	1.9650871753692627
336	310	1.1569214190045993	1.4357009132703145	1.5218064884344737
337	310	1.1733642390796117	1.4061126453535897	1.3694276128496443
338	310	1.8386641670675838	1.3757888920166914	1.4413242690703447
324	311	2.6516799493269487	1.7086194970391013	1.8565621809525923
325	311	2.680409848690033	1.9591811725071497	1.913825844015394
326	311	1.8532184687527744	1.9598837440664119	1.5875302011316472
327	311	2.0774939122952913	1.5733759591453953	2.213217772935566
328	311	1.234839427471161	1.3789159276268699	1.6149095405231824
329	311	1.1260386084516842	1.177484467625618	1.4647753934065502
330	311	1.2024549075535365	1.762628436088562	1.5742529886109489
331	311	1.1199192057053249	1.6275901297728221	1.374567836523056
332	311	1.19461613042014	2.402660063334874	1.3719266993658883
333	311	1.923326573873821	3.2567939507333854	1.934122135764674
334	311	1.7369549414690804	1.7659818705390482	1.5800652363721062
335	311	1.4453461510794503	1.727478759629386	1.7447773814201355
336	311	1.3992589265108109	1.161357305943966	1.2859640220801036
337	311	1.515437466757638	1.0119262678282601	1.4580761534827096
338	311	1.8539918310501997	1.241602129795972	1.549887362648459
324	312	2.6749831546436655	1.6555223898454146	2.285562287677418
325	312	2.389726230076381	2.0603738767760142	1.6600310717310225
326	312	1.6042483069679954	1.9818184050646694	2.5496856190941553
327	312	2.0368045003790605	1.572400080530267	3.1499386900349666
328	312	1.1237003743648528	1.510458144274625	2.0375855294140903
329	312	0.9460801109671593	1.2706873019536336	1.9236341267824173
330	312	0.8712381848267147	1.7557525549616133	1.8434155327933175
331	312	1.037687823176384	1.666694849729538	1.9448645611604054
332	312	1.1269617421286446	2.4705473014286587	2.0318715402058194
333	312	1.419546199472327	3.22181372893484	2.1153841897061
334	312	1.7408412624807919	1.7834091677385218	1.6106440600226908
335	312	0.9886238958154406	1.6799088546207972	1.5955276829855782
336	312	1.4086168309052784	1.1409195860226948	1.5996897270282109
337	312	1.4714324133736747	1.0959673736776625	1.9672878214291163
338	312	1.7847461630316341	1.2045388116556055	2.4530452489852905
324	313	1.7713990970091387	1.989784760908647	2.0938186103647407
325	313	1.933890427861895	2.3660411834716797	1.7058870877538408
326	313	1.7774823904037476	2.21560182354667	2.7067626172846015
327	313	1.5298265406959934	1.745529250094765	3.2851444043611226
328	313	0.9612945199012757	1.6241958683187312	2.066213369369507
329	313	0.7261060538391272	1.2742207671205203	2.065892313917478
330	313	0.7382095456123352	1.737089387008122	1.6854057822908675
331	313	1.0570607384045918	1.5293366611003876	1.9051838715871174
332	313	1.1620386668613978	1.956772003855024	1.8893877608435494
333	313	1.5102072232647945	2.4557558423594426	2.131244107296592
334	313	1.6396454818108503	1.5240480689441456	1.7509374618530273
335	313	0.7697529707636152	1.5243102993283952	1.7668435829026359
336	313	1.1774982213974	1.0976800645391147	1.9016465346018474
337	313	1.0791269413062505	1.1391715960843223	2.319488763809204
338	313	1.37200506995706	1.251634755555321	2.6780857899609734
324	314	1.659781358458779	1.8103671615773982	2.7596787972883745
325	314	1.984137943812779	2.132724012647356	3.272022008895874
326	314	1.677603374827992	2.2079473083669487	2.796127210963856
327	314	1.1753693505337364	1.4447745022020841	2.734805621598896
328	314	0.9707331180572509	1.502073808149858	2.2940839420665395
329	314	0.9450877904891968	1.3763675739367802	2.2300823628902435
330	314	1.3231762903077262	1.7770204033170427	1.8856300796781267
331	314	1.5808743039766948	1.6918145815531414	2.2398377458254495
332	314	2.0183869770595004	2.0531385115214755	2.1234634603772844
333	314	2.418922229817039	2.4854635188454077	2.032459591564379
334	314	1.9105897440629847	1.735144061200759	1.8325297972735237
335	314	1.1508242743355888	1.4896301456860133	1.7015185867037093
336	314	1.1827660501003265	1.2652824471394222	1.9808038820823033
337	314	0.8275446338312966	1.2133463706289018	2.0643780401774814
338	314	1.1697496982181774	1.3106467793969547	2.547703139922198
324	315	1.4208336743441494	1.593886299566789	2.7331930940801445
325	315	1.721253207751683	1.5826548508235387	3.477909582001822
326	315	1.5783640904860063	2.3310122164812954	2.6051380200819536
327	315	1.1150695085525513	1.9326579570770264	2.539952359701458
328	315	0.9061796009540558	1.5491516156630083	2.3220115791667593
329	315	0.9757357314229012	1.986635814110438	2.387283662954966
330	315	1.4479247501918249	2.619170904159546	2.9830480132784163
331	315	1.5245481034119923	2.7902943094571433	3.1273785630861917
332	315	1.9636188575199671	3.5282506261553084	3.56276992389134
333	315	2.4516167577944303	3.2231545197336295	3.8451669969056783
334	315	1.8112044614904068	2.5163745880126953	3.229526772218592
335	315	1.2043948258672441	1.7119934899466378	2.7569419826780046
336	315	0.9279946908354759	1.87346746524175	2.3501741935809455
337	315	0.5657113833086831	1.1042430698871613	1.7215231657028198
338	315	0.9658807761528913	1.5216623930370106	2.183931126314051
324	316	1.9154014153914019	2.772018801082264	2.746660254218362
325	316	2.033277835164751	3.1335737194333757	3.8414450202669417
326	316	2.0871523185209795	3.866335326975042	2.3603549978949805
327	316	1.6791001119111713	2.7337984285856547	2.2492217954836393
328	316	1.116807758808136	2.0660782077095727	2.247115048495206
329	316	1.0773056199153264	2.7145812710126243	2.1883412251869836
330	316	1.5813383630343847	3.2273137910025462	3.1385219948632375
331	316	1.7531131207942963	3.7384763757387796	3.2301380038261414
332	316	2.257831164768764	4.208586488451276	3.756051880972726
333	316	2.602041476651242	3.490192727038735	3.9551047902358207
334	316	1.8986889123916626	2.8608900098239674	3.3228879816391887
335	316	1.335782766342163	2.0595331362315585	2.9205919674464633
336	316	1.0196147685249646	2.4257468978563943	2.364045818646749
337	316	0.7471626911844526	1.3270008563995361	1.6498656187738692
338	316	1.047166249331306	1.986962798763724	1.5028830626431633
324	317	2.455598755316301	3.2878877249631016	2.425024390220642
325	317	2.6952352353504727	3.6703057629721507	3.7425393206732616
326	317	2.256848010149869	4.474943226033991	2.6130361773751
327	317	1.9034220168465061	3.273369048771105	2.1068994747964958
328	317	1.4621913313865662	2.430910890752619	1.9136078791184858
329	317	1.244181474049886	3.2569432258605957	1.8747198929389317
330	317	1.739678476537977	3.7641754150390625	2.8361713205065047
331	317	1.9286261399586995	4.355586032072703	2.931964854399363
332	317	2.4500777380807057	4.873158999851772	3.5417615345546176
333	317	2.7544517266122917	3.8269696988557516	3.339689380244205
334	317	2.193841239985298	3.009662852567785	2.6924970430486344
335	317	1.6211283802986145	2.2054026467459544	2.3479223421641757
336	317	1.510594055056572	2.8155501832564673	1.9422761797904968
337	317	1.5409067017691476	1.4391135658536638	1.4002979227474757
338	317	1.4952495974652908	2.2655895948410034	1.3628604762694414
324	318	2.6535258943384346	3.3558874780481514	2.056486400690946
325	318	2.7926725319453647	4.06755656855447	2.739498564175197
326	318	2.210547848181291	4.443118897351352	2.7069463513114234
327	318	2.023646398594505	2.823195608038651	2.0442212192635787
328	318	1.7174817204475403	2.590292887254195	1.6900475783781572
329	318	1.4042353530724843	3.0678010086218515	1.6377787590026855
330	318	1.8394139494214738	3.461162192480905	2.2237843445369174
331	318	2.0085294346014657	4.009325444698334	2.3964021603266397
332	318	2.5447119304112027	4.341721023832049	3.0503625188555037
333	318	2.8873453391225716	3.430233177385832	3.2161488909470406
334	318	2.228530813665951	2.536023027756635	2.431659656412461
335	318	1.7871784312384469	2.0253990377698625	2.04312264919281
336	318	1.5936351815859477	2.637858067949613	1.81387992699941
337	318	1.722362288406917	1.3261810754026686	1.4484894190515791
338	318	1.6190110690453474	2.003883726456586	1.6344610452651978
324	319	1.9398888457905163	2.719374504956332	2.0414085496555674
325	319	2.023634706224714	3.481637954711914	2.817552821976798
326	319	1.5702178911729292	3.7614016749642114	2.766566428271207
327	319	1.5010850555018376	2.3297045481832406	1.8088587898957103
328	319	1.4030576467514038	2.275983767075972	1.566809274933555
329	319	1.0301744764049847	2.7301573952039084	1.4787909885247548
330	319	1.4030107430049352	2.957635147230966	1.4249433023588998
331	319	1.5700596471627553	3.387217322985331	1.90227876106898
332	319	2.029520000730242	3.814002684184483	2.3118817806243896
333	319	2.538274225435759	3.6688118357407418	2.7015573727457145
334	319	2.05856490836424	2.3091933727264404	2.0020824670791626
335	319	1.728516629764012	1.8929863146373205	1.4946405291557312
336	319	1.424353728691737	2.3622213850418725	1.6918381303548813
337	319	1.5514670951025826	1.3207057331289564	1.4893693668501717
338	319	1.3908892484272228	1.932966393582961	1.6836747632307165
324	320	1.2350494428114458	2.6263092214410957	2.0674518888646904
325	320	1.433975372995649	3.0400021416800365	2.16438536133085
326	320	1.2701436606320469	3.1505198912187056	1.9271978248249402
327	320	1.4207135752627724	2.161485715916282	1.8901828778417487
328	320	1.1600319504737855	2.012192552739924	1.4736096100373701
329	320	1.074507586658001	2.1304125587145486	1.432737906773885
330	320	1.481965252331325	2.452887943812779	1.6862165757587977
331	320	1.4924607078234355	2.7296491066614785	1.899799793958664
332	320	1.9085245983941215	3.336425645010812	2.4752699988228932
333	320	2.2075812440169487	3.398477228064286	2.7723382272218404
334	320	1.7858158910975737	2.2359307723886825	2.049297802588519
335	320	1.4927851217133659	1.7836589813232422	1.7633418100220817
336	320	1.1843991974989574	1.9762848267952602	1.5296288132667542
337	320	1.2825653978756495	1.2349169722625188	1.444326136793409
338	320	1.4197672815883862	1.5625191436094397	1.979087149395662
324	321	1.4715903455560857	3.6329373229633677	2.2195561690763994
325	321	1.6905386192458016	3.934064882142203	2.6617683512823924
326	321	1.3111321059140293	4.118267861279574	2.438071532682939
327	321	1.6696421096199436	2.8228745084059867	1.9775609593642385
328	321	1.271539282798767	2.45089806209911	1.7660265510732478
329	321	1.0943961143493652	2.4273672749598822	1.6150102665026982
330	321	1.8209608026913233	2.6088434798376903	2.021988672869546
331	321	1.9010923604170482	2.8235997358957925	2.1312487721443176
332	321	2.3305024760110036	3.1639960493360246	2.51546471459525
333	321	2.3828268176630925	2.918788583655106	2.6118447655125667
334	321	2.0786281683865715	2.1080841106526993	2.268209520508261
335	321	1.6460909758295332	1.712166326386588	1.8730234333447047
336	321	1.398655265569687	2.0477866331736245	1.4536583920319874
337	321	1.2611433523041862	1.4042715217385973	1.4331153886658805
338	321	1.2815243321306564	1.886328851475435	2.1071991990594303
324	322	1.5731190659783103	3.560433171012185	2.6289233511144463
325	322	1.915410774094718	4.007104873657227	3.2134010110582625
326	322	1.2503050782463767	4.307497371326793	2.7605268088254062
327	322	1.5932390250657733	2.7344808264782556	2.1340221041127254
328	322	1.3141247391700746	2.413809722120112	1.8117357384074817
329	322	1.1325099815924962	2.5575078626473746	1.2699486464262009
330	322	2.138930312224797	2.624232734952654	1.5236527068274361
331	322	2.1691515346368155	3.0136040647824607	1.3672803243001301
332	322	2.6590151446206227	3.2725327355521068	1.5682981525148665
333	322	2.614975044601842	2.734837205786454	1.8159053137427883
334	322	2.3109159189112045	2.079851984977722	2.3164688979878143
335	322	1.8334080406597681	1.6577577590942383	1.8251148206847054
336	322	1.513453369339307	2.1312597493330636	1.5401506175597508
337	322	1.2908756222043718	1.2573231586388178	1.37420631306512
338	322	1.1841361417489893	1.8179385662078857	1.9138284220415003
324	323	2.052179358222268	2.5579795187169854	3.2554834105751733
325	323	2.554997597421919	2.6144496287618364	3.5917249066489085
326	323	1.6476264216683127	3.0331501310521904	3.5789319385181773
327	323	1.5446353711579974	2.466804680071379	3.1395007748352852
328	323	1.264211690425873	1.8497154170816594	2.0381933125582608
329	323	1.0452317297458649	2.1191635926564536	1.6430764943361282
330	323	1.8441260627337865	2.182643677507128	1.7962310569626945
331	323	2.1620043317476907	2.5562509298324585	2.00030646721522
332	323	2.5291764054979597	2.970743349620274	2.3127312660217285
333	323	2.388290888384769	2.7379556706077173	2.426758941851164
334	323	2.012457945767571	1.9878627412459429	2.6436020556618187
335	323	1.3612084473882402	1.4914029666355677	1.8932265724454607
336	323	1.3764653007189434	1.8668256551027298	1.7873709003130596
337	323	1.1459367700985499	1.1540043354034424	1.4511493699891227
338	323	1.0589767203611486	1.6806700229644775	1.9464135450475357
324	324	2.115883458744396	1.6751029599796643	3.3938316215168345
325	324	2.519636494772775	2.0436884505408153	3.6501132249832153
326	324	1.5081424062902278	1.8841119029305198	3.7938924485986885
327	324	1.4019567809606854	1.6827092609907452	3.4003844763103284
328	324	0.9609783530235291	1.5144502574747258	2.1769872903823853
329	324	0.9545292059580485	1.3322076002756755	1.9410342276096344
330	324	1.5165925877434867	1.8316224898610796	2.193032886300768
331	324	2.027042806148529	1.7244867185751598	2.7015334367752075
332	324	2.509798765182495	1.663321512086051	3.131381477628435
333	324	2.5907236651370398	1.7947112823787488	3.568824604937905
334	324	1.9451664475833668	1.3850640128640568	3.350467555663165
335	324	1.321895616395133	1.4044894235474723	2.0960240193775723
336	324	1.3332034399112065	1.4139921019474666	2.332684795061747
337	324	0.8816491280283246	1.2170843907764979	1.710818077836718
338	324	0.9290468447348651	1.1810042717877556	1.8849015656639547
324	325	2.002731605009599	2.477869749069214	2.6439364064823496
325	325	2.529751879828317	2.561018262590681	2.9318634612219676
326	325	1.7424145069989292	2.416920922019265	3.376210256056352
327	325	1.4397892293177152	2.1264358507959464	3.0503680078606856
328	325	1.211251449584961	2.246393550526012	1.7456291372125798
329	325	1.241812251508236	1.727232297261556	1.8127182722091675
330	325	1.808318282876696	2.5228905933243886	2.3065484762191772
331	325	1.9868020415306091	2.34227188428243	2.7179847757021585
332	325	2.3221181460789273	2.753432205745152	3.1701631205422536
333	325	2.253398167459588	3.0457752252879895	3.5414160552777743
334	325	1.8451897116268383	2.2399468001197365	2.685511364656336
335	325	1.4241029705320085	2.2858890805925642	1.776321496282305
336	325	1.3656500304738681	1.9332550217707951	2.1133986512819924
337	325	0.9409610841955457	1.8277948243277413	1.5217373882021223
338	325	1.0766280854449553	1.5071763641694014	1.7186944063972025
324	326	1.752470850944519	2.597120913592252	1.9135633923790671
325	326	2.3320790784699574	2.63082332270486	1.7276556832449776
326	326	1.6713375936854968	2.28675855289806	2.1063360192558984
327	326	1.4496048626146818	2.1575826469220614	2.362028165867454
328	326	1.3048211932182312	2.0672883012078027	1.5764632333408704
329	326	1.3297271529833476	1.4959713121255238	1.6130953480799992
330	326	1.7464169434138708	2.116486736706325	2.0278744953019276
331	326	2.0395438273747764	1.9021690388520558	2.038652628660202
332	326	2.121041876929147	2.3218747207096646	2.3239340100969588
333	326	2.4394349236237374	2.7046775566904167	2.677403111206858
334	326	1.9135130924337052	2.1909576023326203	2.1617210542454437
335	326	1.5094711354800634	2.1965281111853465	1.5850736669131689
336	326	1.4689082552989323	1.6912948340177536	1.575874740878741
337	326	1.080022965158735	1.7485791785376412	1.3980233243533544
338	326	1.2217851842150969	1.6598831415176392	1.7138802584479838
324	327	2.436973723498258	2.823178833181208	1.88100604577498
325	327	2.4778185061046054	3.0877016612461636	1.863956562110356
326	327	2.534413207661022	2.942121549086137	1.8859027082269841
327	327	2.392859509116725	2.262109110229894	2.3004108541890194
328	327	1.8856704831123352	2.1586907018314707	1.4944597482681274
329	327	1.6185832569996517	1.4316792339086533	1.5203092793623607
330	327	1.8480098673275538	1.9485244836126054	1.8360217469079154
331	327	1.6663281619548798	1.5899533728758495	1.94837482770284
332	327	1.8630981956209456	2.135758740561349	2.5461293969835554
333	327	2.3094556017925867	2.28469843613474	2.6687242106387488
334	327	1.8059439869487988	1.8513570673325483	2.4429910393322216
335	327	1.7087204456329346	1.8875250731195723	1.402210261140551
336	327	1.476799915234248	1.3588474094867706	1.4860414663950603
337	327	1.6377639600208826	1.5393102339335851	1.4158278618540083
338	327	1.9012764552060295	1.721101298051722	1.7255355680690092
324	328	2.47686412117698	2.355206923051314	1.4520225524902344
325	328	2.3205895594188144	2.455062849181039	1.5913427216666085
326	328	2.538725267757069	2.5899367982690986	1.4836499907753684
327	328	2.340140374083268	1.9707171164060895	1.9090555404361926
328	328	1.746767520904541	1.752970814704895	1.2269454869357022
329	328	1.5524242570002873	1.4570704698562622	1.3068280468384426
330	328	1.6322290727070399	1.8744490827832903	1.8725590535572596
331	328	1.5216987431049347	1.5072550475597382	1.7817103962103527
332	328	1.7157152891159058	2.2247257913861955	2.6487665516989574
333	328	2.224742707453276	1.9727767078500045	3.0790433130766215
334	328	1.8899066798827227	1.3255706113927506	2.639553329523872
335	328	1.4291685734476363	1.3580541355269296	1.508204392024449
336	328	1.3470201939344406	1.0775107219815254	1.4383161688844364
337	328	1.5676082117216927	1.21708801814488	1.161731915814536
338	328	2.0626265932531918	1.6031936056473677	1.502606353339027
324	329	2.979247201572765	2.232086517594077	1.5420362949371338
325	329	2.8763231890542165	2.45771130493709	1.5424813032150269
326	329	2.714974945241755	2.350154746662487	1.2304243716326626
327	329	2.554444564016242	1.820089948804755	1.778708859493858
328	329	2.0454740643501284	1.6485933173786511	1.2560368993065574
329	329	1.6247609853744507	1.5099374403556187	1.3593747019767761
330	329	1.7921183620180403	1.9719707710402352	1.8292676380702428
331	329	1.7995429436365764	1.5993395348389943	1.6187942922115326
332	329	2.2561560017721995	2.3193948609488353	2.3149518285478865
333	329	2.845832711771915	1.7097549187509637	2.7158348623074984
334	329	2.5368753250907448	1.3107369507060331	2.3024736222098854
335	329	2.175479667527335	1.31368373973029	1.8779255407197135
336	329	1.8661501755317051	1.1615308622519176	1.460850218931834
337	329	2.2329608287130083	1.1818465079580034	1.3412563758237022
338	329	2.167381525039673	1.5987732550677132	1.719553877325619
324	330	3.4921910762786865	2.1211678223176436	1.3640937263315374
325	330	3.6019610847745622	2.4470183849334717	1.6448480146271842
326	330	3.109108166261153	2.30212571404197	1.2120524102991277
327	330	2.8008029460906982	1.6971255415364315	1.5118319360833419
328	330	2.5057202339172364	1.6006672490726819	1.2426728010177612
329	330	1.8079825341701508	1.5138931771119435	1.2626374885439873
330	330	2.3785079377038136	1.8660233531679427	1.7201433437211173
331	330	2.2921440104643502	1.5559963881969452	1.3093773325284321
332	330	3.141019174030849	2.2273623602730885	1.9070065702710832
333	330	3.663793814809699	1.6737539956444187	2.344057233710038
334	330	3.1368133180281697	1.298658483168658	1.9903608069700354
335	330	2.878747854913984	1.3332483683313643	1.83553808927536
336	330	2.2091318170229592	1.166013553738594	1.1512683629989624
337	330	2.4754887989589145	1.1790503774370467	1.3289325407573156
338	330	2.2347343458848843	1.3997604005477007	1.6726974879994112
324	331	3.5069877451116387	2.2221025336872446	1.9034370942549272
325	331	3.625001754079546	2.3941506147384644	2.301631339958736
326	331	3.1202536929737437	2.4517152309417725	1.7519769668579102
327	331	2.725703992341694	1.821754016374287	1.99153933399602
328	331	2.4476430416107178	1.4160478873686357	1.3736350644718518
329	331	1.8081382016340892	1.4507203847169876	1.1269018923242886
330	331	2.271439160619463	1.5575436864580428	1.791154214314052
331	331	2.2492401699225106	1.4606124262015026	1.4287257591883342
332	331	3.290173189980643	1.923395139830453	2.0307111058916365
333	331	3.960004681035092	1.5742850805583752	2.58141323139793
334	331	3.101949649698594	1.191268282778123	2.1788806003682755
335	331	2.809581858771188	1.1981699551854814	1.7600204859461104
336	331	2.1097407937049866	1.1249385848641396	1.112472342948119
337	331	2.3832921470914568	0.9752230175903865	1.1958222133772713
338	331	2.1331409566542683	1.3710989741718067	1.542380879907047
324	332	1.9991724707863547	2.0442745902321557	2.0032013654708862
325	332	2.4402735573904857	2.362106204032898	2.336704671382904
326	332	2.0468683567914097	2.250637509606101	2.1869310357353906
327	332	1.6866529552560103	1.7039900390725387	2.0255883932113647
328	332	1.8658579587936401	1.100039173256267	1.5339862650090998
329	332	1.8204999069372814	1.236487627029419	1.3076880772908528
330	332	2.3270993062428067	1.4412340096064977	1.8667717661176408
331	332	2.4371943871180215	1.6344860792160034	1.5820983946323395
332	332	3.208894968032837	2.076354077884129	2.1063224417822703
333	332	3.3443936046801115	1.9320882747047825	2.417363631097894
334	332	2.3779254660886875	1.3407958816079533	1.9036112182280596
335	332	2.0995598435401917	0.9237886198929378	1.4620240586144584
336	332	1.837050090233485	1.2697572807470958	1.0756890773773193
337	332	1.5581981880324227	0.8444944449833461	0.849374920129776
338	332	1.8340730351560257	1.2998103008550757	1.4769860295688404
324	333	2.076146971095692	2.9447928125208076	3.05131272836165
325	333	2.6715445688792636	3.1394024746758595	3.8216656957353865
326	333	2.3331997394561768	2.9148779782381924	2.6492057930339468
327	333	1.850485782874258	2.5402097388317713	2.1990489896975065
328	333	2.172836434841156	1.4934132207523694	2.110960212620822
329	333	1.8301956355571747	1.3748659566044807	1.8173535118500392
330	333	2.219999977520534	1.4541633129119873	2.109691160065787
331	333	1.9154071509838104	1.7611426015694935	2.22869939605395
332	333	2.6158851214817593	2.2331038202558244	2.430989912578038
333	333	2.5264557913730017	2.1801173498756006	2.243902143679167
334	333	2.0712791400797226	1.6518338568070356	1.9342350609162275
335	333	2.046293718474252	1.1871654774461473	1.4228099754878454
336	333	1.4063345044851303	1.3261296674609184	1.5431009382009506
337	333	1.463412540299552	1.0864446716649192	1.1904762727873666
338	333	1.7997844219207764	1.6696310358888962	1.621657876407399
324	334	2.4421375448053535	3.2135946533896704	3.418161327188665
325	334	2.9683060475758145	3.353965997695923	4.419391768319266
326	334	2.524724938652732	2.9323273355310615	2.979401024905118
327	334	1.8781051071066606	2.5921178867942407	2.4393074198773035
328	334	2.191973352432251	1.7564926039088855	2.3134979984977027
329	334	1.843178500731786	1.31903974711895	2.00142540037632
330	334	2.079794764518738	1.5336943779672896	2.403163892882211
331	334	1.6805113852024078	1.5906580289204915	2.4754676818847656
332	334	1.8190966844558716	2.1550136293683733	2.771641867501395
333	334	2.2995814963390955	2.3131499604174963	2.535844746388887
334	334	2.0379012121873745	1.5739522962009205	2.1986475832322063
335	334	2.079803475311824	1.4211088759558541	1.5728006192616053
336	334	1.6740647206703823	1.211901992559433	1.651069700717926
337	334	1.59440678358078	1.2432309516838618	1.311732292175293
338	334	1.8804824422387516	1.6481602893156164	1.6050345687305225
324	335	2.0809954513203013	3.533056475899436	3.581476319919933
325	335	2.4220843826021468	3.5536188738686696	4.365995628493173
326	335	2.115435914559798	3.16678127375516	2.897221088409424
327	335	1.6062061661168148	2.6681066249546253	2.5352485305384587
328	335	1.890617346763611	1.9773752906105735	2.5204248428344727
329	335	1.7245440781116486	1.32387675344944	2.1289434929688773
330	335	2.305171251296997	1.4313315919467382	2.603273936680385
331	335	2.2716306149959564	1.2433985869089763	2.4216098189353943
332	335	2.6665164743150984	1.8932010786873954	2.5747500487736295
333	335	3.0573248361286365	2.1454761467481913	2.3831524221520675
334	335	2.6673183300915886	1.5033879770952112	2.343911079799428
335	335	2.2875560522079468	1.5857130629675729	1.9457834192684718
336	335	2.057971492409706	1.2389719635248184	1.7369763255119324
337	335	1.6846383469445365	1.7193292038781303	1.7156979186194283
338	335	1.9094147822436165	1.914210838430068	1.7965787719277775
324	336	1.3817020437934182	2.761963887648149	2.262340957468206
325	336	1.546144425868988	2.511338932173593	2.882470726966858
326	336	1.3453694148497148	2.2604989788749	1.8271659287539395
327	336	1.3042804253728766	2.256662224468432	1.7427972115968402
328	336	1.4590808987617492	1.47424654527144	1.6101306676864624
329	336	1.7970971216758092	1.1092355698347092	1.8245031535625458
330	336	2.476776191166469	1.290159889629909	2.393449936594282
331	336	2.6817984779675803	1.1933424820502598	2.437475045522054
332	336	3.032700232097081	1.8186242069516863	2.742041996547154
333	336	2.960577224430285	2.256715680423536	2.9497946689003394
334	336	2.621734184377334	1.4331077407388126	2.4298914039836212
335	336	2.1076106939996992	1.3957145299230302	2.0132254532405307
336	336	2.226135954260826	1.0846587121486664	1.887946570912997
337	336	1.6701765486172266	1.4046109233583723	1.3209816302571977
338	336	1.9541743643143599	1.5567929604474235	1.553793521488414
324	337	1.4733564420179888	2.3044249794699927	1.8673079989173196
325	337	1.6772179859025138	2.354957801955087	2.4009694201605662
326	337	1.6224232803691516	2.0763966603712602	1.6678489446640015
327	337	1.4509743075621755	1.8810196675752338	1.7786627851034467
328	337	1.5475022554397584	1.4918366020376033	1.2952816703102805
329	337	1.8722728689511616	1.3829382061958313	1.640662635366122
330	337	2.472099142415183	1.6175027574811662	2.5402187449591502
331	337	2.620351552963257	1.417040119568507	2.803669730822245
332	337	2.9907595430101668	1.5469632659639632	3.4787001269204274
333	337	2.8970519868951095	2.00131576939633	3.8732458917718184
334	337	2.619945624295403	1.1832073050386764	2.5854365404914406
335	337	2.065298318862915	1.3201322640691484	2.221872253077371
336	337	2.1756870100895562	1.1993936598300934	1.8554826031128566
337	337	1.6122916851724898	1.147391872746604	1.210307470389775
338	337	1.927587396958295	1.1957213037154253	1.3030512928962708
324	338	1.5455842993476174	2.186147364703092	2.121870918707414
325	338	1.7723262735775538	2.4510949424334934	2.2770948665482655
326	338	2.133904966441068	2.0863084359602495	2.0162377682599155
327	338	1.356440283750233	1.809129369886298	2.172877995591415
328	338	1.1639232516288758	1.376542568206787	1.623226436701688
329	338	1.5681709696849186	1.3927407562732697	2.1568198651075363
330	338	2.0732772605759755	1.7407240441867284	2.2626790830067227
331	338	2.4402851363023124	1.6674301127592723	2.352572719256083
332	338	2.894362109048026	1.9747698647635323	2.7780822345188687
333	338	2.4862884784999646	2.192049509600589	3.035967889584993
334	338	2.1864812864976773	1.1990814875153935	2.469739654484917
335	338	1.357186700616564	1.3219274963651384	2.0971072912216187
336	338	1.7106238280733426	1.1670085787773132	1.8271941641966503
337	338	0.9982585906982422	1.1324579162257058	1.7629483001572746
338	338	1.657297267633326	1.409020367790671	1.6428971991819494
324	339	1.6423909122293645	2.0058941190893	2.134886080568487
325	339	1.8938003523009164	2.4203962087631226	2.281493834086827
326	339	2.2002902030944824	1.9335088621486316	2.3410732095891778
327	339	1.7367426721673263	1.575469412301716	2.790256751211066
328	339	1.2854281663894653	1.1858819289640947	2.1185222430662676
329	339	1.1677159518003464	1.3994120831290882	2.375390112400055
330	339	1.5285501437527793	1.5701541134289332	2.398200971739633
331	339	1.6941047410170238	1.430858165025711	2.497002065181732
332	339	1.7391621725899833	1.5628641843795776	2.6393162522997176
333	339	1.986019674100374	2.0302676150673316	2.7829374639611495
334	339	1.5622325644773596	1.2857711245031918	2.57062432345222
335	339	0.9559136884553092	1.3735023949827467	2.317611243043627
336	339	1.2295099720358849	1.1301081081231434	1.9132003635168076
337	339	0.815157243183681	1.0352523156574793	2.0020919953073775
338	339	1.5331934164552128	1.451081833418678	1.8254847947288961
324	340	1.9526262391697278	1.493451790376143	1.4696681174364956
325	340	1.9938770702907018	1.9604858245168413	1.85535728931427
326	340	2.2379402355714277	1.5444622473283247	2.2412042834542016
327	340	2.0127648742575395	1.446142171558581	2.583755003778558
328	340	1.5208900451660157	1.2795571955767544	2.0193177353252065
329	340	1.4159042884906132	1.576414242386818	2.3431426088015237
330	340	1.900194525718689	1.7980074286460876	2.286228835582733
331	340	1.9674561222394307	1.845592439174652	2.4875163237253823
332	340	1.8846118450164795	2.0859823397227695	2.4370855263301303
333	340	1.9788936753022044	2.2868392279273584	2.391740604450828
334	340	1.5467094814076143	1.9712587104124182	2.3261345554800594
335	340	1.128376202923911	1.5526747618402754	1.9936527269227164
336	340	1.3195253014564514	1.4426504621903102	1.8586944192647934
337	340	1.2681449013096946	1.2472138915743147	1.6550572599683488
338	340	1.7568631873411291	1.6785903888590195	1.9433078695746029
324	341	1.8074807578867131	1.2771885882724414	1.5233597647060046
325	341	1.9668695330619812	2.0312446526118686	2.134962958948953
326	341	2.3102456114508887	1.5296859307722612	1.7192527597600764
327	341	1.9081895414151644	1.410596533825523	2.3112903394197164
328	341	1.6384829878807068	1.1952396847985007	1.7668039040132002
329	341	1.4576361576716106	1.669740508000056	1.7808534900347393
330	341	1.8541356069701058	1.9529122880526952	1.970122524670192
331	341	1.8343019386132557	2.086250235637029	2.1323422292868295
332	341	1.4376701286860876	2.283574308667864	2.210411582674299
333	341	1.591457862603037	2.4537113528502617	2.3645238939084505
334	341	1.4990105138105505	2.3133310570436367	2.00146423367893
335	341	1.155174148934228	1.672305234840938	1.7608894876071386
336	341	1.4512653996547062	1.5595460683107376	1.629482090473175
337	341	1.2983365484646388	1.241281977721623	1.3978231293814523
338	341	1.5725748538970947	1.7407610065796797	1.9002020359039307
324	342	2.4093302596699107	2.271436246958646	1.5099407542835583
325	342	2.896720460483006	2.664599120616913	1.7236123170171465
326	342	2.9836187796159224	2.516926808790727	0.923779926516793
327	342	2.1213943017156502	1.9559021309802407	1.878006781402387
328	342	2.053293240070343	1.4542165344411677	1.1713923432610251
329	342	1.5038947065671284	2.0126120696465173	1.0526036421457927
330	342	1.7870458023888725	2.129385471343994	1.132273052419935
331	342	1.504442532857259	2.179535915454229	0.9691153814395269
332	342	1.1591877596718925	2.2975032329559326	0.8432194760867527
333	342	1.3535334405146147	2.164124087283486	1.36403583225451
334	342	1.400205654256484	2.2411879581563614	1.5487598426201765
335	342	1.2400749240602766	1.6508177944592066	1.1686915627547674
336	342	1.2314729044834773	1.69534170627594	1.046652764081955
337	342	1.3009546143668038	1.4281157340322221	0.9460740004267011
338	342	1.7414820755229277	2.0498595377978157	1.5788725404178394
324	343	2.2855370911684902	2.4032016450708564	1.5380860350348733
325	343	2.9049350874764577	2.220165857246944	1.7346701792308263
326	343	3.0727619474584404	2.2011586102572354	0.929848465052518
327	343	1.731160421120493	2.219958870034469	1.7921882773700513
328	343	1.7915857553482055	1.4823545109141956	1.1670080369169062
329	343	1.3991900732119877	1.7917747696240742	0.9283031498392423
330	343	1.7376935737473624	1.9110611592020308	1.3034135018076216
331	343	1.572093407313029	1.687703529993693	1.2189826468626659
332	343	1.4079787731170654	1.8051286254610335	1.323809197970799
333	343	1.4295781599847894	2.076805415906404	1.6908993407299644
334	343	1.6501532302183264	1.9129974491455977	1.911438731586232
335	343	1.3896394882883345	1.6005482588495528	1.3502119438988822
336	343	1.3498345389962196	1.456744944055875	1.1353181277712185
337	343	1.1091040968894958	1.4762505378041948	0.9755667660917554
338	343	1.5878531091353472	1.9772394895553589	1.3788413826157064
324	344	1.9629522236910733	2.791418292305686	1.4603260647166858
325	344	2.548308644975935	2.554751753807068	1.613386605467115
326	344	2.40070197798989	2.4716726433147085	0.9393006942488931
327	344	1.5252455723913092	2.4444569537514136	1.699593744779888
328	344	1.467159128189087	2.001245682889765	1.0535523024472324
329	344	1.0883270750443141	1.9129108140865962	0.8847350801030794
330	344	1.5404826998710632	2.4152747903551375	1.1428657003811427
331	344	1.3108230233192444	2.101815938949585	1.2238297661145527
332	344	1.1542996168136597	2.56573714528765	1.2594384806496757
333	344	1.7489263509449207	2.9861974841669987	1.6896967699653225
334	344	1.725299737032722	2.203346280490651	1.758005654110628
335	344	1.6167032378060477	2.1672470569610596	1.3477586592946733
336	344	1.3036289637287457	1.7761918405691783	1.1316376452644665
337	344	1.0825274799551283	1.82068909066064	0.9440194496086666
338	344	1.3686509693370146	2.159974827485926	1.2758714872248031
324	345	1.870177236470309	2.576094150543213	0.9518334052779458
325	345	2.2202097262654985	2.7208581822259084	1.2185893527099065
326	345	1.7587332292036577	2.469340194355358	0.9548641009764238
327	345	1.4272924661636353	2.2560037562721655	1.489662506078419
328	345	1.3920227766036988	2.1939324248920786	0.9684892350977118
329	345	1.2834257036447525	2.0226853042840958	1.1133577873309453
330	345	1.6276947855949402	2.848053676741464	1.3400517191205705
331	345	1.466984103123347	2.4594693581263223	1.5282921989758809
332	345	1.4077197483607702	3.0141538892473494	1.736198834010533
333	345	2.0187893039301823	3.485010548641807	2.2401450307745683
334	345	2.0668061901541317	2.783630567438462	2.093329492737265
335	345	1.6387548191206796	2.6408584969384328	1.4217669452939714
336	345	1.3689680397510529	1.8257121741771698	1.4317989299694698
337	345	1.2259832876069205	1.7161203537668501	1.1637680445398604
338	345	1.4378916936762192	1.9452679017010857	1.477589347783257
324	346	1.7655964331193403	2.409353559667414	1.2710655494169756
325	346	1.7810571023396082	2.6596970728465488	1.4616838267871313
326	346	1.6207581758499146	2.3749060197310015	0.983474774794145
327	346	1.680163628176639	2.0709610048093294	1.1868045988835787
328	346	1.473092496395111	2.083695899356495	1.2602617415514858
329	346	1.4025326669216156	1.8545966645081837	1.2999680737654369
330	346	1.52786956514631	2.5013896908078874	1.5405595217432295
331	346	1.5809636215368907	2.1042422155539193	1.5200579861799877
332	346	1.802429267338344	2.738978249686105	1.8010129587990897
333	346	2.131736341275667	3.2092167703728927	2.2474893206044246
334	346	1.9407522397882797	2.4053625219008503	2.1082554003771614
335	346	1.7195260269301278	2.3532374501228333	1.6390779444149561
336	346	1.3759139974912007	1.5224238981803258	1.5116683890422185
337	346	1.4345936179161072	1.502867192029953	1.3283885547092982
338	346	1.7844833486220415	1.9145008465823006	1.3437006263171924
324	347	1.9800310893492266	2.309205250306563	1.5154704397374934
325	347	1.9536266922950745	2.24097409418651	1.9511491400854928
326	347	1.784627697684548	2.0628535855900156	1.477029648694125
327	347	1.7955499824724699	2.0235533463327506	1.7624245191875256
328	347	1.6096547365188598	1.621288234537298	1.560401818969033
329	347	1.5476689885059993	1.22541810075442	1.3660764694213867
330	347	1.6710075310298376	1.5863905038152422	1.5350874492100306
331	347	1.679065426190694	1.733064870039622	1.458222210407257
332	347	1.8105245998927526	2.235617552484785	1.7611748661313738
333	347	2.1803575126748336	2.5903116903806986	2.0311652986626876
334	347	1.6224624269148882	2.0262079379137825	2.064693247570711
335	347	1.6120120968137468	1.6172330464635576	1.6275589295795985
336	347	1.308577999472618	1.140172650416692	1.4483056018749874
337	347	1.609699887888772	1.2261891748223985	1.3412583810942513
338	347	2.1193320049959072	1.301661771886489	1.4638070569318884
324	348	1.8106998747045344	2.024826169013977	1.8353297493674539
325	348	1.6769235304423742	1.961174624306815	2.319271845476968
326	348	1.5275375084443525	1.9154061620885676	1.9459951790896328
327	348	1.507102464374743	1.894621817689193	1.8662517133511995
328	348	1.1931482791900634	1.426560564474626	1.4729826558719983
329	348	1.0950038954615593	0.9157713949680328	1.163450926542282
330	348	1.3558651038578577	1.1010522884981973	1.486708606992449
331	348	1.5214193960030873	1.3081890046596527	1.284478634595871
332	348	1.7547053779874529	1.7017149073737008	1.5510636568069458
333	348	2.038679317424172	2.1750813220676624	1.8742108470515202
334	348	1.5275081325979794	1.8804791394401998	1.760772845324348
335	348	1.171305137021201	1.3952163670744215	1.5159863659313746
336	348	1.0806243841846783	1.0297956044475238	1.2630956893165906
337	348	1.2336186851773943	1.1238392421177454	1.2558853030204773
338	348	1.9223455891889685	1.2394233486231636	1.4830404800527237
324	349	1.4147284464402632	1.598767334764654	1.585872390053489
325	349	1.4191911135401045	1.7013455714498247	1.9817918964794703
326	349	1.1767955097285183	1.7474902976642956	1.9665909572081133
327	349	1.2102841421177513	1.7531308939582424	2.019384264945984
328	349	0.9119527101516723	1.5211351784792813	1.327443155375394
329	349	1.0590770492951076	1.1058513124783833	0.9732953061660131
330	349	1.3828671830041068	1.656984167439597	1.2919376747948783
331	349	1.6759218573570251	1.5710337559382122	1.1595604320367177
332	349	1.915795956339155	2.142676728112357	1.2229564530508858
333	349	2.387984407575507	2.321907777535288	1.7979081116224591
334	349	1.8425209452124203	2.287057673229891	1.460656250224394
335	349	1.350292878491538	1.777231855051858	1.2153207148824419
336	349	1.1637932832042377	1.205140359699726	1.070077118774255
337	349	1.0528131553104945	1.1572872740881783	1.1579464844294958
338	349	1.861327984753777	1.2296791006537044	1.4986820080701042
324	350	1.204191430048509	1.5041742433201184	1.9050271727822043
325	350	1.1761670751231057	1.7076425467218672	2.2552668707711354
326	350	1.1093386845155195	1.8999070145867087	1.9671492251482876
327	350	1.1509978018308942	1.7738190763875057	2.0282019941430343
328	350	0.7790459871292115	1.6402732242237439	1.178607079115781
329	350	0.8832904050747553	1.6630447804927826	0.8724358280499777
330	350	1.3493157838072096	2.136272098336901	1.2471171447208949
331	350	1.5061061481634777	2.5810521642367044	1.2066279848416646
332	350	1.8941253593989782	2.7990665776388988	1.4282662868499756
333	350	2.1827144120868884	2.8050499464336194	1.5261895656585693
334	350	1.8170290554271025	2.5076788313248577	1.2715059027952307
335	350	1.265876523086003	2.0434009858540128	1.125033208302089
336	350	1.1386835873126984	1.9862864861885707	0.9246689255038897
337	350	0.9067143968173436	1.5395806176321847	1.052904954978398
338	350	1.7091540799421423	1.4939378640230965	1.3743809146039627
324	351	1.4859954010356555	1.4889714176004583	1.908179445700212
325	351	1.5750213606016976	1.7861505661691939	2.1372058732169017
326	351	1.4017552679235286	1.8368584242734043	1.9275110093030063
327	351	1.3178224751823826	1.7263374140388088	2.000789159222653
328	351	1.1100059866905212	1.540664867921309	1.070480151609941
329	351	0.9539398327469826	1.5737913598616917	0.8642200008034706
330	351	1.453432125704629	1.8364571673529488	1.0118329908166612
331	351	1.4271485010782878	2.371159772078196	1.2522454659144084
332	351	1.5830651010785783	2.2431852306638445	1.2371173756463187
333	351	1.6618467067417346	2.168920485596908	1.5201138132496883
334	351	1.7720203189288868	2.2992758189930633	1.3189520450199352
335	351	1.279779851436615	1.8086688603673662	1.0377495416573115
336	351	1.062915600836277	1.9223554680744808	0.9645760630567869
337	351	0.9916031105177743	1.552993050643376	1.057633021048137
338	351	1.6302007331567652	1.350987202980939	1.3599472045898438
324	352	1.9042846939780496	1.6193167079578747	2.123205065727234
325	352	1.9735158852168493	1.6855629341942924	2.493950528757913
326	352	1.954842209815979	1.5588759617371992	2.5977611541748047
327	352	1.6338017488780774	1.0674993395805359	2.020570027200799
328	352	1.4116222977638244	1.2077935446392407	1.4743917855349453
329	352	1.2920687794685364	1.4348547806342442	1.278208350141843
330	352	1.4517579504421778	1.7542591094970703	1.408538511821202
331	352	1.5686918298403423	2.374782452980677	1.4514290789763133
332	352	1.4293622629983085	2.2902119840894426	1.5305040223257882
333	352	1.4772171723215204	2.0809122261248136	1.636191167329487
334	352	1.9209624949623556	2.0650367386200847	1.3366578887490665
335	352	1.3808796533516474	1.368316386427198	1.2618659479277474
336	352	1.1793929586807887	1.7898925145467122	1.1566783140103023
337	352	0.9832752517291478	1.1356987740312303	1.2130817515509469
338	352	1.9552129857680376	1.1867397848297567	1.6006730724783504
324	353	1.907541199163957	2.043855602091009	2.049990859898654
325	353	1.9594993421009608	2.289533725806645	2.3501460467066084
326	353	2.0791762200268833	2.258973544294184	2.3909448493610728
327	353	1.7197840025550442	1.4148226098010415	2.329680976114775
328	353	1.4289192080497741	1.323090054772117	1.4229792898351497
329	353	1.3433823138475418	1.3262356917063396	1.2632952878872554
330	353	1.565537350518363	1.5251360535621643	1.3656645374638694
331	353	1.676926811536153	1.9091927508513133	1.412673791249593
332	353	1.8615272385733468	1.7004453114100866	1.3908403771264213
333	353	1.7992901268758272	1.772552684733742	1.5959155371314602
334	353	1.9650558513753555	2.0065125086728264	1.4199214297182419
335	353	1.091924054282052	1.5063801918710982	1.3155047467776708
336	353	1.3054385781288147	1.6624311357736588	1.304730733235677
337	353	0.9811116967882428	1.1727159108434404	1.2053953324045454
338	353	1.8758694915210499	1.4682028153363396	1.4284561942605412
324	354	2.2476528882980347	2.106010675430298	2.309380466287786
325	354	2.462155273982457	2.3251728415489197	2.393063877310072
326	354	2.642620476809415	2.229468497363004	2.5324682105671275
327	354	2.0309789557206	1.5358671640094959	2.5716847432287118
328	354	1.7494279742240906	1.3217276714064858	1.640258409760215
329	354	1.750457540154457	1.2866373186310132	1.435037116209666
330	354	2.2317613192967007	1.4867926750864302	1.5382293888500758
331	354	2.5351399183273315	1.788959801197052	1.453513930241267
332	354	3.009990317480905	1.6258304119110107	1.4778331347874232
333	354	3.0007519721984863	1.7627403485147577	1.481965880644949
334	354	2.640003667158239	2.1277152930988983	1.5875024585162891
335	354	1.7363667062350683	1.5946627770151411	1.5344777618135725
336	354	1.7804539849360783	1.648417557279269	1.3085831999778748
337	354	1.0418726120676314	1.1231374400002616	1.2947538835661752
338	354	1.8289123142466825	1.5834794324987076	1.453904621741351
324	355	2.432697989723899	2.160291227427396	1.9589985609054565
325	355	2.495300820895604	2.2529724751199995	1.9458326867648534
326	355	2.775498476895419	2.1781956499273125	2.124331160025163
327	355	1.948492363879555	1.6736451010955007	2.249303673443041
328	355	1.6730319499969482	1.338360520926389	1.755015871741555
329	355	1.6189846495787303	1.349448469777902	1.6487275411685307
330	355	2.070956996509007	1.4083619628633772	1.8923361471721105
331	355	2.5214732686678567	1.7465277016162872	1.7804152170817058
332	355	3.008960281099592	1.651858823640006	1.9219951289040702
333	355	3.3670242711117395	1.983121959786666	2.0943014245284233
334	355	2.5004608280518474	2.445540329989265	1.9145164279376758
335	355	1.3384549192019872	1.607119517666953	1.7553145033972604
336	355	1.5650857165455818	1.7190087288618088	1.689434975385666
337	355	0.6904531589576176	1.1760440639087133	1.5707991208348955
338	355	1.5072431985069723	1.4958244176471935	1.5472682574216057
324	356	2.4780823317441074	1.9211122881282459	2.593061468817971
325	356	2.796992778778076	1.9873212831360954	2.3239284413201466
326	356	3.0289097265763716	2.0539894862608477	2.4786671725186435
327	356	2.0302364826202393	1.6067927511114823	2.5703966492100765
328	356	1.9671218156814576	1.4155606790022417	2.5665863860737193
329	356	1.7967566351095836	1.019185222685337	2.3504852851231894
330	356	1.9836421353476388	1.4643682496888297	2.853512559618269
331	356	2.285916894674301	1.323549489180247	2.4306804537773132
332	356	2.712436948503767	1.555489080292838	2.638929162706648
333	356	3.223558237678126	2.446568539268092	2.8521590358332585
334	356	2.145197959507213	2.5425583474776325	2.43003352950601
335	356	1.4183006712368555	2.028232651097434	2.4808012587683543
336	356	1.4901371772090595	1.42843908816576	2.2321927150090537
337	356	1.176118871995381	1.1098104119300842	2.0429405910628184
338	356	1.8197427707559921	1.2188969640170826	1.9486964029424332
324	357	2.555445757779208	1.2411242073232478	2.0955598787827925
325	357	2.786562987736293	1.673828431538173	1.8373321550233024
326	357	2.8464881723577324	1.729055036198009	2.3645309751684014
327	357	2.161398642941525	1.440603582482589	2.3726853947890434
328	357	1.9757026433944702	1.1421399333260276	2.144122437997298
329	357	1.7729759116967518	0.8931627397735914	1.9645954916874568
330	357	1.7297478062765939	1.4274519681930542	2.5113684109279086
331	357	1.9065530896186829	1.2461800078550975	2.0981374382972717
332	357	1.8389957972935267	1.5760320595332555	2.224518741880144
333	357	2.42527983690563	2.422438044297068	2.6372772894407572
334	357	1.3745249369565178	1.9842200699974508	2.3452820707769955
335	357	1.4498648984091622	1.573357777936118	2.2966815488679067
336	357	1.4234000543753307	1.116539458433787	1.9615874141454697
337	357	1.4027884091649736	0.9174756152289254	1.8130936792918615
338	357	1.9080063314998852	1.1936542426838594	1.5682433492997114
324	358	2.031982736154036	1.9445902651006526	1.5376663316379895
325	358	2.111201924937112	2.2000937376703535	1.7953620212418693
326	358	2.272999503395774	2.233939842744307	2.019294023513794
327	358	1.8762821335541575	2.204757025367335	1.8736865583219027
328	358	1.5682619094848633	1.9890408515930176	1.614633094180714
329	358	1.5216093510389328	1.8292133261760075	1.4004458387692769
330	358	1.7265111548560006	2.3479845353535245	1.8117983937263489
331	358	1.8985738058884938	2.2669105529785156	1.4031105240186055
332	358	1.908190471785409	2.548572097505842	1.5979087352752686
333	358	2.2995184659957886	3.0529934105120207	2.4264202180661654
334	358	1.693201836417703	2.7528139563167797	1.767448383219102
335	358	1.471159074987684	2.242047769682748	1.6434006520680018
336	358	1.47213114798069	2.0218523492415748	1.3581463942925136
337	358	1.2737052951540266	1.6541152596473694	1.4700469630105155
338	358	1.7645130858701819	1.6791639959110933	1.6811837589039522
324	359	2.0408282605084507	2.1532794020392676	2.11295730417425
325	359	1.9704821280070715	2.349976965359279	2.615171892302377
326	359	2.3557798970829356	2.4230123216455635	2.4777422818270596
327	359	1.8935793700971102	2.237816020062095	2.2006974157534147
328	359	1.404110074043274	2.042588006366383	1.9464761343869297
329	359	1.8640869508186977	2.037165025870005	1.814287046591441
330	359	2.2558953506605968	2.6195281403405324	1.9502747654914856
331	359	2.6645742853482566	2.5770357648531594	1.8307685256004333
332	359	3.0053779057094028	2.888736997331892	1.676209500857762
333	359	3.2935917879405774	3.188302516937256	2.3437687221326327
334	359	2.379652037340052	2.7809784973368927	2.1876130665049835
335	359	1.8460551755768912	2.357426013265337	1.646815495831626
336	359	1.8532283753156662	2.1611122339963913	1.794248104095459
337	359	1.3864675760269165	1.7343233057430811	1.7995442577770777
338	359	2.0000915316974415	1.8040330550249886	2.229260430616491
324	360	2.490207780491222	2.2162400375713003	2.22595075043765
325	360	2.2262463995388577	2.233951679297856	2.8760874441691806
326	360	2.7563604441556064	2.1466884396292945	2.916503667831421
327	360	2.1373833857084574	2.214733406117088	2.263314222034655
328	360	1.4103104948997498	1.8707944804971868	2.099470702084628
329	360	1.87765667339166	1.7776817480723064	1.895948886871338
330	360	2.3785803658621654	1.9514094250542777	2.0398451260157993
331	360	2.9184680382410684	1.9832367300987244	1.9038998782634735
332	360	3.6738856519971574	2.0575163194111417	1.7878906897136144
333	360	4.021990550191779	1.8711242832635577	2.4703803627114547
334	360	3.471418927697574	1.9759843139087452	2.22763588849236
335	360	2.2024907640048434	1.7039405362946647	1.7809993539537703
336	360	2.1272417654593787	1.9223153044780095	1.87954743206501
337	360	1.4309265528406416	1.6181329318455286	1.9895715883799963
338	360	1.921528507681454	1.7311614681692684	2.345774776795331
324	361	2.481614340435375	1.8422690521587024	2.2437362996014683
325	361	2.3364600368908475	1.9132918970925468	2.81450240952628
326	361	2.6625959873199463	1.831740671938116	2.397201993248679
327	361	2.1824917354081808	1.946145735288921	2.3230480896799186
328	361	1.5788159012794494	1.6617816361514004	2.022198351946744
329	361	1.9931652943293254	1.6896160741647084	1.7789772897958755
330	361	2.503503850528172	1.8271435243742806	1.8586777193205697
331	361	2.9482357104619346	1.7856494685014088	1.6333650747934978
332	361	3.5446721145084927	1.8734130007880074	1.4797422204698836
333	361	3.846743847194471	1.868352356709932	2.3184221230055155
334	361	3.534680254319135	1.6805231010212618	1.939190520959742
335	361	2.392745758805956	1.5706721714564733	1.6404103296143668
336	361	2.3151416083176932	1.8512396067380905	1.6002181222041447
337	361	1.6562684348651342	1.5623370919908797	1.8850063511303492
338	361	1.9311637597925522	1.7049571556203507	2.0540686074425194
324	362	1.8244260441173206	1.6762869358062744	2.2694202119653877
325	362	2.010007619857788	2.1975294862474715	2.6178681339536394
326	362	1.922791676087813	1.9837070161646062	2.4845974878831343
327	362	1.494559777410407	1.8903686749307733	2.270139581278751
328	362	1.3829278588294982	1.644658316265453	2.0202866034074263
329	362	1.7564868132273357	1.7950950264930725	1.6985086301962535
330	362	1.9052618741989136	2.128516972064972	1.6474927748952592
331	362	2.22914989789327	2.2087217370669046	1.472662518421809
332	362	2.5514422825404575	2.1845684392111644	1.4829250574111938
333	362	2.7995700961665104	2.486936882922524	1.9225768854743557
334	362	2.543962184120627	1.8507643026464127	1.6398376506917618
335	362	1.8806043778147017	1.9176650302750724	1.3878434641020638
336	362	1.9738629559675853	1.7884339690208435	1.4732708185911179
337	362	1.5343160203525	1.3678073116711207	1.8528062530926295
338	362	1.5049919310738058	1.5659837792901432	1.9048754257314346
324	363	1.406097878109325	1.8725440068678423	2.3014372045343574
325	363	1.6537329980305262	2.391005669321333	2.199796966144017
326	363	1.5097133029590954	2.279575965621255	2.458832524039529
327	363	1.067392283364346	2.2893042376166894	2.4490216405768144
328	363	0.9633738279342652	2.0729787783189253	2.0588009140708228
329	363	1.197975200911363	2.0920440753300986	1.95911772052447
330	363	1.1852336313043321	2.350104110581534	1.8717496735709054
331	363	1.4195690751075745	2.468019644419352	1.86114040017128
332	363	1.7345071179526192	2.4428861481802806	1.7862914970942907
333	363	1.8693479926962602	2.7893163404966654	2.0698956564853064
334	363	1.777521196533652	2.1990804531994987	1.9554658917819752
335	363	1.1964001868452345	2.2347109147480557	1.6068919130734034
336	363	1.1268871674935024	2.1037884950637817	1.829254741470019
337	363	0.9577600104468209	1.8034438831465585	1.9225759506225586
338	363	0.9797763193354887	1.8360919742023243	2.1362733490326824
324	364	1.3625191233374856	2.116258133541454	1.9977603067051282
325	364	1.7957067149026054	2.50480546270098	1.8855486256735665
326	364	1.7165311683307996	2.1118293783881446	2.108574379574169
327	364	1.0514404240407442	2.1209823583301746	2.1554231455451562
328	364	1.092155385017395	2.131921551444314	1.7687485759908503
329	364	1.2634147480130196	2.1466732372840247	1.6821311215559642
330	364	1.5602328777313232	2.4562682850020274	1.796361301626478
331	364	1.6269358396530151	2.601756195227305	1.6915916701157887
332	364	2.1697199004037038	2.705098424639021	1.8308796882629395
333	364	1.9842858628222817	3.2774337341910913	2.2211313812356246
334	364	1.4268440358779009	2.707110559239107	1.8500721104004805
335	364	1.1068280977862222	2.621879986354283	1.6031677978379386
336	364	1.0673526749014854	2.211803764104843	1.6108202189207077
337	364	0.9361890469278608	1.8688928910664149	1.488093980721065
338	364	0.966096793904024	1.9591082334518433	1.74316765981562
324	365	1.376381668177518	1.8696006644855847	2.0377432758157905
325	365	1.7860862357275826	2.2083939739636014	1.9755608098847526
326	365	1.7735999714244495	1.8158543760126287	1.8173283555290916
327	365	1.201579097070192	1.7574004625019275	2.1662114733143856
328	365	1.2377047657966613	1.740939031947743	1.8088757666674526
329	365	1.5845186561346054	1.9434176981449127	1.8060394426186879
330	365	2.069193516458784	2.253664697919573	1.9083406244005476
331	365	2.2682594458262124	2.4041254917780557	1.9700848857561748
332	365	2.74947943006243	2.5898067270006453	2.180344377245222
333	365	2.7215190812161096	3.044038170262387	2.240120636789422
334	365	1.852300391477697	2.527176660649917	1.9438369414385628
335	365	1.3801569598061698	2.3232643263680592	1.5611653668539864
336	365	1.420011545221011	1.9266457110643387	1.7553127457698185
337	365	0.87302109173366	1.5138560363224574	1.4258505616869246
338	365	1.0145485962138456	1.6095163962420296	1.8649260156294878
324	366	1.5966985767537898	1.7245024876161055	1.8823031295429578
325	366	1.7441509366035461	2.029158251626151	2.0753394535609653
326	366	1.6802592277526855	1.976671424779025	1.8265246152877808
327	366	1.4637970736152248	1.6122569159457558	2.082509912942585
328	366	1.5026488184928894	1.5968851934779773	1.8157558549534192
329	366	1.437067245443662	2.0097389022509256	1.6404531846443813
330	366	2.0820832763399397	2.5862538814544678	1.7042743478502547
331	366	1.9955301880836487	2.7214924494425454	1.9010843137900035
332	366	2.5040831906454906	2.9985909121377126	2.057604602405003
333	366	2.6407257883172286	3.3637785033175818	2.540168435950028
334	366	1.8761354264091044	2.762670222450705	2.091667827437906
335	366	1.6664739336286272	2.304831334522792	1.738265369619642
336	366	1.4709318578243256	2.0947567323843637	1.7400578955809276
337	366	1.2640137331826347	1.3165504591805595	1.3836147359439306
338	366	1.0122116733999813	1.79462090660544	1.6402169746511124
324	367	1.7413860776207664	1.8996728983792392	2.165861888365312
325	367	2.020201333931514	2.0834570612226213	2.2898953642163957
326	367	1.7234151038256558	1.906814694404602	2.0130647745999424
327	367	1.4676017259296619	1.625431638014944	2.156853380956148
328	367	1.6146189332008363	1.8347947597503662	1.9235761490735142
329	367	1.394112080335617	1.9694465349117916	1.7714799741903942
330	367	2.1870798894337247	2.476395317486354	1.7143578614507402
331	367	2.099948843320211	2.3918842871983848	1.8376124799251556
332	367	2.566658088139125	2.5656912326812744	1.8413274799074446
333	367	2.9076055978473865	3.1223089694976807	2.1308769113139103
334	367	1.81313718066496	2.8213585404788746	1.9365788978688858
335	367	1.7116427251270838	2.4090471948896135	1.6421045405524117
336	367	1.4794012953837712	2.164882649978002	1.7903104623158772
337	367	1.2997519544192724	1.618828066757747	1.3889795967510767
338	367	1.0070163888089798	1.9682231510386747	1.6585601778591381
324	368	1.6779766841368242	2.018338441848755	2.0256400758569892
325	368	2.162371133055006	2.1985431739262173	2.27883243560791
326	368	1.8490411151539197	1.8798718560825696	2.0687983252785425
327	368	1.3526040064661127	1.3961180385790373	1.7412173622532894
328	368	1.5034546613693238	1.625521345572038	1.5994317748329856
329	368	1.4416906237602234	1.6482039242982864	1.280678893129031
330	368	1.8738810079438346	2.2366718649864197	1.3853717361177718
331	368	1.997420738140742	2.008485863606135	1.5122118592262268
332	368	2.324385608945574	2.15608092716762	1.6071189471653529
333	368	2.80762381302683	2.9755418049661735	2.1508563945167944
334	368	1.515913353246801	2.729827137554393	1.9390955251805924
335	368	1.5709796633039201	2.2787395886012485	1.4860143406050546
336	368	1.2136146053671837	1.9364367773135502	1.5251148094733555
337	368	1.1024245577199119	1.553896657058171	1.2863203627722604
338	368	0.9319527219323551	1.81474250905654	1.364194862982806
324	369	2.3275425867600874	1.8273709362203425	2.4902791543440386
325	369	2.5890019791466847	1.9499264104025704	2.5653317826134816
326	369	2.361499157818881	1.7727941924875432	1.9441498192873867
327	369	1.769386793437757	1.486954883525246	1.8205874593634355
328	369	1.5477156162261962	1.5981397845528342	1.7080257264050571
329	369	1.2794123242298763	1.7179147005081177	1.3737088044484456
330	369	1.1492676266602107	2.3054437977927074	1.7811173796653748
331	369	1.4425712327162425	2.226946175098419	1.7420798043409984
332	369	1.579500981739589	2.38264570917402	1.824751615524292
333	369	2.150396748592979	2.3808015522203947	2.3384194185859277
334	369	1.356623954632703	2.488403656903435	1.8991121334188126
335	369	1.0598427738462175	1.8095421961375646	1.61687547819955
336	369	1.07517521828413	1.9186002214749653	1.5178933342297871
337	369	1.1624941911016191	1.3593130111694336	1.256707033940724
338	369	1.2040980423198027	1.6274358104257023	1.1156835766399609
324	370	1.889554197138006	1.6817082491787998	2.5834150964563545
325	370	1.9768839733941215	1.9135823675564356	2.8748024872371127
326	370	1.938331278887662	1.8231718756935813	1.8496542518789119
327	370	1.5417683626476086	1.466876324854399	1.7937880378020437
328	370	1.39945729970932	1.515192617069591	1.7600881836631082
329	370	1.3752862364053726	1.6797118087609608	1.4145050644874573
330	370	1.3669966203825814	2.4174234526497975	1.78685291324343
331	370	1.4888789157072704	2.268058478832245	1.7369680603345234
332	370	1.5091922623770577	2.7334415231432234	1.739089744431632
333	370	2.496531982170908	2.454722053126285	2.1548621529027034
334	370	1.465345354641185	2.6067308397854076	1.8037259718951058
335	370	1.1358949542045593	1.6629508648599898	1.5944314854485648
336	370	1.1025084828337033	1.8591163059075673	1.5438564370075862
337	370	1.1115182553018843	1.4166485582079207	1.226954664502825
338	370	1.202389517251183	1.6156772094614364	1.104626971132615
324	371	2.116394281387329	1.6155651699412952	2.5984387397766113
325	371	2.0863743168967113	2.0120170457022533	2.6317630921091353
326	371	2.0679479837417603	2.058417645367709	1.7162499319423328
327	371	1.7362430095672607	1.6343675726338436	1.7365752082122
328	371	1.639355218410492	1.7682523185556585	1.6285702098499646
329	371	1.495567465821902	2.1079587787389755	1.3383960748712223
330	371	1.6765152982303075	2.7536046504974365	1.9333415712629045
331	371	1.6721452871958415	2.5634384155273438	1.6940411428610485
332	371	1.7859612533024378	2.7824093954903737	1.8450961794172014
333	371	2.6347420341090153	2.5460778913999857	2.07400559751611
334	371	1.6668194742763744	2.7579945816713223	1.7185047023436602
335	371	1.5776471069880895	1.894580704825265	1.503914977822985
336	371	1.328211709856987	1.982171818614006	1.4580066055059433
337	371	1.385052468095507	1.5031652876308985	1.1825541257858276
338	371	1.3758704101338106	1.7665842420914595	1.0961742330999935
324	372	2.3258402347564697	1.2064028924161738	1.984956752170216
325	372	2.336064006601061	1.721700634275164	1.8009094979081834
326	372	2.2618763013319536	1.6698151718486438	1.353736704046076
327	372	1.7189827467265881	1.4895917428167242	1.4328129071938365
328	372	1.4837672710418701	1.5075473568656228	1.1038882298903032
329	372	1.0724440589547157	1.9084776639938354	0.7774747436245283
330	372	1.36409649678639	2.3692408544676646	1.5319508058684213
331	372	1.3072689374287922	2.3210394978523254	1.2784939606984456
332	372	1.5677798305238997	2.4909609385899136	1.789074523108346
333	372	2.4323690251300207	2.45635303698088	1.7812103848708303
334	372	1.5518210074480843	2.576632450608646	1.339863254743464
335	372	1.3706445779119218	1.7058642251150948	1.0716760286263056
336	372	1.222784847021103	1.9364216476678848	0.9957787469029427
337	372	1.373388137136187	1.4147082992962428	0.795494726725987
338	372	1.29043246718014	1.676291171242209	0.8071495960740482
324	373	2.3882605812766333	1.2790806889533997	1.6776419661261819
325	373	2.424881628581456	2.088864896978651	1.8672785077776228
326	373	2.3449506868015635	1.7173402526161887	1.249421016736464
327	373	1.8640103653857583	1.16842436163049	1.4777777916506718
328	373	1.5943967819213867	1.1366909471425144	1.0356220386245034
329	373	1.1965043147404988	1.3074694375197093	0.7859281053145727
330	373	1.5243076852389745	1.5855717148099626	1.4869127869606018
331	373	1.5101954440275829	1.4298430383205414	1.301580508550008
332	373	1.7697374309812273	1.4718246630259924	1.7343867336000716
333	373	2.329291682494314	2.170372768452293	1.7110554481807507
334	373	1.920863488141228	1.8020655477748198	1.325620356728049
335	373	1.627432916845594	1.33921879529953	1.0283044108322688
336	373	1.5360450396935146	1.194643681248029	1.0115148822466533
337	373	1.705840791974749	0.9142570410455976	0.7677270684923444
338	373	1.6013666110880234	1.3831022206474752	0.8237931237501257
324	374	1.7718783075159246	1.7392032796686345	1.7432093295184048
325	374	1.8423165423529488	2.36168030330113	2.1170497110911777
326	374	1.883016131140969	2.2700695016167383	1.5391791300340132
327	374	1.6088042196474577	1.5591990414418673	1.554462969303131
328	374	1.232190203666687	1.4372769377448342	1.208354413509369
329	374	1.0559318164984386	1.5072528372208278	0.7988910973072052
330	374	1.3106271709714616	1.8612841197422572	1.4785080126353674
331	374	1.4237067997455597	1.65740970770518	1.2804029285907745
332	374	1.630677035876683	2.0018313441957747	1.7513792174203056
333	374	2.0861672664943494	2.3394089435276233	1.9976735993435508
334	374	1.7849252504460953	1.9269769822849947	1.6325034674476175
335	374	1.4785056284495763	1.5051050441605704	1.2373980964933122
336	374	1.1686705698569615	1.3537231236696243	1.1444224442044895
337	374	1.3526597789355688	1.018903681210109	0.848233333655766
338	374	1.4495096627403707	1.4471183945150936	0.9034300551694983
324	375	1.7328635562549939	1.6625306714664807	1.4862654209136963
325	375	1.9418516159057617	2.2586891310555592	1.8225382225854057
326	375	1.8073388012972744	2.221871950409629	1.4446688456968828
327	375	1.4790293480220593	1.575223960374531	1.5693158601459705
328	375	1.281718921661377	1.1699150909077038	1.0803636204112659
329	375	1.1554131011168163	1.35902705291907	0.8020441830158234
330	375	1.5681191682815552	1.7050370829445975	1.2633197520460402
331	375	1.4716040988763173	1.8660818139712017	1.1514030247926712
332	375	1.736993602343968	2.00471898487636	1.4931542021887643
333	375	1.67927632833782	1.8612618446350098	1.7526155647478605
334	375	1.6115647484274471	2.0268418999279247	1.446691765504725
335	375	1.5351014648165022	1.1107233464717865	1.1296538157122475
336	375	1.1380363057057064	1.2826002091169357	1.0071828439831734
337	375	1.279884500162942	0.8599121017115456	0.838898628950119
338	375	1.4272274550269632	1.3596018412533928	1.0250923247898327
324	376	1.8124320181933316	1.6754681197079746	1.505252328785983
325	376	2.068668714591435	2.0965806330953325	2.070566254002707
326	376	1.7538409666581587	1.9171314998106523	1.8521667502143166
327	376	1.3927440455085354	1.3964735300917375	1.654982212342714
328	376	1.358614158630371	1.061535976149819	1.2660944678566672
329	376	1.1978906095027924	1.1453499843676884	1.4876855115095775
330	376	1.6576587217194694	1.7573900818824768	1.7681494780949183
331	376	1.5923460125923157	1.8730576237042744	2.1618653734525046
332	376	1.828771948814392	2.0349146127700806	2.1888365064348494
333	376	1.8948726654052734	1.8849408501072933	2.454684859827945
334	376	1.5900240785935347	1.8682491358588724	2.1804244237787582
335	376	1.4862298965454102	1.293064330305372	1.647863073008401
336	376	1.1901521186033885	1.0382087603211403	1.5369624545176823
337	376	1.2180001139640808	0.7237568242209298	1.0792745522090368
338	376	1.3482174031874712	1.1824660546639387	1.415163285592023
324	377	1.6511058048768477	2.1823483380404385	1.6617084416476162
325	377	1.9413078427314758	2.2163871100970676	2.2094658442905972
326	377	1.7283542914824053	2.2005542516708374	2.0545327229933306
327	377	1.2688565630661814	1.9022058060294704	1.4846051868639494
328	377	1.3569713354110717	1.491364598274231	1.5840497775511309
329	377	1.1310613329211872	1.3711690704027812	1.8555385420719783
330	377	1.6510250398090907	1.72345917565482	2.1842663628714427
331	377	1.6179361840089161	1.6933365265528362	2.52746719121933
332	377	1.95468693120139	1.7651629447937012	2.619283301489694
333	377	1.840462653260482	1.7335967829352932	2.805833440077932
334	377	1.2072309746461756	1.9084427496966194	2.494710417354808
335	377	1.2156835326126643	1.502243229321071	1.822449701172965
336	377	1.0394664605458577	1.3332076619068782	1.9581323117017746
337	377	1.0125728249549866	1.5098962017468043	1.3656339475086756
338	377	1.2310253627160017	1.7399557969149422	1.660993961726918
324	378	1.7350163784894077	2.8776573918082495	1.9329158501191572
325	378	2.2236587830952237	2.766571351460048	2.3525273288999284
326	378	1.8834921771829778	2.6388783888383345	2.078275615518743
327	378	1.3390227117036517	2.4156249447872766	1.6600190087368614
328	378	1.6578152656555176	2.2168253768574107	1.7019223083149304
329	378	1.412808579703172	1.759520058830579	1.819663127263387
330	378	2.025290276323046	2.032972991466522	2.1574051209858487
331	378	1.9773469467957814	1.6659088134765625	2.5363935232162476
332	378	2.6049656186785017	2.020478776523045	2.604524680546352
333	378	2.551658266469052	1.5532940500660946	2.9111855531993664
334	378	1.47314934870776	1.6532026669558357	2.428614609381732
335	378	1.6284644774028234	1.572401421410697	1.7619386741093226
336	378	1.2451232572396596	1.276676778992017	1.8957161555687587
337	378	1.1278344350201743	1.900680422782898	1.4087665336472648
338	378	1.2441858999869402	1.8250055944218355	1.7827340715071733
324	379	1.6992081620476462	2.484622435136275	1.6353242505680432
325	379	2.234352673803057	2.2483605487006053	1.8932927591460091
326	379	1.9504528695886785	2.3035350062630395	1.7991803884506226
327	379	1.4324981915323358	2.0633454385556673	1.3990472304193597
328	379	1.827162539958954	2.0001272071491587	1.3220299915833906
329	379	1.6291145980358124	1.8105702598889668	1.4735309928655624
330	379	2.0714281712259566	1.9208924259458269	1.7892319304602486
331	379	2.027094711860021	1.855366309483846	1.9504655003547668
332	379	2.5626486369541714	1.8214193752833776	2.1710100173950195
333	379	2.675050584893478	1.213572172742141	2.4480327179557397
334	379	1.7094377840266508	1.6457538113874548	2.007417075774249
335	379	1.6934292912483215	1.4124861870493208	1.3204977086612157
336	379	1.3989646881818771	1.3435547798871994	1.4229450573523839
337	379	1.2013915096010481	1.8371717504092626	1.0306295965399062
338	379	1.222219631952398	2.084092098123887	1.2385485522887285
324	380	1.7261307131160388	2.2116755463860254	1.4845373630523682
325	380	1.9622633286884852	1.8602507199559892	1.5584956662995475
326	380	1.8382414037531072	1.933586142279885	1.652433384548534
327	380	1.711340069770813	1.6472029058556807	1.3225873771466707
328	380	1.567837381362915	1.7098654075102373	1.21417743509466
329	380	1.3979441821575165	1.9124146401882172	1.1756268565853436
330	380	1.3798961980002267	2.2002895389284407	1.4891199810164315
331	380	1.342304954926173	2.542931318283081	1.275462766488393
332	380	1.6132033893040247	2.587129661015102	1.7320260831287928
333	380	2.295163129505358	1.9724410333131488	2.1552385970165857
334	380	1.6129910595276777	2.416164349107181	1.4114677485297709
335	380	1.4368632861546107	1.56588328736169	1.263049943106515
336	380	1.3835067003965378	1.9347559362649918	1.0389566446344058
337	380	1.3639813235827856	1.6819068534033639	0.962545382125037
338	380	1.4237945570665247	1.9465567434535307	0.9956747398656958
324	381	1.3796755183826794	1.764210126616738	1.644056341864846
325	381	1.2725360648972648	1.7953982097761971	1.8704889586993627
326	381	1.4526972553946755	1.7586045807058162	2.536808718334545
327	381	1.4081037609200728	1.757171072457966	1.5406937034506547
328	381	1.0727939367294312	1.6883122812617908	1.5945044214075261
329	381	1.2210017790397008	1.919325644771258	1.7937289575735729
330	381	1.4136647582054138	2.131526623453413	2.3349223732948303
331	381	1.827733318010966	2.231703748305639	2.3488969802856445
332	381	2.11583868094853	2.1743011134011403	2.859508071626936
333	381	3.0533509128972103	1.9091271036549617	2.8496441715642025
334	381	2.1636531002381267	2.1781931905185474	2.331336638506721
335	381	1.7745298147201538	1.57049925838198	2.0135366320610046
336	381	1.6120155254999797	1.887132242321968	1.6220930715401967
337	381	1.2731329713548933	1.6193486196654183	1.268700965813228
338	381	1.2876804611262154	1.986156702041626	1.3308185689589556
324	382	1.361892277544195	1.770231539552862	1.7095229083841497
325	382	1.201650585447039	1.7034222057887487	2.1092520781925748
326	382	1.400098204612732	1.7544224587353794	2.7357502417130903
327	382	1.3344625046378689	1.8030245806041516	1.7465445869847347
328	382	1.0563698887825013	1.6997843764045022	1.981010220267556
329	382	0.8894512578845024	1.7311470011870067	2.2250496397415795
330	382	1.2827098497322627	1.9416392019816808	2.7273305313927785
331	382	1.4012675881385803	1.9130040605862935	2.8258686860402427
332	382	1.6897441829953874	2.0924772194453647	3.4717871802193776
333	382	1.8824337846354435	2.106899932811135	3.2970342008691085
334	382	1.6250665328081917	2.223705263698802	2.666838112999411
335	382	1.3557708433696203	1.588943932737623	2.317061253956386
336	382	1.060502680639426	1.842975214123726	1.9346314817667007
337	382	0.9680463714259011	1.5695129122052873	1.5136299218450273
338	382	0.9959410183569964	1.8049526635338278	1.5637686883701998
324	383	1.8830254944888027	1.8226811669089578	2.1063410585576836
325	383	1.8459204605647497	1.797870295388358	2.381520322390965
326	383	2.3339664069089023	1.605867017399181	2.7603085041046143
327	383	1.848507329037315	1.6323384987680536	2.031312528409456
328	383	1.5855120897293091	1.0858895507725803	2.300567865371704
329	383	1.6068010826905568	1.0554015065232913	2.253155087431272
330	383	2.2287722315107072	1.5505200113568987	2.5985034704208374
331	383	2.46144046386083	1.4066543281078339	2.784096817175547
332	383	3.131517239979335	1.868701492037092	3.136670861925398
333	383	3.020372039393375	2.050927099428679	3.1193971382944206
334	383	2.1745413261301376	1.8682184499852799	2.617128652684829
335	383	1.6754794461386544	1.1977900862693787	2.1269722325461253
336	383	1.6000435998042424	1.2691670631368954	1.8830170035362244
337	383	1.060572543314525	0.9041166433266231	1.5858325106757027
338	383	1.196794941144831	1.5200336505385006	1.5860861329471363
324	384	2.403333533893932	1.7984779748049649	2.833220200105147
325	384	2.3047352177756175	1.8978540556771415	2.9165707656315396
326	384	2.983077634464611	1.7323560497977517	2.379479473287409
327	384	2.3314819022228845	1.678265421014083	2.247432332289846
328	384	1.7668318629264832	1.231120835651051	2.4218520901419898
329	384	1.7868280510107677	1.1891317988435428	2.2584510842959085
330	384	2.233437257153647	1.2018660349505288	2.6049380813326155
331	384	2.7371995647748313	1.3366131087144215	2.506517151991526
332	384	3.2445764201028005	1.5996780395507813	2.677002089364188
333	384	3.1523208116230212	1.460935862440812	2.41904564280259
334	384	2.3413863743052765	1.1300422689493965	2.2858673684737263
335	384	1.5252864275659834	0.8272285120827811	2.2957138419151306
336	384	1.6912560711304347	1.042705866197745	1.7241158485412598
337	384	1.2799511211259025	0.8644632399082184	1.6225683689117432
338	384	1.6424081045038559	1.3644801693804123	1.67620367863599
324	385	2.3673811825838955	1.9301510399038142	2.502949129451405
325	385	2.250362047127315	2.0659978219441006	2.444501485143389
326	385	2.9955226724798028	1.913792772726579	1.9780766313726252
327	385	2.290201745535198	2.040906172049673	2.0150392933895716
328	385	1.650864577293396	1.4405248381874778	2.1378305716948076
329	385	1.7196089029312134	1.4112687557935715	1.7522204617659252
330	385	2.2145685042653764	1.2828763382775443	2.049013716833932
331	385	2.7854467630386353	1.4772187570730846	1.8546898861726124
332	385	3.3170645577566966	1.7235246045248849	2.2036076954432895
333	385	3.2565006833327446	1.5705593761644865	2.7087469477402535
334	385	2.3631541097865387	1.300268572919509	2.2241654957042023
335	385	1.5309261253901891	1.1245931472097124	2.0033212304115295
336	385	1.596486007173856	1.3601084103186925	1.4755056152741115
337	385	1.1605491382735116	1.231881516320365	1.5094029307365417
338	385	1.5898421301561243	1.5580280247856588	1.574977664386525
324	386	2.1509884812615137	1.9599019722505049	2.573201526295055
325	386	2.4599394968577792	2.0651250907352994	2.677378296852112
326	386	2.6741289658979936	1.8574033758857034	2.100759278644215
327	386	1.898296782844945	2.2780412435531616	1.8672095474443937
328	386	1.6046984910964965	1.5515982562845403	1.6493811932477085
329	386	1.673245092233022	1.5739741673072178	1.4482073734203975
330	386	2.293587463242667	1.382677938256945	1.5778095296451025
331	386	2.558386584122976	1.514151046673457	1.6391287346680958
332	386	2.9217744895390103	1.7128330980028426	2.053922040121896
333	386	2.8241808288975765	1.5605991514105546	2.4507909260298075
334	386	2.203116865719066	1.2086446004755356	2.048936542342691
335	386	1.5174374069486345	1.1827547294752938	1.6289519156728471
336	386	1.4949181228876114	1.418942113717397	1.5386761873960495
337	386	1.1766530956540788	1.4147474765777588	1.3115889770644051
338	386	1.632514806354747	1.9102272216011495	1.6511222334469067
324	387	2.737708893689242	1.7936865091323853	2.043555324727839
325	387	3.1101574897766113	1.7207975557872228	2.5067512648446217
326	387	3.1029584407806396	1.9233127940784802	2.0476246638731523
327	387	2.2461171275690983	2.7321805263820447	1.4552405507940995
328	387	2.0777138471603394	1.7131918452002786	1.3916292515668003
329	387	1.8029664705197017	1.810680369536082	1.1879028330246608
330	387	2.363048246928624	1.7095049619674683	1.68125581741333
331	387	2.784570594628652	1.7058962782224019	1.6724878748257954
332	387	3.3256675515856062	1.6432788031441825	2.2916923591068814
333	387	2.619068823362652	1.6953194831546985	3.334928612960012
334	387	2.230884748346665	1.5620141660465914	2.429714469348683
335	387	1.3508910877364022	1.5386184198515755	1.7867949434689112
336	387	1.6828836103280385	1.632241850097974	1.5476494630177815
337	387	1.2253296886171614	1.7947811910084315	1.164688161441258
338	387	1.5663451236837052	2.180651068687439	1.6930564151090735
324	388	2.601453260941939	1.5889399485154585	2.1035354896025225
325	388	2.996366432734898	1.75219007900783	2.7296938044684276
326	388	3.0257687351920386	1.921549461104653	1.9942343560132114
327	388	2.2350121611043026	2.53132700920105	1.9385581267507452
328	388	2.098126435279846	1.5645746209404685	1.7358685298399492
329	388	1.9104614108800888	1.5431128988663356	1.7084251989920933
330	388	2.4415149688720703	1.7617614013808114	2.057801510606493
331	388	2.870932479699453	1.5449761946996052	1.9980488121509552
332	388	3.302830866404942	1.6138184922082084	2.299859251294817
333	388	2.7533893271496424	1.5722579705087762	3.2787788792660364
334	388	2.5099574397591984	1.4506326843710506	2.884718221776626
335	388	1.5087223478725977	1.4368065765925817	2.3118928159986223
336	388	1.9337518513202667	1.4180149684349697	1.8728663722674053
337	388	1.316827416419983	1.5109979254858834	1.4661182079996382
338	388	1.5610747968449312	1.6949639670989092	1.789394364637487
324	389	2.010842973535711	1.5975935784253208	2.376294266093861
325	389	2.083788309778486	1.5531203746795654	2.6383940832955495
326	389	2.0891421383077446	1.8535544222051448	2.1934957287528296
327	389	1.796735782372324	2.3816037805456864	2.5683346735803703
328	389	1.6614956259727478	1.424211946400729	1.8638056191531094
329	389	1.5546497106552124	1.3812600274880726	1.9184763530890148
330	389	1.8383372681481498	2.1207852448735918	2.2514260751860484
331	389	2.1695909102757773	1.7716377675533295	2.3482224543889365
332	389	2.4839882850646973	1.6576979330607824	2.7112962859017506
333	389	2.5867949912422583	1.5697299430244847	3.317847176602012
334	389	2.255883392165689	1.4770397859461166	2.831032823113834
335	389	1.5200675470488412	1.450329806123461	2.326112151145935
336	389	1.7618069350719452	1.4958136628071468	1.9862605532010396
337	389	1.3439678124019079	1.3691856094769068	1.5586078422410148
338	389	1.4262448689516853	1.376472062924329	1.8591215470257927
324	390	1.5680559981953015	2.1237054738131436	1.9021941965276545
325	390	1.498780940260206	2.0810705167906627	2.3506337319101607
326	390	1.489706733010032	2.0647371032021264	2.130679499019276
327	390	1.516130528951946	2.016071633288735	2.2103665063255713
328	390	1.2635630369186401	1.54951134595004	1.5105541077527134
329	390	1.0296630188822746	1.422748272617658	1.578385978937149
330	390	1.0891895081315721	2.2582671216556003	2.2326323304857527
331	390	1.079609602689743	2.0476646622021994	2.584412932395935
332	390	1.4281510625566756	2.027982609612601	3.1381744657244
333	390	2.0414534054304423	2.2392190569325496	3.705879763553017
334	390	1.6777449004790361	1.8515256432925953	2.8280945104711197
335	390	1.1550383567810059	1.8002645203045435	2.0392493775912692
336	390	1.2711809525887172	1.5380539645751317	1.75344517827034
337	390	1.2373228413718087	1.1668507201331002	1.1110649279185705
338	390	1.4483037661103642	1.3411140967817867	1.5473898193415474
324	391	1.6644367413087324	2.6864100369540127	2.05346941947937
325	391	1.6979824985776628	2.6830452169690813	2.4434419529778615
326	391	1.5593761964277788	2.3157312761653555	2.2131553779948843
327	391	1.5483709573745728	2.1537663811131527	2.4400686402069893
328	391	1.290602171421051	1.8294258226047864	1.8446322246031328
329	391	1.0236447180310886	1.5334110657374065	1.7645922601222992
330	391	1.04739682163511	2.0613927585738048	2.0779041903359547
331	391	0.9726516157388687	1.797312597433726	2.3048130869865417
332	391	1.1829323257718767	1.837092297417777	2.7802953038896834
333	391	1.897400467019332	2.1750583334972986	2.938745850010922
334	391	1.7014373611001408	1.844594632878023	2.159050268285415
335	391	1.1203762888908386	1.8982503158705575	1.6743464725358146
336	391	1.279632682601611	1.5647869606812794	1.3844053049882252
337	391	1.3207919001579285	1.4491036449159895	1.141515578542437
338	391	1.5651761608965256	1.638862595838659	1.9582603328368242
324	392	1.6613819599151611	2.5272211161526767	2.569071899760853
325	392	1.76257689510073	2.4803266184670583	2.5959706051009044
326	392	1.5378061749718406	2.2990524118596856	1.8836114406585693
327	392	1.5081792003230046	1.9521859445069965	2.6156273954793026
328	392	1.3476529717445374	1.7270756634798916	2.0855989022688433
329	392	1.2176765898863475	1.7402488539616268	2.056894143422445
330	392	1.1713221328599113	2.248200144086565	2.085436591080257
331	392	1.0420407007137935	2.114396264155706	2.210020492474238
332	392	1.1552849156515939	1.9923879248755318	2.442623036248343
333	392	1.7347412736792314	2.282195285746926	2.2990761744348625
334	392	1.625529506627251	2.054774845347685	1.8291113867479212
335	392	1.1074969002178736	1.939293852874211	1.6421937005860465
336	392	1.21054312090079	1.7438997874657314	1.7352840701738994
337	392	1.340016714164189	1.569180735519954	1.4640552486692155
338	392	1.5854885052232182	1.8919941186904907	2.0367994448717903
324	393	1.793814561583779	2.502015243877064	2.796996225010265
325	393	2.015189358166286	2.647060751914978	2.533732226916722
326	393	1.6016822511499578	2.5403068282387475	1.9022393334995618
327	393	1.420826278234783	2.0459534180791756	2.805850675231532
328	393	1.3281676173210144	1.7536659240722656	2.0074727860364048
329	393	1.2954229960838954	1.982775057355563	1.9815267076094945
330	393	1.2926757846559798	2.3585414034979686	2.2222000701086864
331	393	1.1732298731803894	2.4693092902501426	2.2289812167485556
332	393	1.332283854484558	2.7928964410509383	2.405499356133597
333	393	1.8232725858688354	2.411232678513778	2.516657979864823
334	393	1.6787606898476095	2.0276833562289966	2.037133448264178
335	393	1.2806943655014038	1.8165616307939803	1.7930726408958435
336	393	1.196945423881213	1.7885296642780304	1.9394456644852955
337	393	1.255006994519915	1.7360223020826067	1.637827021735055
338	393	1.4393642895361956	2.238386399605695	2.09852171645445
324	394	1.589943289756775	2.5068831227042456	2.956732901659879
325	394	1.9755310927118575	2.6651840891156877	2.756189261163984
326	394	1.5884724963795056	2.3377003452994605	2.1034201166846533
327	394	1.27839489987022	1.8441474625938816	2.401102956972624
328	394	1.4531229257583618	1.6931713169271296	1.9793557687239214
329	394	1.4159192095200221	1.7958614627520244	1.7003527979056041
330	394	1.678073993750981	2.0504829798425948	2.2630360552242825
331	394	1.5555847585201263	2.369002024332682	2.1874484618504844
332	394	1.781162108693804	2.791875123977661	2.6951139995029996
333	394	2.0516989105626156	2.2119319376192594	2.842634916305542
334	394	1.7198475809658276	1.8639257515178007	2.4521963736590218
335	394	1.4255034242357527	1.6783242055347987	2.06516204561506
336	394	1.3190374970436096	1.8254680236180623	1.7374595701694489
337	394	1.0756505216870988	1.694386167185647	1.6209555183138167
338	394	1.1496921672540552	2.1034194862141327	1.8909196573145248
324	395	1.644492355259982	2.8517105796120386	3.1799701127139004
325	395	1.9143825769424438	3.0258420365197316	2.8743504115513394
326	395	1.496038176796653	2.445362773808566	2.599133079702204
327	395	1.3455247628061395	1.8166095708545886	2.5951715833262394
328	395	1.4617653965950013	1.3735549991781062	2.0481284206563775
329	395	1.320990761121114	1.324953297773997	1.6513488739728928
330	395	1.6305859514645167	1.555877719606672	2.1188131741115024
331	395	1.59013565381368	1.971517542997996	1.8955629070599873
332	395	1.8317530155181885	2.501589672906058	2.2821831362588063
333	395	2.228863094982348	1.8219295991094488	2.5326104415090462
334	395	1.6675741321900313	1.5883374634911032	2.2988828210269703
335	395	1.4478328824043274	1.0338948922497886	1.9190306408064706
336	395	1.304340625802676	1.4788993050654728	1.6084450483322144
337	395	1.1392369781221663	1.4106082235063826	1.7824972782816206
338	395	1.2059368421049679	1.8049433161230648	2.4374782618354347
324	396	1.9248446226119995	2.3145853606137363	2.9225939187136563
325	396	1.9819563712392534	2.2759741885321483	2.6528878211975098
326	396	1.8057924942536787	2.313766197724776	2.6565182425759057
327	396	1.6701323044927496	2.1578570729807804	2.8229784902773405
328	396	1.3347160339355468	1.5231073227795688	2.181412772698836
329	396	1.2939380009969075	1.2726334780454636	1.6269547392924626
330	396	1.518565101282937	1.2631928069250924	1.9524441531726293
331	396	1.5881304542223613	1.3431023756663005	1.704213370879491
332	396	1.8377390248434884	1.8645663942609514	1.994483266557966
333	396	2.6639832634674874	1.3657679244091636	2.353029589903982
334	396	1.847173859091366	1.128620684146881	2.115230854819803
335	396	1.3852502022470747	0.9086335854870933	1.8900633454322815
336	396	1.2327711929877598	1.1561521018544834	1.6247072319189708
337	396	1.2275938051087516	1.2950820454529353	1.829827402319227
338	396	1.8654061345493091	1.7825816378873938	2.200750575346105
324	397	1.5912594470110806	2.7399618192152544	2.755896113135598
325	397	1.664628497191838	2.6368336336953297	2.7847146647317067
326	397	1.6094985766844316	2.777856219898571	2.641976746645841
327	397	1.3777195152483488	2.6055408026042737	2.6338633612582556
328	397	0.9602662742137908	1.8568907109173862	2.0236972028558906
329	397	1.1151976560552914	1.7029333114624023	1.648381421963374
330	397	1.3594838976860046	1.654805600643158	2.222953276974814
331	397	1.5222411751747131	1.7978488504886627	2.2660762667655945
332	397	1.9614983115877425	2.2184707607541765	3.005294288907732
333	397	2.491667339676305	1.5311509057095176	3.1714453948171517
334	397	1.9185587939094095	1.3756514366935282	2.755429309957168
335	397	1.1338880274977003	1.1008926928043365	2.311907070023673
336	397	1.161459890504678	1.3808165366450946	2.0423728078603745
337	397	0.9935563802719116	1.4858171428952898	1.7964743971824646
338	397	1.8431020133635576	2.046678809558644	1.745380163192749
324	398	1.7707906636324795	2.7225291295485063	2.728237585587935
325	398	1.898358634540013	2.894491059439523	2.9940790108272006
326	398	2.116270076144825	2.7024944695559414	2.4839772311123935
327	398	1.6790687535938464	2.388500916330438	2.228807336405704
328	398	1.0388413429260255	1.6009014628150247	2.589245471087369
329	398	1.0372608626882236	1.4666865716377895	2.288077379266421
330	398	1.34506014415196	1.564860931464604	3.305417707988194
331	398	1.520219753185908	1.8875083823998768	3.2501187523206077
332	398	1.5807753971644811	2.239173514502389	4.121856757572719
333	398	1.883178096068533	1.5760025350671065	3.7276900943956877
334	398	1.6866631577996647	1.4849678137723137	3.049264473073623
335	398	1.1227461440222604	1.004045158624649	2.580589669091361
336	398	1.00170386582613	1.3516764243443806	2.1776780486106873
337	398	0.9364119470119476	1.1596903800964355	1.8798961298806327
338	398	1.7599787361481611	1.3880215883255005	1.7591081787558163
324	399	2.0230245915326206	1.8164126764644275	2.749031652103771
325	399	1.9763239877564567	1.9863832252366203	2.950423036302839
326	399	2.5223226330497046	1.7766533331437544	2.467875740744851
327	399	1.9291787837681018	1.571994750123275	2.2777885826010453
328	399	1.1681476175785064	1.0938451398502698	2.354669310829856
329	399	1.3617644409338634	1.0835138410329819	1.8420416464408238
330	399	1.8827715941837855	1.1131949850491114	2.6562080213001797
331	399	2.160250951846441	1.4041800101598103	2.47604368130366
332	399	2.3905602182660783	1.3704499176570348	3.0237824576241628
333	399	2.6845109901930155	1.4533732753050954	2.5211502125388696
334	399	1.8394190353505753	1.3141685373642866	1.9605318518245922
335	399	1.4527042252676827	1.0684920336518968	1.9030645149094718
336	399	1.1667391632994015	1.0938520804047585	1.4140601207812626
337	399	0.9762665671961648	1.0051974058151245	1.4687328764370509
338	399	1.848397836965673	1.345700369161718	1.5485065193737255
324	400	1.8175582668998025	1.6949032003229314	3.0010178739374336
325	400	1.6602971298354012	1.8945841363498144	2.899427516119821
326	400	2.2851721156727183	1.7477665489370173	2.781988404013894
327	400	1.8373596793726872	1.4570299136011224	2.5818734169006348
328	400	1.061555379629135	1.077382504940033	2.3143052512949165
329	400	1.3363584578037262	1.0531326880057652	1.9564628899097443
330	400	1.683522811957768	1.2742150936807906	2.691197327205113
331	400	2.047045220931371	1.3718294600645702	2.676477015018463
332	400	2.217562300818307	1.538487536566598	3.0975187505994524
333	400	2.4633858329371403	1.6972273588180542	2.462648968947561
334	400	1.7947473526000977	1.4903685275246115	1.8279360953499288
335	400	1.3854490263121468	1.3795995286532812	1.6467280558177404
336	400	1.1600143710772197	1.164282239973545	1.4444481680790584
337	400	0.9682687435831342	0.966871155159814	1.5124741877828325
338	400	1.5981515084995943	1.2470100662287544	1.8152805707033943
324	401	1.3546479832042346	1.8666311394084583	2.5967999805103648
325	401	1.408027240208217	1.8215856977871485	2.393586822918483
326	401	1.70474281094291	2.089478991248391	2.3999607779762964
327	401	1.255985307066064	1.7868889632977938	2.247655002694381
328	401	1.0036008059978485	1.3613767949017612	1.9711729288101196
329	401	1.5010599146286647	1.5216085662444432	1.6214527040719986
330	401	2.125361587320055	1.8441023996898107	2.0822575262614658
331	401	2.517442266146342	1.9371356864770253	2.2620797554651895
332	401	2.7962823254721507	2.245541504451207	2.5343223299298967
333	401	3.1662883382094535	2.517481703507273	2.836684929697137
334	401	2.254111282965716	2.1190709226271687	2.3466291006873634
335	401	1.7847349984305245	1.879167914390564	1.7713912640299116
336	401	1.6817095081011455	1.759470174709956	1.4187293847401936
337	401	1.005488008260727	1.3815922481673104	1.4662554349218095
338	401	1.203208309762618	1.5979726349606234	1.7468863725662231
324	402	2.5179784948175605	2.287554903463884	1.5931718782945112
325	402	2.838407976286752	2.2805610980306352	1.8288201008524214
326	402	3.518328081477772	2.654903628609397	1.7440598552877253
327	402	2.1374502182006836	2.4571895160173116	1.581615642497414
328	402	1.6200557827949524	2.1070511666211216	1.340318267995661
329	402	2.090138147274653	1.9686221182346344	1.569545512398084
330	402	2.8669949088777815	2.4280900955200195	2.5618939229420254
331	402	3.461634635925293	2.2569262981414795	2.9261518915494285
332	402	3.9501524652753557	2.6607906818389893	3.6505163056509837
333	402	4.3679384181374	3.085968481866937	4.067304372787476
334	402	3.3553030911613915	2.3081020327175366	3.383377902648028
335	402	2.2233791606766835	2.326233540262495	2.587482384272984
336	402	2.3253216296434402	1.9394470105568569	1.8094989657402039
337	402	1.079185596534184	1.8477624825068883	1.227244794368744
338	402	1.3574564877678366	1.927054342101602	1.5332931455443888
324	403	3.2705244584517046	2.1307481852444736	1.8010968186638572
325	403	3.5280952964510237	2.228271859032767	2.2170861789158414
326	403	4.278173446655273	2.577003609050404	1.9292681867426091
327	403	3.2746083422711023	2.399956050672029	1.6069324204796238
328	403	2.0013917207717897	2.080778707157482	1.3333803848786787
329	403	2.3921050230662027	1.7672385970751445	1.9808075924714406
330	403	3.184498497417995	2.2877597212791443	3.0623592819486345
331	403	3.8580036958058677	2.046581198771795	3.6726953387260437
332	403	4.673020567212786	2.427232503890991	4.594517775944301
333	403	5.114601837961297	2.708022167808131	5.0290060545268815
334	403	3.875630434821634	1.7187015519422644	3.867850626216215
335	403	2.2191154871668135	1.9162415095738001	2.843450767653329
336	403	2.4415598660707474	1.5393573145071666	2.1831974585851035
337	403	1.2280205701078688	1.692984368119921	1.2532635118280138
338	403	1.7556488443823421	1.868863112786237	1.6304998047211592
324	404	2.8681673353368584	2.1944134668870405	1.9370558045127175
325	404	3.0337228093828474	2.2449572341782704	2.602675267628261
326	404	3.4757022207433526	2.6497531804171475	2.6099356304515493
327	404	3.1315172346014726	2.295474052429199	2.049853117842423
328	404	1.8331982970237732	1.8535538153214888	1.5350360111756758
329	404	2.0482112616300583	1.4672922243674595	2.111235330502192
330	404	2.7303483145577565	1.8304877621786935	3.090083888598851
331	404	3.1930679281552634	1.6820868055025737	3.542855898539225
332	404	4.05743019921439	2.2049369471413747	4.552874292646136
333	404	4.038982203132228	2.4780193190825615	5.0309071038898665
334	404	3.5915446842418	1.413890053244198	3.6778373998754166
335	404	1.8339096733501978	1.412709150995527	2.5984632628304616
336	404	2.152530441681544	1.1901411414146423	1.9996779561042786
337	404	1.1958695437226976	1.3116562366485596	1.443341314792633
338	404	1.6627509664086735	1.9145915508270264	2.02292494914111
324	405	2.384199543432756	2.0406083952296865	2.1508851701563056
325	405	2.3644344806671143	2.4627843414034163	2.6368271623338972
326	405	2.6426925659179688	2.645103194496848	2.558182629671964
327	405	2.6418716656534293	2.2665782351242867	2.595371647884971
328	405	1.7579145789146424	1.8016750053925947	1.8094065406105735
329	405	1.9424708982308705	1.29304305712382	1.9057167271773021
330	405	2.5008480889456615	1.5865197437150138	2.1733194504465376
331	405	2.843648989995321	1.5162879427274067	2.2389638920625052
332	405	3.517964942114694	2.1336972372872487	2.8971890040806363
333	405	3.293967736394782	2.4001796872992265	2.9958327193009224
334	405	2.965353152331184	1.662621680428	2.1931229759665096
335	405	1.9341455357415336	1.596208964075361	1.7457152434757777
336	405	1.9748010734717052	1.239493042230606	1.546181281407674
337	405	1.2834417053631373	1.3220508098602295	1.5597606982503618
338	405	1.6744849681854248	1.8325145034229053	2.1096375830033245
324	406	1.5993740883740513	2.3202245885675605	2.407669045708396
325	406	1.8510802728789193	2.54952711718423	3.122297627585275
326	406	1.568203698505055	2.528702887621793	2.6340375380082564
327	406	1.8026073606390702	2.3845910963259245	2.6052079326228093
328	406	1.4394265413284302	1.9062123190272937	1.6080616604198108
329	406	1.6220335811376572	1.3874263515075047	2.057784507671992
330	406	2.0048541511808122	1.3359334213393075	2.6909275225230624
331	406	2.0190699994564056	1.6777091324329376	2.9963637391726174
332	406	2.4301093305860246	1.981089609009879	3.777846166065761
333	406	2.4571353636289897	2.326804650457282	4.0466594445077995
334	406	2.3077338162590477	1.6417399714974796	2.8856884311227238
335	406	1.7630755986486162	1.4777753864015852	2.129312149115971
336	406	1.7028834521770477	1.2250307326515515	1.7057598531246185
337	406	1.303456962108612	1.5137639216014318	1.3477650455066137
338	406	1.5919710222412558	2.0683702931684604	1.9759245620054358
324	407	1.382912982593883	2.2103886170820757	2.8408761674707588
325	407	1.8646551030022758	2.5008835111345564	3.7403355836868286
326	407	1.497825557535345	2.28632052378221	2.8581650907343086
327	407	1.4266849254306995	1.9033431002968235	2.350832882680391
328	407	1.3662195086479187	1.577195557680997	1.8564137003638528
329	407	1.6768733908732731	1.1242883453766506	2.2013890395561853
330	407	2.208580868584769	1.320522482906069	2.8179534673690796
331	407	2.1968695521354675	1.4688830276330311	3.0984283487002053
332	407	2.5196605069296703	1.859193308012826	3.811631338936942
333	407	2.956970842261063	2.604500023942245	4.168925900208323
334	407	2.3677767094443825	1.6520315689199112	3.0816907041213093
335	407	2.0799156767981395	1.6354940703936987	2.4359285150255476
336	407	1.868919809659322	1.2419861033558846	2.0457371324300766
337	407	1.3665927137647356	1.328009477683476	1.4272000108446394
338	407	1.4853880159995134	1.8038190112394445	1.8204353556913488
324	408	1.8088582212274724	2.728353803808039	3.3255093747919258
325	408	2.47025271824428	3.0124585458210538	3.8955521072660173
326	408	2.3895670500668613	2.7173358743840996	3.050933100960471
327	408	1.5615063152815167	2.385265431906048	2.320916401712518
328	408	2.102954995632172	1.8847376975146206	2.100822622125799
329	408	2.2457787493864694	1.220560650030772	2.057301084200541
330	408	2.6655822822025845	1.4431791731289454	2.7614302975790843
331	408	2.61907966931661	1.5862162411212921	2.561100641886393
332	408	3.0489840848105296	1.9601293972560339	3.0067733355930875
333	408	3.4267374716306986	3.209199641880236	3.7167835863013017
334	408	2.5058867791119743	1.816062001621022	2.9652911494759953
335	408	2.3847200529915944	1.9202451961381095	2.5449409655162265
336	408	2.0648402323325477	1.3144161452849705	1.9442517161369324
337	408	1.5006776452064514	1.6337236847196306	1.5355162961142403
338	408	1.5475207847707413	1.9664331183714026	1.765163309433881
324	409	1.86205331845717	3.085148572921753	2.111712412400679
325	409	2.5366902351379395	3.4183346373694286	2.6310254335403442
326	409	2.406429485841231	3.0238665233958852	2.628678863698786
327	409	1.562983120742597	2.7985054442757056	2.001062593962017
328	409	2.02421749830246	2.2593165744434702	1.9904128963297063
329	409	2.14677602549394	1.5959790994723637	2.0618485112984977
330	409	2.6429869617734636	1.6802515387535095	2.5798376968928745
331	409	2.5314462979634604	1.7394090394179027	2.4577736457188926
332	409	3.0077970368521556	1.9690381118229456	2.4817183698926653
333	409	3.486902726323981	3.3408386581822445	3.1370382434443425
334	409	2.5330757954541374	1.9908841357511633	2.6818088082706226
335	409	2.360739767551422	2.1916779705456326	2.441508548600333
336	409	2.0063614199558892	1.8173112273216248	2.001831124226252
337	409	1.422999918460846	1.9649322458675929	1.496137797832489
338	409	1.5552595538251541	2.05100581926458	1.6183679945328657
324	410	1.8996226462450894	3.1391478018327192	1.5882961750030518
325	410	2.422923445701599	3.248190709522792	2.0111976861953735
326	410	2.4282161755995317	2.935830441388217	2.2009985772046177
327	410	1.624894750745673	2.82081769642077	1.5792747485010248
328	410	1.5640157222747804	2.42987043207342	1.6968854557384143
329	410	1.55106354256471	2.136747350295385	1.8022353897492092
330	410	1.7413010341780526	2.134310279573713	2.4155162232262746
331	410	1.697683036327362	2.086328168710073	2.275492231051127
332	410	1.9655340228761946	2.0945649487631663	2.537646702357701
333	410	2.674574004976373	3.2460094251130758	2.929990141015304
334	410	1.725974538747002	2.2422215517829445	2.4876902524162743
335	410	1.4527656606265478	2.475111586706979	2.1834845883505687
336	410	1.2759353071451187	2.2057532221078873	1.6716684997081757
337	410	1.1493092945643835	2.2093319637434825	1.2045555795942033
338	410	1.4694809002034805	2.3520443158991196	1.421041397487416
324	411	2.0401485833254727	1.9434318108992144	1.080978268926794
325	411	2.488492352621896	2.3906993184770857	1.890074372291565
326	411	2.5113941105929287	2.0512964075261895	1.5902993028814143
327	411	1.8138407845246165	1.9587990547481335	1.639962208898444
328	411	1.5713935613632202	2.2357762943614614	1.4331574656746604
329	411	1.5825982689857483	2.1774032562971115	1.267695854107539
330	411	1.4186813575880868	2.3488465888159618	1.6783496652330672
331	411	1.5099839468797047	2.1703537106513977	1.5590748687585194
332	411	1.6068591560636247	2.0888265882219588	2.0852329220090593
333	411	2.4568252124284444	2.367297417239139	2.1685515516682674
334	411	1.8680959378971773	2.3295508833492504	1.7809832586961634
335	411	1.2960137554577418	2.403137820107596	1.5337582400866918
336	411	1.493201658129692	2.3290593226750693	1.362451006968816
337	411	1.2266334465571813	2.085510790348053	1.3056265711784363
338	411	1.5037906169891357	2.146829100216136	1.8974768484339994
324	412	2.1593321453441274	1.666472001509233	1.1135876395485618
325	412	2.672435896737235	2.3183233993394032	1.7096954073224748
326	412	2.467781413685192	2.112962170080705	1.4637896472757512
327	412	1.7897314146945351	1.6983613026769537	1.8049075854452032
328	412	1.8970102190971374	2.237095746127042	1.313348737629977
329	412	1.8184295396010082	2.3091297099987664	1.1909827043612797
330	412	1.957046891961779	3.0835828440529958	1.3479860935892378
331	412	1.9634976486365001	2.995246926943461	1.3806872069835663
332	412	2.179156950541905	3.107840367725917	2.0484200034822737
333	412	2.384705141970986	3.332652995460912	2.1418200668535734
334	412	2.130675203659955	2.84744595078861	1.76508848807391
335	412	1.7596017803464616	2.751340797969273	1.2702263338225228
336	412	1.6499150494734447	2.4406910240650177	1.2176914066076279
337	412	1.347258414540972	1.7318867615291051	1.400051772594452
338	412	1.421550105599796	1.640689681558048	1.960336026023416
324	413	1.8829410509629683	2.3293251341039483	0.9839832891117443
325	413	2.5995102609906877	2.6941254990441457	1.6040209191186088
326	413	2.305164499716325	2.5229855450716885	1.446140549399636
327	413	1.532272602382459	1.6272300419054533	1.7126627219350714
328	413	1.7471359610557555	2.019890687682412	1.2717466137625955
329	413	2.107838988304138	1.850868026415507	1.2113540023565292
330	413	2.8361478873661587	2.6500597170421054	1.4842440400804793
331	413	2.955686072508494	2.467080851395925	1.6624319553375244
332	413	3.777453967503139	2.6539607729230608	2.316980702536447
333	413	4.036169127414101	2.9432916390268424	2.494965540735345
334	413	3.222474869559793	2.5145466187421013	1.903107061105616
335	413	2.4147222552980696	2.297856637409755	1.4688047000340052
336	413	2.407975743214289	1.9185811579227448	1.2769518693288167
337	413	1.467578044959477	1.3448364734649658	1.3569787314959936
338	413	1.7166704851038315	1.5381402758991016	1.9912708156249102
324	414	1.6768062223087659	1.8395620042627507	0.9398999322544445
325	414	2.245186116014208	2.0764276640755788	1.462235118661608
326	414	2.039963808926669	1.959607796235518	1.4501085064627908
327	414	1.3097237536781712	1.270166227692052	1.7219463273098594
328	414	1.757650578022003	1.3658177744258533	1.2062841003591365
329	414	2.2335279484589896	1.2539544055859249	1.1425017317136128
330	414	3.1280111244746616	1.800700340952192	1.63193256514413
331	414	3.4400822520256042	1.6213869353135426	1.9729318519433339
332	414	4.259529318128314	1.9672664914812361	2.523768867765154
333	414	4.182575112894962	2.4164667255000065	2.8539491452668844
334	414	3.3435229273403393	1.7421830471824198	2.379905013477101
335	414	2.299252816608974	1.4949753710201807	1.7031123382704598
336	414	2.5622551143169403	1.1425103495518367	1.544733057419459
337	414	1.416292028767722	0.8195671268871852	1.4379213196890694
338	414	1.7161798126557295	1.2525541992748486	1.673851027208216
324	415	1.538693449713967	2.1489903818477285	1.4434654821049084
325	415	2.1802244016102383	2.219072639942169	1.6547411169324602
326	415	1.8754526810212568	2.163218552416021	1.7819946028969504
327	415	1.1973967144363804	1.4859436248478137	1.9964877617986578
328	415	1.4421674847602843	1.1980451508001848	1.4936069575223057
329	415	2.0248272816340127	1.2742328246434529	1.3846860975027084
330	415	2.766787358692714	1.773533625262124	1.8275686502456665
331	415	3.11335426568985	1.7020138601462047	2.2118802070617676
332	415	4.049030917031424	2.1221239737101962	2.7932097911834717
333	415	4.161769716363204	2.5899735563679744	3.229314164111489
334	415	3.236138063318589	1.6367462452720194	2.7409552756477806
335	415	1.9793573107038225	1.3181616067886353	2.006734677723476
336	415	2.3855024029811225	1.0385470961531003	1.9068902532259624
337	415	1.2662489754813058	0.8663028691496167	1.6863130841936385
338	415	1.5696778367547428	1.4608872322475208	1.3209004402160645
324	416	1.6576554558493874	1.8059645132585005	2.0114488059824165
325	416	1.880801567009517	1.7517876369612557	1.674764565059117
326	416	1.6158708875829524	1.9969810139049182	1.397278373891657
327	416	1.3476097207320363	1.4450420141220093	2.3071142058623466
328	416	1.576397919654846	1.2442378889430652	1.973226872357455
329	416	1.6759975204865138	1.22985045115153	1.9218497425317764
330	416	2.3024916308266774	1.7929509111813136	2.322021586554391
331	416	2.3801839550336203	1.7286119262377422	2.3155604799588523
332	416	2.943378176007952	2.2598132405962263	2.907856430326189
333	416	2.987837000897056	2.9007883950283655	3.2440417189347115
334	416	2.917613281923182	1.8286479360917036	2.760924213072833
335	416	2.0478208320481435	1.5637870856693812	2.248601564339229
336	416	2.052896370490392	1.2193823208411534	2.0714140832424164
337	416	1.6444057481629508	0.9884395045893533	1.9957316432680403
338	416	1.7375842192593742	1.449425995349884	1.630581343875212
324	417	1.7600229545073076	1.8628885637630115	1.9683212800459429
325	417	2.180628623281206	1.990187176636287	1.617285132408142
326	417	1.8662702712145718	2.1406304077668623	1.1458124355836348
327	417	1.5972353847403276	1.573304571603474	2.021621497053849
328	417	1.9811620235443115	1.3518377867611973	1.852543516592546
329	417	1.9945838898420334	1.515167936682701	1.7890277256568272
330	417	2.750527194568089	2.160600244998932	2.198599406651088
331	417	2.7184624473253884	2.3571819067001343	2.0661697387695313
332	417	3.2561865534101213	2.653277499335153	2.455939395087106
333	417	3.2445017664056075	2.8980104672281364	2.764591693878174
334	417	2.8653394194210278	1.9942624218323652	2.145818969782661
335	417	2.374220507485526	1.6686203820364816	1.9963720951761519
336	417	1.9905975759029388	1.5958476811647415	1.8650274624427159
337	417	1.596093773841858	1.0843167517866408	1.8256836022649492
338	417	1.7067577207789701	1.570999331334058	1.9608256115632898
324	418	1.9711182117462158	1.7087216485630383	1.7990618835796008
325	418	2.4638547897338867	1.8017725774220057	1.6286836436816625
326	418	2.206591335209933	1.8480947017669678	1.2236179980364712
327	418	1.7710703736857365	1.700355943880583	1.826655337685033
328	418	2.1312683463096618	1.3880384835329922	1.7294580828059802
329	418	2.142201299468676	1.7114114264647167	1.630199948946635
330	418	2.7813156843185425	2.4141362394605363	2.110169563974653
331	418	2.7479315201441445	2.673543135325114	1.9736257195472717
332	418	3.2338478224618092	3.2396820953914096	2.6048689569745744
333	418	3.2882581635525354	3.355394150081434	2.7707625815742896
334	418	2.708963730755974	2.4434556820813347	2.468458982074962
335	418	2.2186351077897206	2.0057814717292786	1.9269370096070426
336	418	1.883547340830167	2.0845316698153815	1.6561916023492813
337	418	1.6202222875186376	1.4754605463572912	1.6073471392904009
338	418	1.7669246266869938	1.5766538206268759	1.8176045908647425
324	419	1.9199251586740667	1.8272138400511309	1.340245550329035
325	419	2.1672416073935374	2.1270350302968706	1.3984618272100175
326	419	2.027570041743192	2.1856406927108765	1.3755521232431585
327	419	1.8147021030124866	1.9766610358890735	1.7133861780166626
328	419	1.9792113065719605	1.3736091635443948	1.3477112379941074
329	419	2.001999075214068	1.9154624044895172	1.3440909485022228
330	419	2.4711804389953613	2.3113175375120982	1.3877631170409066
331	419	2.4918617804845176	2.9594403306643167	1.3484897216161091
332	419	2.951540504183088	3.438434532710484	2.0726789236068726
333	419	3.003808285060682	3.251617858284398	1.762148010103326
334	419	2.4852307824527515	2.391733870786779	1.7418775418225456
335	419	2.214484853403909	1.7902420929500036	1.2491456185068404
336	419	1.8272241403659184	2.279331942399343	1.004915493230025
337	419	1.7382759026118688	1.540325207369668	1.143579478774752
338	419	2.039551061742446	1.7867139928481157	1.6605344554957222
324	420	2.016617471521551	2.1028819626027886	2.1453252272172407
325	420	2.20986122744424	2.4473277160099576	2.2314221603529796
326	420	2.102430896325545	2.1863345124504785	1.6372112035751343
327	420	1.798306239278693	2.2915804825331034	1.9444276910079152
328	420	1.8581416249275207	1.8238720243627375	1.6602387861772017
329	420	1.7995906521876652	2.13345975180467	1.5584114293257396
330	420	2.080393978527614	2.1397957716669356	1.789786926337651
331	420	2.1976426442464194	2.3392003973325095	1.813044895728429
332	420	2.4002695764814104	2.605220147541591	2.401999064854213
333	420	2.4138713886863306	2.681882895921406	1.983710056857059
334	420	2.125522297971389	2.063200256403755	2.239451064782984
335	420	2.042090262685503	1.9607987914766585	1.7396503005708968
336	420	1.7601221253474553	2.1123627523581185	1.5853728155295055
337	420	1.7155283774648393	1.9270650574139185	1.309968956879207
338	420	1.8213217468822704	2.3119131326675415	1.9230272138819975
324	421	1.232567700472745	2.1244458718733354	2.295677336779508
325	421	1.2665548494883947	2.4053925616400584	2.3919936759131297
326	421	1.4085287939418445	2.218692736192183	2.329942226409912
327	421	1.2385114933315076	2.396682751806159	2.4363473591051603
328	421	1.2854226589202882	1.8296793374148281	2.177082993767478
329	421	1.6503285318613052	2.11049023270607	2.3558386266231537
330	421	2.1008464694023132	2.065520703792572	2.466183934892927
331	421	2.3856915831565857	2.2608435451984406	2.788715342680613
332	421	2.7150469166891917	2.759038175855364	2.9782499245234897
333	421	2.925541325619346	3.3829758920167623	2.670018095719187
334	421	2.2296462900498333	2.400648271336275	3.0902011534746956
335	421	1.998271839959281	2.0561041491372243	2.294214997972761
336	421	1.75854196647803	2.109423895676931	2.5675174991289773
337	421	1.255887508392334	2.006244318825858	2.0148366689682007
338	421	1.46873859798207	2.2314303762772503	2.573617332121905
324	422	1.6635608781467786	2.4557159813967617	2.6547164700248023
325	422	1.8298919286046709	2.8504337072372437	2.5834742954799106
326	422	1.8177390748804265	3.183517889543013	2.7660230940038506
327	422	1.5480953831421702	2.6499936957108345	2.8314626216888428
328	422	1.4701395869255065	1.9485868649049238	2.4487087076360528
329	422	1.6782405128081639	2.4645566741625466	2.8880514999230704
330	422	2.0880373290606906	2.471976024763925	2.8340955121176585
331	422	2.335444897413254	3.1621614694595337	3.189868907133738
332	422	2.819775240761893	3.2028616155896867	3.2634920052119663
333	422	2.9216988463150826	3.4213936203404476	2.861469080573634
334	422	2.0477407329222737	2.588081822675817	3.1162983108969295
335	422	1.8281127384730749	1.9662024293627058	2.535097769328526
336	422	1.6421299576759338	2.307684933145841	2.9978921115398407
337	422	1.237309558050973	1.7315482326916285	2.2667274475097656
338	422	1.5215869931613697	2.0589814747081085	2.911260212168974
324	423	1.7464675469831987	2.688093965703791	2.499201839620417
325	423	1.9190001317432948	3.0099905899592807	2.5765197617667064
326	423	1.8702525875785134	3.3530392863533716	2.733115087855946
327	423	1.6457282681214183	2.6413621714240625	2.7960097287830554
328	423	1.7786978244781495	1.9087949449365789	2.2293258797038686
329	423	1.8670208901166916	2.421608413259188	2.7123336493968964
330	423	2.5285102810178484	2.537536825452532	2.559995106288365
331	423	2.783686021963755	3.4721038341522217	3.0214372078577676
332	423	3.4150080340249196	3.505482026508876	3.135348524366106
333	423	4.073483040458278	3.7656366197686446	2.612377957293862
334	423	2.9921060730429256	2.6885397714727066	2.9964192895328297
335	423	2.5168124863079617	1.8264521700995309	2.3589762278965543
336	423	1.9971059560775757	2.2233750174442926	2.7428430020809174
337	423	1.4219433239528112	1.463454740388053	2.0112982988357544
338	423	1.5519565694472368	1.7894224279067095	2.7143005623536953
324	424	2.0107182481072168	2.649393406781283	2.1495966369455513
325	424	2.110934708799635	2.90732547215053	2.4127304468836104
326	424	1.584635777906938	3.2883240526372735	2.1652521870353003
327	424	1.6513601227810508	2.4314140332372567	2.198526332252904
328	424	1.920849907398224	1.8562369021502407	1.6591466882012107
329	424	1.7682599474986394	2.094923963149389	1.9349422603845596
330	424	2.5948496546064104	2.353167857442583	1.551007126058851
331	424	2.7117308576901755	3.13911771774292	1.8286775052547455
332	424	3.6257870537894115	3.1438654490879605	1.8361984491348267
333	424	4.2455403553812125	3.3998396898570813	1.807986711200915
334	424	3.0178241028505215	2.226026030147777	1.8567068226197188
335	424	2.552637892110007	1.7139617971011571	1.5711927669388908
336	424	1.9378354599078496	1.791831135749817	1.8816009710232418
337	424	1.4370252234595162	1.1319255914006914	1.479826603616987
338	424	1.3627824011970968	1.567273497581482	1.7922915921491736
324	425	2.088883963498202	2.0343034375797617	1.9467056664553555
325	425	2.077755800315312	2.1556715624673024	1.9122573307582311
326	425	1.8990283012390137	2.352943604642695	1.9154580181295222
327	425	1.7374544582868878	2.089104784162421	2.0407016591021887
328	425	1.8727303862571716	1.6641516577113757	1.4239234707572244
329	425	1.7393616487582524	1.6640826563040416	1.6515494138002396
330	425	2.5239011560167586	2.0680285777364458	1.4409336021968298
331	425	2.6127146085103354	2.437081644932429	1.6517664988835652
332	425	3.35505815914699	2.462686538696289	1.7771339927400862
333	425	4.062314598183883	2.5239244323027763	1.6702683662113391
334	425	2.8903148735270783	1.9337620945537792	1.9550731462590836
335	425	2.491537485803877	1.6932039431163244	1.6307486976896013
336	425	1.8528344879547756	1.6344366520643234	1.6479687343041103
337	425	1.3794093472617013	1.013975671359471	1.3475971562521798
338	425	1.3247753486913794	1.3581280322635876	1.6194022683536304
324	426	1.4652831662784924	1.8704850998791782	1.7477482015436345
325	426	1.426773190498352	2.11865565606526	1.6758652584893363
326	426	1.5604037154804578	1.5165003754875876	1.6876642162149602
327	426	1.3241809669293856	1.7910106997740896	2.0269556484724345
328	426	1.0753709733486176	1.5894151600924404	1.1830668232657693
329	426	1.0404571493466694	1.5436872690916061	1.3374527643124263
330	426	1.5612062130655562	1.6745216591017587	1.322893738746643
331	426	1.7101883391539257	1.679082840681076	1.3938627342383068
332	426	2.0262915747506276	1.8696525607790266	1.4989093882696969
333	426	2.4348004115255257	1.7707247169394242	1.8374392045171637
334	426	2.171444163602941	1.647042239413542	1.7809613662607529
335	426	1.5153171249798365	1.682927599975041	1.3283501267433167
336	426	1.230586936076482	1.373865599433581	1.4149882545073826
337	426	0.9075957792145866	1.2574401327541895	1.1079621016979218
338	426	1.1483782599954044	1.6023302428862627	1.4632455601411707
324	427	1.7079266634854404	1.7786016464233398	1.4538417079231956
325	427	1.8587224568639482	1.8993127856935774	1.6298499533108302
326	427	1.535433129830794	1.518288341435519	1.617647571997209
327	427	1.3227863625476235	1.6658847959418046	1.947438635324177
328	427	1.2877442955970764	1.5392842401157727	1.1859561855142766
329	427	1.2806917826334636	1.47682952384154	1.3337699919939041
330	427	1.8815706031663078	1.6572068163326807	1.4384870358875819
331	427	2.0425935486952462	1.8225828508536022	1.763006329536438
332	427	2.509152446474348	2.0903893538883755	1.8203116144452776
333	427	2.6218807195362293	2.2138749172813013	2.1619304042113456
334	427	2.6155638344147625	1.856716611806084	2.0039752511417164
335	427	1.821045654160636	1.6694156612668718	1.3737808891705103
336	427	1.7694345116615295	1.3951524297396343	1.53151581933101
337	427	1.2471179962158203	1.2863481640815735	1.135800608566829
338	427	1.2896053440430586	1.6625414595884436	1.5981495520647835
324	428	1.7542869286103682	1.6931306340477683	1.967917333949696
325	428	1.8442828229495458	1.8511409674371992	2.181328535079956
326	428	1.4156049706719138	1.6164744225415317	2.3523150248961016
327	428	1.2989792510082847	1.6950623769509165	2.226480377347846
328	428	1.2716983199119567	1.7569680539044468	1.7807471752166748
329	428	1.2906556377808254	1.5727590521176655	1.8943588534990947
330	428	1.9587031858307975	1.7259836196899414	2.147858807018825
331	428	2.1769891679286957	1.832450399796168	2.4337074955304465
332	428	2.6353913375309537	2.1730408668518066	2.6215908186776296
333	428	2.9174032085820247	2.372361101602253	2.461077175642315
334	428	2.9601730038137997	1.8014628887176514	2.380695567411535
335	428	2.139755002089909	1.6504608733313424	1.5886863384928023
336	428	1.9207085520029068	1.6536969890197117	1.9558866173028946
337	428	1.4576729536056519	1.572705055986132	1.5082889454705375
338	428	1.3670997023582458	1.8253337285097908	1.8466150620404411
324	429	1.6612505154176191	1.3372993469238281	2.168820099397139
325	429	1.70276597567967	1.4230721592903137	2.4160613673073903
326	429	1.3768834742632778	1.515653664415533	2.741294600746848
327	429	1.3225068920537044	1.599512915862234	2.3990786703009355
328	429	1.2770423769950867	1.4489830298857256	1.98714186928489
329	429	1.3096847285827	1.3690494646628697	2.102828487753868
330	429	1.9063051342964172	1.789906076022557	2.2764890364238193
331	429	2.0401542584101358	2.0517880618572235	2.4969520370165506
332	429	2.2954434667314803	2.4253142220633372	2.660382407052176
333	429	2.5406100499002555	2.716497170297723	2.3837249718214335
334	429	2.677581962417154	1.9456404798171099	2.046399249750025
335	429	1.9406128696032934	1.5056041479110718	1.5884873696735926
336	429	1.8417069464921951	1.6056589633226395	1.864586889743805
337	429	1.517974351133619	1.4004341108458382	1.57126008612769
338	429	1.5019026223350973	1.6775152893627392	1.9730179029352524
324	430	2.137842882763256	1.658585255796259	2.130028074437922
325	430	2.463662930897304	2.151432514190674	2.0788759929793224
326	430	2.631390701640736	1.9894146052273838	2.2866417061198843
327	430	2.150365289888884	1.6599541086899607	2.2866669642297843
328	430	1.9348970770835876	1.4449521519921043	1.7713483463634143
329	430	2.0533241281906762	1.2286452576518059	1.9163456459840138
330	430	1.8810626694134303	1.6951048289026533	2.0225621121270314
331	430	2.3721375167369843	1.9486607710520427	2.2258630891640983
332	430	2.3025440829140797	2.109864813940866	2.3981567110334123
333	430	2.411320171858135	2.3870854440488314	2.5120511556926526
334	430	2.069951562320485	1.8370874559178072	2.0135178215363445
335	430	1.5458304115704127	1.354255301611764	1.5577087657792228
336	430	1.8000869154930115	1.6139370103677113	1.7443817754586537
337	430	1.435912353651864	1.2080454060009547	1.4845433916364397
338	430	1.849525297389311	1.6563778554691988	1.9394876886816586
324	431	2.04887901652943	2.9569720354947178	1.8545940247449009
325	431	2.3490645715168545	3.636801396097456	1.8286414401871818
326	431	2.810346386649392	3.057971802624789	1.7932938879186457
327	431	2.1506889493841874	2.162065819690102	2.0219085655714335
328	431	1.6281278252601623	1.813930262218822	1.4925958568399602
329	431	1.9240676711002986	1.3818129549423854	1.5952054212490718
330	431	1.5680595551218306	1.5569025533539909	1.517553346497672
331	431	2.2848491966724396	1.7150724430878956	1.6904775003592174
332	431	2.2935329164777483	1.8656891073499406	1.7083478825432914
333	431	2.287045855271189	2.0759595444327905	2.169571123625103
334	431	1.9133226310505587	2.015887498855591	2.1008664579952465
335	431	1.025654252086367	1.4417109744889396	1.644351065158844
336	431	1.690709891418616	1.7124920338392258	1.5724050452311833
337	431	1.083839748586927	1.440300566809518	1.5080586331231254
338	431	1.8274160483304192	1.6496197686475866	1.7614758645786959
324	432	2.190227822823958	2.8873476548628374	1.8820412917570635
325	432	2.4188691888536726	3.380755032811846	1.8234499267169408
326	432	2.8228466510772705	2.7572349418293345	1.9013975967060437
327	432	2.20255110138341	2.1057657693561755	2.0729190424868933
328	432	1.8896640062332153	1.8092659495093606	1.4723306677558206
329	432	2.06073127190272	1.2721630210677783	1.35623200237751
330	432	2.0163769040788924	1.6682386313165938	1.8479427780423845
331	432	2.4606571098168692	1.8871909578641255	1.6536607245604198
332	432	2.4699181147984097	2.227961097444807	1.7473401512418474
333	432	2.7468633526249935	2.446186743284527	2.125175030607926
334	432	2.167798729503856	2.1334592244204353	1.9184172083349789
335	432	1.6039127026285445	1.5421882356916154	1.6453610573496138
336	432	1.8577503909667332	1.7049677868684132	1.3455748309691746
337	432	1.44781779391425	1.3251332555498396	1.3781270384788513
338	432	1.9387167692184448	1.4800347790998571	1.6320361249587114
324	433	1.985555182803761	2.4859380288557573	2.5846307927911933
325	433	2.2086856024605885	2.7384084122521535	2.4929725783211842
326	433	2.6192602027546275	2.4042888554659756	2.4372860301624644
327	433	2.1530153500406364	2.227118818383468	1.9773651486948918
328	433	1.956407630443573	1.4840341047807173	1.897177511995489
329	433	2.0669939666986465	1.0834742908676465	1.6811772286891937
330	433	2.237032779625484	1.439263037272862	2.233063885143825
331	433	2.400517443815867	1.762080689271291	1.8308382431666057
332	433	2.3904065745217458	2.351407834461757	1.8042966297694616
333	433	2.6908927591223466	2.654935786598607	2.2557394943739237
334	433	2.1205235298942116	2.119402008898118	1.6773797273635864
335	433	1.7926631740161352	1.2276014515331812	1.991837203502655
336	433	2.0060663173596063	1.4281182289123535	1.6853862802187602
337	433	1.628547992025103	1.2152318699019296	1.7795497008732386
338	433	1.9592918578316183	1.4279320941251867	1.9305133959826302
324	434	1.8944732709364458	1.6863258210095493	2.815413778478449
325	434	2.017539688519069	1.6755579795156206	2.52436135496412
326	434	2.423309326171875	1.786225979978388	2.5670166232369165
327	434	2.1115764191276147	1.9262963847110146	2.2587465110578036
328	434	1.8913244128227233	1.3615560206499966	2.1163933277130127
329	434	1.9641641477743785	1.062116953233878	1.932968368132909
330	434	2.0304073095321655	1.3416360403810228	2.401367485523224
331	434	2.1455188592274985	1.347919891277949	1.9820683300495148
332	434	2.0612058469227383	1.6167654820850916	1.9186019727161951
333	434	2.1374368604860807	1.7044226809551841	2.4786903042542305
334	434	1.721219118903665	1.6757067301694084	1.8216584850760067
335	434	1.5089021836008345	1.1428247605051314	2.1367294788360596
336	434	1.6391722112894058	1.296710046629111	1.8859397619962692
337	434	1.4364733781133379	1.1429764117513384	2.1043363213539124
338	434	1.8544088181327372	1.0400527890990763	2.0795339626424454
324	435	1.5133710666136309	1.909142721783031	2.2373057820580224
325	435	1.5983711055346899	1.557981584753309	1.9485514504568917
326	435	1.716777433048595	2.1055632612921973	1.7939729690551758
327	435	1.6579631692484806	2.8210583423313342	1.754912345032943
328	435	1.4575985074043274	2.050287452611056	1.6131286837837913
329	435	1.676910122235616	1.829482262333234	1.493535468975703
330	435	1.7225876535688127	1.9972529581614904	1.7945254445075989
331	435	1.9205898741881053	1.85035174091657	1.9068554242451985
332	435	1.982456190245492	2.3107877458844865	2.056822180747986
333	435	1.9650862216949463	1.8901601904316951	3.100201079719945
334	435	1.9602583015666288	1.6680853366851807	2.6135749676648308
335	435	1.3602402295385088	1.418088129588536	2.261312552860805
336	435	1.4734239329894383	1.4026776552200317	1.9982436895370483
337	435	1.253096878528595	1.5574382288115365	1.7832129342215401
338	435	1.6508985477335312	1.6782032461727368	1.7909356986775118
324	436	1.1569837115027688	1.8313873681155117	2.3366609053178267
325	436	0.9642655806882041	1.5946743488311768	2.2961337055478777
326	436	1.1275266408920288	2.338525652885437	2.276800198988481
327	436	1.1034920560686212	3.0462115312877454	1.9055790461991962
328	436	0.7730126738548279	1.9743716283278032	2.043582732027227
329	436	1.0155727316935856	1.7917080422242482	1.8485804696877797
330	436	1.2888565914971488	1.8565798572131567	2.063893360751016
331	436	1.6153944631417592	2.013781209786733	2.274139960606893
332	436	1.9311471666608537	2.3744689396449496	2.3041080066135953
333	436	2.2489756157523706	2.0879387855529785	3.0340467126745927
334	436	1.749907886280733	1.223144934457891	3.0631081777460434
335	436	1.121113462107522	1.1585286387375422	2.5491999217442105
336	436	0.9018595616022745	1.3106442640225093	2.3588272482156754
337	436	0.7577893308230809	1.5694082123892648	2.0511947189058577
338	436	1.2814737347995533	1.7884132371229284	2.015479929306928
324	437	1.2470287030393428	2.1347333843057807	1.6136727983301336
325	437	1.2768670405660356	2.058135620185307	2.0026144044739858
326	437	1.466499545357444	2.5835143436085093	2.001099879091436
327	437	1.353182475817831	3.046172719252737	1.565995693206787
328	437	0.7268204033374787	1.8036857409910723	1.7162771116603504
329	437	1.152188854912917	1.7605623602867126	1.735386128226916
330	437	1.5651693173817225	1.901755886418479	1.654535106250218
331	437	1.9116839269797008	2.0509062906106315	1.9320613741874695
332	437	2.2292251586914063	2.3761188302721297	1.9110052755900793
333	437	2.6496979562859786	2.239427968075401	2.4850389831944515
334	437	2.1981805773342358	1.287358820438385	2.8740415573120117
335	437	1.3874178613935197	1.2134831377438136	2.2821022101811
336	437	1.3183239921927452	1.292937805255254	2.3293599685033164
337	437	0.9647730801786695	1.5363707286970956	1.8458799294063024
338	437	1.5632316224715288	1.7624124218435848	1.7901749049915987
324	438	1.223238630728288	2.904632720080289	1.5763391039588235
325	438	1.5714034352983748	3.6319801807403564	2.3523207817758833
326	438	1.6561518907546997	3.3632653193040327	2.4488255110653965
327	438	1.3469162897059792	2.6260503216793665	2.0206594843613472
328	438	1.1780272603034974	2.0459405834024604	1.9553472779013894
329	438	1.462469791372617	1.7230180650949478	2.0727416475613913
330	438	1.7838921546936035	2.088018442903246	2.4727086339678084
331	438	2.1151024798552194	1.8492548664410908	2.5983421206474304
332	438	2.192812476839338	2.310142925807408	2.801058598927089
333	438	2.3508619383761755	2.7104055128599467	2.9938851532183195
334	438	1.9350769519805908	1.609118657953599	2.8965410625233368
335	438	1.4541133727346147	1.7547482081821986	2.320169278553554
336	438	1.4945639247695606	1.25315826634566	2.310707832376162
337	438	1.1074154589857375	1.452526535306658	1.714050727231162
338	438	1.5963661600561703	1.5394845219219433	1.9411638203789205
324	439	1.2146336219527505	2.880464098670266	1.5383272929625078
325	439	1.4900423288345337	3.3451097352164134	2.224473246506282
326	439	1.6472602865912698	3.1861971725117075	2.2933847687461157
327	439	1.217838748505241	2.4507526033803035	1.9685138401232267
328	439	1.230333971977234	1.9806847897442905	2.074959484013644
329	439	1.5438371896743774	1.69896304110686	2.2124854822953544
330	439	2.00240786586489	2.294454966272627	3.1079952035631453
331	439	2.109907627105713	2.063994218905767	3.1087803840637207
332	439	2.377283947808402	2.550917625427246	3.500725950513567
333	439	2.241510585734719	2.7911531109558907	3.487520318282278
334	439	1.9015934256946339	1.778623714166529	3.096146401237039
335	439	1.5885327969278609	1.8377258607319422	2.584035634994507
336	439	1.4637264211972554	1.297567014892896	2.3063387870788574
337	439	1.2638814875057764	1.2566368111542292	1.3496291381972176
338	439	1.4916071926846224	1.3706527808133293	1.4038552010760588
324	440	0.9736750830303539	2.6275000355460425	2.797944502397017
325	440	1.2562537278447832	3.001477445874895	3.3192093202045987
326	440	1.3692408149892634	2.8346809907393022	3.194388432936235
327	440	0.9732848029387625	2.015508927797016	2.6435176824268543
328	440	1.1609572291374206	1.881133664738048	2.7596579031510786
329	440	1.4179143160581589	1.6672526796658833	2.516166398922602
330	440	1.8617141076496668	2.3360664333615984	3.513937302998134
331	440	1.8912450869878132	2.042926033337911	3.1023183465003967
332	440	2.273585421698434	2.5533820561000278	3.4365085193089078
333	440	2.3682422637939453	3.013282110816554	3.6788987360502543
334	440	1.8506844183977913	1.7959448800367468	3.4046320774975944
335	440	1.6379091569355555	1.9418580532073975	3.183755670275007
336	440	1.3793001125256221	1.2805240700642269	2.542208676536878
337	440	1.2231483800070626	1.3013485499790736	2.0851319432258606
338	440	1.3604101117919474	1.1932300013654373	1.6545113815980799
324	441	1.0515459396622397	2.72747540473938	3.053452881899747
325	441	1.118896301303591	3.3659315620149886	3.137584226472037
326	441	1.3546580509705977	3.1242262450131504	3.432142040946267
327	441	0.9965868341295343	2.281964634594164	3.1785943508148193
328	441	1.2171361207962037	2.0439352772452613	2.625009688464078
329	441	1.4306939641634624	2.062138850490252	2.2341761688391366
330	441	1.9038996526173182	2.5065963779176985	2.832525440624782
331	441	1.8605937262376149	2.167628308137258	2.5192763010660806
332	441	2.4121594429016113	2.423203263963972	3.0029946054731096
333	441	2.606777504870766	2.5616112633755335	3.2736465805455257
334	441	2.0224834540311027	2.1668698016334984	2.8327391568352196
335	441	1.818224651472909	2.100607591015952	2.5278645924159457
336	441	1.614243025581042	1.7061747560898464	2.1781739393870034
337	441	1.414950328213828	1.4842240129198347	2.438592961856297
338	441	1.3713829026502722	1.50442636013031	2.373948798460119
324	442	1.2234524271704934	2.7595519802787085	3.343125820159912
325	442	1.2942782981055123	3.7524655716759816	2.94954674584525
326	442	1.2845724604346536	3.1979075345126065	3.371254184029319
327	442	0.9980197580237138	2.075838095263431	3.435606278871235
328	442	0.9330285131931305	2.2361972765489058	2.2800734259865503
329	442	1.0303980732957523	2.374965543548266	1.6448378413915634
330	442	1.2755635125296456	2.8846984079905917	1.6739035844802856
331	442	1.358541468779246	2.7973593274752298	1.4354988932609558
332	442	1.821404950959342	3.1158409118652344	1.9115644182477678
333	442	2.244508900140461	3.33967755970202	2.313114511339288
334	442	1.605511132408591	2.8539226756376377	1.906857497551862
335	442	1.312537934098925	2.4793676478522166	1.5136010135923113
336	442	1.3929011176029842	2.238042563199997	1.6165408194065094
337	442	1.2198932256017412	1.7455495936529977	2.6166776588984897
338	442	1.2936048858305986	1.698912585482878	2.8741710045758415
324	443	1.2638735446062954	1.7976581833579324	3.323001124642112
325	443	1.4663555366652352	2.4443648712975636	3.163191097123282
326	443	1.374131061814048	2.0553679682991723	3.3599274808710273
327	443	1.007747138801374	1.7862067724529065	3.0399357143201327
328	443	1.0631956160068512	1.6859472556547686	2.390197905627164
329	443	1.1244734873374302	2.1735865076382956	2.605424160758654
330	443	1.3989245550973075	2.8029186385018483	2.9010040760040283
331	443	1.5229748686154683	2.907730301221212	2.8955399990081787
332	443	2.022842151778085	3.1784582478659495	3.422288860593523
333	443	2.5432605241474353	3.335071839784321	3.1896228539316276
334	443	1.8168278932571411	2.984511557747336	2.228906947023728
335	443	1.558721763747079	2.3563505922045027	1.920099173273359
336	443	1.3849108864863713	2.2575055211782455	2.1515143364667892
337	443	1.236458650657109	1.341081142425537	2.257240499768938
338	443	1.3346137123949386	1.542185853509342	2.8348953864153694
324	444	1.1054135777733543	1.8830064210024746	2.550565481185913
325	444	1.4454420804977417	2.311263382434845	2.875794376645769
326	444	1.2120278748598965	2.1021136804060503	2.9276462468233975
327	444	0.8359116033503884	1.9692905200155157	2.4810591245952405
328	444	1.0174370646476745	1.6876742839813232	2.188379645347595
329	444	1.2029209012786548	2.3003170092900596	2.5708824396133423
330	444	1.6430203914642334	2.7588405438831876	3.001275454248701
331	444	1.813723862171173	3.0031360387802124	2.97722335656484
332	444	2.4891540663582936	3.140320198876517	3.4007292134421214
333	444	3.4247122061880013	3.3891933340775338	3.222741917559975
334	444	2.4696735073538387	2.9649152334998634	2.285607232766993
335	444	1.9221556867871965	2.2001066378184726	1.906283778803689
336	444	1.6949087431033452	2.285319373011589	1.995834653576215
337	444	1.0904889277049474	1.22954147202628	1.5042792558670044
338	444	1.2180150396683638	1.6320899479529436	2.069626773104948
324	445	1.2862819649956443	1.5671819340098987	2.116542783650485
325	445	1.572553813457489	1.7548812542642866	2.5543355090277537
326	445	1.2297381921248003	1.585416555404663	2.3022330457513984
327	445	1.1449887846645557	1.6309340439344708	1.8700011090228432
328	445	1.3266681671142577	1.2769106951626865	1.8735987056385388
329	445	1.4841162264347076	1.7240226765473683	2.1217374255259833
330	445	2.139413501535143	2.0782392706189836	2.5329403706959317
331	445	2.3816972573598227	2.0692816972732544	2.725499749183655
332	445	3.1941655703953336	2.208320311137608	3.210397686277117
333	445	4.099316007212589	2.7145600444392155	2.8827161161523116
334	445	2.7561897109536564	2.216277977999519	2.1985224765889786
335	445	2.276013902255467	1.77425502879279	1.601681922163282
336	445	1.9857029567162197	1.688999429345131	1.7642109940449398
337	445	1.5262527976717268	1.0370292961597443	1.2034001009804862
338	445	1.5241768009522383	1.6285109940697164	1.2920325503629797
324	446	1.412700273773887	1.4282115481116555	2.081364458257502
325	446	1.6357601966176714	1.707171014377049	2.196489146777562
326	446	1.2784123095599087	1.3950065916234797	1.9191346710378474
327	446	1.373395496293118	1.3147433494266711	1.8139565492931164
328	446	1.8653215169906616	0.8978742306882684	1.4762041243639858
329	446	2.120454822977384	1.1895105466246605	1.6403856078783672
330	446	2.874731148992266	1.4148012229374476	1.8405714971678597
331	446	2.9925378958384194	1.55772203207016	2.2803698778152466
332	446	3.4870314257485524	1.7243743624005998	2.552824224744524
333	446	3.4819490784092952	2.27555020859367	2.34304940700531
334	446	2.7620207702412323	1.87781340935651	2.01824810925652
335	446	2.6077762160982405	1.3117777875491552	1.3597473885331834
336	446	2.2811286648114524	1.3086201970775921	1.5269029140472412
337	446	1.9132038950920105	0.7990219593048096	1.1775023170879908
338	446	2.0189830205019783	1.3044876456260681	1.5319256642285515
324	447	1.3751531622626565	1.1858482577584006	2.951412894509055
325	447	1.6769267746380396	1.5651311022894723	3.0196439368384227
326	447	1.2343997305089778	1.6580154353922063	3.0279503518884834
327	447	1.301857220499139	1.2522153352436267	3.1031051811419035
328	447	1.5768786668777466	1.0046334754336963	2.595227219841697
329	447	1.9041379392147064	1.511613701780637	2.30373481909434
330	447	2.436953033719744	1.940535511289324	2.1534302490098134
331	447	2.5229055881500244	2.283198078473409	1.8323969344298046
332	447	2.8763472012111118	2.50861770766122	1.9480640036719186
333	447	3.104272767117149	2.7052669023212634	1.792643622348183
334	447	2.580033961464377	2.3109873603372013	1.7195585545371561
335	447	2.1588554552623203	1.5545067276273454	1.6324141408715929
336	447	1.9992365042368572	1.7026956329743068	1.6844631135463715
337	447	1.5751022781644548	0.8199388214520046	1.9711177604539054
338	447	1.8942522161147173	1.172052471076741	2.379228753202102
324	448	1.8232195052233608	1.5530315962704746	2.645239548249678
325	448	2.1938976645469666	1.7851117849349976	3.022919092859541
326	448	1.74438015981154	1.82746929472143	3.0384084528142754
327	448	1.4284099403180575	1.5476647301724082	3.032291286870053
328	448	1.692428708076477	1.5825411406430332	2.68548339063471
329	448	1.9151731083790462	1.8336753696203232	2.260313004255295
330	448	2.176257848739624	2.758269820894514	2.382384334291731
331	448	2.2893093824386597	2.7049806118011475	2.0272473792235055
332	448	2.4666785853249684	2.9938274792262485	2.1357596942356656
333	448	2.3324966242438867	3.2292382591649105	2.0170220513092842
334	448	2.343439123209785	2.821552641251508	1.8152927651124842
335	448	2.004234714167459	2.3247298087392534	1.8266998273985726
336	448	1.8413563817739487	1.9623078455527623	1.6654141594966252
337	448	1.5827882375035967	1.3300202318600245	1.8547566533088684
338	448	1.9578557645573336	1.439304628792931	2.385933518409729
324	449	2.371115196834911	2.070266376842152	2.4813892299478706
325	449	2.9621592419488088	2.098173899309976	2.8945887769971574
326	449	2.5319407419724898	2.3747463009574195	2.8408683863553135
327	449	1.3713286675904925	2.109671849953501	2.6941357662803247
328	449	1.6063024520874023	2.162706646052274	2.497455358505249
329	449	1.8955474694569905	1.894643137852351	2.3002566595872245
330	449	2.0313508255141124	2.5337535994393483	2.630428808076041
331	449	2.4547171195348105	2.1446231603622437	2.4841519395510354
332	449	3.1301234790257046	2.538687535694667	2.4737305641174316
333	449	2.620570659637451	2.9983794689178467	2.5120170492874947
334	449	2.374330050805036	2.127442717552185	2.2669070538352516
335	449	1.7137942143848963	2.26392332145146	1.9905554396765572
336	449	1.7957921077807744	1.5578839878241222	1.7984077284733455
337	449	1.2601396441459656	1.7729325805391585	1.7402661783354623
338	449	1.605435427497415	1.703573177842533	2.1122318576363956
324	450	2.6389857638965952	2.4518456675789575	1.6835015687075527
325	450	3.368975945881435	2.5978482961654663	2.3134157742772783
326	450	2.752956282008778	2.7756122675808994	2.3112794052470815
327	450	1.3936123220544112	2.463638556630988	2.080654219577187
328	450	1.5034072518348693	2.1683304093100806	1.6315467791123823
329	450	1.6705547720193863	1.7988339761892955	1.8961446285247803
330	450	1.860435196331569	2.22687498160771	2.4217930180685863
331	450	2.5449938674767814	2.089335689942042	2.3932406306266785
332	450	3.2333713599613736	2.5023703234536305	2.467209373201643
333	450	2.774869630211278	2.4864034966418616	2.6629717977423417
334	450	2.1606087965123795	1.8678593635559082	2.432980747783885
335	450	1.5492333344050817	1.7980254633086068	2.0228724224226817
336	450	1.5902704844872158	1.4378815641005833	1.8936226963996887
337	450	1.0513135535376412	1.6234719157218933	1.3840662411281042
338	450	1.4692361915812773	1.7953419825609993	1.6897864061243393
324	451	2.2997417233207007	2.909746386788108	1.3227769136428833
325	451	3.2352300882339478	3.1851337466921126	2.014938533306122
326	451	2.661717111414129	3.133410475470803	1.7562037923119285
327	451	1.4243491072403758	2.7464031294772497	1.7448114846882068
328	451	1.5516473174095153	2.366297570141879	0.9898676926439459
329	451	2.032230714956919	2.315845479567846	1.3423230797052383
330	451	2.2596498472349986	3.038601977484567	1.9509518572262354
331	451	3.0915141701698303	2.84011572599411	2.037697563568751
332	451	3.7420731612614224	3.2780701092311313	2.3671511581965854
333	451	3.243901516261854	3.45609712600708	2.916422806288067
334	451	2.6504976328681495	2.6343740154715145	2.566450694028069
335	451	1.877234263079507	2.2365234664508273	1.8512968676430839
336	451	2.059948538740476	1.7054521987835567	1.5701943933963776
337	451	1.1307731568813324	1.5353251695632935	1.1119004147393363
338	451	1.5807263430427103	1.946071842137505	1.4645132667878096
324	452	1.432547764344649	2.2543834989721123	1.256359176202254
325	452	2.328010788985661	2.4719247903142656	1.832292948450361
326	452	2.004666805267334	2.3090673576701772	1.5623011697422375
327	452	1.3841649231157804	2.498710324889735	1.5530591011047363
328	452	1.5551844835281372	2.066698767922141	0.9066953767429698
329	452	1.7650581151247025	2.317827026049296	0.8685174683729807
330	452	2.344640816961016	3.325615950993129	1.196012441601072
331	452	2.782922307650248	2.791439930597941	1.6197351614634197
332	452	3.2497272150857106	3.4452829360961914	1.7310845170702254
333	452	2.7265314993105436	3.8471205109044124	2.325882165055526
334	452	2.3880612639819874	2.831541846780216	1.9996037342969109
335	452	1.9910640972001212	2.6295658009392873	1.416488562311445
336	452	1.9732918391625087	1.6238775501648586	1.1376048922538757
337	452	1.2784540057182312	1.5655046360833305	0.9474792693342481
338	452	1.5339210454155416	1.9186501713360058	1.207075644941891
324	453	1.3076324517076665	2.3467187231237236	0.9724642092531378
325	453	2.002413511276245	2.695085414818355	1.644077249935695
326	453	1.7443434325131504	2.4656331755898218	1.4632814905860207
327	453	1.3384400449301068	2.54411927022432	1.51769925418653
328	453	1.4286985874176026	1.9646272550929675	1.0628548589619724
329	453	1.3159064749876659	2.004137416680654	0.9943012346824011
330	453	1.7830217395509993	2.764175363949367	1.6791892051696777
331	453	1.6161735157171886	2.1570294996102652	1.928399791320165
332	453	1.523912480899266	2.6855245658329556	2.2459030832563127
333	453	1.8342536060433638	3.1986713660390755	2.5174178575214587
334	453	1.4303706042906816	1.9494825601577759	1.864738338133868
335	453	1.4850928400244032	2.3639405369758606	1.521227308682033
336	453	1.1986632198095322	1.40935085217158	1.1196501528223355
337	453	1.0598319258008684	1.555390545300075	0.9742332909788404
338	453	1.2865829958635218	1.7540292880114388	1.106916203218348
324	454	1.7291526686061511	2.232476093552329	2.1155747933821245
325	454	2.20820323910032	2.6058824828692844	2.404604826654707
326	454	1.9437757513739846	2.365511720830744	2.2217396172610195
327	454	1.5082881387911344	2.353338078448647	1.8797297164013511
328	454	1.4430725574493408	1.6330579085783525	1.355619333007119
329	454	1.3544264783461888	1.5580115467309952	0.9710017368197441
330	454	1.8937928591455733	2.3127107875687734	1.6692628945623125
331	454	1.7871348857879639	1.962207516034444	1.6700832347075145
332	454	1.5678390264511108	2.4433268138340543	2.1981866700308665
333	454	1.9331275538394326	2.9917203752618087	2.6111897669340434
334	454	1.4930964568082024	1.7098588873358334	1.730908099342795
335	454	1.3991019214902605	1.8573338389396667	1.6107459664344788
336	454	1.3996861626704533	1.1673465271790822	1.29515607158343
337	454	1.1856646622930254	1.2360716589859553	1.1845682859420776
338	454	1.3010394923827227	1.44344961643219	1.3696055272046257
324	455	2.1900412277741865	2.3520146174864336	2.885453289205378
325	455	2.266222391809736	2.819410341126578	3.336626648902893
326	455	1.9636145613410256	2.387204647064209	2.827840880914168
327	455	1.5400647991581966	2.3151273288224874	2.1948124484012
328	455	1.3889476776123046	1.7458261034705422	1.9019798690622503
329	455	1.356964831550916	1.6572882682085037	1.0717923889557521
330	455	1.6983984453337533	2.241507419518062	2.1344267470496043
331	455	1.86258864402771	1.9515315294265747	1.9019230206807454
332	455	1.4361155714307512	2.3350371292659213	2.5429725306374684
333	455	2.285881343640779	2.9127634512750724	2.9516312197635046
334	455	1.753060922903173	1.8737262347165276	2.3391266780741073
335	455	1.6444217988422938	1.9802086183003016	2.166974740368979
336	455	1.5073238809903462	1.5140819450219472	1.5956999013821285
337	455	1.2639403258051192	1.2296338890280043	1.4281336154256548
338	455	1.5050656550070818	1.4675413720748003	1.496384273557102
324	456	2.6627390384674072	2.4426754496314307	3.3695509000258013
325	456	3.0569042648587907	2.813441276550293	3.8580484219959805
326	456	2.772800250486894	2.611154707995328	3.20369384505532
327	456	1.9557274391776638	2.650307623963607	2.394752025604248
328	456	1.6575579285621642	2.0716708573428066	2.196479472247037
329	456	1.3881446421146393	1.8389843205610912	1.1704148997863133
330	456	1.6945022089140755	2.4843577657427107	2.220145114830562
331	456	1.7180588940779369	2.129456718762716	1.818180650472641
332	456	1.2724516902651106	2.565953152520316	2.4483446393694197
333	456	2.018027086006968	3.0204642258192362	2.9016342414052865
334	456	1.7768720248166252	1.8573066416908712	2.4288904246161964
335	456	1.5696211116654533	2.1494359288896834	2.4208393692970276
336	456	1.2506586536765099	1.6480138301849365	1.6362444857756298
337	456	1.371907936675208	1.483012114252363	1.618179304259164
338	456	1.618315668667064	1.7283249532475191	1.5530881881713867
324	457	2.481313878839666	2.7279496626420454	3.156114101409912
325	457	3.460389886583601	3.1297007288251604	3.5399842773165022
326	457	3.0842758308757436	2.921625267375599	2.839780504053289
327	457	2.0468945565976595	3.0026869648381282	2.346940887601752
328	457	1.8201208233833313	2.7574856931513008	2.0852280204946343
329	457	1.659979561964671	2.6392503877480826	1.392748475074768
330	457	2.0541000025612965	3.52366372517177	2.3653913821492876
331	457	1.972810576359431	3.1907493074735007	2.0187115172545114
332	457	2.072418894086565	3.711296319961548	2.636169637952532
333	457	2.5399036972146285	4.102487513893529	3.1706178188323975
334	457	1.933621743146111	2.7845226175644817	2.6273758271161247
335	457	1.8884362493242537	3.2849996260234287	2.6949740648269653
336	457	1.568152775367101	2.3395177870988846	1.7574932078520458
337	457	1.6865264092172896	2.142008662223816	1.5581591810498918
338	457	1.8782900782192455	2.0553525055156037	1.4131741874358232
324	458	2.29556189883839	2.8414103117856113	2.153795697472312
325	458	3.276884538786752	3.1317827020372664	2.1322795237813676
326	458	3.079588695005937	2.722901214252819	1.966442812572826
327	458	2.484892619283576	2.7920899391174316	1.9771015706815218
328	458	2.46045126914978	2.422299710187045	1.5855301835320212
329	458	2.5304171244303384	2.314460575580597	1.3109689752260845
330	458	2.798901779311044	2.7948853969573975	1.6343379616737366
331	458	2.6569368044535318	2.648417909940084	1.323147455851237
332	458	3.0652034963880266	2.909671034131731	1.533872025353568
333	458	2.682954763111315	3.011987698705573	2.123990454171833
334	458	2.200851321220398	2.283640742301941	2.0129303721820606
335	458	2.241151673453195	2.7519960403442383	2.089687628405435
336	458	2.200603500008583	2.0365364402532578	1.1065121566255887
337	458	1.9945734143257141	2.0636126824787686	1.336185131754194
338	458	2.134526252746582	2.1806864738464355	1.426581151345197
324	459	2.1458641507408838	2.5061712481758813	1.7966767224398525
325	459	2.8196348462785994	2.580300041607448	1.6944475684847151
326	459	2.6972585157914595	2.1337555321780117	1.607083342292092
327	459	2.552306765004208	2.1685416823939274	1.6974113991386013
328	459	2.367856740951538	1.7134682156822898	1.2774116884578357
329	459	2.682756414016088	1.8129834830760956	1.4904091656208038
330	459	3.00334290095738	1.9528649960245406	1.7077449815613883
331	459	3.0599947571754456	2.010455002387365	2.1085759898026786
332	459	3.6209490980420793	2.20793502671378	2.155798758779253
333	459	3.541075631191856	2.267173171043396	2.1634798865569267
334	459	2.921424150466919	1.9678994276944328	2.1450386257732617
335	459	2.541417820113046	1.9610582419804163	1.6577147500855582
336	459	2.495299061139425	1.6540372371673584	1.4810166309277217
337	459	2.0975017717906406	1.6987078615597315	1.1753772241728646
338	459	2.2674457956762875	1.9980168763329	1.3110759363454931
324	460	1.8742215091531926	2.4605704004114326	1.497912266037681
325	460	1.8944398079599654	2.3984271458217075	1.486308217048645
326	460	1.8133017366582698	2.010605638677424	1.153426311232827
327	460	2.221940090781764	1.9422152858031423	1.493957757949829
328	460	1.661422884464264	1.6109430573203347	1.207832564007152
329	460	1.9442822337150574	1.6528957188129425	1.5798550893863041
330	460	2.279496465410505	1.813340893813542	2.0574566892215183
331	460	2.485771596431732	1.9063255389531453	2.3679563800493875
332	460	2.9378441401890347	2.112403324672154	2.6776637009211948
333	460	2.9305116879312614	2.0557219856663753	2.703558194009881
334	460	2.6471077694612393	1.9269191096810734	2.470390095430262
335	460	2.03030526638031	1.910315556185586	1.9795423916407995
336	460	2.112697576483091	1.6758821457624435	1.7105612655480702
337	460	1.8254196984427316	1.502877312047141	1.295972764492035
338	460	1.9514750943464392	2.0434936986250034	1.3555016903316273
324	461	2.0351492274891245	1.9340872222726995	1.8969968448985706
325	461	2.392957832132067	2.1846652712140764	2.0662933077131
326	461	2.070888183333657	1.8323199857365002	1.6262644637714734
327	461	2.099378322300158	1.464536146113747	1.6106755796231722
328	461	1.2329798221588135	1.7480113831433384	1.4488692717118696
329	461	1.6151895572741826	1.5100587556759517	1.4776253600915272
330	461	1.8641305821282523	1.9915585006986345	2.108856882367815
331	461	2.1366667449474335	2.0426920553048453	2.3462347388267517
332	461	2.5505055359431674	2.284912211554391	2.8129262242998396
333	461	2.7170403191917822	2.5265778114921167	2.942029175005461
334	461	2.30447177325978	2.1636562137042774	2.859769344329834
335	461	1.4173763138907296	2.08903237751552	2.061246003423418
336	461	1.610498532652855	1.8171506424744923	1.7218528985977173
337	461	1.3695455959865026	1.3743752666882105	1.4591951966285706
338	461	1.9362397895139807	1.4806296895532047	1.2525441085591036
324	462	2.5337591604752974	2.023933930830522	2.086498097939925
325	462	3.072158932685852	2.6696242775235857	2.1445316076278687
326	462	2.6898610591888428	2.444515510038896	1.6344939795407383
327	462	2.1342585839723287	1.5849604857595343	1.7396147502096075
328	462	1.5838671684265138	1.8792509274049238	1.5306967063383623
329	462	1.6009794821341832	1.6269860019286473	1.4323472529649734
330	462	1.5177278348377772	2.2636085663522993	2.1112117597035
331	462	1.7761391699314117	2.116625130176544	2.368191103140513
332	462	2.0231897830963135	2.4582691873822893	2.7850539003099715
333	462	2.372845016027752	2.925071063794588	2.9926656045411764
334	462	1.9740664748584522	2.4125118746477017	2.92400318033555
335	462	1.1560604657445634	2.086537684713091	2.0750466074262346
336	462	1.4240957548220952	1.8302060415347416	1.643765037258466
337	462	1.54459525006158	1.2236854944910323	1.4236721396446228
338	462	2.11220316325917	1.2368640829535091	1.2685195943888496
324	463	2.5628597302870317	1.9300675934011287	1.6793997179378162
325	463	2.9146705695561	2.6954344511032104	2.032322440828596
326	463	2.4641597270965576	2.3880508812991055	1.5841448307037354
327	463	1.9724279830330296	1.710929644735236	1.5431444958636635
328	463	1.4409528493881225	1.8905995000492444	1.5544498616998845
329	463	1.4277875026067097	1.48808557788531	1.4924414207537968
330	463	1.4162799630846297	2.1052249499729703	1.769960675920759
331	463	1.6444372534751892	2.000397115945816	1.568006197611491
332	463	1.9591133764811925	2.616692543029785	1.8514731611524309
333	463	1.9385565519332886	3.0835119799563757	2.0169404682360197
334	463	1.706720513456008	2.2161046126309563	1.82400442572201
335	463	1.041276569877352	1.784407411302839	1.5016383358410426
336	463	1.1084832822283108	1.6611478974421818	1.3837196032206218
337	463	1.404152819088527	1.1507689569677626	1.3985943368503027
338	463	1.8956743128159468	1.1114122131291557	1.4851730571073645
324	464	2.363542242483659	1.2759136232462795	1.710100303996693
325	464	2.587493521826608	2.2629612939698354	1.8839006679398673
326	464	1.8664524446834216	1.8989004763689907	1.537636702710932
327	464	1.3417296095898277	1.3299926205685264	1.457674177069413
328	464	1.024315643310547	1.507253419269215	1.3378268588672986
329	464	1.0575851773222287	1.3498257448275883	1.5414706865946453
330	464	1.2574909925460815	1.744236980165754	1.5278600369180952
331	464	1.5484876036643982	1.8099340498447418	1.5095134675502777
332	464	2.0491553374699185	2.3462813922337125	1.5792658158711024
333	464	2.178837725990697	2.7995859447278475	1.8891195058822632
334	464	1.84128737449646	1.858011147555183	1.6093268464593327
335	464	1.0180753256593431	1.4669415269579207	1.3096058453832353
336	464	0.9006055196126302	1.3831113179524739	1.5279220541318257
337	464	0.9630733770983559	0.9903225515569959	1.3457239440509252
338	464	1.3665812015533447	1.0378386483472937	1.5341513297137093
324	465	2.3195203325965186	0.9971712123263966	1.8350585915825584
325	465	3.09283983707428	1.8473624757358007	1.7775050061089652
326	465	2.6506225195798008	1.5548540137030862	1.4357484037225896
327	465	1.5435607182352167	1.1151622816136009	1.4869171004546315
328	465	1.5965267896652222	1.3613344864411787	1.4122994271191684
329	465	1.5606566468874614	1.0555243889490764	1.6419872293869655
330	465	1.7471776264054435	1.393694477421897	1.5637065512793404
331	465	1.9416987399260204	1.267682949701945	1.5958203574021657
332	465	2.5224017756325856	1.6388770852770125	1.7207924127578735
333	465	2.4572386365187797	2.1602062300631872	2.294973850250244
334	465	1.9101907014846802	1.4931102359996122	1.7221587826223934
335	465	1.3015950066702706	1.2841246383530753	1.4149059312684196
336	465	1.201358288526535	1.1170809715986252	1.720792402823766
337	465	1.0958412885665894	0.9554808778422219	1.5517561435699463
338	465	1.475448959013995	1.1359443068504333	1.7654744526919197
324	466	2.5423424027182837	1.612197680906816	1.691122596914118
325	466	3.108120117868696	1.7700281313487463	1.631662734917232
326	466	2.717117027802901	1.5520961826497859	1.400653058832342
327	466	1.588704686415823	1.6514104792946263	1.414603735271253
328	466	1.6891812682151794	1.4034038673747669	1.2875586856495251
329	466	1.5177812228600185	1.2995948841174443	1.4860354910294216
330	466	1.702770275729043	1.348207218306405	1.5214566418102808
331	466	1.7707611819108326	1.3238923748334248	1.610311637322108
332	466	2.446467399597168	1.6098510708127702	1.8585073777607508
333	466	2.1762193002198873	2.020598104125575	2.566310430827894
334	466	1.7522858100778915	1.4494452967363245	1.865157169454238
335	466	1.361836497272764	1.227557693208967	1.4733178104673113
336	466	1.0791430572668712	1.1324836984276772	1.6426490545272827
337	466	1.1846861115523748	0.9860360452107021	1.4211062618664332
338	466	1.3727213565041037	1.219922759953667	1.6236803251154281
324	467	1.667180288921703	1.763110420920632	1.571245085109364
325	467	2.0640060816492354	2.135028200490134	1.5798696790422713
326	467	2.010497635061091	1.9277593222531406	1.3769686438820579
327	467	1.412983803372634	1.8204174731907092	1.292337787778754
328	467	1.2669071197509765	1.4957325241782449	1.2223280451514504
329	467	1.3757048472762108	1.5226246168216069	1.355851873755455
330	467	1.406327166727611	1.6804195131574358	1.7241414444787162
331	467	1.822330156962077	1.7992498179276784	1.9013789196809132
332	467	2.2770406178065707	2.192887851170131	2.494942835399083
333	467	2.6013324888128984	2.1451943987294246	3.227591301265516
334	467	2.0647996734170353	1.6091328859329224	1.91339489291696
335	467	1.6669347286224365	1.3597734911101205	1.5767034121922083
336	467	1.4826219479242961	1.3208014319340389	1.7133201658725739
337	467	1.0966498681477137	1.0676812529563904	1.3175677401678902
338	467	1.2871121939490824	1.41957429226707	1.3564204258077286
324	468	2.1898805878379126	2.3848530379208652	2.0444677743044766
325	468	2.7303958109446933	2.913836717605591	2.4296501704624722
326	468	2.569817478006536	2.87813308022239	2.1255987990986216
327	468	1.8286462645781667	2.121466561367637	1.570089290016576
328	468	1.6643327474594116	1.8525629151951184	1.5985347574407405
329	468	1.4369303683439891	2.3552482773860297	1.9148381153742473
330	468	1.7658377204622542	2.8072454077856883	1.989336907863617
331	468	1.8797218998273213	3.071790019671122	2.345874716838201
332	468	2.603074380329677	3.8431672028132846	2.5022267954690114
333	468	3.417605400085449	3.7006084542525444	2.520440202010305
334	468	2.588634455905241	2.5316745673908905	2.1076780136893776
335	468	2.174023347241538	2.0333453672272817	1.665064011301313
336	468	1.6150851597388585	2.1402024626731873	1.8453533748785655
337	468	1.217112613575799	1.3499059421675546	1.3474500179290771
338	468	1.2888800536884981	1.6634325069539688	1.4066266592811136
324	469	2.7605143677104604	2.9133676398884165	2.7969054742292925
325	469	3.2727618558066234	3.1428800651005337	3.067116345678057
326	469	3.364338744770397	2.9688223708759653	3.2636725902557373
327	469	2.6542315232126334	2.3367652767582943	2.469960852673179
328	469	2.5146324157714846	2.209309046918696	2.183483037081632
329	469	2.293651133775711	2.7779433727264404	2.4148682951927185
330	469	2.5946888753346036	3.5095471995217458	2.3765563453946794
331	469	2.39367405573527	3.7482475638389587	2.691632390022278
332	469	2.7200871535709927	4.864724091121128	2.8957040309906006
333	469	3.306040964628521	5.089573383331299	2.4806715626465645
334	469	2.8736147039076863	3.26548573550056	2.1544402136522183
335	469	2.5357015984398976	2.81722697189876	1.8229965312140328
336	469	2.2213920454184213	2.622386634349823	2.03606645266215
337	469	2.0102549365588596	1.7394297208104814	1.7258382950510298
338	469	2.0604036134832047	1.930377160801607	2.014820295221665
324	470	2.9895256649364126	2.799336173317649	2.6050044189799917
325	470	3.2697944470814297	3.1121818338121687	2.899602174758911
326	470	3.225529605692083	2.61663649298928	3.2449922344901343
327	470	2.78432886224044	2.4479172794442428	2.6381569787075647
328	470	2.6750142574310303	2.249045263637196	2.1922813870690088
329	470	2.4563076496124268	2.548755253354708	2.426472087701162
330	470	2.8737547057015553	3.439606087548392	2.595975773675101
331	470	2.587370296319326	3.6889323194821677	2.8178500731786094
332	470	2.934220518384661	4.589359692164829	2.995256321770804
333	470	3.4099276567760266	5.0640481898659155	3.1209624566529928
334	470	3.1415229825412525	3.591023150612326	2.751455910065595
335	470	2.7542449235916138	3.022621989250183	2.1924479688916887
336	470	2.307547171910604	2.5132386684417725	2.2869655887285867
337	470	2.276805247579302	1.9061600821358817	1.88115222964968
338	470	2.201783348532284	1.800104674170999	2.040671432719511
324	471	2.712758324363015	2.4448235685175117	3.108086954463612
325	471	2.9156945603234425	2.432264651571001	3.0089502845491682
326	471	3.062507542696866	2.232493660666726	3.175293207168579
327	471	2.9201332895379317	2.4044709895786487	2.9962540551235803
328	471	2.3392902612686157	2.0818315852772105	2.2412221973592583
329	471	2.3411771655082703	2.161946033438047	2.175499419371287
330	471	2.495703067098345	2.451812778200422	2.1057131034987315
331	471	2.3923208514849343	2.579552431901296	2.2320815324783325
332	471	2.504520450319563	3.318067959376744	2.35067309652056
333	471	2.667761338384528	4.224177987951982	2.8140622691104284
334	471	2.5043188403634464	3.1729285156025604	2.494553425732781
335	471	1.8255258628300257	2.4747886828013828	2.1508680156299045
336	471	1.9195402363936107	2.0405977418025336	2.2697856724262238
337	471	1.9378482443945748	1.7064791321754456	2.3596950258527483
338	471	2.301364309647504	1.686182456858018	2.6401520196129296
324	472	2.3540067347613247	2.1946315440264614	2.9472793232310903
325	472	2.717704474925995	2.0826455950737	2.697428345680237
326	472	2.4436927275224165	1.980253360488198	2.622121420773593
327	472	2.3004920357152034	2.360014369613246	2.7760820388793945
328	472	1.651191520690918	1.7245477871461348	2.052835551175204
329	472	1.566103349129359	1.8550522128740947	2.0000961820284524
330	472	1.8669875179018294	2.4221110003335133	2.4407443829945157
331	472	1.8692050675551097	2.3392106890678406	2.3076454798380532
332	472	2.265984126499721	3.333096946988787	2.5926108019692555
333	472	2.884176028402228	3.5278650083039937	3.240360975265503
334	472	2.250928514144	3.038638802135692	2.576359314077041
335	472	1.6408635122435433	2.183758854866028	2.267685191971915
336	472	1.4341969589392345	1.8161006023486455	2.059378350774447
337	472	1.4963331733431136	1.5322717343057906	2.360464470727103
338	472	1.7764598551918478	1.393630729002111	2.589463668711045
324	473	2.3479688492688267	2.1874598264694214	2.334879831834273
325	473	2.6904944522040233	1.866143090384347	2.166064373084477
326	473	2.450515638698231	2.035953651775013	2.131760683926669
327	473	2.242633167066072	2.2414958226053336	2.672801030309577
328	473	1.8418872356414795	1.4570157636295666	2.2955952991138804
329	473	1.7274632851282756	1.7890006800492604	2.4978312651316323
330	473	2.179934016295842	2.2293292794908797	2.919393403189523
331	473	2.0249030093352	2.4060056606928506	2.8868707418441772
332	473	2.33486693246024	3.324115412575858	3.3581230299813405
333	473	2.870683971204256	3.258392660241378	4.0099883957913045
334	473	2.4614374357111313	2.7504332556444058	3.2397075120140526
335	473	2.0881845695631847	1.7294245277132307	2.6975109577178955
336	473	1.8678135722875595	1.6969623863697052	2.5118268628915152
337	473	1.8169981922422136	1.1549190878868103	2.447618671825954
338	473	1.8789788624819588	1.2943436187856339	2.5494184914757225
324	474	2.213605761528015	2.504380377856168	2.352857633070512
325	474	2.4649510894502913	2.0711861848831177	2.0901682462011064
326	474	2.387205644087358	2.5888962095434014	2.222239364277233
327	474	2.0960106598703483	2.7489834082754037	2.6931314844834175
328	474	1.7713561415672303	1.464009480042891	2.4257241162386807
329	474	1.746852586666743	1.767691100637118	2.753053456544876
330	474	2.3469357235091075	2.113541534968785	3.2105549573898315
331	474	2.3189918796221414	2.5134045084317527	3.210205892721812
332	474	2.6193446091243198	3.2792393139430454	3.7149550914764404
333	474	2.965068904977096	3.2682435261575797	4.445998417703729
334	474	2.67761370714973	2.73505919119891	3.4866028954001034
335	474	2.409510084560939	1.3381527704851968	2.894178901399885
336	474	1.9550651609897614	1.5832677235205967	2.764790713787079
337	474	1.767917914049966	1.1597271050725664	2.4982024260929654
338	474	1.899639269884895	1.3756837003371294	2.5760199182173786
324	475	2.31340351971713	2.349741751497442	2.4415788000280205
325	475	2.8176282473972867	2.315791521753584	2.3646215200424194
326	475	2.6405942223288794	2.1326259049502285	2.557186083360152
327	475	2.0925215670936987	2.2853269827993294	3.056509168524491
328	475	2.353608322143555	1.2644374478947034	2.3521472865884956
329	475	2.467327505350113	1.4408756097157795	2.2111462404330573
330	475	3.5145081281661987	1.7926969272749764	2.463816557611738
331	475	3.366916020711263	2.201749930779139	2.224118173122406
332	475	3.6997001852308	2.6381799493517195	2.447180816105434
333	475	4.089113411150481	2.543880036002711	3.136849754735043
334	475	3.733190985286937	1.913049760986777	2.527274762882906
335	475	3.19621137210301	1.2084397162709917	2.3351588589804515
336	475	2.578522115945816	1.5375571846961975	2.1121727526187897
337	475	2.2262684447424754	1.2163687433515276	2.053987775530134
338	475	2.078795510179856	1.5144321357502657	1.968997029697194
324	476	2.354217767715454	2.8801649917255747	2.7954475446180864
325	476	2.836891242436	3.097594516617911	2.8700165237699236
326	476	2.6386549256064673	2.854826320301403	3.0008376078172163
327	476	2.0334907393706474	2.2873853507794832	3.0838066778684916
328	476	2.062760293483734	1.6682208993218162	2.2848442901264536
329	476	2.121687740087509	1.8133227874835331	1.948098510503769
330	476	3.0369960921151296	2.5220843894141063	2.123892911842891
331	476	2.6980384389559426	2.6719141602516174	1.7729060351848602
332	476	2.81931471824646	3.287714515413557	2.0714718784604753
333	476	3.207259441676893	2.9563041862688566	2.7950386373620284
334	476	3.041024278191959	2.347029917380389	2.1506002720664528
335	476	2.5418175969805037	1.657888446535383	2.0972477793693542
336	476	2.087151120106379	1.8573555548985798	1.6296709179878235
337	476	1.716267568724496	1.3328690784318107	1.8753033876419067
338	476	1.735102520269506	1.5762642061009127	1.7403153812184053
324	477	2.2695142139088023	3.00508731061762	2.815481120889837
325	477	2.770164200237819	3.297458222934178	3.0248829977852956
326	477	2.50775746865706	3.4839260144667192	3.05369817126881
327	477	2.2100640598096346	2.3105713442752234	2.700669338828639
328	477	2.164554977416992	1.9953357523137873	2.1716354110024194
329	477	2.2991768618424735	1.9961376388867695	1.5845444798469543
330	477	2.9706416811261858	2.6505222150257657	2.153518114771162
331	477	2.5213301181793213	2.945692241191864	1.7260400454203289
332	477	2.720264877591814	3.519268308367048	2.095874173300607
333	477	3.119858465696636	2.7201944275906214	2.629488706588745
334	477	2.6850793922648712	2.1331681784461525	2.1545359457240387
335	477	2.362214667456491	1.550034020628248	2.016920566558838
336	477	2.072363759080569	1.843463619550069	1.3487181315819423
337	477	1.7944162147385734	1.42951500415802	1.6085948262895857
338	477	1.9574092135709875	1.6582079985562492	1.217125208938823
324	478	2.2479370940815318	3.6042354106903076	2.695037841796875
325	478	2.967696922166007	3.5222064086369107	3.1173483984810963
326	478	2.5556863004511055	4.029904994097623	2.9151935794136743
327	478	1.9103182616986727	2.8570025594610917	2.5509628998605827
328	478	2.1468180656433105	2.493824915452437	2.189513748342341
329	478	2.194416493177414	2.0847246100505195	1.827680880824725
330	478	2.880990283829825	2.6234577894210815	2.247579106262752
331	478	2.5657446583112082	2.669051766395569	2.223421633243561
332	478	2.64356677872794	3.397116388593401	2.278943811144148
333	478	3.041309959010074	3.0898734142905786	2.470287824931898
334	478	2.522039469550638	2.040536501828362	2.185980614493875
335	478	2.2948576382228305	1.6022117478506905	2.096777924469539
336	478	2.0853865891695023	1.6697511126597722	1.8216925462086995
337	478	1.74490658726011	1.603725586618696	1.62160348040717
338	478	1.7092727983699125	1.778056025505066	1.2337854083846598
324	479	2.341367710720409	2.852414998141202	1.839676943692294
325	479	3.4341823203223094	2.5225415229797363	1.9270718608583723
326	479	2.6578687971288506	2.9700686714865943	1.9742889187552712
327	479	1.8761833278756392	2.765496567675942	1.9409645733080412
328	479	2.067753851413727	2.1744809692556206	1.5326451496644453
329	479	2.0583635171254477	1.961706628402074	1.6357790331045787
330	479	2.801529220172337	2.1866547550473894	2.1009827171053206
331	479	2.6203534404436746	2.598850111166636	2.317258358001709
332	479	2.9839016028812955	3.111602987561907	2.6233987467629567
333	479	3.341400058645951	3.132057685601084	2.707264548853824
334	479	2.39951595138101	1.960688261424794	2.2650199918185963
335	479	2.4355893645967757	1.4281913893563407	1.7941390531403678
336	479	1.8182362268368404	1.4984599550565083	1.7236561924219131
337	479	1.7008738602910722	1.5874906863485063	1.1483260095119476
338	479	1.5842175974565393	2.0159198536592373	1.042680915664224
324	480	1.9580670161680742	2.7846995267001065	1.81662287495353
325	480	2.6404328857149397	2.4801223959241594	1.9978842650141035
326	480	2.059389894658869	2.606591289693659	2.0679744373668325
327	480	1.563346034602115	2.5686308710198653	1.7440624048835354
328	480	1.3855776190757751	1.853265567259355	1.5403875546021895
329	480	1.3868485540151596	1.7645507057507832	1.6129809071620305
330	480	1.9917638897895813	1.7753247022628784	2.132165023258754
331	480	2.028556535641352	2.1562557220458984	2.2190853357315063
332	480	2.5453308650425504	2.809909309659685	2.661088057926723
333	480	2.9950725279356303	2.9332264850014136	2.7495451977378442
334	480	1.869636058807373	1.7823147773742676	2.3444427602431355
335	480	1.6819299289158411	1.3888241137777055	1.8399522304534912
336	480	1.322370859483878	1.3927595416704814	1.6714005917310715
337	480	1.1142558200018746	1.6737060291426522	1.154910956110273
338	480	1.3261197980712442	2.380568027496338	1.1982834023587845
324	481	1.4275749163194136	2.8299420963634145	1.6621120409532026
325	481	1.7853571431977409	2.4676798582077026	1.784854097025735
326	481	1.7322392138567837	2.151809399778193	1.6254681457172742
327	481	1.5006524951834428	2.3502425833752283	1.723992385362324
328	481	1.3042527437210083	1.5636265386234631	1.1208139766346326
329	481	1.5017630010843277	1.6792440563440323	0.9788812200228373
330	481	1.8124250854764665	1.6622629846845354	1.2651373786585671
331	481	2.0779124001661935	2.0178785224755607	1.1518697043259938
332	481	2.432675804410662	2.4548819746289934	1.2432073184422083
333	481	2.7156451375860917	2.856951951980591	1.759599767233196
334	481	1.8266841032925774	1.9554885415469898	1.5375638428856344
335	481	1.6469375235693795	1.5919697029250008	1.1449910828045435
336	481	1.2771444618701935	1.5253639320532482	1.250792699555556
337	481	0.9618543003286634	1.6121917707579476	1.0091396016733987
338	481	1.3413034887874828	2.321962195284226	1.2459196343141443
324	482	1.423494902524081	3.03708308393305	1.7769621285525234
325	482	1.7723331792013985	2.554013967514038	2.040827444621495
326	482	1.9325974854555996	2.1287467696449975	1.8389191085642034
327	482	1.4652493690189563	1.835951610615379	1.76217656386526
328	482	1.3227140188217164	1.3690318627790972	1.225376844406128
329	482	1.5767454107602437	1.3391439815362294	1.0446784148613613
330	482	1.8775066222463335	1.3424690961837769	1.3047392794064112
331	482	2.136895408233007	1.683978796005249	1.2126280963420868
332	482	2.316096680504935	2.1701630353927612	1.4461911746433802
333	482	2.5605810566952356	2.3394117480830143	1.7523338480999595
334	482	1.9173249567256254	1.8318019404130823	1.4480564313776352
335	482	1.6668025595801217	1.424177612577166	1.1701368221214838
336	482	1.3670695299903552	1.3706239759922028	1.054615594446659
337	482	0.9348141806466239	1.5070668373789107	1.0155083664825983
338	482	1.22212574411841	2.2116589616326725	1.2879595826653873
324	483	1.7439382076263428	2.9866104559464888	1.9020053798502141
325	483	2.0456541861806596	2.628936801637922	2.1349092381341115
326	483	2.035789229653098	2.4270999431610107	2.1270006678321143
327	483	1.7238552821309943	1.986719890644676	1.855573528691342
328	483	1.4602277636528016	1.6073659983548252	1.204384901306846
329	483	1.3760536114374797	1.2509337489803631	1.2354020078976948
330	483	1.7167143821716309	1.5465755207198006	1.4147762400763375
331	483	1.6489266057809193	1.5428959429264069	1.4031146268049877
332	483	1.7170463119234358	2.1366409233638217	1.7148771626608712
333	483	2.1529882707093893	2.529169716333088	2.1448025954397103
334	483	1.6071183190626257	1.9547948977526497	1.4626365689670338
335	483	1.55641222851617	1.6191879681178503	1.2336458095482417
336	483	1.1503143335382144	1.1633703708648682	1.0492547824978828
337	483	0.9865378226552691	1.2650919343744005	1.1550096741744451
338	483	1.2559653064783882	2.051423865206101	1.5618124358794268
324	484	1.8504524989561602	3.130543665452437	2.478394931012934
325	484	1.8897363032613481	3.2099983862468173	2.36936845098223
326	484	2.213035735217008	2.934509342366999	2.4322788932106714
327	484	2.035667149644149	2.0691368203414116	2.181665069178531
328	484	1.3366302967071533	1.9218695055354724	1.4436282027851453
329	484	1.4208164686957996	1.3985033631324768	1.237300992012024
330	484	1.2069909572601318	2.0839904376438687	1.586988023349217
331	484	1.6613908509413402	1.4874044160048168	1.8147359291712444
332	484	1.6511473485401698	2.3033764021737233	2.3907676083701
333	484	2.284114486292789	2.5952345070086027	3.089288222162347
334	484	1.3380924638579874	2.263044665841495	2.1443524921641632
335	484	1.1205230610711234	1.9855817641530717	1.5683071528162276
336	484	1.1655383482575417	1.0582987864812214	1.3610161741574605
337	484	1.085860856941768	0.984107473066875	1.4200394238744463
338	484	1.5784745076123405	1.9549076066297644	1.5088878309025484
324	485	1.6791361136869951	2.5912349224090576	1.943282810124484
325	485	1.8978601779256548	2.9543496540614536	1.8559959105082922
326	485	2.3903895941647617	2.839676011692394	1.9661847894841975
327	485	2.0200855920189307	2.1075677997187565	2.079702138900757
328	485	1.3498478651046752	2.027316852049394	1.337778167291121
329	485	1.5919747948646545	1.289332501590252	0.9968175664544106
330	485	1.5971641795975822	1.7929910932268416	1.4288395685808999
331	485	1.9424050549666088	1.5242502987384796	1.6259575883547466
332	485	2.199594667979649	1.93699084009443	2.2106961522783553
333	485	2.864995893679167	2.3665200597361515	2.950817032864219
334	485	1.8243462758905746	2.0501343783210304	2.034518564448637
335	485	1.4552905985287257	1.9441277469907488	1.5936878664152963
336	485	1.42225381731987	1.2770925536751747	1.4256528317928314
337	485	1.041895180940628	1.1126320447240556	1.5669014198439462
338	485	1.4716338129604565	1.3724658173673294	1.627263770383947
324	486	1.7858856482939287	2.7483796206387607	2.5688364072279497
325	486	2.196956123624529	3.2507159199033464	2.7224567106791904
326	486	2.5411039048975166	2.9813959165052935	2.4602961756966333
327	486	1.995520459978204	2.0390440162859464	2.302092721587733
328	486	1.6220064997673034	1.9031155434521763	1.6449756297198208
329	486	1.6765732367833455	1.1893711710969608	1.2597943345705669
330	486	2.182050253663744	1.7549357158797128	1.4966376253536768
331	486	2.087006241083145	1.6552173693974812	1.4526286522547405
332	486	2.570584092821394	1.9891304969787598	2.017410295350211
333	486	3.0448052883148193	2.6040518283843994	2.775188533883346
334	486	2.0551820081823013	2.202955533476437	1.8756092366050272
335	486	1.943855106830597	1.9874062197549003	1.8140643324170793
336	486	1.3892931093772252	1.2644940440853436	1.3243842472632725
337	486	0.9929214843681881	1.1464926259858268	1.7129735095160348
338	486	1.2443156978663277	1.3355874769827898	1.8337207541746252
324	487	1.9436487392945723	2.756416840986772	2.937064669348977
325	487	2.415559479168483	3.402839575495039	3.027146816253662
326	487	2.3555807850577613	2.884267135099931	2.48502440886064
327	487	1.951589860414204	2.0763050945181596	2.166181388654207
328	487	1.5567588567733766	1.9666722471063787	1.7632426565343684
329	487	1.224230060974757	1.128562092781067	1.405332883199056
330	487	2.4228151866367886	1.4069347722189767	1.366870743887765
331	487	2.180657664934794	1.3468418171008427	1.0055485318104427
332	487	3.02789374760219	1.7295328548976354	1.3692020348140173
333	487	4.042105335938303	2.4267500199769674	1.7794087937003689
334	487	2.7043948313769173	2.1421296877019547	1.7454137521631576
335	487	2.4427583047321866	1.9196062343461173	1.627853274345398
336	487	1.4976572593053181	1.3673476825157802	1.3212731331586838
337	487	0.8061430028506688	1.4302174193518502	1.7477360452924455
338	487	1.2154546485227697	1.3932323035071879	2.0304675452849446
324	488	2.0237113779241387	3.001850648359819	2.3628975478085605
325	488	2.599539569446019	3.6937995297568187	2.5091270548956737
326	488	2.543083516034213	3.105664535002275	1.8849765279076316
327	488	1.9539485856106407	2.12645171190563	1.5433513992711116
328	488	1.324219858646393	2.023316675966436	1.2605131539431484
329	488	1.2228720461328824	1.4365337267518044	1.0230071942011516
330	488	2.180472654955728	2.0018570848873685	1.1731117452893938
331	488	2.4719840586185455	1.8177166779836018	1.5569845139980316
332	488	3.335035732814244	2.276240178516933	1.6729449374335152
333	488	4.498720369840923	2.5199236995295475	1.8530867350728888
334	488	3.166160092634313	2.160348983371959	1.6811915636062622
335	488	2.4538857425962175	1.8977527959006173	1.370014829295022
336	488	1.850134164094925	1.3950023800134659	1.4895337373018265
337	488	1.0938373378344945	1.3685917087963648	1.4213735886982508
338	488	1.2902194261550903	1.3650093534413505	1.7054921598995434
324	489	1.9342601732774214	2.184415578842163	2.2981307181445034
325	489	2.2094599434307645	2.688188978603908	2.303069591522217
326	489	2.0154569040645254	2.5575252663005483	1.9120248339392922
327	489	2.006163703767877	1.8130034835715043	1.7677683140102185
328	489	1.498320508003235	1.9777869202873923	1.2130144997076555
329	489	1.7549300491809845	1.882807433605194	1.0328813269734383
330	489	1.8593118361064367	2.2865302562713623	1.3230219227927071
331	489	2.385667343934377	2.1603990296522775	1.7596506973107655
332	489	2.6326133523668562	2.3986404282706126	1.9294712543487549
333	489	3.330665902087563	2.192164998305471	1.7910680394423635
334	489	3.0316464339985565	2.2218773996128753	1.83573396766887
335	489	2.2335472873279025	1.8668314559119088	1.292847454547882
336	489	2.2386157462994256	1.706776147087415	1.5867621103922527
337	489	1.8266343133790153	1.556284819330488	1.3963136332375663
338	489	2.1093089861028336	1.4789487193612492	1.7047276847502764
324	490	1.6583930253982544	2.1249011104757134	1.6503541577946057
325	490	1.5877204877989632	2.5734192303248813	1.7424222571509225
326	490	1.7696195190603083	2.5394740104675293	1.9248991337689487
327	490	2.041591023143969	1.695141917780826	1.8200668912184865
328	490	1.2703560709953308	1.8093546520579944	1.4278291138735684
329	490	1.7884448766708374	1.8536472072203953	1.6049132694800694
330	490	1.869271661554064	2.0488125681877136	1.972590480531965
331	490	2.4473539888858795	2.2102497220039368	2.3807475765546164
332	490	2.7038755076272145	2.4172094549451555	2.3894262654440745
333	490	3.4074501740305045	2.2749659073980233	2.731372356414795
334	490	2.9045260794022503	2.055288076400757	2.168475158074323
335	490	1.9690356510026115	1.5903888089316232	1.3777620579515184
336	490	2.1902548472086587	1.5862019211053848	1.9147366086641948
337	490	1.729866189616067	1.4523316025733948	1.4899109857422965
338	490	2.1135874215294335	1.4988159221761368	1.834265898255741
324	491	2.1538459929552944	1.7680814049460671	1.5161395831541582
325	491	2.0862869024276733	1.834149922643389	1.9484319601740157
326	491	2.217233018441634	1.9014201814478093	1.8469297777522693
327	491	2.0133521431370784	1.5389714366511296	1.5049770819513422
328	491	1.4268105030059814	1.424346392804926	1.3373273827812888
329	491	1.692811702688535	1.5440725187460582	1.4794515420993168
330	491	1.9078265598842077	1.6813496095793588	2.160088973385947
331	491	2.4276454051335654	1.8649200697739918	2.559262772401174
332	491	2.811589922223772	1.8738750219345093	2.536862543651036
333	491	3.216606152685065	1.8385176407663446	2.9772387680254484
334	491	2.8016059188281788	1.8228113300660078	2.6969452254912434
335	491	1.5766929388046265	1.500504502228328	1.7189204948289054
336	491	1.9689598033825557	1.5358949899673462	1.99782328804334
337	491	1.614413389137813	1.337824514933995	1.1247121265956335
338	491	2.070724410169265	1.3781223016626694	1.5698966278749353
324	492	2.0296194661747324	1.7427557056600398	1.692392880266363
325	492	2.144822827407292	1.5418893694877625	1.682403564453125
326	492	2.235773357478055	1.8150708458640359	1.4245101538571445
327	492	2.0559430561567607	1.4515212115488554	1.6132328573026156
328	492	1.5377111434936523	1.3466460379687222	1.2243356162851506
329	492	1.4943688958883286	1.3365183919668198	1.4952222059170406
330	492	1.5008853673934937	1.5446026750973292	2.194333008357457
331	492	1.3892800112565358	1.6599044005076091	2.633900761604309
332	492	2.0994818721498762	1.8571677378245763	2.6883156980787004
333	492	2.4926861148131523	1.7947271497626054	3.3067840776945414
334	492	1.9631740976782406	1.7712217779720532	2.9334241782917694
335	492	1.2934691395078386	1.552812627383641	2.0725654448781694
336	492	1.3710972120364506	1.364145149787267	2.2095561027526855
337	492	1.4473397816930498	1.2747372133391244	1.589210910456521
338	492	1.9639755767934464	1.3456800544963163	1.741736082469716
324	493	2.1798309196125376	1.9075623533942483	2.344642021439292
325	493	2.367397998060499	1.6897070748465401	3.4416085141045705
326	493	2.2611475749449297	1.8319994644685225	2.641537308692932
327	493	2.0279216578132226	1.4894878236871016	2.3090855008677433
328	493	1.7208129048347474	1.6072128794410012	1.642932946031744
329	493	1.5129518608252208	1.7542891303698223	1.2313062101602554
330	493	1.7058530790465218	2.014930844306946	1.5208259778363364
331	493	1.3681771159172058	1.9323058327039082	1.248715102672577
332	493	2.196158698626927	2.098742587225778	1.4855212484087263
333	493	2.4020359139693412	2.204619733910812	2.8108176306674353
334	493	2.0631424679475674	2.1083286579917457	2.6007393528433407
335	493	1.5085642848696028	2.0889018774032593	1.8610181893621172
336	493	1.496125151713689	1.5139939337968826	1.521153022845586
337	493	1.5271629776273454	1.3691985351698739	1.6913309267589025
338	493	1.8994911067626055	1.72279770935283	1.9521554988973282
324	494	2.117982420054349	2.4140214811671865	2.478677576238459
325	494	2.4757076586995805	2.7611558777945384	3.900864464896066
326	494	1.873738700693304	2.4021553342992608	2.879909732125022
327	494	1.558664039561623	2.1355448522065816	2.8049619888004504
328	494	1.327696180343628	1.9361524040048772	1.8472278334877708
329	494	1.0376764287551243	1.6511809080839157	1.2165572543938954
330	494	1.3627492530005318	2.2412947160857066	1.4985757981027876
331	494	1.436731293797493	1.803019603093465	1.2918749550978343
332	494	1.8981980085372925	2.1220410551343645	1.632600290434701
333	494	2.7860956317500065	2.7440501639717505	2.896048846997713
334	494	2.2937206310384415	2.743489573983585	2.6282194642459644
335	494	1.7780781728880746	2.6866502250943864	1.916748549257006
336	494	1.3624055509765942	1.5761132438977559	1.7063882052898407
337	494	1.3662726283073425	1.5543480260031564	1.9171563727515084
338	494	1.2870742222842049	1.7589245193144853	1.9834945973228006
324	495	2.2032627951015127	2.304522156715393	2.266837401823564
325	495	2.6046792439052036	2.5488637685775757	3.714763811656407
326	495	2.1954721212387085	2.24482984976335	2.7751473405144433
327	495	1.4482179942883944	2.063200931800039	3.121826328729328
328	495	1.5432004928588867	1.921532934362238	1.880236181345853
329	495	1.2801826496918995	1.5731967786947887	1.3660378654797871
330	495	1.5772262045315333	2.2044090032577515	1.497708226953234
331	495	1.7474259734153748	1.788490891456604	1.6928324401378632
332	495	2.2573636940547397	2.341578926358904	1.7612197228840418
333	495	3.3268534258792273	2.918725691343609	2.921976315347772
334	495	2.4730591423371258	2.5975860427407658	2.9273888433680817
335	495	1.8491674831935339	2.660405082362039	2.014282618250166
336	495	1.4857823699712753	1.4665011018514633	1.841156780719757
337	495	1.3200712289128984	1.5635683195931571	1.6935738154820033
338	495	1.2202168457648332	1.8056189663269941	1.873060387723586
324	496	1.2115844704888084	2.059579675847834	1.506086826324463
325	496	1.3941596916743688	2.1805543388639177	2.6696551867893765
326	496	1.3841937130147761	1.835597276687622	2.2372872829437256
327	496	1.2834457849201404	1.8330198589124178	2.4335801413184717
328	496	1.194631326198578	1.4594792127609253	1.644112381068143
329	496	1.227391575773557	1.32653146982193	1.3389826516310375
330	496	1.4073733517101832	1.9169246809823173	1.5611043061528886
331	496	1.5333403050899506	1.7516665359338124	1.5985379219055176
332	496	2.0084371907370433	2.646615982055664	1.626952052116394
333	496	3.1613213263059916	3.2761642932891846	2.06170023742475
334	496	2.2381172811283783	2.625260156743667	2.123894116457771
335	496	1.7970408541815621	2.1680982283183505	1.642937285559518
336	496	1.3826864510774612	1.5087161461512248	1.5798383603493373
337	496	1.0759071963174003	1.4311705657414027	1.5212024705750602
338	496	1.177054342101602	1.6889540868646957	1.7909884873558493
324	497	1.7262561104514382	1.498727104880593	1.4883997440338135
325	497	1.9892742804118566	1.662802985736302	1.6999469229153223
326	497	1.9534242695028132	1.412062482400374	1.7858921939676458
327	497	1.525817739336114	1.5758947855547856	1.9746060245915462
328	497	1.4483726143836975	1.095202706076882	1.216421658342535
329	497	1.3492053548494976	1.4269341851274173	1.272806962331136
330	497	1.5106524399348669	1.9311026079314095	1.9052555050168718
331	497	1.768830269575119	2.229559143384298	1.7872658669948578
332	497	2.24711275100708	2.949143477848598	2.215157611029489
333	497	3.2334272986964177	3.860883361414859	2.6398282803987203
334	497	2.3510757334092083	2.965009142370785	2.096978608299704
335	497	1.8238876036235265	1.7789920142718725	1.468574630362647
336	497	1.5393931021293004	1.7804971784353256	1.1903472940127056
337	497	1.3632377215794154	1.2610157132148743	1.1854788150106157
338	497	1.5204209860633402	1.5208354381953968	1.5797842250150793
324	498	1.81529269435189	1.457932179624384	1.3490193323655562
325	498	2.0681120327540805	1.2911522345883506	1.5309507250785828
326	498	2.040856643156572	1.10924508896741	1.6933108568191528
327	498	1.448752246404949	1.4373968620049327	1.6199899158979718
328	498	1.495886218547821	0.8898773518475619	1.1048743237148633
329	498	1.3582131018241246	1.4154825806617737	1.0965827504793804
330	498	1.3576634185654777	1.6318044066429138	1.9389917765344893
331	498	1.4897669553756714	2.193183789650599	1.8258479336897533
332	498	1.4624170405524117	2.7615266186850413	2.292935405458723
333	498	3.1457937014730355	3.4324362403468083	2.6633837097569515
334	498	2.038303206948673	2.5649308106478523	2.0457707503262688
335	498	1.8522374204226904	1.5134269509996687	1.4347606769629888
336	498	1.5445338785648346	1.7562033062179883	1.1378364488482475
337	498	1.3401938847133092	1.22707918712071	1.0027151107788086
338	498	1.4125456249012667	1.539651499075048	1.250099588842953
324	499	1.948928800496188	1.0545071688565342	1.2913512641733342
325	499	2.2149792909622192	0.992665001324245	1.3047946308340346
326	499	2.2601154392415825	0.9102430777116255	1.645276578989896
327	499	1.5794467988767122	1.1205290587324845	1.6284961010280408
328	499	1.5519543409347534	0.8443640903993086	1.0259118730371648
329	499	1.3189962307612102	1.3882645567258198	1.1860953867435455
330	499	1.0223352866513389	1.7929766859327043	2.1358563729694913
331	499	1.271957904100418	2.1972205340862274	2.000231703122457
332	499	0.9956469024930682	2.7313600948878696	2.4820753506251743
333	499	1.584741103021722	3.5122099550146806	2.805865538747687
334	499	1.5779004167107975	2.680694846545949	2.102201181299546
335	499	1.459887112889971	1.5852421351841517	1.414946743420192
336	499	1.2903877223531406	1.7850894356767337	1.187229889134566
337	499	1.3235005821500505	1.3006298456873213	0.9368987168584552
338	499	1.450778884046218	1.5706105582854326	1.1808319232043099