"Sample","SampleRaw","Frame_local","Frame_global","PC1","PC2","PC3"
"WT","WT",1,1,2.3779465898859,-0.702121298594295,0.806181191596891
"WT","WT",2,2,2.18016279910094,0.364212165938535,1.22867637150186
"WT","WT",3,3,0.862881363957817,0.208203537404694,0.332828177789185
"WT","WT",4,4,-0.450380011829467,-2.01742172615096,0.553621160417323
"WT","WT",5,5,-0.402744086810115,-1.36969205370724,1.01997036769871
"WT","WT",6,6,0.694353128687106,-1.51610933732148,1.34165617951704
"WT","WT",7,7,0.922518695328344,-0.720522789309842,0.286363685851634
"WT","WT",8,8,1.04483615689221,1.19268005301501,0.461815947200134
"WT","WT",9,9,2.19516211108538,0.810665160496299,0.749209196580558
"WT","WT",10,10,0.730866351237913,0.594068067419051,1.64433456828133
"WT","WT",11,11,0.612445201775833,0.848702391455617,1.26635951449529
"WT","WT",12,12,0.642094071424358,1.64899376511742,1.23500292070696
"WT","WT",13,13,-0.246976131016062,1.38521415365134,-0.0155370452157123
"WT","WT",14,14,-2.257549086118,1.76517605098447,1.2365552052881
"WT","WT",15,15,-2.44361080884002,2.17771170473511,1.90860238289849
"WT","WT",16,16,-0.592125033246584,0.618947978202197,1.43986262012548
"WT","WT",17,17,-2.62616557007986,2.17278478694351,1.6007057952195
"WT","WT",18,18,-1.14252287583735,1.50843779489415,0.806001284205089
"WT","WT",19,19,-1.73582282504449,1.7036612926236,0.745245355077819
"WT","WT",20,20,-1.51460313916144,2.09308110963721,1.72328580395765
"WT","WT",21,21,-3.26789028195681,2.47571654635518,2.60608753554783
"WT","WT",22,22,-2.01227227706811,1.51905464538587,1.21878084863537
"WT","WT",23,23,0.010831891703852,0.661427876365246,1.50416996642223
"WT","WT",24,24,-0.85361109317006,-0.370973798608402,1.62298441196188
"WT","WT",25,25,-1.98658846033221,-0.203409481790002,1.31181796550626
"WT","WT",26,26,-0.638214497543963,-0.323508857761638,1.44192634739822
"WT","WT",27,27,-1.72805789475414,-0.320596008726169,1.49232621950642
"WT","WT",28,28,-1.32389089853193,-0.327200361296629,1.10564928312564
"WT","WT",29,29,-2.62836346364101,0.707863301611642,1.29092208064918
"WT","WT",30,30,-1.19174490095558,0.236566746872277,2.38321628315091
"WT","WT",31,31,-1.14845045461391,0.321381283087903,2.01318381661355
"WT","WT",32,32,-1.01901862574804,0.112421666007193,1.26344590241029
"WT","WT",33,33,-1.07131720657097,0.0311655516015132,1.75534656189647
"WT","WT",34,34,0.546781473322545,0.94196332390223,0.845329021176871
"WT","WT",35,35,0.248078240870404,1.07925182475821,1.6845245795662
"WT","WT",36,36,-1.09985798382356,0.520660572269964,0.901122804343511
"WT","WT",37,37,0.951425815278238,0.125725942347461,-0.271669941725898
"WT","WT",38,38,1.55778564825901,0.303946901946155,1.48283502257327
"WT","WT",39,39,0.204370289304955,-0.014040594606604,0.159135699767294
"WT","WT",40,40,0.316089563021909,-0.618720761970519,0.0836697772545362
"WT","WT",41,41,0.0708978649295359,-0.782244393626733,0.248436322207556
"WT","WT",42,42,1.27812205132935,-0.961659815308644,0.174943099010137
"WT","WT",43,43,1.01431723182909,-0.941079601281271,-0.264097905412599
"WT","WT",44,44,0.641477346962655,-0.688538230173823,0.794748658745775
"WT","WT",45,45,0.802813212863993,0.087717377163221,0.55673911339224
"WT","WT",46,46,1.62640047114294,-0.607335044670476,0.386369006646935
"WT","WT",47,47,0.482238959888065,-0.744897415943458,-0.481713233231474
"WT","WT",48,48,0.301738540401106,-0.636379859866892,0.231053830916086
"WT","WT",49,49,1.06871034480913,0.0549601145077366,-0.249040030574791
"WT","WT",50,50,2.41311339156873,-0.124067772982495,-1.00242055112668
"WT","WT",51,51,0.156992011560417,-0.53798565100826,0.274976790990075
"WT","WT",52,52,0.714247371979783,-0.793360671008917,-0.0802281446423272
"WT","WT",53,53,0.261034456313174,-0.508752001991504,1.51249764231059
"WT","WT",54,54,1.56395178011196,0.366864059782354,0.0708665879434663
"WT","WT",55,55,0.0466007510830047,-0.092014594178602,0.0801955083106338
"WT","WT",56,56,-1.3595285496242,-0.286695354728318,0.774614380160891
"WT","WT",57,57,0.980559361756488,0.251974151382712,0.498854031379015
"WT","WT",58,58,0.64889788154742,0.116714435452527,0.668080997534769
"WT","WT",59,59,1.15636389518408,0.0843197690394454,-0.161482977137306
"WT","WT",60,60,-0.627348586511831,-0.942833962056802,-0.146984089451775
"WT","WT",61,61,-1.17725050478657,-0.52092557981536,1.25581960502497
"WT","WT",62,62,1.55697278679031,-0.187771959216734,0.00822352364895816
"WT","WT",63,63,0.268449811794383,-1.11993046162508,0.831939442513078
"WT","WT",64,64,1.94325903165587,-1.43343202939411,0.223992110404821
"WT","WT",65,65,2.21367094254662,-0.811822210796594,-1.36306133198938
"WT","WT",66,66,1.2877500285016,-0.533746448494474,-0.0663800066640228
"WT","WT",67,67,1.75413117315959,-0.952738089169265,0.453274625114017
"WT","WT",68,68,0.470226163358584,-1.22632141739986,-0.806348475360622
"WT","WT",69,69,-0.363284094462128,-0.515797169127752,0.504066138108042
"WT","WT",70,70,0.36607164976318,-1.12245875347207,0.0721080181134694
"WT","WT",71,71,1.06464809837143,-0.982040889927713,-0.383275407743229
"WT","WT",72,72,-0.914702816778644,-0.497366258946125,0.971617722897421
"WT","WT",73,73,-0.535356911806816,-1.15247031650471,0.0529632906133655
"WT","WT",74,74,1.93237259733398,-0.434938386454286,0.178012933576291
"WT","WT",75,75,0.191470211625724,-1.03933480174453,-0.0124997894708353
"WT","WT",76,76,-1.64929297374755,-0.27736367025624,0.695618600641381
"WT","WT",77,77,-0.674300095249036,0.303586239757353,1.26337158510148
"WT","WT",78,78,0.836567688110141,-0.520878246848709,1.00413301591679
"WT","WT",79,79,0.192906857021412,-0.848533894817811,-0.185139911697841
"WT","WT",80,80,1.81684630335602,-0.821286701530722,0.105491061344547
"WT","WT",81,81,3.36051773949258,0.203259476026672,-0.861556234461388
"WT","WT",82,82,1.95057404452433,-1.32853466680518,-0.61882469621478
"WT","WT",83,83,1.04658023072972,-0.804228357979353,-0.455179385747468
"WT","WT",84,84,1.62215594112151,-2.03938081037126,-0.33561403070171
"WT","WT",85,85,2.82457246902263,-0.402762340091612,-1.08484037130891
"WT","WT",86,86,1.2465308859019,-0.0482674506343137,-0.100024582952183
"WT","WT",87,87,0.774379440904957,-1.15607385055272,0.177904473907799
"WT","WT",88,88,0.540026982183513,-0.876425822116888,-0.30161591029337
"WT","WT",89,89,1.60408354581229,-1.05165123734847,0.164965614725573
"WT","WT",90,90,1.10508985536232,-1.37760735496222,-0.18253668747537
"WT","WT",91,91,1.15264684239096,-1.00486198575308,-0.0667951499300119
"WT","WT",92,92,1.14753670719811,-0.403958749811206,0.81861805441699
"WT","WT",93,93,1.49362685510213,-0.839611049842001,0.878979990102226
"WT","WT",94,94,1.30043414960133,-0.477189970931486,-0.175231892920629
"WT","WT",95,95,1.81227220750164,-0.666809265826262,-0.514542478633306
"WT","WT",96,96,0.726168713437426,-1.36294240701062,-0.00151133318177595
"WT","WT",97,97,1.33387243893035,-1.36618179693294,0.615716356395088
"WT","WT",98,98,1.2696397991805,-1.2308429024018,0.585162012104889
"WT","WT",99,99,2.02936903278898,-1.34767349715389,0.477026999144228
"WT","WT",100,100,2.95639575155156,-1.38618838583236,0.943940296150401
"WT","WT",101,101,0.995953326863858,-3.13749317440424,0.0926371326831335
"WT","WT",102,102,3.20311979437376,-1.9733031650914,-1.07521607413233
"WT","WT",103,103,2.70757431091986,-2.60330406927728,-1.09776277472806
"WT","WT",104,104,2.25351987810727,-1.69215159828707,0.659779810925175
"WT","WT",105,105,3.63110746234118,-1.51626956795875,0.875149521900716
"WT","WT",106,106,2.6495592184582,-2.73281850990539,-0.0227387363029613
"WT","WT",107,107,1.61448969434422,-1.9690908909039,0.320113009778502
"WT","WT",108,108,2.66138624601719,-2.11708566650461,0.257902865494375
"WT","WT",109,109,2.70433726962011,-1.81402391242687,0.80642223016838
"WT","WT",110,110,3.16010542517409,-1.19865457203501,1.03012287144441
"WT","WT",111,111,2.53008472225997,-1.91462542184851,1.39639826209478
"WT","WT",112,112,1.35356827930024,-2.01956653112622,1.55916137729797
"WT","WT",113,113,1.6180231346738,-2.24485291375086,-0.558086438997544
"WT","WT",114,114,2.18019887451684,-1.70583661962126,0.551546273919957
"WT","WT",115,115,1.19642335708277,-2.38778849045043,-0.41945075466438
"WT","WT",116,116,0.859691762187962,-2.82805901214281,-0.182230349990647
"WT","WT",117,117,0.549527813030108,-1.42372089584675,0.451414940291061
"WT","WT",118,118,1.96608234110074,-1.3095400415086,0.0335976606283344
"WT","WT",119,119,1.65063132814083,-2.93223641280959,0.249256364215902
"WT","WT",120,120,2.55390972925151,-2.05123811750886,-0.684619423277966
"WT","WT",121,121,1.9400446249995,-1.51645504573805,-0.34077768130618
"WT","WT",122,122,2.92842445360419,-0.564220717116973,-0.254800760404199
"WT","WT",123,123,0.80419207796156,-1.9729637136425,-0.138719651989357
"WT","WT",124,124,1.49005534383293,-1.27094170105484,0.679889836871809
"WT","WT",125,125,3.78986951972072,-1.8368897361797,0.447914806533664
"WT","WT",126,126,2.8171361693329,-1.18795976167207,0.415819383586158
"WT","WT",127,127,2.22809531518565,-2.51414576692398,-0.750168714532393
"WT","WT",128,128,1.705128560234,-2.1933357683008,-0.213727072296955
"WT","WT",129,129,1.91493273019203,-2.46872283134681,0.786809438224596
"WT","WT",130,130,3.29222500413524,-1.99741019839321,0.717631240049687
"WT","WT",131,131,3.7529188199403,-1.82996188411701,-1.05263174230226
"WT","WT",132,132,2.99428025202311,-1.48618324737798,-0.109978748507743
"WT","WT",133,133,3.1165393289437,-0.338300556407704,1.287619999267
"WT","WT",134,134,4.07256235596819,-0.988407813020601,-0.466061634371865
"WT","WT",135,135,3.5636729628026,-2.91200922888437,-1.26709128661436
"WT","WT",136,136,2.9984281684609,-2.38854862892877,-1.18184365515175
"WT","WT",137,137,2.73074329538067,-1.64923850242476,-1.04334702003757
"WT","WT",138,138,1.40478277014003,-1.19005737399701,-0.24170012930638
"WT","WT",139,139,1.05317614187922,-1.66356166332406,-0.257590624054696
"WT","WT",140,140,0.529256861718773,-0.731236747866409,0.0759089930075408
"WT","WT",141,141,0.837203767862284,-1.18951741038022,0.214219906051547
"WT","WT",142,142,0.323483612919802,-1.20259137083795,0.472516461339342
"WT","WT",143,143,1.02656452364045,-1.13451988352292,-0.685767194588869
"WT","WT",144,144,1.19742581297628,-1.08683641451653,-0.159558697687169
"WT","WT",145,145,0.480619446712846,-0.504080900397113,0.487088245717464
"WT","WT",146,146,0.506992596816747,-0.326333669320642,0.688241518943447
"WT","WT",147,147,1.6859409214972,-0.0746013248510249,-0.40564343456517
"WT","WT",148,148,0.744527591449806,0.0486686957280791,0.465943687454817
"WT","WT",149,149,0.777893789770684,0.00481402131855731,0.675968048991551
"WT","WT",150,150,1.83744439299497,-0.77920062277695,0.39491530475354
"WT","WT",151,151,0.384222869056206,-0.88872276942337,0.625358768859114
"WT","WT",152,152,0.39900335938982,-0.77385222064404,0.387951324617431
"WT","WT",153,153,0.346112406755681,-0.907061127568989,0.769202602780693
"WT","WT",154,154,0.957521935078109,-1.04241817184755,-0.296943254028866
"WT","WT",155,155,1.09758211504999,-0.123968685766028,0.619637360507161
"WT","WT",156,156,1.01779835322258,-0.286020604264193,-0.052660938773453
"WT","WT",157,157,0.295739821216524,-1.09081071537954,0.388293189698399
"WT","WT",158,158,1.0142227813744,-0.709715925397023,-0.63462708953871
"WT","WT",159,159,0.243481240374758,-0.0396537345425185,0.710791859700244
"WT","WT",160,160,-1.17318215986438,0.0403080163677817,1.78510679672915
"WT","WT",161,161,0.766496919814413,-0.574148963008591,0.602853505464138
"WT","WT",162,162,-0.489447046211967,-0.4954341368879,0.679131399229286
"WT","WT",163,163,-0.398957735716296,0.277047378607118,1.0383798139126
"WT","WT",164,164,0.247676218536643,0.0671991735851155,-1.26126613742167
"WT","WT",165,165,-0.143160893755871,-0.810333343802882,-0.388532068311133
"WT","WT",166,166,0.932911006162046,-0.502887847194275,-0.364998671783642
"WT","WT",167,167,1.59117530433276,-0.301309525618501,-0.403415962073928
"WT","WT",168,168,0.732222848919086,-1.32693933825607,-0.936242734973684
"WT","WT",169,169,1.41035679690931,0.110842624954146,-0.880138464035618
"WT","WT",170,170,-0.537366997720587,-0.62084192980394,-0.29682792089529
"WT","WT",171,171,-0.258162172732061,-0.0615967892640137,0.113042601916771
"WT","WT",172,172,0.960602839014739,-0.417054118353048,0.987485665888762
"WT","WT",173,173,-0.518457645023166,-0.973644185116247,0.58335797155057
"WT","WT",174,174,0.595734711385763,-0.0910760998430292,1.10866224604317
"WT","WT",175,175,2.35559238079781,0.0397897137702375,-0.569233321852085
"WT","WT",176,176,1.22835329448846,-0.656553748672368,0.0225388068382713
"WT","WT",177,177,1.21108645105349,-0.402763605894681,-0.13198689516641
"WT","WT",178,178,1.19765301436006,-0.403757369110417,0.154392143521335
"WT","WT",179,179,1.02010349672401,-0.274191956198785,0.0810154918196339
"WT","WT",180,180,2.00605011801276,-0.211330803704716,1.93311684034595
"WT","WT",181,181,1.12285800465944,0.344273767926742,0.271894528872078
"WT","WT",182,182,-0.228876889322122,0.0867839257895696,1.07447275546672
"WT","WT",183,183,1.32727031456005,-0.431422643550036,0.247835829102436
"WT","WT",184,184,1.65683317823387,-0.179356557713153,0.210486881656893
"WT","WT",185,185,0.655651142000507,-0.347985147602059,1.81028229855782
"WT","WT",186,186,0.250802348914864,-0.323611635475817,0.724648775389381
"WT","WT",187,187,0.429077356540272,0.0767351226543818,1.04190447438496
"WT","WT",188,188,1.43346305753207,-0.482610923535044,0.762715516890181
"WT","WT",189,189,-0.421399216518548,-0.880429578720694,1.19186364183496
"WT","WT",190,190,1.5247336568231,0.529532328063481,0.275534722380814
"WT","WT",191,191,0.0970269096078102,-0.120554003731078,0.444882476032962
"WT","WT",192,192,-0.616547073882019,-0.665856030697715,0.156641218176015
"WT","WT",193,193,0.893916827433843,0.00638718594704053,-0.442930494817736
"WT","WT",194,194,0.162189356702519,-1.01398053481261,0.276601378081699
"WT","WT",195,195,0.101106703953461,0.139535834048743,0.357888519526424
"WT","WT",196,196,0.717151447016678,-0.527382344499098,1.00794107589598
"WT","WT",197,197,1.2396657959064,-0.222118574465772,0.835866241957514
"WT","WT",198,198,0.267892428609012,-0.952200821999217,0.987407331952595
"WT","WT",199,199,-0.154733812783274,-0.856463424546537,0.920656704819427
"WT","WT",200,200,0.837758268476493,0.0288932965266168,1.97349109117063
"WT","WT",201,201,1.43211889742383,-0.554193998715733,0.294809091534444
"WT","WT",202,202,1.31860137767102,-0.457603451869067,0.281952323771579
"WT","WT",203,203,1.77451928845017,-0.775891770128565,-0.142437195604188
"WT","WT",204,204,1.36506134977874,-0.520242168951456,-0.231969127448747
"WT","WT",205,205,1.58870437258768,0.459295194097748,1.0323590287748
"WT","WT",206,206,0.98356702602455,-0.364098987718521,0.106632169696035
"WT","WT",207,207,0.173573643856385,0.113048442127539,-0.979518592905088
"WT","WT",208,208,-0.195343923603866,-0.616466606349341,0.139548875360791
"WT","WT",209,209,-0.47847778854672,-0.159403417810333,-0.358320711930397
"WT","WT",210,210,0.890112940989577,0.240155941457735,-0.311166449622002
"WT","WT",211,211,0.732384581405056,-0.131765531839533,-0.777455586888623
"WT","WT",212,212,-0.0475171608400185,-0.360056519959928,0.175243923244416
"WT","WT",213,213,0.963240173030397,-0.388588461594939,-0.423740551065497
"WT","WT",214,214,0.29037629548106,0.032464255621394,0.152918427577251
"WT","WT",215,215,0.567375357141247,0.649647341477604,-0.296118494721649
"WT","WT",216,216,0.442931612488986,0.21903855535061,-0.472413794917891
"WT","WT",217,217,0.249718871563106,0.299658548164949,-0.414104091974499
"WT","WT",218,218,-1.48123354636534,0.527194326160558,0.243795437564924
"WT","WT",219,219,-0.97357062887318,0.0833550873153958,-0.678297071014165
"WT","WT",220,220,-0.629921922124947,-0.561664106972626,-0.418287012919879
"WT","WT",221,221,-1.3836619450234,-0.214643157831164,0.284550529646384
"WT","WT",222,222,-0.292586131702028,-0.810044515840455,-0.514884054122286
"WT","WT",223,223,0.15093763175816,-0.169293459638123,-0.0971478594926293
"WT","WT",224,224,-0.215647743829264,-0.458852179648892,-1.33722971029101
"WT","WT",225,225,-1.16948074724763,-0.135140277753555,0.111460633665493
"WT","WT",226,226,0.0678611922423862,-0.146427864334532,-0.190238276023848
"WT","WT",227,227,-0.139994180140748,-0.178420423331861,-0.370240727586228
"WT","WT",228,228,0.781900267951464,0.390552344274893,0.188777616040681
"WT","WT",229,229,-0.66529590005133,0.179333768171123,-0.200302943929769
"WT","WT",230,230,-0.538486675061368,0.124252118388586,-0.490072614366806
"WT","WT",231,231,0.238414731365951,0.243886371692726,-0.455622649634412
"WT","WT",232,232,-0.794124626890823,0.329911364022705,0.119201534570979
"WT","WT",233,233,-0.920022508455627,-0.989044945386966,-0.743215768011072
"WT","WT",234,234,0.664548449552381,-0.293276478345243,-0.691132026963146
"WT","WT",235,235,0.553136017667275,0.263910071398283,-0.8813483959122
"WT","WT",236,236,-1.1856715044798,-0.101347963347506,0.115620631314389
"WT","WT",237,237,-1.19704759554942,-0.403727957156233,0.219212344298033
"WT","WT",238,238,0.730109032024693,-0.00628013140773956,-0.480023433261866
"WT","WT",239,239,1.42932721031083,0.361291647776232,0.0908473867898435
"WT","WT",240,240,1.54075695802004,-0.798136125582831,0.0708356202017081
"WT","WT",241,241,1.18104672018625,0.610263991539844,0.138568500848615
"WT","WT",242,242,0.433143067724733,-0.224063200606096,-0.834359752221086
"WT","WT",243,243,0.564021148475071,0.639367539369209,-0.188668828069061
"WT","WT",244,244,-0.0334280122547919,-0.53837283144785,-0.176994513946657
"WT","WT",245,245,0.474560452681606,0.256558426921843,-0.296816125891403
"WT","WT",246,246,0.436282810960988,-0.400294857641381,-0.625270331382981
"WT","WT",247,247,0.0639263957852407,-0.280179641717456,-1.20720404883039
"WT","WT",248,248,-0.854694747822166,-0.381364018048691,0.622373904412539
"WT","WT",249,249,-1.32671268559709,0.0750334210018669,0.424759625158594
"WT","WT",250,250,-0.191811004641275,0.272997199020793,-0.209624342576998
"WT","WT",251,251,-1.37015805308787,0.203751804257128,0.325457717960658
"WT","WT",252,252,0.262035429594103,-0.144594337625814,-0.62656385689008
"WT","WT",253,253,0.248106944320752,0.789551861684662,-0.920102049730102
"WT","WT",254,254,0.162607592526393,-0.190593660464141,-0.377262786979691
"WT","WT",255,255,1.43980403122593,-0.164429745007652,-0.390010347555701
"WT","WT",256,256,-0.313828258069222,-0.543883090329109,-0.413828792975454
"WT","WT",257,257,-0.203377109158211,-0.114561315340525,0.039580218347891
"WT","WT",258,258,0.415310178501039,-0.147135162566509,-0.17764383649209
"WT","WT",259,259,-0.506912672609833,-0.457722511725356,-0.51166976679625
"WT","WT",260,260,-1.74596638804738,0.357673524945172,0.149448165206189
"WT","WT",261,261,-1.2691971883615,-0.407216489332229,-0.251743079675585
"WT","WT",262,262,-1.12129228227987,-0.178434500978192,-0.75595199619568
"WT","WT",263,263,-0.73081233572944,-0.423572778391902,-0.81428256795938
"WT","WT",264,264,-0.288014669787826,0.14627085177105,-0.527804699833653
"WT","WT",265,265,0.0269238202493145,-0.842547917730946,-0.983921640175566
"WT","WT",266,266,-0.719891125585588,-0.543446217260646,-0.60617464613712
"WT","WT",267,267,0.8809452588701,0.0259203391795994,-0.232624061782712
"WT","WT",268,268,-0.555244624563167,-0.495576053187844,-0.200669275888068
"WT","WT",269,269,0.799343653951138,-0.252853452491877,-0.502671004360637
"WT","WT",270,270,-0.970658078907248,0.803189744250999,0.218426494656186
"WT","WT",271,271,-0.639360301213681,-0.958487129356854,-0.425426389484153
"WT","WT",272,272,1.06350544586425,-0.187782507381541,0.05453702322997
"WT","WT",273,273,-1.08118545879944,-0.391549987494262,-1.12943613700327
"WT","WT",274,274,-0.335737233207875,-0.0249094106139811,-0.607264204256521
"WT","WT",275,275,0.205175894777336,0.199840043392455,-0.344912116188653
"WT","WT",276,276,-1.21718185181264,-0.0220838278415518,-0.42169333643878
"WT","WT",277,277,1.03966828054032,0.22327968204961,0.298981848964522
"WT","WT",278,278,0.174040300149029,0.796503150853845,-0.663420946178259
"WT","WT",279,279,1.48592013218244,-0.453616089502544,-1.05982117184379
"WT","WT",280,280,0.753103006609633,0.35350689510313,0.610242310420585
"WT","WT",281,281,1.27919273709476,0.74968976667499,0.156405801701619
"WT","WT",282,282,-0.183811388447432,-0.0220608369282968,0.0259313629396219
"WT","WT",283,283,1.16695951331251,-0.609444370457749,-0.55581265767174
"WT","WT",284,284,0.870029107501569,-0.045517802128905,0.101066904495979
"WT","WT",285,285,1.62119333839885,0.603502210016162,-0.289878027656273
"WT","WT",286,286,1.04930044488711,0.0340420163658976,-0.385489717704769
"WT","WT",287,287,1.43914881194915,-0.926962910713264,-0.6144220648369
"WT","WT",288,288,0.682862213296124,-0.446982323640935,-0.440489624296378
"WT","WT",289,289,0.998657678406886,0.150245331697225,-0.396765345366665
"WT","WT",290,290,1.26037122110554,-1.16716016277571,-1.15934642238621
"WT","WT",291,291,-0.782243366555054,0.157732165119722,-0.0909856232789652
"WT","WT",292,292,0.121050026237351,-0.509587705542671,-0.880079294892521
"WT","WT",293,293,-0.512937847237492,-0.965142316989514,-0.656641702616536
"WT","WT",294,294,0.635491285569442,-0.526371840968707,-0.829138456022113
"WT","WT",295,295,-1.26401822824472,-0.623213051617206,0.219098689667023
"WT","WT",296,296,0.371911823567355,-1.15460637428484,-0.459834709464993
"WT","WT",297,297,0.300173038459473,-1.34453948491875,0.336076093867081
"WT","WT",298,298,-0.904720565949016,-0.896107362104865,0.482314651826122
"WT","WT",299,299,-0.00625360165380261,-1.29107915825146,0.553189450747852
"WT","WT",300,300,1.09226355047401,-0.859262111150796,0.21733746889964
"WT","WT",301,301,0.513768477897497,-0.525364443451556,0.784231489142989
"WT","WT",302,302,0.900275818928925,-1.36315986919617,0.509480307086095
"WT","WT",303,303,1.24782617967827,-1.17691854224198,0.474785550662572
"WT","WT",304,304,0.991456786663907,-0.882379376429615,0.683542791289087
"WT","WT",305,305,1.04731598525994,-0.733563878362301,1.44068431451809
"WT","WT",306,306,1.51831325528495,-0.994468175174416,0.704242060187821
"WT","WT",307,307,0.854870686890829,-0.78960029143043,0.660630509771208
"WT","WT",308,308,2.86211483692106,-0.500304065677465,-0.138919010532273
"WT","WT",309,309,1.25026569971444,-0.593167105914433,0.669511818472279
"WT","WT",310,310,0.930907701360273,-1.08785795206671,-0.00621520478404919
"WT","WT",311,311,1.91411442107648,-0.7969987317934,1.03220737013785
"WT","WT",312,312,0.991817436088963,-1.248573784045,0.56696156811555
"WT","WT",313,313,0.0386162694600818,-0.824687370906629,-0.500321573422432
"WT","WT",314,314,1.44864788968257,-0.784299217077951,-0.101298548322894
"WT","WT",315,315,0.911909152549379,-1.26933482304698,-0.500741976285681
"WT","WT",316,316,0.89087103536172,-0.872196627749902,-0.271295339693501
"WT","WT",317,317,0.43060047646624,0.167242115472914,0.613863355796038
"WT","WT",318,318,0.588652951205562,-0.414036555889654,0.847785553234224
"WT","WT",319,319,1.00773704191355,-0.631979962225969,0.141485559710684
"WT","WT",320,320,1.24759885442578,-0.241595943665718,-0.238497452560145
"WT","WT",321,321,2.0299991323854,-0.697223013769322,-0.298631201769464
"WT","WT",322,322,1.64255961145304,0.144110233044248,-0.883023466193443
"WT","WT",323,323,1.0136705313593,-0.160003789091167,0.164348414766053
"WT","WT",324,324,1.06720175507331,-0.588300195978207,-0.00295711219116041
"WT","WT",325,325,0.983735000889679,-0.63944340352729,0.200049219722117
"WT","WT",326,326,1.46809906381227,-0.511290886153122,-0.828251420973335
"WT","WT",327,327,2.06907721984944,-1.18301944525493,-0.261736104357388
"WT","WT",328,328,2.31937632899416,-0.943108741044017,-0.353027179078299
"WT","WT",329,329,0.585976034779845,-0.868918929828539,0.986947675974019
"WT","WT",330,330,1.05279796406348,-0.803762006376264,0.209997014172564
"WT","WT",331,331,0.449590330714749,0.161057083977323,0.0649854694693387
"WT","WT",332,332,-0.943929820284804,-0.295215737550118,0.753258138885051
"WT","WT",333,333,0.341185636929962,-2.11575575010559,-0.00833569985030446
"WT","WT",334,334,0.510043142704314,-0.136618987319285,-0.238348548091117
"WT","WT",335,335,-0.162165499711126,-0.304807546448777,-0.151213139107318
"WT","WT",336,336,1.98908807002237,0.0299159551460467,0.861882798379646
"WT","WT",337,337,0.942689256001866,-0.0710842797928614,-0.907051339208356
"WT","WT",338,338,-1.38332937223007,-0.562653133306286,-0.77825723569309
"WT","WT",339,339,-0.0705615464763593,-0.495355804940568,-0.919275137517816
"WT","WT",340,340,0.479089602721009,-0.637555554737824,0.0645315944484973
"WT","WT",341,341,2.01440701599557,-1.16579324179624,0.0186372844227424
"WT","WT",342,342,0.768111224164396,-0.83340740959431,0.873054555028107
"WT","WT",343,343,1.23265913081371,-0.182136081156867,0.881059509390606
"WT","WT",344,344,1.2827765434148,-1.13142821638741,-0.225046882439794
"WT","WT",345,345,0.272984036935336,-0.528165279825958,0.243517523197427
"WT","WT",346,346,0.916499973003328,-1.46132788743075,-0.629141952710876
"WT","WT",347,347,-0.140690840717637,-1.37207172666549,-0.16011402472424
"WT","WT",348,348,0.844870584089932,-1.04008606739268,-0.256651269735737
"WT","WT",349,349,0.932627270617137,-1.48578623745053,-0.734298909567719
"WT","WT",350,350,0.464004200936952,-1.02454739015968,-0.158402603213145
"WT","WT",351,351,1.97490428220753,-1.16195834622792,-0.534139285359706
"WT","WT",352,352,1.07367944485538,-0.80887850368344,0.158288783901492
"WT","WT",353,353,-0.22960180415859,-0.468710535778987,1.00682017655524
"WT","WT",354,354,1.21243885274295,0.0113669277669791,-0.596350039672759
"WT","WT",355,355,0.603624472844585,-0.636948048922323,0.309209121284599
"WT","WT",356,356,0.971619458564738,0.651789810232264,0.464314266999821
"WT","WT",357,357,1.06381515891451,-1.21584796052403,-0.0390969415971217
"WT","WT",358,358,1.21299243561283,-0.492145411705107,-0.985826387530046
"WT","WT",359,359,0.648015420899043,-0.344790910176063,0.00457531320933133
"WT","WT",360,360,0.787494673929824,-0.812359890945435,0.155260908172336
"WT","WT",361,361,1.90330615349956,-0.936024432536165,-0.25747741701233
"WT","WT",362,362,1.27483114737049,-0.647270043841836,-0.37596419418851
"WT","WT",363,363,2.22884040181151,-0.747244461499148,-0.303003343021498
"WT","WT",364,364,1.04604673114293,0.0277663258923497,-0.316346850261504
"WT","WT",365,365,-0.20913755151781,-1.27357153213909,0.488285448079265
"WT","WT",366,366,1.37162278875047,-0.50516057775553,-0.573375885754293
"WT","WT",367,367,0.813729939014829,-1.21922843251742,-0.784096603160722
"WT","WT",368,368,0.955914158846203,-0.32983292954512,-0.0950116872543573
"WT","WT",369,369,1.84489599972094,-0.479119233503877,-0.0885423691727872
"WT","WT",370,370,0.484635532990413,-0.290397630540617,0.189689822462609
"WT","WT",371,371,1.05386009688759,-0.931540394439509,-0.319812389491509
"WT","WT",372,372,1.80988166787247,-0.319059283205428,-1.32788068139455
"WT","WT",373,373,2.81572958922608,0.761024867013939,-0.62571950731961
"WT","WT",374,374,1.66988701877328,-1.11282455360982,-0.909406582729169
"WT","WT",375,375,0.899003486546477,-0.754917116466557,-0.714134822271823
"WT","WT",376,376,0.605850030856378,-0.703486843908346,-0.0263409646353342
"WT","WT",377,377,0.692946096607889,-0.929481320093392,0.150636074365131
"WT","WT",378,378,1.12634091583711,-0.692224128942878,0.022071893046406
"WT","WT",379,379,0.668472652338973,-0.434924344547567,0.40975888772414
"WT","WT",380,380,0.994872570862598,-0.0212377292249994,-0.453836555887943
"WT","WT",381,381,1.1466548345241,-0.49977197561848,0.0965668216829216
"WT","WT",382,382,1.79576064437502,-1.06505286908527,-1.32718820549208
"WT","WT",383,383,0.598155808702696,-0.825752808626467,-0.365297344240297
"WT","WT",384,384,0.486058496531989,-0.303913947115497,1.05962722502333
"WT","WT",385,385,0.71833240868851,-0.514232221774496,0.903439624438082
"WT","WT",386,386,0.691594097961574,-0.345581304657932,-0.160159855458323
"WT","WT",387,387,0.100757709556208,-0.777757405136382,-0.0321427946476028
"WT","WT",388,388,1.31722654625161,-1.06521794948692,-0.967590548940892
"WT","WT",389,389,-0.595603275612128,-0.519668492227855,0.429900512533624
"WT","WT",390,390,0.449574000258323,-0.0248847059973604,0.655244729132089
"WT","WT",391,391,-0.348121581261285,-0.935458002481679,0.64602806957281
"WT","WT",392,392,-0.518736197088387,-1.714694516565,0.599547343833401
"WT","WT",393,393,0.73037561714232,-1.06309221807148,0.284789004717576
"WT","WT",394,394,0.693162795190134,-0.643057100910027,-0.132762403605506
"WT","WT",395,395,0.157701632582204,-0.479447858436903,-0.224681394939728
"WT","WT",396,396,-0.503931712419193,-1.12514304199912,-1.17536451582618
"WT","WT",397,397,-0.441343676188156,-1.42513645528747,-0.497092004226705
"WT","WT",398,398,0.644606963952326,-1.11593533390444,-0.665349562234225
"WT","WT",399,399,-0.0735615156192779,-0.477137652528098,-0.858063464314651
"WT","WT",400,400,-0.000227066993347292,-1.06597986335138,-0.540869269603562
"C303A","303",1,401,-0.446291001591893,0.346651223540327,1.21405419442934
"C303A","303",2,402,0.533178797456365,1.63295111192249,1.04654737817596
"C303A","303",3,403,0.14562992576036,0.342823947490873,1.00465682167952
"C303A","303",4,404,-0.261148792153078,0.605746693318182,1.27571748168353
"C303A","303",5,405,0.574555446411816,1.51874098070858,1.57481800585395
"C303A","303",6,406,-0.526927379954508,1.81150276875381,1.42901443180733
"C303A","303",7,407,1.00601097414229,0.770297055876642,-0.329646396089658
"C303A","303",8,408,-0.51990092603936,1.16422938572436,1.21925175053313
"C303A","303",9,409,-0.988686383540404,1.2663990782023,2.10651679278518
"C303A","303",10,410,-1.03158575163944,1.37248306318871,1.34880020315008
"C303A","303",11,411,-0.829713792440027,1.67360345748733,2.10826946508405
"C303A","303",12,412,-0.20771766277829,1.33232893062075,1.90315081704387
"C303A","303",13,413,-0.400714808880941,1.13677779377054,1.15210766687994
"C303A","303",14,414,-0.25424164764346,1.57020222890894,0.214281369311598
"C303A","303",15,415,0.537064155709948,0.656283359595937,-0.475313285281696
"C303A","303",16,416,-0.0537383105810076,2.16654298836365,0.0343091572323144
"C303A","303",17,417,0.212389886532137,1.89757945318325,0.0531740056307092
"C303A","303",18,418,0.614828501525432,0.974024740297674,-0.0834655460196031
"C303A","303",19,419,-0.0428962953625061,0.462510863041806,0.0779799616411024
"C303A","303",20,420,-0.474257065245062,1.21151887727314,0.25234793743846
"C303A","303",21,421,-0.163307250262102,0.61090236356279,0.614435198162386
"C303A","303",22,422,-0.617119749994713,1.85281496443431,1.4802648471301
"C303A","303",23,423,1.20604583523324,0.787117324560859,-0.247418400734831
"C303A","303",24,424,0.729977104013785,0.686400147958836,0.266027178028572
"C303A","303",25,425,0.221372574279456,1.36731517303399,1.37882840341997
"C303A","303",26,426,-0.481662609929418,0.657367360409636,0.573932739667584
"C303A","303",27,427,-0.267239760912695,1.19628286216708,0.365695654989469
"C303A","303",28,428,0.185205994933076,1.3614989812735,-0.081831142320258
"C303A","303",29,429,-0.163020892764407,0.739835652201728,0.479760979886338
"C303A","303",30,430,0.565503844454858,0.83828936047183,-0.435370316500502
"C303A","303",31,431,0.469804764622408,1.43496565568149,0.485019114791566
"C303A","303",32,432,1.49498157229646,1.82754053522529,0.215796431194341
"C303A","303",33,433,0.498138604109174,1.97903369730899,0.00422415033509904
"C303A","303",34,434,-0.286886236190389,1.69545323764365,1.06819696526991
"C303A","303",35,435,-1.1330520166468,1.57201915373031,0.902187730378535
"C303A","303",36,436,0.192938085577102,1.14455959587442,1.02899981007263
"C303A","303",37,437,1.16744248311723,2.47345808036164,0.653938127457805
"C303A","303",38,438,-1.03671895226594,1.77752056313954,1.824458860656
"C303A","303",39,439,-0.306360958476045,1.65872364553277,1.16206515099482
"C303A","303",40,440,-0.458741821558048,2.03458333680763,1.73643632657643
"C303A","303",41,441,-0.779213407627322,1.70720290400921,0.693643018098419
"C303A","303",42,442,0.305799529143164,1.3311321024245,0.169429300856569
"C303A","303",43,443,0.722318356218105,1.7254812249672,0.161966504527089
"C303A","303",44,444,-0.581831615238002,1.23166382366491,1.14803917815451
"C303A","303",45,445,-0.0154620087781063,0.426845513575042,1.09708995161577
"C303A","303",46,446,-0.450124056023504,0.7522726190631,2.20862981956248
"C303A","303",47,447,-0.482360022181611,0.335374098767311,1.09039997964365
"C303A","303",48,448,0.600440402577599,1.26300425145528,0.414407866933093
"C303A","303",49,449,-0.454244588645654,1.03532216195597,0.959222058842331
"C303A","303",50,450,0.330803178451374,0.918498583315237,0.313681778805055
"C303A","303",51,451,0.682861164086244,0.391225458881205,0.232004941349198
"C303A","303",52,452,1.07812637046529,1.1922239688031,-0.0341765972911038
"C303A","303",53,453,0.691981950228755,0.955581950646566,-0.437798296537279
"C303A","303",54,454,-0.323101080355174,0.661370415009593,0.123349919686124
"C303A","303",55,455,0.64419549022882,0.688825515177896,0.250653294654416
"C303A","303",56,456,0.382095748125128,-0.0991857230680149,0.634538919309302
"C303A","303",57,457,0.574653211723228,0.459831068936272,-0.154917250891108
"C303A","303",58,458,-0.332111062547916,0.36550286426872,0.894908808686203
"C303A","303",59,459,-0.00500526437099516,1.38789915092493,0.717966328712115
"C303A","303",60,460,-0.0735128106976213,0.927560961533213,0.644670701277142
"C303A","303",61,461,-0.631934168207745,1.04721818141615,1.19926464870529
"C303A","303",62,462,0.066705037634236,0.921036426018862,0.645292226790216
"C303A","303",63,463,0.0332074155883151,2.10635995096253,0.855100548121232
"C303A","303",64,464,-0.505006560332715,1.16893531148557,1.23247887703211
"C303A","303",65,465,1.63894476421081,1.89432592468045,0.166364942967601
"C303A","303",66,466,1.93738285932769,1.57571431325002,0.346433687979743
"C303A","303",67,467,1.602932422927,0.462239225878755,-0.283003245599634
"C303A","303",68,468,1.33893882874992,0.964493854906106,-0.690013090849571
"C303A","303",69,469,0.596587601889352,0.972847318368172,0.631711192363424
"C303A","303",70,470,0.409666946583088,1.37717875952655,0.62266851554973
"C303A","303",71,471,0.872142915337345,1.30401437960772,-0.365875312300202
"C303A","303",72,472,1.00978933231442,2.0649854831848,0.91776134475127
"C303A","303",73,473,0.827642003709349,1.48767895071909,-0.088952345067132
"C303A","303",74,474,1.09102684116491,1.96716096509873,0.797542312500798
"C303A","303",75,475,1.06098558684492,0.523020668380406,-0.479125233060033
"C303A","303",76,476,0.289764348166172,0.980714103380798,-0.426026105381937
"C303A","303",77,477,1.40639887708653,0.264253999576476,-1.34067991057656
"C303A","303",78,478,0.748936380410981,1.04430441440006,0.497595501110331
"C303A","303",79,479,0.473627603336504,0.543037825642032,-0.314777823481667
"C303A","303",80,480,-0.14113024550234,1.27038425219769,0.610584478071645
"C303A","303",81,481,1.05449688774405,0.281326304638852,0.653291232373894
"C303A","303",82,482,0.776608805363581,1.13051948653686,-0.385238541363652
"C303A","303",83,483,0.226115405207941,1.24653349367458,0.981432525968373
"C303A","303",84,484,-0.28643593122094,0.158247540812202,1.34767505217144
"C303A","303",85,485,-0.970069880713877,0.156603264469472,0.450810691973722
"C303A","303",86,486,-1.1181954289965,0.507161335136986,1.79324577298586
"C303A","303",87,487,0.17377892117661,0.439674474794165,0.427331118759842
"C303A","303",88,488,-0.484474016995434,0.457814923291512,2.15166410027032
"C303A","303",89,489,0.174368753835717,-0.0957791299665209,0.923926282023855
"C303A","303",90,490,-0.832098592704675,0.418086591907521,1.80714693745355
"C303A","303",91,491,-0.286828006911525,0.595720993199696,1.22630774930806
"C303A","303",92,492,0.785110190955241,0.525245559122041,0.949627638220328
"C303A","303",93,493,-0.861191135961829,1.10639618440717,1.08592369792115
"C303A","303",94,494,-0.231834676420325,1.65051848403035,1.38479424819972
"C303A","303",95,495,-0.609836736240121,1.04123529971517,1.21554710017507
"C303A","303",96,496,-0.509569797362577,1.08414891305401,1.20156707507396
"C303A","303",97,497,0.163027348257322,1.30384382512855,0.78839965655495
"C303A","303",98,498,-0.921869569007041,1.5664161107551,2.06160330066444
"C303A","303",99,499,-1.06621714045505,0.765698785711903,1.68220991782754
"C303A","303",100,500,-0.312356649899126,0.317016514238142,1.2082475367056
"C303A","303",101,501,-0.498839470587948,0.217335149328653,1.23855040695667
"C303A","303",102,502,-0.531669713693149,0.34276581897183,1.02727910831508
"C303A","303",103,503,0.446477673953676,0.961411731544314,0.106047980136751
"C303A","303",104,504,0.53856535497277,-0.024404984924336,-0.391989671523799
"C303A","303",105,505,0.18316463411923,0.517442947776944,0.60950780072581
"C303A","303",106,506,0.224857492322198,0.189732551907239,1.41997026618361
"C303A","303",107,507,0.566065730399403,0.606226551294024,0.590872436314716
"C303A","303",108,508,-0.268397475374842,0.499666102468531,0.379996508401198
"C303A","303",109,509,-0.959220959341535,1.01654338910608,1.4943063618056
"C303A","303",110,510,-2.7096951487853,-0.0485906133002929,1.52120378574679
"C303A","303",111,511,-0.740543101985104,0.500612981018504,1.42248162229014
"C303A","303",112,512,-0.648499652874469,0.54418446522267,1.35581666454371
"C303A","303",113,513,-1.41029603841977,0.557841210017748,1.77148396826891
"C303A","303",114,514,-0.310831570152584,0.645421394176597,-0.240384906960884
"C303A","303",115,515,0.145653603630896,1.14448540298301,0.715640373963605
"C303A","303",116,516,0.181735142199208,1.04966338966731,0.729168647089081
"C303A","303",117,517,-0.489878964121313,0.563852869179662,1.6258705729672
"C303A","303",118,518,0.222365019320914,0.871788428474402,0.837283842505186
"C303A","303",119,519,-0.905015913727042,0.203120362696619,1.42288515136331
"C303A","303",120,520,-0.288142568351006,1.14069199673493,1.42847089089816
"C303A","303",121,521,-0.19771915830882,1.55765932230579,1.41866484232232
"C303A","303",122,522,0.0721297365351152,1.63737223760044,0.549865308042288
"C303A","303",123,523,-1.7969878181117,0.6100612325251,2.31516107412822
"C303A","303",124,524,-0.42695824117125,0.172553522578821,1.93649933960888
"C303A","303",125,525,-0.979056389356077,1.42499434287648,1.63739559476824
"C303A","303",126,526,-0.634795056610367,0.433867916577386,1.63751416200397
"C303A","303",127,527,0.377241846861423,0.910505154240849,1.03685605945532
"C303A","303",128,528,0.252201626318598,0.959141218497043,1.51589576977932
"C303A","303",129,529,-0.476308940636226,1.26065407759135,0.254718294409178
"C303A","303",130,530,0.577612043000145,1.85799475723504,0.560902667465751
"C303A","303",131,531,0.227376161999356,1.20248912210334,0.144161285363497
"C303A","303",132,532,0.336062424057301,0.873251844852927,0.12377411148283
"C303A","303",133,533,0.180415787271174,1.93236490342061,0.63748635892838
"C303A","303",134,534,0.176854317525355,0.637936110199758,1.53566237566509
"C303A","303",135,535,-0.099282145161701,0.904133883183793,0.467858889570153
"C303A","303",136,536,-0.462558473379056,1.09676697318774,1.69032912626822
"C303A","303",137,537,-0.00857332948783006,1.18904941329288,1.26940749835485
"C303A","303",138,538,-0.0205075509657343,1.60482806311394,0.479450784680298
"C303A","303",139,539,-0.499795340543819,1.39759553919645,1.16228119408259
"C303A","303",140,540,-0.467503205909862,1.23083935568983,1.25524495177717
"C303A","303",141,541,0.754708715312963,1.18928445204706,0.502718927806774
"C303A","303",142,542,-0.463595657599359,1.36555161885368,0.567297598924097
"C303A","303",143,543,-0.640485251034138,2.19317349651372,0.883777562599991
"C303A","303",144,544,0.0444283315246094,1.25750410179417,0.56246048626872
"C303A","303",145,545,-0.410787675662124,0.62993511902885,0.140694836859765
"C303A","303",146,546,-1.45406789698823,1.12354632753997,0.96585191073703
"C303A","303",147,547,0.108160129140259,1.7360759840783,0.219206675740661
"C303A","303",148,548,-0.403691525326214,1.36306015915036,0.523074075385595
"C303A","303",149,549,0.302198181656978,1.16160964884476,1.11465470428054
"C303A","303",150,550,0.35081007810579,0.461327735664965,0.463549849532748
"C303A","303",151,551,0.532558797454132,0.0700847883763114,-0.360831380430279
"C303A","303",152,552,0.344115993937816,0.490069352840536,0.0813037739226335
"C303A","303",153,553,0.661252320863916,1.02646667455601,0.005205771648452
"C303A","303",154,554,0.907977999022558,2.06411060099763,-0.279776797980365
"C303A","303",155,555,1.02756199003937,-0.341568267351524,-0.0954389453815034
"C303A","303",156,556,0.673960545942195,1.51470127594231,0.704612552209278
"C303A","303",157,557,0.621071427999814,0.93784351171145,0.233758913606272
"C303A","303",158,558,0.403391171383301,1.33215683647239,0.435348562282684
"C303A","303",159,559,1.68170467055405,1.71599871729059,-0.187926316365777
"C303A","303",160,560,-0.0487563921315832,0.669408888454908,1.92539194081618
"C303A","303",161,561,0.176871861513455,1.60728393879368,1.80110748282053
"C303A","303",162,562,0.191765281815748,1.16723869725028,2.44818662379077
"C303A","303",163,563,0.2106281306408,0.426448031111301,1.12623894333576
"C303A","303",164,564,-0.975857764592622,0.0715157825658374,0.819422753155357
"C303A","303",165,565,-1.23893221636505,-0.196583382044107,0.67869150123575
"C303A","303",166,566,-1.10753492272798,-0.604760663867038,0.0517546719006358
"C303A","303",167,567,-1.66835321441209,-0.133873626115042,0.0547020229803309
"C303A","303",168,568,-1.35828142556451,-1.06480649983542,-0.277549847387253
"C303A","303",169,569,-1.14215161450267,-0.398103959749304,0.557182136322913
"C303A","303",170,570,-1.26466539471535,-0.119932605339028,-0.0590592768811749
"C303A","303",171,571,-1.04766113399631,-0.258571240058113,-0.684954751945061
"C303A","303",172,572,-0.822019830595683,0.143246884162299,1.40909581965335
"C303A","303",173,573,-0.57172654952111,-0.408902852064521,-0.108912242419295
"C303A","303",174,574,-0.0687155163698622,-0.892154031414322,-0.402819751954963
"C303A","303",175,575,0.133744813260728,-0.493012328600003,0.87648428427453
"C303A","303",176,576,0.316617377145468,-2.04251566365433,0.999471805885853
"C303A","303",177,577,1.58496322898492,-1.29169864079361,1.32262177800308
"C303A","303",178,578,2.08806827523783,-1.05498480151812,0.501067253715792
"C303A","303",179,579,1.97383364683523,-0.70261745642724,1.44066064173072
"C303A","303",180,580,0.485816621089363,-1.41373500232306,0.89691643494502
"C303A","303",181,581,0.231121066584771,-1.22762814775565,0.74523690814619
"C303A","303",182,582,1.20760227339284,-0.178432949038023,1.96259660381728
"C303A","303",183,583,-0.184204305167376,-0.919763803875505,0.7053160236658
"C303A","303",184,584,0.336302209659969,-1.4136027806579,0.560627040545636
"C303A","303",185,585,-0.118044433188239,-1.62690511717872,0.524664136710275
"C303A","303",186,586,-0.0909443111098868,-1.37615226242429,1.14178832383418
"C303A","303",187,587,1.13117833210121,-1.40755016159749,0.328508601606603
"C303A","303",188,588,-0.460400624220189,-1.78176657978191,0.0837955339991438
"C303A","303",189,589,0.160324276475774,-1.28556790664361,0.891794177121107
"C303A","303",190,590,-0.151448260751377,-1.52444845133373,0.781233438174059
"C303A","303",191,591,0.820476098785247,-1.9054663380378,-0.0327981800879119
"C303A","303",192,592,-0.547132386606836,-2.02207780639888,1.91784975462189
"C303A","303",193,593,1.6119048101153,-1.27803859898193,0.892756402433334
"C303A","303",194,594,1.15708243759238,-0.244679425415052,1.3674565926739
"C303A","303",195,595,1.59214404139123,-1.1733671134868,0.851329638576406
"C303A","303",196,596,0.85315024686391,-1.14832765495795,0.87730593424004
"C303A","303",197,597,1.05152240759913,-1.2058292611925,0.718953147981867
"C303A","303",198,598,-0.588903317651778,-1.30803626645179,0.617183040524154
"C303A","303",199,599,-0.871866705905119,-1.49791219226754,-0.00525574032190994
"C303A","303",200,600,-1.59800347078967,-1.87948015932198,-0.272529257856488
"C303A","303",201,601,-1.56108816068766,-1.60824773569713,-0.518696629380872
"C303A","303",202,602,-0.943524218978567,-1.42827669489892,-0.886253309969551
"C303A","303",203,603,-1.40155282585757,-1.36606214040886,0.677127235301191
"C303A","303",204,604,-1.10189949238343,-1.77700894168454,-0.567255552699245
"C303A","303",205,605,0.449148768822464,-1.2128251862737,-0.0340725351566194
"C303A","303",206,606,-1.0202658088411,-0.793718450278454,0.809687778381516
"C303A","303",207,607,-1.25004736755173,-0.621979764399449,1.16836108810205
"C303A","303",208,608,-1.23991418542073,-0.671814519048489,-0.0317193001827228
"C303A","303",209,609,-1.58677609032226,-0.410336768181652,-0.194964909767314
"C303A","303",210,610,-1.63105655363371,-0.315341719061304,-0.508330629386916
"C303A","303",211,611,-1.36058330596784,0.24469253491228,0.359185383060664
"C303A","303",212,612,-2.12800047536381,-0.189827656061922,0.00608534725239415
"C303A","303",213,613,-2.16835058573063,-1.11511668101074,0.703911842576591
"C303A","303",214,614,-1.662274080859,-0.0602266328075341,-0.242481307879656
"C303A","303",215,615,-2.30867639280073,-0.610713971810116,-0.0204279638474934
"C303A","303",216,616,-1.93232710375664,0.431373201705687,0.0647493868091773
"C303A","303",217,617,-0.914419479735365,-0.0996492410270857,-0.121607442514196
"C303A","303",218,618,-1.32628510625902,0.0144693528739753,-0.0381138290095126
"C303A","303",219,619,-1.78376710726341,0.572706361819936,0.230018767559166
"C303A","303",220,620,-1.31158973679474,0.0107622024110768,-0.219365201264374
"C303A","303",221,621,-1.61038801959448,0.359405832586314,-0.619356554301397
"C303A","303",222,622,0.029188143008898,-0.80817435260897,-0.141117915255838
"C303A","303",223,623,-1.94516523497567,-0.45039924240186,0.526875989146765
"C303A","303",224,624,-0.158757499811512,-0.775373662084557,0.628724734893757
"C303A","303",225,625,0.536742529805649,-0.203153444303331,-0.265055898133376
"C303A","303",226,626,0.877619440213881,-0.23739034570298,-0.471071298676752
"C303A","303",227,627,-0.3740989933879,-1.289280382286,-0.620529284456742
"C303A","303",228,628,-0.447099299704868,-0.830181885991049,-0.0705930669356528
"C303A","303",229,629,-0.911006695443641,-2.46533685110945,-0.525616794232041
"C303A","303",230,630,-1.50768963929543,-1.21304657600172,0.443967554676995
"C303A","303",231,631,0.0917457994390953,-2.23255861554157,-0.0165622146455194
"C303A","303",232,632,1.69246888972511,-1.91873645617173,0.900974542035528
"C303A","303",233,633,1.72660757624938,-2.41420888942247,0.975999507634483
"C303A","303",234,634,0.193034696486148,-3.49249606293755,-0.0266970222253519
"C303A","303",235,635,0.412328194161605,-2.20915326914816,0.911991852331579
"C303A","303",236,636,1.52038306215169,-2.61220490619605,0.636756386258301
"C303A","303",237,637,1.74937922261552,-2.70040078862077,-0.481291239730504
"C303A","303",238,638,1.28256529845401,-2.36364206676943,0.117254886696222
"C303A","303",239,639,1.19090243448957,-2.35428940019206,0.852539359588273
"C303A","303",240,640,1.19196342651407,-1.94693663300704,0.430574400222117
"C303A","303",241,641,0.873051773448453,-2.28060917948445,0.56370790840442
"C303A","303",242,642,1.06498599022917,-2.15616516575058,0.544776571075922
"C303A","303",243,643,1.79687841593268,-1.50876640935147,0.691998439736965
"C303A","303",244,644,0.972877691217316,-2.25400223927913,0.73394619433078
"C303A","303",245,645,0.126803032756314,-0.958137197728367,0.923490391319619
"C303A","303",246,646,1.59934571579048,-1.40073773519968,-0.547839994652147
"C303A","303",247,647,1.5627788408179,-2.5805886550457,0.380708862090684
"C303A","303",248,648,1.3788559496392,-2.86295171950466,0.779792265859843
"C303A","303",249,649,0.359769984490335,-1.98510065094427,0.302237128464844
"C303A","303",250,650,0.790404295103286,-1.19972934606986,0.324475900959091
"C303A","303",251,651,1.61531531191936,-0.630006744713341,0.282852756130743
"C303A","303",252,652,0.989270709530687,-1.82654854770497,1.33775413366026
"C303A","303",253,653,2.02760687087274,-2.16438771759612,-0.695240423445162
"C303A","303",254,654,-0.357369339481074,-0.786448587079978,0.46635943476272
"C303A","303",255,655,0.582889413511414,-0.850454257960632,0.917952779282843
"C303A","303",256,656,0.725720272018914,-1.0109524728804,0.648232647766761
"C303A","303",257,657,0.822539270919477,-0.878498210394621,0.978951703610813
"C303A","303",258,658,0.204585462459146,-0.509522547343638,1.46404981499567
"C303A","303",259,659,0.418294493610397,-0.49656794494451,1.22088950539807
"C303A","303",260,660,0.928069104489006,-1.13914062305836,0.884640098705682
"C303A","303",261,661,1.74191629530989,-0.821840492045392,1.16350571836386
"C303A","303",262,662,0.668009352540104,0.247376406922143,0.77547720878049
"C303A","303",263,663,0.776857781660735,-0.789321047726797,-0.403793321593742
"C303A","303",264,664,0.9600812840058,-1.73132504698608,0.298975226465999
"C303A","303",265,665,0.605678365168414,-1.6448741635734,0.243301192792308
"C303A","303",266,666,0.370124384642223,-1.60496225944657,-0.379743118979974
"C303A","303",267,667,1.62447302169204,-0.795915503527235,0.23840957252227
"C303A","303",268,668,0.355537207394072,-1.41315436058542,-0.00474980925810365
"C303A","303",269,669,-0.150063994722385,-1.60636750849337,1.27690020606993
"C303A","303",270,670,0.304442967944793,-1.2128115374009,-0.496399027232556
"C303A","303",271,671,0.488783434517851,-2.43479114844681,-0.218627998692782
"C303A","303",272,672,1.58549371645812,-0.0392698561607001,1.73668455675262
"C303A","303",273,673,2.25307098762871,-0.0460337417604137,1.40288510659939
"C303A","303",274,674,1.6831395793266,0.127070281954903,0.966501548280889
"C303A","303",275,675,3.04879137296738,0.315789087057465,1.95946978096272
"C303A","303",276,676,2.65021971594834,0.979862215961449,2.31387350727229
"C303A","303",277,677,2.11760779825553,-0.975809094447766,1.52276535388293
"C303A","303",278,678,2.52151228198156,0.122004923704928,1.42489768274195
"C303A","303",279,679,3.46320286724283,-0.573308162324451,1.01583206984679
"C303A","303",280,680,2.41953602514544,-2.34600948026859,-0.271199720922806
"C303A","303",281,681,2.0070894442989,-4.21772098645127,0.0601737637393513
"C303A","303",282,682,1.10874944665869,-2.35347175214664,1.34741880503694
"C303A","303",283,683,-0.213057794953334,-1.49293145555334,1.20182519079195
"C303A","303",284,684,1.22974913581767,-1.43144188802346,0.737297073272906
"C303A","303",285,685,0.58764713626369,-2.34825054446844,0.513644524490822
"C303A","303",286,686,0.729135597092852,-1.68215798645744,0.617484883618124
"C303A","303",287,687,1.10462254107179,-0.227610981477653,0.596861623023739
"C303A","303",288,688,1.18962316368349,-1.89827193406301,1.26322127796487
"C303A","303",289,689,-0.467694641874806,-2.55174649715603,0.177815697427389
"C303A","303",290,690,0.502888028353632,-1.15329893077106,0.159384766133684
"C303A","303",291,691,0.623378161862821,-1.70526731783633,-0.656302511973036
"C303A","303",292,692,0.51983687590804,-1.30961824803251,0.67621561960853
"C303A","303",293,693,-1.45977953213463,-1.37254725359048,0.119812092074345
"C303A","303",294,694,0.785458458881328,-1.59066013864269,0.0941981974713404
"C303A","303",295,695,1.10230495598968,-1.676954706028,-0.0364321648152556
"C303A","303",296,696,1.07261505748743,-0.903272187599075,-1.0758801306607
"C303A","303",297,697,-1.56777125382847,-1.50030693561333,-1.94620146310346
"C303A","303",298,698,-0.622210286366063,-1.41633135707808,-0.542387977122646
"C303A","303",299,699,-0.832140335049085,-1.65725859838872,-0.125411455995611
"C303A","303",300,700,-0.147392324097896,-1.88913790276672,0.886289494130728
"C303A","303",301,701,0.209684930970366,-2.24214558075272,0.767587462834411
"C303A","303",302,702,0.610878105118528,-1.11459990446068,0.858069539915348
"C303A","303",303,703,0.526523352213946,-1.59337122378415,0.249964297929102
"C303A","303",304,704,0.721493053725241,-1.58740486509673,0.235754471307585
"C303A","303",305,705,1.67110689923194,-2.16987976416803,0.466264009117083
"C303A","303",306,706,1.21007843279639,-2.90733461079823,-0.514687586346206
"C303A","303",307,707,-0.102697198635841,-2.1349359871092,-0.25288636150673
"C303A","303",308,708,-0.0952638607350138,-1.04576482367827,-0.422161659292244
"C303A","303",309,709,-0.996942432024117,-1.42009135515724,-1.71190920146407
"C303A","303",310,710,0.239471262570338,-0.914442353071327,-1.80392603852745
"C303A","303",311,711,0.331096122257727,-1.48740964803862,-2.32143211777548
"C303A","303",312,712,0.525018566236101,-1.42352637376872,-1.69632781402641
"C303A","303",313,713,-2.79144900449,-2.02943393478751,0.969734788034862
"C303A","303",314,714,-1.35488996933927,-1.51223791189334,0.0105207864059652
"C303A","303",315,715,1.12540012174497,-2.02904958761418,-1.19036128280779
"C303A","303",316,716,0.0428157135103026,-2.59334047787041,-0.180197379022451
"C303A","303",317,717,-0.0372999087485103,-2.17205518404675,0.56046077891475
"C303A","303",318,718,-1.3660987558632,-1.13450182943418,-0.247897650741616
"C303A","303",319,719,-0.52979220056109,-1.50524498346371,0.736366768689819
"C303A","303",320,720,-0.891015826329455,-0.887920269219935,-0.288994679002287
"C303A","303",321,721,-0.0081843258765242,-0.592570701675008,-0.0794089432249116
"C303A","303",322,722,-1.91507817987889,-0.976572624877459,0.219880741830275
"C303A","303",323,723,-0.135488866241449,-0.619758567904872,0.225489789189474
"C303A","303",324,724,-0.327246485251637,0.0896993284358803,-0.808166234856101
"C303A","303",325,725,0.38248691007614,-1.47577042939399,0.647881167178234
"C303A","303",326,726,1.04562634810783,-1.5653062541359,-0.730297427876653
"C303A","303",327,727,0.577129266761539,-1.3318027558442,-0.739063885566372
"C303A","303",328,728,0.945840061350492,-2.25594688177186,-0.28545857381259
"C303A","303",329,729,1.43018113000343,-3.26649488388483,0.197925291041734
"C303A","303",330,730,1.55744793683145,-3.11458995441337,-0.574515175414941
"C303A","303",331,731,1.7810393213464,-2.4141016305455,-0.756377878681702
"C303A","303",332,732,1.31542948608597,-1.35898378839436,-0.140337004466941
"C303A","303",333,733,-0.900460126995227,-2.1770646536068,0.40571313466255
"C303A","303",334,734,1.48379986310177,-2.47374285032244,-0.252962830126716
"C303A","303",335,735,0.0666285190724331,-3.11395592621591,-0.314298967060203
"C303A","303",336,736,-0.177145714578271,-2.44024577146425,-0.246292233777142
"C303A","303",337,737,-0.0840247720157245,-1.01617461042116,0.228928320255516
"C303A","303",338,738,0.579514897826137,-1.37888092486451,-0.671295552460388
"C303A","303",339,739,0.767921094418459,-1.18721486386624,-0.621399858978152
"C303A","303",340,740,0.0580471984780711,-0.651950472080842,-0.144517898131525
"C303A","303",341,741,0.0190655052870296,-0.446666043375209,0.140008544834483
"C303A","303",342,742,-1.44629089037647,-0.678138531920357,-0.295294332637748
"C303A","303",343,743,0.519598184052341,0.160129413835612,0.601755755055102
"C303A","303",344,744,0.597997832093929,0.0358627484513236,0.321502725360293
"C303A","303",345,745,1.08992281464237,-0.9742334954835,-0.447672855924632
"C303A","303",346,746,-1.31049021422407,-0.674968685199268,1.05370561774944
"C303A","303",347,747,-1.48543270891325,0.293336960881688,1.10856435484997
"C303A","303",348,748,-0.372980370195231,-0.337230302981034,-0.609079340375356
"C303A","303",349,749,-0.159774359502716,0.360716803982553,-0.0762677353014825
"C303A","303",350,750,-0.540103364721538,-0.291441617510511,0.333153432253331
"C303A","303",351,751,0.108534087356525,0.252730769192757,1.27944959553933
"C303A","303",352,752,0.475510794335014,-0.560336288647997,0.287406851317448
"C303A","303",353,753,-0.144941385827121,-0.722916062172259,0.937570192497132
"C303A","303",354,754,0.644206908361015,-0.623991183499605,0.218410073644136
"C303A","303",355,755,0.997972549845421,-0.666833265106008,-0.273544257251746
"C303A","303",356,756,0.46321782230158,-0.156954835883666,-0.725721267897746
"C303A","303",357,757,1.08810037137142,0.358072165954074,1.15453289809794
"C303A","303",358,758,2.39105170658759,0.0507708312735586,1.06216228633421
"C303A","303",359,759,3.32483576718766,-0.377889175239885,-0.165962309464229
"C303A","303",360,760,1.965934502934,0.358179692273819,0.917752800094558
"C303A","303",361,761,1.58345950637022,-0.0973602962787087,0.820463956519641
"C303A","303",362,762,3.16582498087877,-0.314273476282369,-0.194189330597465
"C303A","303",363,763,2.84120802070809,0.150893570724034,0.707668011045506
"C303A","303",364,764,3.21659327278515,0.528310547958189,0.441380665622939
"C303A","303",365,765,2.41570246435753,0.575559878319245,0.643106863568673
"C303A","303",366,766,3.3325673573171,0.881353127558287,0.517363298724435
"C303A","303",367,767,3.02072071443429,1.57595232759219,0.156408623855884
"C303A","303",368,768,2.28743250654415,1.23965887075094,1.13114994938163
"C303A","303",369,769,-1.23679661534265,0.958147924018525,-0.45119467990434
"C303A","303",370,770,0.145764575157982,1.17556809682262,0.00823944927503465
"C303A","303",371,771,1.67985203507138,0.10464564621712,0.646357759684656
"C303A","303",372,772,1.64442172030451,1.81657949616044,0.468236353493342
"C303A","303",373,773,0.358662617390201,1.70061112244891,0.916729723486335
"C303A","303",374,774,1.12708733019999,1.4270877106102,1.2550784648707
"C303A","303",375,775,1.27189840382718,1.59136491372166,0.661494188190412
"C303A","303",376,776,2.20443781143955,1.27144473435036,0.223644546193835
"C303A","303",377,777,1.78481552418296,2.47759928415983,1.30330642008922
"C303A","303",378,778,1.46424105936538,1.59711746241612,1.02245355970868
"C303A","303",379,779,1.51029154301088,2.2424154571005,1.09597294267719
"C303A","303",380,780,2.63936318962621,2.5661223701341,0.236405162670758
"C303A","303",381,781,1.45246281189776,2.02725359990861,1.24388299716804
"C303A","303",382,782,0.54474553947644,2.25436065854744,2.12827386893973
"C303A","303",383,783,1.27459278528455,1.83079106795502,0.748798078643731
"C303A","303",384,784,1.51968712664706,2.14320472976108,0.236822005209496
"C303A","303",385,785,2.24594042397605,2.25104770000314,0.653443360115596
"C303A","303",386,786,2.71795845074513,1.96565069097916,0.0460053199800003
"C303A","303",387,787,1.87820232775296,2.06079692817776,0.381375464843283
"C303A","303",388,788,0.727904764083088,1.63122092038548,1.46590130835769
"C303A","303",389,789,-0.615792120019323,1.29722565087688,1.05500389953436
"C303A","303",390,790,-1.5928831096805,1.82152062393051,0.618971434341469
"C303A","303",391,791,-0.261313618598752,1.19272402619194,0.23768691159245
"C303A","303",392,792,0.455621240838682,1.82045338756725,-0.267726099164539
"C303A","303",393,793,0.136836244706198,1.71960737914848,1.08712625154127
"C303A","303",394,794,-0.325442870706606,1.45158650816653,0.0540363992936689
"C303A","303",395,795,-0.0804504911037295,1.78376544349428,-0.351092331366444
"C303A","303",396,796,0.953593423378713,1.77788462436954,1.24560548202372
"C303A","303",397,797,0.339589677446909,1.28849437776424,-0.124889606349809
"C303A","303",398,798,-1.16800176222259,1.92643972124677,0.181129998827386
"C303A","303",399,799,-0.739863746452141,1.39729368981285,-0.278549158478053
"C303A","303",400,800,-0.744206191351678,1.74925765944236,0.0847239326170228
"C322A","322",1,801,1.29113821070732,-1.40817197655553,-1.65147227731233
"C322A","322",2,802,-0.188255581316797,-1.1456358566117,1.22916621251368
"C322A","322",3,803,-1.29456972541523,-0.564334938061081,0.0908318468327863
"C322A","322",4,804,-0.35706052558702,0.569489109037164,0.625174657403913
"C322A","322",5,805,0.588514029422505,0.738937690297275,0.421520971460727
"C322A","322",6,806,-0.306114464571434,0.40501618322097,-0.0824473787603057
"C322A","322",7,807,-0.39236889856591,0.434593641012897,1.44117575667594
"C322A","322",8,808,0.579645774504927,-0.238760699623951,-0.591030011336237
"C322A","322",9,809,1.30864642342852,0.314477933715498,0.457840524928926
"C322A","322",10,810,-0.226171538607069,-0.279578493230954,0.050121384688005
"C322A","322",11,811,-1.05191235762273,-0.535283031643496,0.339235950165376
"C322A","322",12,812,-0.623225740628332,-0.370144276541748,0.0599944666412807
"C322A","322",13,813,0.246603275457661,0.0942418362686853,0.372813914300045
"C322A","322",14,814,-0.179071966074279,-0.362812998473768,-0.243353450310059
"C322A","322",15,815,-1.4262123810217,-0.492896388723738,0.184031927191452
"C322A","322",16,816,-0.461638998197099,-0.262438074315331,0.879785096669961
"C322A","322",17,817,-0.0597648117609454,-0.275347731434529,0.146757770649836
"C322A","322",18,818,1.43087478399578,1.15844126779196,-0.829802509332649
"C322A","322",19,819,0.23850528297679,0.814675523294114,-0.142531121338338
"C322A","322",20,820,2.20197896639786,0.780725651467703,-0.130649900508393
"C322A","322",21,821,-0.316548229767441,-0.260013516263287,0.74801724986316
"C322A","322",22,822,0.136660448390989,-0.78601867932803,-0.339498140977515
"C322A","322",23,823,-1.05309293724298,0.0923708995641966,0.746071395504825
"C322A","322",24,824,-1.18112997071569,-0.317225059178191,0.116822441019227
"C322A","322",25,825,-0.658286377829084,-0.288966578755017,-0.155230663038853
"C322A","322",26,826,-0.95306528736404,-0.174593314571084,-0.0222180632789121
"C322A","322",27,827,-1.16105312141737,-1.07731011762113,0.274573186549945
"C322A","322",28,828,-1.09704702300977,-0.213207393097282,0.283419499252946
"C322A","322",29,829,-1.16642183523535,-0.250406294759722,0.000157535800223057
"C322A","322",30,830,-1.03253167469286,0.043446297514793,0.0705383459715596
"C322A","322",31,831,-1.3429154820114,-0.665989658042987,0.427247686773899
"C322A","322",32,832,-1.17760525291981,-0.478108862043356,-0.0066675076152547
"C322A","322",33,833,-0.910168674158128,0.372940954271277,0.361388005056958
"C322A","322",34,834,-0.95548668609302,-0.237961003516979,0.639847775336894
"C322A","322",35,835,-1.22827186552825,-0.712498188386688,0.537090719974277
"C322A","322",36,836,-0.51001841536747,-0.767874778248132,0.0650424018517381
"C322A","322",37,837,0.704521329208199,0.181238796812114,-0.696947760745948
"C322A","322",38,838,1.48924811263892,0.869091035097001,0.499356395063974
"C322A","322",39,839,-0.46030829399331,0.103579137237058,-0.103189373749881
"C322A","322",40,840,-0.927908031467849,-0.849847061002667,0.148414332205644
"C322A","322",41,841,0.214954649606331,-1.45035019098955,-0.0317907237198875
"C322A","322",42,842,-0.0493820729970239,0.278324791420047,0.844292540955464
"C322A","322",43,843,0.715360676066712,0.561358010699605,-0.415018301594684
"C322A","322",44,844,-1.22153956197908,-0.514123306598807,0.446403175284543
"C322A","322",45,845,-1.00945311656512,-0.672032788642301,0.135694485424253
"C322A","322",46,846,-0.32050607110571,-0.601591136660767,0.659688331416494
"C322A","322",47,847,-0.74832006976723,-0.216621102908461,-0.164132274064804
"C322A","322",48,848,-0.551443447609994,-0.693484469089882,-0.854717946649088
"C322A","322",49,849,0.40024854293918,-0.520456847940387,0.014343609152802
"C322A","322",50,850,-0.345785817650341,-0.265882528576463,0.00227668955487349
"C322A","322",51,851,-0.16334773757458,0.36851994417473,0.582459355549967
"C322A","322",52,852,-1.21677330464863,0.108781893630547,1.06246240122685
"C322A","322",53,853,-0.35156164225334,-0.849683085957334,-0.194409088468756
"C322A","322",54,854,0.00624187258897098,0.176311242720971,0.283346468775893
"C322A","322",55,855,-0.737000445522556,0.0260051590685743,-0.86352420217212
"C322A","322",56,856,-0.507336652427116,0.218590528697005,0.552200007813147
"C322A","322",57,857,-0.0419903381134752,0.79789335816619,-0.163014655773847
"C322A","322",58,858,-0.332897360778726,0.388229184555832,-0.267234980246537
"C322A","322",59,859,-0.46710308263588,0.294624908680281,0.72641870650977
"C322A","322",60,860,-0.989326110544118,-0.78119420893652,0.220750924283159
"C322A","322",61,861,-0.163093519452014,-0.705963420804819,1.62169568507229
"C322A","322",62,862,0.26538430373309,-0.815903157109618,1.01259570254657
"C322A","322",63,863,0.960467241890301,-0.763355874547948,0.268871015508555
"C322A","322",64,864,0.376729997020954,0.491209627195229,0.633574504423731
"C322A","322",65,865,-0.78550602670941,-1.35671319530634,0.311519474017672
"C322A","322",66,866,-0.118756434669356,-0.554332308771035,0.403654960175891
"C322A","322",67,867,-0.147773652341579,0.0270107804630583,-0.110407566573909
"C322A","322",68,868,0.786514984586649,0.0332560557376989,-0.15160779726403
"C322A","322",69,869,0.204524174355127,0.0805712867989551,0.891819431166735
"C322A","322",70,870,-0.71380463787362,-0.64080160569399,1.22277563898016
"C322A","322",71,871,-0.222477311109764,-0.270915781894984,0.406504027462123
"C322A","322",72,872,-0.245482377892381,-0.758235041375418,0.213054377034901
"C322A","322",73,873,0.235768670256088,-0.501689219215812,-0.131412608137789
"C322A","322",74,874,-0.225309587580732,-0.209042574135984,-0.510626797143183
"C322A","322",75,875,0.00773606319389936,0.0985954588086826,0.74168371854523
"C322A","322",76,876,1.49421315033356,-0.641147584109891,0.614133761549445
"C322A","322",77,877,0.682594066464417,-0.337876097517402,-0.716106103477021
"C322A","322",78,878,-0.305914306662891,-0.660488642453177,0.844878413284259
"C322A","322",79,879,0.90953538972655,-0.433752854079163,0.047039689206331
"C322A","322",80,880,1.24516824338727,-0.337442302234628,-0.373435645261037
"C322A","322",81,881,0.303782488764981,-0.153540073715202,0.821585514184655
"C322A","322",82,882,2.39312218105465,-0.75436049234767,0.192914569586182
"C322A","322",83,883,0.552517308663652,-0.245722342752286,0.441862139367025
"C322A","322",84,884,0.948639500245717,-0.0960147253274303,-0.409897146079222
"C322A","322",85,885,-0.0489948112929414,-0.810837031766475,0.691988258674357
"C322A","322",86,886,-1.80881458425272,0.0805006860647603,-0.358311177910725
"C322A","322",87,887,-0.0133063631491985,-0.638484164128207,0.0995528283271204
"C322A","322",88,888,-0.770940069582238,-0.341323950868958,-0.102879178009988
"C322A","322",89,889,-0.888824888855317,-0.28092564134157,-0.143455424513802
"C322A","322",90,890,0.751139844804903,-0.529988941411445,0.679474249710422
"C322A","322",91,891,0.927508682930872,-0.581058616999173,0.495767103761767
"C322A","322",92,892,0.215465231024913,-0.8814564319766,0.559666057114631
"C322A","322",93,893,0.807990171488854,-1.08383173921804,1.30697278743176
"C322A","322",94,894,1.8994059222032,-1.31993964099555,0.00377573459298228
"C322A","322",95,895,-0.464485248876761,-0.955761882068702,-0.0638526863728357
"C322A","322",96,896,0.735141640357418,-0.960516664578072,0.575426590160673
"C322A","322",97,897,0.907527946844615,-1.58892489684192,0.183326191391386
"C322A","322",98,898,0.765085691333607,-0.998001808172822,0.760424903000452
"C322A","322",99,899,-0.188017452956672,-1.64568327694208,-0.983214436985521
"C322A","322",100,900,0.189111469860814,-0.767649510069478,0.563440971356917
"C322A","322",101,901,0.410632033785424,-1.09833154847363,0.7495228711495
"C322A","322",102,902,-0.897981263903523,-2.13804454744862,0.875612901384317
"C322A","322",103,903,0.84073210552108,-1.19990977160941,-0.60423059788658
"C322A","322",104,904,0.537151441393982,-1.80473637119998,-0.174028248971434
"C322A","322",105,905,1.32076507915685,-0.981041343328468,-0.23173297304254
"C322A","322",106,906,1.50572088066517,-0.503926925959024,-0.17390030386792
"C322A","322",107,907,1.19163980193046,-0.813994897609632,0.708508667666625
"C322A","322",108,908,1.13451969645023,-0.950105775547479,-0.390351289224888
"C322A","322",109,909,0.411816533790301,-0.969258684704562,-0.0683280009087565
"C322A","322",110,910,-1.45498309275235,-1.08189324478113,0.864244757342827
"C322A","322",111,911,0.775268370713657,-0.695170049708857,0.058073952598497
"C322A","322",112,912,0.815411555771477,-0.754101007289538,1.13628560106079
"C322A","322",113,913,0.666403296530562,-1.4872784173393,0.199424874008305
"C322A","322",114,914,0.106704044405676,-1.03231602685648,-0.222173184055952
"C322A","322",115,915,-0.0594056067552884,-0.714210338771755,0.622603906883928
"C322A","322",116,916,-0.42150682030567,-0.411572426936963,1.14914636261697
"C322A","322",117,917,0.312608315748455,-0.38443584111299,0.185628407689255
"C322A","322",118,918,-1.41426556684452,-0.720293157662579,1.57806084312904
"C322A","322",119,919,0.942666070327134,-0.0544023525073263,1.61652420920694
"C322A","322",120,920,0.829658199014865,0.258882469711645,0.991827915433568
"C322A","322",121,921,0.112629550682047,-0.85073799469769,1.61411672807019
"C322A","322",122,922,-0.781404979360657,-0.731256251214617,2.0276810898746
"C322A","322",123,923,-0.350440916750094,-0.598295176406677,1.04703131318432
"C322A","322",124,924,-0.401280661692471,-0.417078347824014,2.17490091036989
"C322A","322",125,925,0.274447739037349,-0.540228677077055,1.41240253424306
"C322A","322",126,926,0.353887816331685,-0.0885503500776054,1.50204538681661
"C322A","322",127,927,-1.16485842560209,0.167472815355518,1.41152538380815
"C322A","322",128,928,-0.167728387108206,-0.313587864731694,1.13083284411586
"C322A","322",129,929,-1.11446830807296,-0.451336583601738,1.17752308365049
"C322A","322",130,930,-0.0998417891870923,-0.12860304864822,1.58549405551655
"C322A","322",131,931,-0.757309100131643,-0.00548669315909679,1.10761720302895
"C322A","322",132,932,-1.99746826161242,0.117692106538713,2.10317407347786
"C322A","322",133,933,-0.411865893999606,-0.139319080153672,1.39043450468444
"C322A","322",134,934,-0.952694305994933,-0.157268839369109,0.432240576356556
"C322A","322",135,935,-2.62563797382336,-0.357174084740628,0.960198708285915
"C322A","322",136,936,-2.07378252142502,0.719805252537566,1.29271875687675
"C322A","322",137,937,-1.23322812006747,0.197747069479041,0.755431287597807
"C322A","322",138,938,-0.810506681602744,-0.370905825644138,1.85953942480114
"C322A","322",139,939,-0.469663817753251,-0.0296636080431417,1.44976644907743
"C322A","322",140,940,-1.34317179408764,-0.459235031398449,0.861108340996813
"C322A","322",141,941,0.586638315769365,0.0730356250381801,-0.99411458316711
"C322A","322",142,942,-0.151132295542072,-0.992192015044137,0.396876904937466
"C322A","322",143,943,-0.160318319397013,0.0324818633015092,0.210689003581523
"C322A","322",144,944,-0.190405473840535,0.811205644084449,0.860114508750117
"C322A","322",145,945,-0.759009294278301,-0.561436842433901,1.0760776596514
"C322A","322",146,946,-0.117903308358554,-0.497797907883501,0.26425006220108
"C322A","322",147,947,-0.5845496986824,-0.405918564778984,-0.420743759270913
"C322A","322",148,948,-0.654470522118053,-1.19240062031663,0.633033920034688
"C322A","322",149,949,0.494818159696243,-0.406216579934724,0.0853145974151504
"C322A","322",150,950,-0.251964462469623,-0.261592001604746,0.229528605335124
"C322A","322",151,951,1.02862423476478,-0.982708351694437,0.596759519222131
"C322A","322",152,952,-0.107109637270388,-1.01173980163314,1.01494770143364
"C322A","322",153,953,-0.0157747603646797,-1.08948008794961,0.834979752627878
"C322A","322",154,954,1.49456170568077,-0.878181770983899,-0.816227052685406
"C322A","322",155,955,0.492093601637864,-0.598513739027388,-0.759574409659509
"C322A","322",156,956,1.91298708419064,-0.481027505065973,-0.823645103599537
"C322A","322",157,957,0.918884356328014,-0.216404749884455,0.470032674186051
"C322A","322",158,958,-0.248599178143932,-0.405965929708522,-0.259233852958259
"C322A","322",159,959,0.677046476291261,0.0308761198425943,-0.134494985913885
"C322A","322",160,960,1.16369635693979,-0.00432400828153494,-0.0481233956251657
"C322A","322",161,961,2.90123816827818,1.30776318575687,0.210110070578385
"C322A","322",162,962,1.21224311629369,0.658756889386206,-0.0799283468120532
"C322A","322",163,963,1.32532021079419,-0.773459086362875,-0.467941659055598
"C322A","322",164,964,0.287338938263628,-0.173669315293049,1.32138374754887
"C322A","322",165,965,1.32973214819124,-0.309754053717279,-0.0920095338252314
"C322A","322",166,966,1.62815053984361,0.494317372538246,0.396606601593083
"C322A","322",167,967,1.2052035442502,-0.853041111792187,-0.240618996794633
"C322A","322",168,968,1.27178301870371,0.109917630741453,-0.171157181677289
"C322A","322",169,969,0.751151770000593,-0.439737824254914,0.580971288008603
"C322A","322",170,970,1.30967386016977,0.164317293857846,0.178063725291142
"C322A","322",171,971,-0.554486071191943,-0.390108580952178,-0.120640967111837
"C322A","322",172,972,1.43771645165471,-0.805806693168627,-2.08586167275056
"C322A","322",173,973,-0.160063219754938,-1.12260049713399,0.285697617052805
"C322A","322",174,974,0.057016114142002,-0.553855125662563,0.895860663211343
"C322A","322",175,975,-0.761279238476757,-0.493246559800187,1.43353804670438
"C322A","322",176,976,0.5895743301355,-0.665587700109061,0.0209929856374354
"C322A","322",177,977,0.729920916513347,-0.882504406331962,0.425247919913555
"C322A","322",178,978,-0.887198479512511,-0.831573268104927,0.547086665529104
"C322A","322",179,979,2.16672416729604,0.0788160721805021,-0.650485719495929
"C322A","322",180,980,0.471645954803595,-0.555321472386852,0.410674307379598
"C322A","322",181,981,1.04698919407138,-0.15263617771416,-0.305071009291085
"C322A","322",182,982,1.47244666977562,0.227335513155342,-0.764701175100477
"C322A","322",183,983,0.699852164081528,-0.239416352851793,-0.0291442986714739
"C322A","322",184,984,1.10112971791469,-0.351823709271668,-0.101585948865364
"C322A","322",185,985,2.05226343665443,-1.38360013938766,0.516906817456404
"C322A","322",186,986,-0.329509453649721,-0.923559804445965,0.438605434790831
"C322A","322",187,987,1.06693795185583,-1.43182520506405,0.427102505761936
"C322A","322",188,988,0.428999447509297,-0.714524370172129,0.745130207261948
"C322A","322",189,989,-0.315322181930775,-1.42880340842539,1.12224263671853
"C322A","322",190,990,1.27513156655296,-2.13031408750187,1.11495918519469
"C322A","322",191,991,1.08695394188232,-1.09259661495505,1.55143873275015
"C322A","322",192,992,2.10097539785772,-0.299694104107246,0.43894232058117
"C322A","322",193,993,2.48647840265073,-1.89083495427069,0.371498687714136
"C322A","322",194,994,2.12108931278726,-1.79636364330025,0.479836399196654
"C322A","322",195,995,2.27158208214687,-1.10382739470099,-0.0117309373018605
"C322A","322",196,996,1.02407953662019,-1.83647492457061,1.18556833220239
"C322A","322",197,997,2.17046112373462,-2.4143311834029,1.114821213438
"C322A","322",198,998,1.42803595856138,-0.979044460244375,1.65970361542585
"C322A","322",199,999,0.967892960038146,-1.14307160197187,1.98193982821822
"C322A","322",200,1000,1.5954633634457,-1.3757414333636,0.437222234126247
"C322A","322",201,1001,2.34243276601754,-1.36675416913678,-0.422751649836473
"C322A","322",202,1002,1.52726552168539,-2.21027176241704,1.01002818041944
"C322A","322",203,1003,1.96419599270211,-1.12350142675475,0.737558181696874
"C322A","322",204,1004,2.12222380865239,-0.71141541028573,0.713910850326277
"C322A","322",205,1005,2.10534881812545,-0.0844678886987967,0.528939631207135
"C322A","322",206,1006,1.22175291640781,-1.47300994432716,1.66071666184167
"C322A","322",207,1007,1.11037363866161,-2.15747892407612,0.749259367249264
"C322A","322",208,1008,0.786944132355256,-2.2918495932938,1.56399647292945
"C322A","322",209,1009,1.08597444869207,-1.13832002149188,1.39862383574781
"C322A","322",210,1010,1.7538357375516,-1.80348483957504,2.05299473257935
"C322A","322",211,1011,2.44188298469856,-0.598275286673575,0.938310663086093
"C322A","322",212,1012,0.263015955770671,-1.32103973513036,1.32229372660199
"C322A","322",213,1013,0.927136131571239,-1.57923075341308,0.235844627288401
"C322A","322",214,1014,-0.26660928279654,-1.45172869467963,1.0417060708654
"C322A","322",215,1015,-0.18568969775742,-1.66147788648133,1.02895088682304
"C322A","322",216,1016,-0.370842827288181,-0.823588184406813,0.392291611576149
"C322A","322",217,1017,0.763845899983463,-0.261412096805269,-0.528929101142737
"C322A","322",218,1018,-0.729417628133801,-1.2093388905147,-0.0102827281361684
"C322A","322",219,1019,-0.20024768012434,-0.560119977476647,-0.308593023912173
"C322A","322",220,1020,-0.00247099165162963,0.351014150479769,0.598802504314834
"C322A","322",221,1021,0.405506965676449,0.302197692974231,0.248120489512572
"C322A","322",222,1022,-0.212747453591874,1.14181383848233,0.20258600482188
"C322A","322",223,1023,0.431662500499576,0.322953190128502,0.814270203229433
"C322A","322",224,1024,-0.0329152525824656,-0.736055578359756,-0.0332193862642158
"C322A","322",225,1025,1.33684360904578,-0.11512949262818,0.139582543670222
"C322A","322",226,1026,0.687085257780896,0.343435946870552,0.868266051037793
"C322A","322",227,1027,1.67956526507763,0.23444652786919,0.540750194965236
"C322A","322",228,1028,2.03536407209509,-1.25346597969137,-1.46485252745306
"C322A","322",229,1029,1.82331020740685,0.719643891741716,-0.261610368003166
"C322A","322",230,1030,2.36701601605076,-0.30072045183776,-1.64566791927493
"C322A","322",231,1031,2.67881184739357,-0.437881089362751,-0.66216953034464
"C322A","322",232,1032,2.44974203437444,-0.119197240878947,-0.121845435336089
"C322A","322",233,1033,4.72066975453797,-0.373657131273289,-2.42041254827336
"C322A","322",234,1034,2.76557697608061,-0.285839429027141,-2.34431886923626
"C322A","322",235,1035,2.47099685112307,0.121281152195939,-2.1923997156942
"C322A","322",236,1036,0.789749820827919,-1.21755197383752,-1.15452229661878
"C322A","322",237,1037,0.16362480153534,-0.425860590441877,-0.563056071872317
"C322A","322",238,1038,-0.0143677162677163,0.137898841314403,-1.21016828203528
"C322A","322",239,1039,-1.35332696608616,-0.102731347704566,-0.765437674088549
"C322A","322",240,1040,-1.47338989239291,-1.02087846167019,-0.993750138377689
"C322A","322",241,1041,-1.26998590806702,-0.335290625410837,0.241115138101664
"C322A","322",242,1042,-1.07707046961663,0.222495494803423,-1.69335111326072
"C322A","322",243,1043,-0.830455325641124,-0.193245372681219,-2.3909969615617
"C322A","322",244,1044,-2.53974935947213,0.549917690468602,-0.974131258622998
"C322A","322",245,1045,-3.39278025935508,0.36819853052206,-0.342978586135839
"C322A","322",246,1046,-3.15322574178446,-0.0653688483910951,0.368427967590495
"C322A","322",247,1047,-0.863181652586953,-0.32453660732182,-1.71430924514962
"C322A","322",248,1048,0.857768664392513,0.979771783178765,-0.29797804586047
"C322A","322",249,1049,-0.0445081043800733,1.12572647018329,-0.979993216948232
"C322A","322",250,1050,0.637268173012446,1.21472454524521,-0.327107369666761
"C322A","322",251,1051,0.313559497440152,0.669898776205476,0.0106493664119412
"C322A","322",252,1052,-0.211642456459986,0.675912724024583,-0.601178377218106
"C322A","322",253,1053,-1.27659302881242,0.356906531993255,0.495307346994296
"C322A","322",254,1054,-0.402792802812485,-0.461969934393749,-0.596713521713266
"C322A","322",255,1055,-0.57610985084586,0.738646403950045,-0.727985267719116
"C322A","322",256,1056,1.00468526951555,0.155937189871039,-1.68450199524814
"C322A","322",257,1057,-0.150255215854803,-0.627558098182231,-1.02580238040326
"C322A","322",258,1058,-0.49407630238104,-0.576982225052018,-0.600358376571452
"C322A","322",259,1059,-1.07372577276459,-0.110453933598014,-0.495607358504628
"C322A","322",260,1060,0.473093839631983,-0.213875135805546,-1.41059295845783
"C322A","322",261,1061,-0.0907432208324899,0.285000381818893,-0.944085045072597
"C322A","322",262,1062,0.171818665510552,0.0689969375935377,-1.00319084225688
"C322A","322",263,1063,0.578566531168147,0.474448124157157,-0.0680466704244463
"C322A","322",264,1064,-1.08652669963338,0.0461974236992736,-0.130614119039869
"C322A","322",265,1065,-0.919405482246886,0.155548306237823,-1.23565825308009
"C322A","322",266,1066,-0.939529918787325,-0.729337664232567,-0.909700214997163
"C322A","322",267,1067,0.239050747364757,0.824712018665195,-1.31108471220236
"C322A","322",268,1068,-0.537968747216232,-0.627309948888911,-1.11322018176859
"C322A","322",269,1069,0.764997945472571,-0.236550497707647,-0.941108364304428
"C322A","322",270,1070,0.337738916094524,-0.350843483000263,-1.24296407582376
"C322A","322",271,1071,1.08617630386926,0.132354501626584,-1.70954547008524
"C322A","322",272,1072,0.278269312829914,-0.391113059574925,-1.78823280901871
"C322A","322",273,1073,-0.144179750286191,-0.6619596961872,-0.91858576514671
"C322A","322",274,1074,-0.531533581153302,-1.231552374348,-0.759221081213997
"C322A","322",275,1075,-1.08958890606596,-0.693998001396814,-0.631212722900077
"C322A","322",276,1076,-0.0678340898895673,-0.305023275660641,-1.74956395995406
"C322A","322",277,1077,-0.0490568529997636,0.764124403406073,-1.0870449379061
"C322A","322",278,1078,-0.016439974402776,-0.354412646773864,-1.62365754108141
"C322A","322",279,1079,-0.279421514389074,-0.354610474361048,-0.716230251997445
"C322A","322",280,1080,0.124747216416534,-0.602668988428555,-1.56670340107575
"C322A","322",281,1081,-0.28143202466392,-0.427553051367255,-1.28242609104521
"C322A","322",282,1082,-0.701345055892234,-0.275705642784961,-0.948643466275738
"C322A","322",283,1083,0.415028872157352,-0.363630788292652,-0.98578097380911
"C322A","322",284,1084,-0.812448299219453,-0.0465602878066686,-1.11722427239447
"C322A","322",285,1085,0.23570894887773,1.70903747562905,-0.255055926363481
"C322A","322",286,1086,1.38146781214737,0.82488430692519,-0.699396217840585
"C322A","322",287,1087,-0.250719305551064,0.126954707147438,-0.48221367926057
"C322A","322",288,1088,0.812605439365096,-0.397993650905206,-1.23133202532808
"C322A","322",289,1089,-0.187383454465094,-0.236601446822024,0.15689947773021
"C322A","322",290,1090,1.0885584242422,-0.251777718236884,-1.21691211540555
"C322A","322",291,1091,1.52214013984395,0.2205053772672,-2.28328589524121
"C322A","322",292,1092,3.08738477731797,0.912335104983302,-2.06683634628897
"C322A","322",293,1093,2.65494772062877,1.04440968185994,-3.54330472051561
"C322A","322",294,1094,1.43003846702723,1.13236213573238,-2.59624051440987
"C322A","322",295,1095,0.900859548814575,0.810356812201589,-2.4867359882568
"C322A","322",296,1096,0.750904030065976,1.043527108323,-2.6175356104863
"C322A","322",297,1097,1.39597252457651,1.18916449477402,-1.72582098753884
"C322A","322",298,1098,2.20899968413764,0.714955660453498,-3.0073624286859
"C322A","322",299,1099,0.00562940776048292,1.56029578244893,-2.56780503362442
"C322A","322",300,1100,-1.71301367409014,0.714219414619617,-1.47851481831691
"C322A","322",301,1101,-0.348990514024716,1.84045902716469,-0.63546274752875
"C322A","322",302,1102,-1.61807949616625,0.858814829792153,-0.911500956505093
"C322A","322",303,1103,-2.1654467505268,0.732463242499026,-0.900415147367195
"C322A","322",304,1104,-1.73858583502419,0.847376413041285,-0.788939139364919
"C322A","322",305,1105,-0.34761616048153,1.68843625916717,-2.35021559202207
"C322A","322",306,1106,-4.05150438384772,1.78673097789734,-1.1801257819974
"C322A","322",307,1107,-0.266893823795963,0.586630518737333,-2.90090372075
"C322A","322",308,1108,-1.7803524154348,0.536970763318344,-1.94161635786785
"C322A","322",309,1109,0.140302737384724,0.776895452343333,-2.45892252683289
"C322A","322",310,1110,-0.109761258537888,0.563431916191135,-2.21451926463597
"C322A","322",311,1111,1.01840524058317,0.19338862506879,-3.60432811944064
"C322A","322",312,1112,0.0137497663772753,0.392701567629237,-3.70955187647144
"C322A","322",313,1113,0.458534154064403,0.7964874558619,-3.79240484200412
"C322A","322",314,1114,2.44704526359172,0.300357925741511,-4.28658369617296
"C322A","322",315,1115,-1.51970838442552,0.181308688185876,-4.3384097142532
"C322A","322",316,1116,-0.832171136124401,0.00945924934065027,-3.69218492013605
"C322A","322",317,1117,-2.18556962196064,2.7597307904339,-1.4231916084554
"C322A","322",318,1118,-2.50985475852418,2.36752581013022,-0.102246722636634
"C322A","322",319,1119,-2.17361863280198,1.93852197829952,-0.995741048772816
"C322A","322",320,1120,-3.95331926545855,2.11378681488792,1.36950480262313
"C322A","322",321,1121,-4.06953366567955,2.38217374142099,-0.112412611067087
"C322A","322",322,1122,-3.57950147282269,2.85088932095116,0.758143448158369
"C322A","322",323,1123,-3.96481942261918,1.59402390188702,-0.242173288822377
"C322A","322",324,1124,-3.40020696332759,1.80973563734477,-0.922166035258863
"C322A","322",325,1125,-3.95780398617879,1.55353964598312,-0.0851202487447843
"C322A","322",326,1126,-4.32664859979565,2.17111423495872,-0.25133326370937
"C322A","322",327,1127,-3.32310352748441,1.83555715148891,-0.772340122420285
"C322A","322",328,1128,-4.14828790548874,2.02665661904109,-0.358060658894315
"C322A","322",329,1129,-4.22741539046972,0.610058942376898,-0.492996571925906
"C322A","322",330,1130,-3.21945021414024,1.57934487430744,-0.320597191929742
"C322A","322",331,1131,-3.43945478337977,3.21515298434582,-0.387609003130698
"C322A","322",332,1132,-3.34074804341639,3.19163023615167,0.546712193568739
"C322A","322",333,1133,-4.14586879343107,1.38619624778586,-0.0129959765679293
"C322A","322",334,1134,-3.89859877912944,2.78851532084275,0.251506418827174
"C322A","322",335,1135,-4.18865396669939,2.44936969097407,-1.56693939736494
"C322A","322",336,1136,-2.93629691326952,2.56554717943147,-1.58940904203611
"C322A","322",337,1137,-3.95845086250633,2.67014333691375,-1.52482512243066
"C322A","322",338,1138,-3.16996197596939,1.75817391116299,-1.73030275406138
"C322A","322",339,1139,-3.87561133518283,1.89152982539265,0.054376898082194
"C322A","322",340,1140,-3.970240031566,1.49422115488241,0.0669003229905958
"C322A","322",341,1141,-3.8660223530717,2.04235665098717,-0.545133179924447
"C322A","322",342,1142,-4.19730912191441,2.51220339506326,-0.292722353349091
"C322A","322",343,1143,-2.56845443569891,1.6718644223323,-0.865548140786555
"C322A","322",344,1144,-2.88553356251174,2.13555055257373,-0.599452364937136
"C322A","322",345,1145,-2.90785402993471,0.881933804143611,-0.66636387234014
"C322A","322",346,1146,-3.13567419460738,2.15358947218128,-0.211815906906682
"C322A","322",347,1147,-3.81998980536353,1.80051664726266,0.917965840914563
"C322A","322",348,1148,-3.73043573366935,1.45093981096501,-1.46556336547169
"C322A","322",349,1149,-2.70020219821529,0.267021995605224,-1.60412075644651
"C322A","322",350,1150,-3.50466757233377,2.4463697744954,-1.02858665993879
"C322A","322",351,1151,-2.74747829026476,1.71380662968986,-1.68752328181741
"C322A","322",352,1152,-3.97396737931385,1.48121399065027,0.109332175951855
"C322A","322",353,1153,-3.33477858940291,1.03728192609025,-1.11051683326999
"C322A","322",354,1154,-3.29102893172765,1.0512650430827,-0.871445779991617
"C322A","322",355,1155,-4.19315282690364,1.26673287535277,0.175342730545284
"C322A","322",356,1156,-3.63608822251143,1.7491308537468,-0.616069515620954
"C322A","322",357,1157,-3.49628655838451,2.49118586130961,0.163825066196472
"C322A","322",358,1158,-5.09491651775466,1.84179599193141,-0.234284208166811
"C322A","322",359,1159,-4.94809811108789,1.90541498078846,0.342587150308185
"C322A","322",360,1160,-4.37369456922254,3.96439102283546,1.88391960906193
"C322A","322",361,1161,-3.80024190712349,2.90761424351982,0.854127350119209
"C322A","322",362,1162,-0.830760489198,1.83756208652436,-0.132929193632427
"C322A","322",363,1163,-1.11164614638943,-0.617562955192633,-0.0494135377083478
"C322A","322",364,1164,-1.38495347477104,-0.436052688276658,0.0974564462070421
"C322A","322",365,1165,-0.407324850126929,-0.665506945599276,-0.796821230260977
"C322A","322",366,1166,-0.976927130946991,-0.926048127158824,-0.0535719434109471
"C322A","322",367,1167,-0.125372988697961,0.850282132009183,-1.7224244601964
"C322A","322",368,1168,-1.27098319147047,1.31072610720924,0.809035666875475
"C322A","322",369,1169,-0.583549225180769,1.31813374870388,0.183258102485415
"C322A","322",370,1170,-1.54737434491741,0.930742905687053,-0.170809618530554
"C322A","322",371,1171,-1.24448734350458,-0.146685815305101,-0.689516342534556
"C322A","322",372,1172,0.965448072630776,-1.81138008425509,-0.628659137650306
"C322A","322",373,1173,-0.428778587973914,-1.74245466227063,-0.81775750976023
"C322A","322",374,1174,-0.031898392539286,-2.40706703983152,-1.2274628426157
"C322A","322",375,1175,0.556455591783629,-2.63344919955487,-0.354088159355398
"C322A","322",376,1176,-0.557845991951537,-1.98579964485162,-0.868695745443974
"C322A","322",377,1177,-0.610229145303763,-1.71957918867354,-0.593561819104984
"C322A","322",378,1178,-0.706375391665694,-2.36836711948863,-0.263833492868327
"C322A","322",379,1179,-1.75487204076639,-1.73459913957277,0.211743487019184
"C322A","322",380,1180,-1.83073766518917,-0.570231214597066,-0.653581095728301
"C322A","322",381,1181,-1.56116368035125,-0.096485870046204,0.461572631097232
"C322A","322",382,1182,1.06502747801042,-0.0801918594466271,-0.998277126535862
"C322A","322",383,1183,0.264683015400611,-0.180553700749444,-0.516874882640805
"C322A","322",384,1184,-0.639580669828387,-2.07928684573113,-0.225300429614608
"C322A","322",385,1185,-1.53278727021874,-0.397950586617576,0.437684247655462
"C322A","322",386,1186,0.406632965745415,-0.585877718255065,-0.280722376792436
"C322A","322",387,1187,-0.964755302648816,-0.918989487661325,-0.0106846477469663
"C322A","322",388,1188,-0.119429763707374,-0.664360834479593,-0.113772796225413
"C322A","322",389,1189,-2.7315234874696,0.17900497479029,-0.608129593706639
"C322A","322",390,1190,-2.58530168259045,-0.0587550287685469,0.0354358207879843
"C322A","322",391,1191,-2.12076132515207,-0.507298427475315,-0.180951370012349
"C322A","322",392,1192,-1.12605356599711,-0.0106362421329541,-0.0477512826467331
"C322A","322",393,1193,-1.5677982520761,-0.788000013309627,-0.781389045025744
"C322A","322",394,1194,-0.0947830572472454,-0.539235195933006,-1.25094410627312
"C322A","322",395,1195,-0.445167141352797,-0.472596621780371,0.327777506797741
"C322A","322",396,1196,-0.925144917236275,-0.00183372174672107,-0.386690102180053
"C322A","322",397,1197,-0.738651932314762,-0.305837797421653,0.0942993732838514
"C322A","322",398,1198,0.199218964047089,-1.4017352481387,0.347115459476764
"C322A","322",399,1199,0.190581820761758,-1.34611516460718,-0.937815558873388
"C322A","322",400,1200,-0.903932981764204,-0.810525302935242,0.222084359433378
"C328A","328",1,1201,-1.56631267917674,-0.0787759892463753,-2.27265444375434
"C328A","328",2,1202,-1.59089076423655,1.0150203073436,-0.992638466042191
"C328A","328",3,1203,-1.14424208964589,0.959600369321535,-1.31975274511291
"C328A","328",4,1204,-2.98234816526722,0.420821653512788,0.274750666607413
"C328A","328",5,1205,-3.22218324779142,0.993861873092135,-0.543289166575279
"C328A","328",6,1206,-2.34088826884752,0.4701705728574,-1.03419100916794
"C328A","328",7,1207,-1.51131706150787,0.961542739454262,-1.37727232229256
"C328A","328",8,1208,-1.95593417394467,1.60003561024773,-0.223079068232823
"C328A","328",9,1209,-1.43789708413303,1.33266347128353,-1.09222507423929
"C328A","328",10,1210,-1.09753717964438,0.884323022339561,-1.54820532554091
"C328A","328",11,1211,-2.05769095833433,0.440628694661577,-0.899732513073641
"C328A","328",12,1212,-0.831708406163459,0.613934390859161,-0.97536408669275
"C328A","328",13,1213,-1.66518242700956,0.667649633912811,-0.778529778938136
"C328A","328",14,1214,-0.93673052051665,0.783747890712252,-0.668953697697668
"C328A","328",15,1215,-3.48690867407999,1.23381788041777,0.0130519486050109
"C328A","328",16,1216,-2.51046575415678,-0.085004795217523,-0.961379213484579
"C328A","328",17,1217,-2.36635501745136,1.16845835860368,-1.03523145634658
"C328A","328",18,1218,-1.20459122042667,1.22072654370582,-0.914619741981776
"C328A","328",19,1219,-1.85281393234875,0.939843573099471,-1.27580768823691
"C328A","328",20,1220,-2.50314692851742,0.542228619211425,-0.32563106762465
"C328A","328",21,1221,-1.68036291423304,1.18340960390016,-0.863723867786897
"C328A","328",22,1222,-1.27535209123557,0.471725740847532,-1.18900269093661
"C328A","328",23,1223,-1.39430940122202,0.00238012565316285,-0.797201932810339
"C328A","328",24,1224,-2.04404207204952,0.619424046368852,-0.529701068361215
"C328A","328",25,1225,-1.93149874842421,1.08945492655054,-0.837296156118934
"C328A","328",26,1226,-1.16420174370272,1.10804827007522,-1.33163387834658
"C328A","328",27,1227,-2.53069257056245,0.296949029290348,-0.55925342256419
"C328A","328",28,1228,-2.88843502504561,0.58647761196937,-0.2146138440042
"C328A","328",29,1229,-2.60404076940596,0.296202859245194,-1.3474279670832
"C328A","328",30,1230,-2.30854512178922,1.00741389552363,-0.727908763563609
"C328A","328",31,1231,-1.79662548372068,0.735848048421756,-1.54358033244205
"C328A","328",32,1232,-1.45532882036762,0.798445916705596,-1.31973869413299
"C328A","328",33,1233,-1.74186583799985,1.048927562235,-0.814226962933991
"C328A","328",34,1234,-2.15762123010123,2.33585381709903,0.194362067469496
"C328A","328",35,1235,-2.25587849468786,0.899183926912681,-1.39228967817756
"C328A","328",36,1236,-1.32492411894248,1.26172356923004,-0.743349526981251
"C328A","328",37,1237,-2.0061613006492,0.899829288036413,-1.17032926142126
"C328A","328",38,1238,-3.20297114763974,1.4632775084751,-0.127272350109176
"C328A","328",39,1239,-2.47269026548726,0.272338602567391,-0.887027382754418
"C328A","328",40,1240,-3.22683036842603,1.01586478574441,0.180305350441373
"C328A","328",41,1241,-2.32826104301038,0.912392959194321,0.0696793906215196
"C328A","328",42,1242,-2.46707016328546,0.840624908656203,-0.666349164617876
"C328A","328",43,1243,-2.35049881642853,0.297628694794589,-0.522539705812043
"C328A","328",44,1244,-1.50466877394036,0.63306205800404,-1.45060343772245
"C328A","328",45,1245,-2.00841493866827,0.408299008251165,-1.37540689198399
"C328A","328",46,1246,-1.04936597931592,1.31582745976301,-1.34663990415518
"C328A","328",47,1247,-2.10811177527062,0.608439858470133,-0.798478886535541
"C328A","328",48,1248,-2.57119968060016,0.758079038227056,-0.50303255563825
"C328A","328",49,1249,-2.81479891181718,1.99818729690305,0.543020426963151
"C328A","328",50,1250,-2.65039709786972,1.0334360368263,0.387638290458986
"C328A","328",51,1251,-2.90577312721133,1.06725699367718,0.0264876443052762
"C328A","328",52,1252,-2.3426988721549,0.910736211695436,0.164249465605933
"C328A","328",53,1253,-1.85399716841705,1.08292536170772,-0.868626879062587
"C328A","328",54,1254,-2.98448627854174,1.29873031481012,0.0659923168790354
"C328A","328",55,1255,-1.27663965508803,0.459876089619564,-1.29483621273054
"C328A","328",56,1256,-1.85109002669089,1.58627953471191,-1.36080664130022
"C328A","328",57,1257,-1.88306775399886,0.551078223254634,-1.2656588370378
"C328A","328",58,1258,-1.88115363576135,0.0861766191340118,-1.87436286329657
"C328A","328",59,1259,-1.84911806333343,0.434883501687121,-0.92431868088847
"C328A","328",60,1260,-1.82282777309898,-0.0966028409993117,-1.86105426800592
"C328A","328",61,1261,-0.899940281469748,0.432032408858759,-2.04277644883878
"C328A","328",62,1262,-3.05569365691931,0.926192399617569,-0.714328451617278
"C328A","328",63,1263,-3.2174332485083,1.03740038632723,-1.13815853325587
"C328A","328",64,1264,-3.34911283960999,1.36044567251301,-0.59566105943263
"C328A","328",65,1265,-2.30478679745985,1.51383321040813,-0.0889128583046046
"C328A","328",66,1266,-2.75758471505775,1.9285982236287,-0.389683715992225
"C328A","328",67,1267,-2.88383078121515,-0.114610187711637,-0.574540858416464
"C328A","328",68,1268,-2.96194872267996,0.583129493323715,-0.590990816267351
"C328A","328",69,1269,-2.96285810097864,0.62929705627367,-0.0163506648602102
"C328A","328",70,1270,-2.20458845931007,0.331209633130394,-1.17114434093124
"C328A","328",71,1271,-2.49936393150363,0.227782390796201,-0.806571000435887
"C328A","328",72,1272,-3.46877914431308,0.569407255864808,-0.40639698800069
"C328A","328",73,1273,-2.38499972725696,0.422754730596545,-0.391863974245272
"C328A","328",74,1274,-3.57428958142675,0.261961704441485,-0.588489080134391
"C328A","328",75,1275,-2.74930273757711,0.227453549091705,-1.35507108688659
"C328A","328",76,1276,-3.30852127612395,0.958769110317049,-0.131576888007854
"C328A","328",77,1277,-2.66958447036537,1.26190331933732,-1.12791605929917
"C328A","328",78,1278,-2.66141861144913,1.35370921858096,-0.478260462733397
"C328A","328",79,1279,-2.87741668563254,1.035506835949,-0.372653307241518
"C328A","328",80,1280,-2.96879839336219,0.693493577133321,-1.24869695321497
"C328A","328",81,1281,-2.8966311179597,0.980922169133689,-0.337001305137446
"C328A","328",82,1282,-2.28401714296979,0.940634021655155,-0.805467387798885
"C328A","328",83,1283,-1.23948117907718,0.814500449939017,-1.98442240919023
"C328A","328",84,1284,-1.76640748265802,1.36296952166675,-0.78224767888508
"C328A","328",85,1285,-3.29404964432291,0.631871085175243,-0.14140250058273
"C328A","328",86,1286,-2.3413527815314,0.799135103905902,-0.946803707264099
"C328A","328",87,1287,-2.88524185162817,0.433416536390536,-0.256293310513354
"C328A","328",88,1288,-2.27418606909857,0.864089658991342,-0.888945942880837
"C328A","328",89,1289,-2.2982293348784,-0.591602410885586,-2.02287757153948
"C328A","328",90,1290,-2.55556840731449,0.659839444061183,-0.68394750535017
"C328A","328",91,1291,-3.06846041020713,0.580608145100638,-0.921586684971363
"C328A","328",92,1292,-2.09092454702613,1.77188715637385,-1.1836471031888
"C328A","328",93,1293,-2.54223716972908,0.197471837229106,-1.75024738291412
"C328A","328",94,1294,-2.07683393707612,1.02050075675875,-2.49512491394067
"C328A","328",95,1295,-3.94800839534069,-0.32636638213308,-1.23497561942288
"C328A","328",96,1296,-3.35860345100909,0.694206310310003,0.0457461866908198
"C328A","328",97,1297,-2.8716751739986,0.657996506851119,-0.608870563711725
"C328A","328",98,1298,-2.9893516497486,1.05829324069306,-0.301283158391646
"C328A","328",99,1299,-1.92103418088101,1.08944477447648,-0.725931914381219
"C328A","328",100,1300,-3.06413120763607,0.885182463220073,-0.00708351655834886
"C328A","328",101,1301,-2.3698765803859,0.362638080914936,-1.1799658104886
"C328A","328",102,1302,-1.45528432488844,0.601667059635602,-1.45830146097917
"C328A","328",103,1303,-2.48051564498966,1.39823804719784,0.354060197415787
"C328A","328",104,1304,-1.6451707978815,1.3293641204253,-1.6433197434381
"C328A","328",105,1305,-2.51190514942669,1.04799199000456,-0.587665382637966
"C328A","328",106,1306,-1.17037438721619,0.607693647908372,-1.27463754904152
"C328A","328",107,1307,-2.91650366943691,1.43047445480863,0.432950065966602
"C328A","328",108,1308,-2.38924791669077,0.412769003688574,-0.247973748901897
"C328A","328",109,1309,-1.95315552201367,0.488953869162115,-1.39328796622829
"C328A","328",110,1310,-1.68156482271801,0.833696268932782,-1.07292328443832
"C328A","328",111,1311,-2.17713459822757,0.433330814355524,-0.900698050619719
"C328A","328",112,1312,-1.52989340724123,0.727923287330851,-0.798048450551268
"C328A","328",113,1313,-0.644830580317422,1.25411845267694,-1.99857930211256
"C328A","328",114,1314,-3.08986707337159,1.43794585300003,-0.046164410266436
"C328A","328",115,1315,-4.11621250135236,0.749965558683041,-0.704587861179244
"C328A","328",116,1316,-1.88630463241858,0.918843088926933,-0.836328651682785
"C328A","328",117,1317,-3.43473217519186,1.00895968964991,-0.571874497098455
"C328A","328",118,1318,-2.12976706779379,0.811189482224235,-1.5247075645035
"C328A","328",119,1319,-3.43994570910894,0.566400199965307,-0.358149066952475
"C328A","328",120,1320,-2.29844694888805,0.6471602586705,-1.22666082874841
"C328A","328",121,1321,-3.41560148003806,1.07889425080199,-0.248915632967397
"C328A","328",122,1322,-2.55148562464189,0.387118258336999,-1.00022591100194
"C328A","328",123,1323,-3.57496259745989,0.714430435119725,-0.358087638598052
"C328A","328",124,1324,-3.18765640430485,0.720006888093659,-0.0429978373624706
"C328A","328",125,1325,-3.98571361401046,0.0324356978356566,-0.461215475769695
"C328A","328",126,1326,-3.83450550285622,0.283706940730649,-0.367662211725759
"C328A","328",127,1327,-4.13123631274066,1.32213141912819,-0.0290687949136081
"C328A","328",128,1328,-3.05592611202161,-0.0509715803394556,-0.873134162079495
"C328A","328",129,1329,-1.9014207813279,0.533020220483063,-1.15565978169468
"C328A","328",130,1330,-3.09113691373475,0.477846481615835,-1.23152516348094
"C328A","328",131,1331,-2.57730429635996,0.364579061944054,-0.776257341531776
"C328A","328",132,1332,-3.16441322318511,0.52176472522539,-0.414540565747242
"C328A","328",133,1333,-4.60713684971046,1.17753714639079,-0.046239251302216
"C328A","328",134,1334,-3.07065555296953,0.847913751151088,-0.0871618670533092
"C328A","328",135,1335,-1.6617441745214,0.620865907517321,-0.669581429733928
"C328A","328",136,1336,-2.01369318715433,1.02037200157258,-1.91900274003582
"C328A","328",137,1337,-2.28798656223859,1.05110636948698,-0.819392232685928
"C328A","328",138,1338,-1.90608361828877,0.801397618611741,-1.08975237012628
"C328A","328",139,1339,-2.22729120655012,0.437209521299636,-1.20266071248474
"C328A","328",140,1340,-1.20171967739045,0.672008899915661,-1.61497979235072
"C328A","328",141,1341,-1.65572319908551,0.845920202268684,-1.35989573221576
"C328A","328",142,1342,-1.47895589322621,0.361972669437425,-1.59202470893447
"C328A","328",143,1343,-2.42102561327039,1.68257017909409,-0.575334956860244
"C328A","328",144,1344,-2.16196755711004,1.16374331974596,-1.08478329913406
"C328A","328",145,1345,-2.39655549747565,0.415388977571712,-0.397163274434504
"C328A","328",146,1346,-1.69129500701664,1.18952750433102,-1.45814395553272
"C328A","328",147,1347,-3.03230903482102,0.692553529454632,-0.141523411465078
"C328A","328",148,1348,-2.06171540448973,-0.0648460740194295,-1.25144344841119
"C328A","328",149,1349,-1.78332297500812,1.43739289913858,-1.10382234826784
"C328A","328",150,1350,-2.28301593155474,1.7503316546345,-1.08269677622035
"C328A","328",151,1351,-2.403708081535,0.201577309523827,-0.502561862433337
"C328A","328",152,1352,-1.84875475691825,1.75226334411705,-1.11928400521478
"C328A","328",153,1353,-2.86467700537247,1.4139539541786,-0.710404152612651
"C328A","328",154,1354,-1.80088323145151,0.646119694294809,-1.15392426395298
"C328A","328",155,1355,-2.51623180866507,1.04255519616116,-0.827896264887387
"C328A","328",156,1356,-3.51674853006494,0.94652664658394,-0.827824235810026
"C328A","328",157,1357,-2.72304464700488,0.178468034348644,-1.30146933921249
"C328A","328",158,1358,-2.6453342108519,0.872315457162863,-1.06900072911
"C328A","328",159,1359,-2.76661381622725,1.50174952931752,-0.860933138828215
"C328A","328",160,1360,-1.45099339014583,0.0529357220201511,-3.01811386999128
"C328A","328",161,1361,-2.33682773663571,0.523635326318665,-1.26958016161785
"C328A","328",162,1362,-2.49146754558711,-0.403103334544557,-1.12875563504142
"C328A","328",163,1363,-1.6246344967669,0.789061381299689,-0.73577159221039
"C328A","328",164,1364,-2.60288423868097,0.328770649264765,-0.760665463065923
"C328A","328",165,1365,-2.18539156581998,0.530756348015694,-1.25855202944473
"C328A","328",166,1366,-3.48316224456971,1.37298393164728,-0.269755927194344
"C328A","328",167,1367,-2.3986709002372,1.87011825838133,-0.640043280336624
"C328A","328",168,1368,-3.46217612682233,0.813990629186566,0.352442337218858
"C328A","328",169,1369,-3.28894275001558,1.29817839560432,0.0822238674827886
"C328A","328",170,1370,-2.16941185873816,1.36695223255422,0.0445545169978911
"C328A","328",171,1371,-3.12081243224428,0.763136717774706,-1.03298087859435
"C328A","328",172,1372,-2.64538398782085,1.5244936466784,-0.584877404771531
"C328A","328",173,1373,-3.3250496396639,1.40684286003023,-0.0737769287638328
"C328A","328",174,1374,-3.39769300866319,1.07857448238318,0.121137466539585
"C328A","328",175,1375,-2.73879543534442,1.44307852185117,-0.493092667761009
"C328A","328",176,1376,-1.79048076628542,1.13824513800227,-0.0300020225875909
"C328A","328",177,1377,-2.82784217648604,1.92568880094667,0.0317423354867888
"C328A","328",178,1378,-2.20850674075255,0.530882413532245,-0.348310404578809
"C328A","328",179,1379,-1.26110331785989,1.22055523822546,-1.07543233495113
"C328A","328",180,1380,-1.65059728284523,0.825780766986658,-0.935103885929472
"C328A","328",181,1381,-1.97936186298947,-0.604525684363775,-0.798870157954329
"C328A","328",182,1382,-0.924638572967902,0.604351432364812,-0.694790732583623
"C328A","328",183,1383,-0.938302417364658,-0.219070619763786,-1.2589904392546
"C328A","328",184,1384,-2.69635760825427,0.10748126434769,-0.779847946853754
"C328A","328",185,1385,-1.56946399863103,-1.13298264560295,-2.41247057854921
"C328A","328",186,1386,-1.70601733054818,1.00637092475939,-1.09821042822238
"C328A","328",187,1387,-0.821816441773207,0.174951865327455,-2.1983322260955
"C328A","328",188,1388,-1.1824102417948,0.769117112134229,-1.45401429323485
"C328A","328",189,1389,-1.7015750121094,0.807159576356956,-0.573543308883443
"C328A","328",190,1390,-1.1805094803686,0.137183867713732,-1.52266411286632
"C328A","328",191,1391,-1.51151548835516,-0.0794235143831915,-1.22848009392213
"C328A","328",192,1392,-1.19256588211348,1.26480920800004,-1.09591135248959
"C328A","328",193,1393,-2.30463961467121,-0.183602944643562,-0.556948746169618
"C328A","328",194,1394,-1.52976660547937,-0.714174700281515,-1.18317297713905
"C328A","328",195,1395,-1.84089388989593,1.11481958327716,-0.813216676278757
"C328A","328",196,1396,-1.59910938517195,0.676110321769816,-1.40744459660334
"C328A","328",197,1397,-1.09978100029907,-0.351081908563773,-1.98937497466776
"C328A","328",198,1398,-1.47558519777607,-0.790573679474834,-1.68689408774485
"C328A","328",199,1399,-1.22911495644746,0.0277785119856094,-1.56405374531893
"C328A","328",200,1400,-0.914095921833571,0.602713146841852,-1.62332165316495
"C328A","328",201,1401,-1.61544966520633,0.864993692364025,-1.17215498366225
"C328A","328",202,1402,-1.9924077603676,-0.183466996855179,-0.73920098107273
"C328A","328",203,1403,-1.44400192903546,0.957477919806974,-1.26178401549482
"C328A","328",204,1404,-1.3065396205242,0.990642718869175,-1.15004121164998
"C328A","328",205,1405,-1.5383845259837,0.101023962952334,-1.49318368079362
"C328A","328",206,1406,-1.2626834993187,-0.0292399556498488,-1.44655659358587
"C328A","328",207,1407,-1.67487990876558,1.46235704433538,-0.949553751656086
"C328A","328",208,1408,-1.04170982922198,0.941599969109187,-1.91520674116855
"C328A","328",209,1409,-2.20323168046357,0.167903160973554,-1.04179673230873
"C328A","328",210,1410,-2.14123307858919,0.0783741983135148,-0.993560981932523
"C328A","328",211,1411,-1.60707352145417,0.588740347302966,-1.09148743984247
"C328A","328",212,1412,-2.19463717569421,0.236704451739744,-0.96437104486107
"C328A","328",213,1413,-2.11063597330244,1.4501585156822,-0.762026356770432
"C328A","328",214,1414,-0.348196249881774,0.197433192257049,-2.08363989075453
"C328A","328",215,1415,-1.97699951945687,-0.42764209768047,-0.766729451159918
"C328A","328",216,1416,-4.48327028752814,0.386352740906808,-0.319575017381505
"C328A","328",217,1417,-3.66170138617493,0.659498006811541,-1.01235549458902
"C328A","328",218,1418,-2.61214281924683,1.06605963219588,-0.338171612606362
"C328A","328",219,1419,-2.59978428165957,-0.827569959136345,-2.29601745648464
"C328A","328",220,1420,-2.41683002840864,2.45445837014751,-0.717133439413203
"C328A","328",221,1421,-4.88511803743572,-0.367345687280322,-0.517360199997357
"C328A","328",222,1422,-3.95247593544106,0.608840950765502,0.372093318882901
"C328A","328",223,1423,-4.42918980895639,1.00990806379431,-0.137341024780761
"C328A","328",224,1424,-3.24621473855368,-0.326728671077181,-0.459714891633939
"C328A","328",225,1425,-3.81869620467288,-0.667903260570827,-0.67685186891817
"C328A","328",226,1426,-2.82737057137391,-0.00603080830233039,-0.935827781467658
"C328A","328",227,1427,-2.90086690308374,-0.92335529749359,-0.610076209259847
"C328A","328",228,1428,-2.57670158294414,0.10890337384108,-1.74287602065025
"C328A","328",229,1429,-3.53312561841609,-1.47685044637736,-0.584925404966488
"C328A","328",230,1430,-2.94569630559975,-0.0204367303340524,-0.621757969299431
"C328A","328",231,1431,-4.10857796561256,0.159070313399455,-1.6284733728915
"C328A","328",232,1432,-2.68862782503554,0.102580666240908,-0.368891803321872
"C328A","328",233,1433,-1.95763193188523,-0.342132332538256,-2.05770349264762
"C328A","328",234,1434,-4.21425895513697,0.857352079127531,-0.47918493882883
"C328A","328",235,1435,-5.68989487494076,-0.190017656267526,-0.222750634977628
"C328A","328",236,1436,-4.04172516644178,1.34636692122906,0.000250952109187176
"C328A","328",237,1437,-2.72397621126062,0.793761547570099,-0.553964032705407
"C328A","328",238,1438,-3.70135233448534,1.82122206901899,-0.130759912563496
"C328A","328",239,1439,-2.76342271029552,1.2643023663981,-0.751421663216214
"C328A","328",240,1440,-1.88567354170663,1.70877549965055,-1.49314837113471
"C328A","328",241,1441,-1.46828139760813,1.56852097540471,-1.55682097566921
"C328A","328",242,1442,-2.08418797297353,0.731320468911568,-0.83070852603504
"C328A","328",243,1443,-2.38876892758058,0.870010758951661,-0.277645747271246
"C328A","328",244,1444,-2.74732636304305,0.0890367461099037,-1.12032922540943
"C328A","328",245,1445,-2.97210261672401,0.455406819781933,-1.2540052726173
"C328A","328",246,1446,-1.69478600311969,1.30654047867357,-1.68041099215485
"C328A","328",247,1447,-1.64655321162621,-0.0997067411982182,-0.706387714732902
"C328A","328",248,1448,-1.32166191395962,1.76535718296007,-0.643779228882847
"C328A","328",249,1449,-2.97365563969154,1.38746282859312,-0.443463960579694
"C328A","328",250,1450,-3.95246185038359,2.73594071912111,-0.0777730294057581
"C328A","328",251,1451,-2.07059507163515,2.10419000766494,-0.884574790814482
"C328A","328",252,1452,-2.1067595024271,1.94680139430558,-0.926788348404646
"C328A","328",253,1453,-3.62645788411201,0.783928136369843,0.364179301804415
"C328A","328",254,1454,-1.62113376552979,-1.94345684077644,-0.512710432206589
"C328A","328",255,1455,-1.77099206400763,-0.768210113232732,-1.04927943038802
"C328A","328",256,1456,-1.27766523250924,0.561480926093163,-0.645288483785353
"C328A","328",257,1457,-1.6239037169311,0.81403028159271,-0.77340113695987
"C328A","328",258,1458,-1.42302578470669,1.26003892121014,-0.7689099843368
"C328A","328",259,1459,-1.38842143201291,1.19062222935484,-1.2557958987346
"C328A","328",260,1460,-1.71476358696109,1.8409358414906,-1.16890378232548
"C328A","328",261,1461,-2.8927564545668,0.807139633355568,-0.839438925970425
"C328A","328",262,1462,-4.37299403076504,2.15744080367526,0.00499284400469665
"C328A","328",263,1463,-2.77462514586626,0.210670941428388,-1.03053563916344
"C328A","328",264,1464,-4.02019097590207,2.14262328008582,0.139691367947548
"C328A","328",265,1465,-4.23689934254399,1.50733745381345,-0.31309344270828
"C328A","328",266,1466,-3.49185523585947,1.71169580781455,-0.762195494799288
"C328A","328",267,1467,-2.0295865468621,0.86004394538379,-0.634661097808235
"C328A","328",268,1468,-2.81527672139286,1.45001977916823,-0.654369076727118
"C328A","328",269,1469,-1.54190417621164,1.81542809152564,-1.50792136903734
"C328A","328",270,1470,-2.17746256798777,0.692330196266405,-1.09961228078716
"C328A","328",271,1471,-2.56853815299751,0.408096026011283,-0.0763800433596001
"C328A","328",272,1472,-2.36441475239945,1.05056247507652,-0.861934183590483
"C328A","328",273,1473,-1.92981160669101,1.16171839734268,-0.799216364338246
"C328A","328",274,1474,-2.24839499521226,0.570089607626824,0.128984457251275
"C328A","328",275,1475,-1.55723908280363,1.45071831426039,-1.12892870986643
"C328A","328",276,1476,-2.41592492072904,1.09896551124165,-0.736117846506933
"C328A","328",277,1477,-2.59544516399521,0.739869457700394,-0.00820083745650425
"C328A","328",278,1478,-1.99991172510115,0.175264456557626,-0.8792041132916
"C328A","328",279,1479,-1.551483236175,0.629153319428057,-1.14902729847275
"C328A","328",280,1480,-0.627527378995455,-0.395347454625638,-1.2325534739208
"C328A","328",281,1481,-0.725403766244402,0.220473097532693,-1.05726163696402
"C328A","328",282,1482,-1.43338590155013,-0.337127748701969,-1.50205004402634
"C328A","328",283,1483,-1.78044952226877,0.825598682131676,-0.915864816193428
"C328A","328",284,1484,-1.75738932233337,1.26999963794079,-1.16241107975817
"C328A","328",285,1485,-2.06258134884984,2.28470968005707,-0.122133780067665
"C328A","328",286,1486,-2.30904711917756,0.422620387665937,-0.787174354727368
"C328A","328",287,1487,-1.85284774189252,1.64146003493679,-1.15189735118675
"C328A","328",288,1488,-2.01215838258715,1.17521709782735,-1.09586487272451
"C328A","328",289,1489,-2.19302248215393,-1.7063650606166,-0.54287727741792
"C328A","328",290,1490,-1.33462099088751,-0.0611075739864466,-1.67416697112665
"C328A","328",291,1491,-1.88231984035868,0.218115196042246,-0.463280543685908
"C328A","328",292,1492,-1.15438344222544,-0.614415920557935,-0.675693537617704
"C328A","328",293,1493,-0.823699947928584,-0.16507286317049,-0.680973742613486
"C328A","328",294,1494,-1.79217519093901,0.207528271538536,-0.680318182592463
"C328A","328",295,1495,-1.89550629806741,-0.539652953823042,-1.27047831529098
"C328A","328",296,1496,-0.991765573067464,-0.402954417547072,0.361869267656396
"C328A","328",297,1497,-1.61778536663827,-1.20241099536427,-1.24056888532932
"C328A","328",298,1498,-1.62836845894187,-0.539107504320564,-1.07994004783147
"C328A","328",299,1499,-0.96858188604955,0.608344474806475,-0.992573010265832
"C328A","328",300,1500,-1.64890424334402,-1.25311146567659,-0.63706465798583
"C328A","328",301,1501,-1.06462677372174,-2.00531256465638,-0.993885936939958
"C328A","328",302,1502,-0.499892814365642,-2.05580177913005,-1.55696617363694
"C328A","328",303,1503,0.519682082577648,-0.847788459848046,-1.40377008263337
"C328A","328",304,1504,0.082645805626954,0.253999058357771,-1.05489349181922
"C328A","328",305,1505,-0.967066873015413,-0.374682336786976,-0.00722789587839879
"C328A","328",306,1506,-0.920341127184542,-0.173567585915823,-0.112378731018395
"C328A","328",307,1507,-3.29990205652614,-0.147327134559576,0.318824646278581
"C328A","328",308,1508,-1.85610319177666,-0.440435970547856,0.0444856555748121
"C328A","328",309,1509,-2.26898304521862,-0.100231254309199,-0.348976407154229
"C328A","328",310,1510,-0.80972527146953,-1.42436706483774,-1.1939783088499
"C328A","328",311,1511,0.00454356808944773,-0.103647802003696,-1.00080433735586
"C328A","328",312,1512,-1.90061518124086,-0.639465235088723,-1.29225437085561
"C328A","328",313,1513,-2.13405264048003,-1.94770301426724,-0.439967133441797
"C328A","328",314,1514,-1.46068682334528,-0.592252820719188,-0.613377775621452
"C328A","328",315,1515,-2.11043606644897,-0.110298770263146,0.545362737526846
"C328A","328",316,1516,-3.10992620308359,-1.31248492275694,-0.169197369710693
"C328A","328",317,1517,-1.40427763863176,-1.2796553798336,-0.214234484060949
"C328A","328",318,1518,-1.31291430326491,0.095455979347477,0.487484233121691
"C328A","328",319,1519,-1.4500903345336,-1.44182975603281,-0.809113639543883
"C328A","328",320,1520,-1.41429295552219,-0.36483568470537,-0.612595846439193
"C328A","328",321,1521,-1.51324843369298,-0.95698913401803,-0.442628374369806
"C328A","328",322,1522,-0.553076860109026,-0.831479266425861,-0.7447975084227
"C328A","328",323,1523,-1.92609314342104,-0.867248584321116,-0.0498840696359543
"C328A","328",324,1524,-3.71484082933392,-1.41727835450128,0.361808376514054
"C328A","328",325,1525,-1.29831343213036,-0.756867514902308,-0.528345456448077
"C328A","328",326,1526,-2.0439171340836,-0.462758360300278,-0.315473886120377
"C328A","328",327,1527,-3.24706135888629,-0.357223612880062,-0.390490255973246
"C328A","328",328,1528,-1.9978842167801,0.847145818447359,-0.339486142137382
"C328A","328",329,1529,-0.066679162490757,0.0585341755591711,-0.0806743512029257
"C328A","328",330,1530,-0.958495157451612,0.63007952796918,-0.869524099490481
"C328A","328",331,1531,-1.14732130792688,1.41499514897678,-0.891893266323248
"C328A","328",332,1532,-1.2080635360278,-0.0933876082359936,-0.998773603695531
"C328A","328",333,1533,-1.35791546773359,-1.1050718377069,-0.569205451154187
"C328A","328",334,1534,-1.0557212324867,-0.237330106484237,-0.30865454895281
"C328A","328",335,1535,-1.99635399945067,-1.03623897623724,-0.454186802158239
"C328A","328",336,1536,-2.94039615003598,-0.147976651768623,0.251004451299314
"C328A","328",337,1537,-2.13855911606177,-0.493731753081128,-0.327914070703199
"C328A","328",338,1538,-2.77738751525847,-2.20498175002779,-0.137842524853615
"C328A","328",339,1539,-1.52289864722534,-1.37938137678678,-1.47799118622283
"C328A","328",340,1540,-2.31422712043162,-0.779680364574535,-0.616334022508388
"C328A","328",341,1541,-0.833430701168875,-0.208178876044335,-0.0357505072319531
"C328A","328",342,1542,-1.22473892801774,-0.765180950166198,-0.420110728695746
"C328A","328",343,1543,-2.10928819954576,-0.724396108875395,-0.338192932440367
"C328A","328",344,1544,-1.90079366355567,1.08078937089534,0.413616918298379
"C328A","328",345,1545,-1.41719932441933,1.53417988118722,0.107010533690366
"C328A","328",346,1546,-1.92682831404378,-0.0318553010068378,1.43200810058419
"C328A","328",347,1547,-2.16538168214254,0.155134970036005,-0.363689820662547
"C328A","328",348,1548,-0.363547719630746,-0.114736594578107,-1.17844234949021
"C328A","328",349,1549,-0.76046159639826,1.24793436242178,-1.17190108634229
"C328A","328",350,1550,-0.938506508202612,0.488636846453229,-1.62066776084807
"C328A","328",351,1551,0.191740404853686,1.2156032462351,-2.00778164174277
"C328A","328",352,1552,-1.13703906096734,2.37366055166742,-1.27839755184641
"C328A","328",353,1553,-3.58295740953451,1.87873702652144,0.303951970341009
"C328A","328",354,1554,-1.27336641766914,1.64520779516972,-1.37199595675614
"C328A","328",355,1555,-1.23837220692948,0.789036664403844,-1.96528770548881
"C328A","328",356,1556,-1.37800536288238,1.5001161619261,-1.57713328437121
"C328A","328",357,1557,-0.647072329255941,0.481698814219334,-1.51101775498401
"C328A","328",358,1558,-2.21591219094974,2.13577927721906,0.058862926709252
"C328A","328",359,1559,-1.88547509613462,1.70787747027102,-1.18024702932023
"C328A","328",360,1560,-1.15801644125648,1.58638083472714,-0.53539197236332
"C328A","328",361,1561,-1.39588884385395,0.272956868417862,-2.22949499171898
"C328A","328",362,1562,-1.54827518313751,0.391933918011232,-1.9127398099173
"C328A","328",363,1563,-1.35271348517013,1.41686757481729,-2.17547962241888
"C328A","328",364,1564,0.279657482347389,0.634648460447649,-2.90240354752235
"C328A","328",365,1565,0.172619338264373,0.985761856963928,-1.92784938921596
"C328A","328",366,1566,-0.543430244941277,2.04381218806049,-1.65660734061709
"C328A","328",367,1567,-1.67764998212287,2.15417142702455,-1.13532589608208
"C328A","328",368,1568,-0.936963904958758,0.759511571340105,-0.702992371104416
"C328A","328",369,1569,-0.664323258065616,1.53959883462424,-0.218626843281326
"C328A","328",370,1570,-0.704491846568434,1.44745927590287,-0.934028204605195
"C328A","328",371,1571,-1.03486625783192,1.47576075651417,-0.851087681217941
"C328A","328",372,1572,-0.644857255186747,1.88198520685313,-1.69145349940813
"C328A","328",373,1573,-1.10364962973262,1.07628930003676,-1.15746229654846
"C328A","328",374,1574,-0.979114548754223,-0.914221445214409,-0.302458586155845
"C328A","328",375,1575,-2.56118642647822,-0.297530739753224,0.57072007648757
"C328A","328",376,1576,-2.02382931896005,-0.95780483609529,0.122256223106403
"C328A","328",377,1577,-1.07365716942455,-1.33643189714101,-0.263956211099327
"C328A","328",378,1578,-1.04396318499693,-0.883526406309104,0.122850121438524
"C328A","328",379,1579,-0.679481279042501,-0.0284600456510522,-1.00650246125848
"C328A","328",380,1580,-1.97544566814976,-0.959012594580908,0.316320838088245
"C328A","328",381,1581,-0.951819225287835,-0.739077370502466,-0.00677714171475529
"C328A","328",382,1582,-1.65320611317582,-0.761857035493168,0.0739099732302361
"C328A","328",383,1583,-0.236736433886546,-0.551459110844243,-0.258078759507056
"C328A","328",384,1584,-0.840860347463777,-1.46313607293688,-1.25802950679337
"C328A","328",385,1585,-1.32077400270653,-0.380298046156983,-0.589163584450561
"C328A","328",386,1586,-1.05733403412164,-0.965379996133429,0.0753070399503609
"C328A","328",387,1587,-1.75483955465561,-0.541633303536167,0.24122730646883
"C328A","328",388,1588,-0.816282333243329,-1.03662891771705,-0.571037276331001
"C328A","328",389,1589,-1.6812502785929,-1.18855807392576,0.850638337246645
"C328A","328",390,1590,-1.39576060009904,-0.878638631502653,-0.0894689742353102
"C328A","328",391,1591,-1.4829774427689,-1.42777492773978,-0.667995419251891
"C328A","328",392,1592,-0.0477807554122597,-2.25258522776373,-0.52960177723464
"C328A","328",393,1593,-0.91617263130458,-0.968207381926304,-0.513290920490069
"C328A","328",394,1594,-1.23220451213547,-1.86289616959261,-1.10338246903771
"C328A","328",395,1595,-0.473964769674328,-1.21163274713438,-0.83133483957568
"C328A","328",396,1596,-1.41003541868869,-1.07336474306534,-1.26648232933059
"C328A","328",397,1597,0.355886430898126,-1.74402420647447,-1.66636163371021
"C328A","328",398,1598,0.431284358400498,-3.09997528610428,-1.5522565421522
"C328A","328",399,1599,-1.21029956663901,-1.71857941961575,0.0101949295386454
"C328A","328",400,1600,-1.96111609279552,-0.85953048388686,-0.695211089790307
"C350A","350",1,1601,0.674687009733186,-0.0111249465512483,-1.41709621897722
"C350A","350",2,1602,0.834933912435185,-0.254840487347707,-0.44616922416385
"C350A","350",3,1603,0.834530077211814,0.797079085283244,0.256638345264718
"C350A","350",4,1604,-0.370982170340771,0.319172453062716,0.349308599329815
"C350A","350",5,1605,0.445955546629745,0.305806631611927,-0.350583155613278
"C350A","350",6,1606,0.274002964445297,0.43658970284316,-0.150458065057119
"C350A","350",7,1607,0.764390513382793,0.180975884416113,0.0563543643197923
"C350A","350",8,1608,-0.600391945314252,0.295546312337273,0.755261682228759
"C350A","350",9,1609,-0.146582602750221,0.0203815041189792,0.384713812587617
"C350A","350",10,1610,-0.674330229020153,0.0835497571152841,-0.361258937424702
"C350A","350",11,1611,-0.671589116096904,-0.16865960585016,0.418504412279827
"C350A","350",12,1612,0.0797530389322566,0.206379620475272,0.748861205648168
"C350A","350",13,1613,1.07347266467354,-0.711498129585803,0.219310195138073
"C350A","350",14,1614,0.661544965165967,0.320245714858173,0.86067165378359
"C350A","350",15,1615,2.35811064096114,0.564266138918307,0.273373119635034
"C350A","350",16,1616,0.524646491943835,-0.565351936850621,-0.0279577001966093
"C350A","350",17,1617,1.28325403329364,-0.932359542922438,0.564794221212336
"C350A","350",18,1618,-0.594380519045781,-1.25340833363141,0.321390836349809
"C350A","350",19,1619,0.864240890858187,-0.561762122787492,1.13518812238073
"C350A","350",20,1620,2.12472164173525,-0.973739754109379,0.380138419925456
"C350A","350",21,1621,0.13307516480934,-0.932046270843137,0.0223008664663384
"C350A","350",22,1622,-0.381011588413421,-0.84685138639664,0.14502577873114
"C350A","350",23,1623,0.448720578375691,0.247758688020198,1.13159549186246
"C350A","350",24,1624,1.6003508161387,-0.358568587449036,0.553141104258158
"C350A","350",25,1625,-0.207830928874736,0.199763657184549,1.03699365921036
"C350A","350",26,1626,0.400753739404385,-0.743467031312638,-0.241785877736505
"C350A","350",27,1627,0.516782578264535,0.414977841121599,0.517947513689066
"C350A","350",28,1628,1.0968301761254,-0.693054035325068,0.177214974270859
"C350A","350",29,1629,1.74421129479019,0.70881952042548,1.0696024356603
"C350A","350",30,1630,3.48623315700337,-0.180267831473157,1.97705488664298
"C350A","350",31,1631,1.14249901275623,-1.17938906316042,1.54997554591071
"C350A","350",32,1632,1.18749316573513,-0.40926780097205,1.40314228878739
"C350A","350",33,1633,1.91158052923236,-0.252671722969815,0.653994796558506
"C350A","350",34,1634,1.21485002547616,-0.711310390285343,0.884961010192545
"C350A","350",35,1635,1.01371916432741,-1.37439848285553,0.573159737787182
"C350A","350",36,1636,1.18593300054544,-1.2007116558743,0.314359677968046
"C350A","350",37,1637,1.59754052735052,-1.17144516790883,1.13880423226954
"C350A","350",38,1638,1.94669760229043,-1.1474851053699,1.12877236661746
"C350A","350",39,1639,1.77563681694441,-1.60830770814507,-0.0284508305495487
"C350A","350",40,1640,1.55273751987021,-1.29407936648419,0.1131580453966
"C350A","350",41,1641,0.596786691205845,-0.221626637649098,1.69468816582043
"C350A","350",42,1642,1.76692562219103,-0.548814548541203,2.16810222697574
"C350A","350",43,1643,1.34945076556445,-0.601653358251452,0.881559062212966
"C350A","350",44,1644,1.64999226766159,-1.16707831579522,0.687095151726358
"C350A","350",45,1645,2.22421106157497,-1.16429126607096,1.10805189932788
"C350A","350",46,1646,1.39982511335051,-1.22719866851615,1.34673044839848
"C350A","350",47,1647,1.11012415498517,-1.84146657322173,0.42213198983956
"C350A","350",48,1648,0.667251643383992,-1.74887563342058,0.572566738609412
"C350A","350",49,1649,1.40729151688829,-0.610967410757826,1.0580798288762
"C350A","350",50,1650,2.14036728530227,-1.12770045214333,0.286965428016501
"C350A","350",51,1651,1.53647984379731,-0.511737213698791,0.473859440676858
"C350A","350",52,1652,1.38109166694668,-1.24318548869832,-0.568719444536003
"C350A","350",53,1653,0.771036436121436,-1.12213325669196,0.734931128577611
"C350A","350",54,1654,1.40272431175208,-1.8892832975027,-0.124337231342207
"C350A","350",55,1655,2.66740691702064,-1.6298018405114,-0.601921367705195
"C350A","350",56,1656,0.498060764085228,-1.85014679232607,0.115145867730746
"C350A","350",57,1657,1.20494001833278,-1.39178519519284,-0.733882114122576
"C350A","350",58,1658,1.73751003332556,-1.77065705052431,0.0138606214914895
"C350A","350",59,1659,1.74956599768326,-0.504168964976727,0.606231541238744
"C350A","350",60,1660,1.0575990067079,-1.15153931228144,0.0248803654809074
"C350A","350",61,1661,0.456217993990376,-0.68440603162123,0.841670155324053
"C350A","350",62,1662,0.515005307115435,-1.56460420261574,0.470242974474876
"C350A","350",63,1663,1.59458220470648,-0.83406824229015,-0.138850705226752
"C350A","350",64,1664,0.907452941142807,-0.780156665657052,0.301626945884045
"C350A","350",65,1665,0.88004090118414,-0.71806383763873,-0.688157015495037
"C350A","350",66,1666,1.73199497112351,-0.225544350322544,0.558539162264222
"C350A","350",67,1667,0.922543257034433,0.683399421886303,0.489479549066858
"C350A","350",68,1668,-0.85446493038303,-0.501588456731771,0.657548785889456
"C350A","350",69,1669,0.433653234786157,-0.826562040229465,1.38403943276614
"C350A","350",70,1670,-0.32970895239077,-0.881370234985228,1.42012036150196
"C350A","350",71,1671,-0.0834807273831479,0.648042273196601,2.23058169475609
"C350A","350",72,1672,1.6086872666359,-0.217018553956202,1.39312313738388
"C350A","350",73,1673,-1.10429784367111,-0.000909499461908416,1.88127925134697
"C350A","350",74,1674,0.309834653056437,-0.13671747566024,1.8961528862676
"C350A","350",75,1675,-0.555631406225416,-0.628581058148091,1.66155502832037
"C350A","350",76,1676,0.12687991953167,-1.16091196399859,1.54538071224256
"C350A","350",77,1677,0.0688334581804137,-0.810775965791824,1.8297535222972
"C350A","350",78,1678,-0.335462641616196,-0.653303198793854,1.22100137270266
"C350A","350",79,1679,-0.207350969406767,-1.07481977762259,1.16142157969571
"C350A","350",80,1680,1.6148229940918,-0.810049465155858,1.31733838756399
"C350A","350",81,1681,1.67555865069496,-0.99385460133533,0.60841880294154
"C350A","350",82,1682,0.744169820081803,-1.32195522879893,2.0394505688827
"C350A","350",83,1683,0.498588194942624,-1.1712541244517,1.70415949415697
"C350A","350",84,1684,-0.804778757544733,-0.764457239088908,2.51017570114152
"C350A","350",85,1685,0.779289720623084,-0.929880348025598,1.95077982914871
"C350A","350",86,1686,-0.883439623376318,-1.21622425751251,0.796608839040215
"C350A","350",87,1687,-0.434218918704963,-1.07576140607444,0.951690809779995
"C350A","350",88,1688,-0.609380906514023,-0.52951488889108,0.895866297844991
"C350A","350",89,1689,0.740124969247247,-0.697287830407441,1.64675503985791
"C350A","350",90,1690,0.301644644366356,-0.423905049204249,1.55388262648691
"C350A","350",91,1691,0.129970265557237,-1.26190558715072,1.85226034681199
"C350A","350",92,1692,-0.0358236349789794,-0.597163898045627,0.787304998208845
"C350A","350",93,1693,-0.599167985705733,-1.63693557392638,0.733325954401835
"C350A","350",94,1694,-0.989630599078767,-0.789655195707355,1.08552061193072
"C350A","350",95,1695,-0.15600857464743,-0.585898558637784,1.76613820534705
"C350A","350",96,1696,0.866692703139419,-0.187649450128907,0.330711990338421
"C350A","350",97,1697,0.115996461549497,-0.0201994185448218,1.04381082647586
"C350A","350",98,1698,1.04747829064764,-0.100478690325488,0.847240063352863
"C350A","350",99,1699,0.196432083984168,0.200021770841542,1.73976355161665
"C350A","350",100,1700,-0.451538239104469,-0.643979068262006,1.67963684764641
"C350A","350",101,1701,-0.125738209941569,-1.01975725440213,1.18229807672477
"C350A","350",102,1702,0.0968126661122444,-0.439186712108159,0.820245840166479
"C350A","350",103,1703,-0.242672845648409,-0.124869823637212,1.24704809934408
"C350A","350",104,1704,-0.399109042557261,-0.622980210012174,1.39612381069366
"C350A","350",105,1705,-0.0276225568900821,-0.203894045254813,1.61887879945178
"C350A","350",106,1706,-1.03836311447537,-1.09292267581856,1.05240779751352
"C350A","350",107,1707,0.406108979109372,-0.723231062333375,1.82698655622823
"C350A","350",108,1708,0.100304966077128,-1.0618402139551,1.67381582506832
"C350A","350",109,1709,-1.02606916705442,-0.289747024319561,1.54954434872541
"C350A","350",110,1710,0.495067969287914,-0.303259719101394,0.969670723829793
"C350A","350",111,1711,1.10664031178129,-0.761655389159186,0.869642709149465
"C350A","350",112,1712,1.36569051823377,-0.26676087991802,1.14770553891843
"C350A","350",113,1713,0.423752871225322,-0.0855243058344157,1.67474154714477
"C350A","350",114,1714,1.6282445499895,0.708258533104474,1.30877283192136
"C350A","350",115,1715,1.07284497819991,0.251136350921638,1.51443188265271
"C350A","350",116,1716,1.60665589953119,0.210213197807818,0.874530276022333
"C350A","350",117,1717,0.376958342807238,-0.178031170629234,0.679236756635075
"C350A","350",118,1718,1.42110352269481,-0.956675079472117,1.59731406728828
"C350A","350",119,1719,2.10647611622646,-0.246717269788789,1.19138678802863
"C350A","350",120,1720,1.27415497609312,-0.439971844487269,1.02436081748034
"C350A","350",121,1721,1.02003499218026,-0.320171256273746,0.592336064107917
"C350A","350",122,1722,0.68376345918104,0.0294083671348927,-0.33120918915609
"C350A","350",123,1723,-0.982038017356007,-1.14304003845174,0.801073458828226
"C350A","350",124,1724,0.179298094772724,-0.85477234395325,-0.0182935963375425
"C350A","350",125,1725,-0.179596753684372,-0.828518525725714,0.00406333429216151
"C350A","350",126,1726,0.167328160773467,-0.577922014582732,0.162218032795398
"C350A","350",127,1727,-0.709203237667015,-0.90595304805425,0.469655684372139
"C350A","350",128,1728,1.35424661594009,-0.222185209589523,1.5861247421299
"C350A","350",129,1729,0.794767825501912,-0.56413512426399,0.349736502380923
"C350A","350",130,1730,-0.939219404185851,-0.48024488577304,1.07575842468951
"C350A","350",131,1731,1.36149671724905,-0.719462634709901,0.455577206176193
"C350A","350",132,1732,-0.0735303345195432,-0.617520267870012,1.40219738903726
"C350A","350",133,1733,-0.0153251043335769,0.402381699696912,0.456531013388656
"C350A","350",134,1734,1.36040137687875,-0.0421611336492111,0.19539017733248
"C350A","350",135,1735,0.625607336625717,-0.677444421569597,0.935750326002004
"C350A","350",136,1736,-0.213243254613339,-0.0629756014143493,0.515550901653715
"C350A","350",137,1737,-2.31220893756519,-0.108580451551368,0.86909013915844
"C350A","350",138,1738,-1.98964817384532,0.199552704927209,-0.252186629762746
"C350A","350",139,1739,-1.6026573075326,0.273631228812312,-0.92466407920132
"C350A","350",140,1740,-1.59015560909919,-0.0208624753235405,-0.196854388412452
"C350A","350",141,1741,-2.29022740041019,-0.16141893512913,-0.0707952937677929
"C350A","350",142,1742,-0.841790171823696,-0.0928313192568002,0.185204031731633
"C350A","350",143,1743,0.834233492869711,0.374355753510072,0.917451189019404
"C350A","350",144,1744,0.440416322868316,0.0812222160506008,-0.41311191145792
"C350A","350",145,1745,0.117880487767415,0.17096524510063,-0.0659688178046526
"C350A","350",146,1746,-0.214814481903393,0.542000329825995,0.217924734123235
"C350A","350",147,1747,1.18055904411896,0.0334603983488125,-0.378734330546803
"C350A","350",148,1748,0.446029369218343,-0.447557852622408,-0.469132907940493
"C350A","350",149,1749,-0.00110904260933093,0.279422798682416,-0.323313580224644
"C350A","350",150,1750,0.096449327470238,0.351456772547995,-0.251268677921717
"C350A","350",151,1751,0.983658220888157,0.526278154304452,-0.900574648455055
"C350A","350",152,1752,-0.81340923551923,-0.133566388681342,0.543151730542206
"C350A","350",153,1753,0.0381309066522863,-0.854839286237354,-0.686887787888592
"C350A","350",154,1754,0.10610952479578,-0.0271177453827764,-0.632677767214682
"C350A","350",155,1755,0.568704014757062,-0.127308811904798,-0.331688899408017
"C350A","350",156,1756,0.446611304230967,0.142057466011075,-1.5181836806041
"C350A","350",157,1757,0.617438405903761,0.639309402102267,-0.13907657997301
"C350A","350",158,1758,1.02004713811487,0.0300604977367236,-0.451985037064978
"C350A","350",159,1759,0.706397912494704,-0.706968608014541,-0.201348378512836
"C350A","350",160,1760,0.689375052602384,-0.684646912803509,-0.321529069155035
"C350A","350",161,1761,0.290120273852727,-0.940815496807127,-1.02009414110778
"C350A","350",162,1762,-0.70268881316364,-0.341374565420193,0.800294282273363
"C350A","350",163,1763,1.57890268781182,0.0930655951274554,0.669105787161706
"C350A","350",164,1764,-0.149852363102673,-0.0788867976469149,-0.61192229206447
"C350A","350",165,1765,-0.334720100476329,-0.440483739745263,0.799379529455127
"C350A","350",166,1766,0.150734110371124,-1.08085132752566,-0.226919708947735
"C350A","350",167,1767,1.16226428779825,-1.10475610084563,0.817825120347284
"C350A","350",168,1768,2.76935708542378,-0.578129656850777,0.42787035819911
"C350A","350",169,1769,0.808556567366682,-2.5912882449709,-0.534704722209191
"C350A","350",170,1770,1.57755682218381,-0.890177342983278,1.29505829605786
"C350A","350",171,1771,1.56613348148027,-0.518772423805168,0.628436254620975
"C350A","350",172,1772,2.28102907173232,-0.893489994941577,0.545783507491088
"C350A","350",173,1773,1.20642276511102,-0.859908428182973,-0.199316568584647
"C350A","350",174,1774,1.65203702017184,-0.802183841267394,0.810721160567749
"C350A","350",175,1775,2.12695661195816,-0.992220401870715,0.410721500954753
"C350A","350",176,1776,1.48709142256797,-0.790993702655197,-0.106078248491495
"C350A","350",177,1777,1.46776423515526,-0.523541303562273,1.03703180772506
"C350A","350",178,1778,1.06018559279255,-0.248155182244976,0.905524591226162
"C350A","350",179,1779,1.85331557399687,-0.48035613172256,1.60876549747139
"C350A","350",180,1780,0.708217765623427,-0.155532173139801,0.719505811505843
"C350A","350",181,1781,1.37318244386429,-0.558903742670063,0.143028181229848
"C350A","350",182,1782,0.268714036073975,-0.417265092731254,1.29454460601253
"C350A","350",183,1783,2.14262182435719,-1.29350731637497,-0.0700370355754953
"C350A","350",184,1784,1.60595593923431,0.0126410880955374,-1.73441846978428
"C350A","350",185,1785,0.935742096240574,-0.210090899508117,-0.885006705483561
"C350A","350",186,1786,1.25499942220194,0.557284101310397,0.0132095415645738
"C350A","350",187,1787,0.456778262170501,0.0425001475106929,0.341853138478056
"C350A","350",188,1788,0.507712248827564,-0.853503817207955,0.747682213262545
"C350A","350",189,1789,1.82104640651,-1.39836246516492,-0.0269810247012088
"C350A","350",190,1790,1.93223659897839,-1.29256531368268,-0.184982217194289
"C350A","350",191,1791,1.52698249621313,-1.19976752820975,0.743399596580643
"C350A","350",192,1792,0.90945231265174,-0.951700970756989,0.831106023216249
"C350A","350",193,1793,1.45440939349099,-0.633116544966268,-0.157980759776675
"C350A","350",194,1794,1.69756980559639,-0.812031699470612,0.7759033707331
"C350A","350",195,1795,2.77116261840523,-0.771888364767935,0.45676558843658
"C350A","350",196,1796,0.236508137760309,-0.846744934705758,0.432678861017316
"C350A","350",197,1797,0.360514761475004,-0.334297068291305,1.5832007700241
"C350A","350",198,1798,0.500403106415616,0.141019096567879,1.747307074675
"C350A","350",199,1799,-1.46396186941176,0.401840767711828,1.93926455179209
"C350A","350",200,1800,-0.0355474627392695,-0.443484527009287,0.46353418134594
"C350A","350",201,1801,1.41611322054903,-0.788007014003268,0.667714249042437
"C350A","350",202,1802,1.29809278587137,-0.493518052180503,0.718864676843799
"C350A","350",203,1803,1.19880608981242,-1.46802519398547,0.095281117979893
"C350A","350",204,1804,1.59601130319382,-0.547971349989425,0.21423912925429
"C350A","350",205,1805,0.621692492686508,-0.775727147732213,-0.0966053275063082
"C350A","350",206,1806,-0.376384245883997,-1.46719184712513,-0.75031792844735
"C350A","350",207,1807,0.809594476544885,-0.866194812340208,0.525045332698453
"C350A","350",208,1808,0.538622625861709,-0.113067832860351,0.977682846045175
"C350A","350",209,1809,0.292402836849397,-0.0571374066103648,2.30757583501265
"C350A","350",210,1810,1.48380669744005,-0.884316531820165,1.53332826115917
"C350A","350",211,1811,1.99558376752515,-0.42503843878481,1.22181601134077
"C350A","350",212,1812,0.313616615989725,-1.24994162100033,0.723206166120709
"C350A","350",213,1813,1.30463766029161,-0.8015906897653,1.4646039409081
"C350A","350",214,1814,0.776418910024243,-1.69521557950454,1.27895417777156
"C350A","350",215,1815,0.65025465339609,-0.338392169338864,2.29978501854998
"C350A","350",216,1816,-0.241298409474988,-0.807452296463218,2.25172439533096
"C350A","350",217,1817,1.01307400639861,-0.648818746502347,1.91996682836081
"C350A","350",218,1818,1.55710212659441,-1.02744957712156,0.725096479829827
"C350A","350",219,1819,2.64144499052766,-0.802678572327292,0.211731515012301
"C350A","350",220,1820,2.40702470861731,-0.598571400455775,0.439767746722494
"C350A","350",221,1821,1.90618377183088,-0.564374763219446,0.30165768834339
"C350A","350",222,1822,2.21530645178275,-0.842894327303409,1.1901101505897
"C350A","350",223,1823,0.699900525298381,-0.716017240490419,1.13621466368184
"C350A","350",224,1824,1.01562283119781,-0.210306645856172,0.335741710772062
"C350A","350",225,1825,0.524078314846172,-0.334334690840609,0.789551876529803
"C350A","350",226,1826,0.915705978689888,-0.572148441330693,0.773761074198438
"C350A","350",227,1827,0.513630023085108,-0.88653894942325,1.12414850590858
"C350A","350",228,1828,0.364377426932063,-0.668743203423447,0.600261359685155
"C350A","350",229,1829,-0.0284977289671663,-0.788193073024182,0.0553727111639623
"C350A","350",230,1830,0.463376419707432,-0.437408465139798,0.283328243370061
"C350A","350",231,1831,0.325615452865106,0.270468064002087,0.592086893463957
"C350A","350",232,1832,0.890141056039054,0.306408196520438,1.31950295759344
"C350A","350",233,1833,1.13004109848511,-1.22161176139598,1.87068680570816
"C350A","350",234,1834,1.38503648637841,-0.828306460833187,1.97027858418875
"C350A","350",235,1835,0.822779597255995,-0.453139723858693,0.632558358253767
"C350A","350",236,1836,0.676141664581778,-0.965462466777943,0.607570732804809
"C350A","350",237,1837,1.72814431605482,-0.411244252831245,1.48044291039506
"C350A","350",238,1838,1.41368778427089,-0.572773833697866,0.997944376780902
"C350A","350",239,1839,2.07842367981365,-0.0327239168412631,0.875570808527818
"C350A","350",240,1840,-0.716037252145108,-0.678480736060235,0.514332059185315
"C350A","350",241,1841,0.722646343790072,-0.306030651070113,-1.13372681907727
"C350A","350",242,1842,-0.350540384865808,-0.0944128307326392,0.793183081142521
"C350A","350",243,1843,1.67111956161171,-1.57410652600533,-0.468266651672893
"C350A","350",244,1844,1.93952769771281,-1.51966437869192,0.550875909840411
"C350A","350",245,1845,2.57785578963718,0.25391419998863,0.567431571490862
"C350A","350",246,1846,1.97346473080088,0.40398192461132,0.912961621994457
"C350A","350",247,1847,1.72889797305514,-0.27468861962408,0.904401192187792
"C350A","350",248,1848,1.94604051780182,-0.525244662143167,0.884554874541812
"C350A","350",249,1849,1.3813057270849,-1.05790750454807,1.0973881602879
"C350A","350",250,1850,1.28411162279374,-0.835627888016975,1.28539726454077
"C350A","350",251,1851,1.6318567453826,-0.303926649295152,0.68878620688623
"C350A","350",252,1852,1.03173465496098,-1.29350665066051,1.11219955625378
"C350A","350",253,1853,0.908302103494708,-1.74365248577609,1.52731726237197
"C350A","350",254,1854,2.24109002780762,-0.92096004066724,0.518128088788324
"C350A","350",255,1855,1.56144401364146,-1.35052678952222,0.53985581618466
"C350A","350",256,1856,0.790001689670002,0.339829818891872,1.33774310658777
"C350A","350",257,1857,-0.0865812443446272,-0.545899919303413,0.844208757967968
"C350A","350",258,1858,1.35413667028536,-1.53576901551152,0.411634264149414
"C350A","350",259,1859,1.11156492292257,-1.70204849040595,0.653537920145166
"C350A","350",260,1860,1.68529730806874,-0.870127461636992,-0.108584849764907
"C350A","350",261,1861,1.64212833007689,-0.616103761982007,0.315731902820621
"C350A","350",262,1862,0.68208242559184,-0.874257779441469,1.56051387137444
"C350A","350",263,1863,1.01410799863231,-0.673303896776026,0.580273182306604
"C350A","350",264,1864,0.603927466855056,-0.70617006367021,0.932894920434475
"C350A","350",265,1865,0.819529610223502,-1.04211022221316,0.679926451123796
"C350A","350",266,1866,-0.0430220321005294,-0.127130271007649,1.55608275566808
"C350A","350",267,1867,1.66967349358545,-1.00263693932939,0.0541142586870402
"C350A","350",268,1868,1.42567893017241,-0.770755348059311,0.923751159622964
"C350A","350",269,1869,2.02987041522545,-0.689161283392048,0.629906934202201
"C350A","350",270,1870,0.80634003042545,-0.46727106026149,1.165441953831
"C350A","350",271,1871,0.816371058091086,-0.984421856186702,0.0991197594930315
"C350A","350",272,1872,0.820374206353294,-0.714503368196404,0.929074842209832
"C350A","350",273,1873,1.23931750608964,-0.960047387750957,0.891240561927977
"C350A","350",274,1874,0.895377695240128,-0.531903363729923,1.17927145939256
"C350A","350",275,1875,2.50550896021242,-0.512226739808231,1.03654374710018
"C350A","350",276,1876,1.7934795643586,-0.662284784823491,1.06964948251984
"C350A","350",277,1877,0.667648764026989,-0.743241750551635,0.745314805136201
"C350A","350",278,1878,0.192152820447385,-1.26564340976144,1.51576994230056
"C350A","350",279,1879,1.14542692432401,-0.654868907774458,0.891770634642695
"C350A","350",280,1880,1.01284658447622,-0.84626789997031,1.27074764316542
"C350A","350",281,1881,-0.260087004203529,-1.05352005729111,0.763555013936894
"C350A","350",282,1882,1.31748196674333,-0.797513428626436,-0.94798060797049
"C350A","350",283,1883,1.23113503736211,-1.32182685009588,1.28423127307279
"C350A","350",284,1884,0.496243526028511,-0.708125263380214,0.25979265727824
"C350A","350",285,1885,1.22361188382491,0.459351836822518,0.70171784764824
"C350A","350",286,1886,0.00611554211006471,-0.681367467550049,0.870346284009938
"C350A","350",287,1887,0.0348372266147375,-0.263316131397673,0.305854641875172
"C350A","350",288,1888,0.414785450353565,-0.97754062856128,-0.28095619880049
"C350A","350",289,1889,0.29763222138028,-1.06003954364111,0.0399311902885839
"C350A","350",290,1890,0.744445400796918,-0.272470259830404,-0.870148384008298
"C350A","350",291,1891,0.225258290449175,-0.777127295931397,0.450430313859016
"C350A","350",292,1892,-0.0852476748951413,-0.163482852535068,0.325865611269829
"C350A","350",293,1893,0.792471715157431,-1.04517388118838,0.512621875331281
"C350A","350",294,1894,0.584077700700067,0.0637475325664277,0.96949651537195
"C350A","350",295,1895,1.40589619122348,-1.23183354596074,0.115286330971434
"C350A","350",296,1896,0.397937530772966,-1.09388231535509,-0.157481497159677
"C350A","350",297,1897,0.00643640611655702,0.574411693533048,2.36581630688581
"C350A","350",298,1898,-0.947125707737695,-0.74312421489476,0.583371375814487
"C350A","350",299,1899,0.645798813303962,-0.862696030047271,1.8854750120532
"C350A","350",300,1900,1.76556632877877,-0.443510314046433,0.458982652157407
"C350A","350",301,1901,1.11742730385143,0.169586453241262,2.48200334020062
"C350A","350",302,1902,1.20432641889445,-0.346306407344894,1.64800957288686
"C350A","350",303,1903,1.53414236556476,-0.575761165421475,0.515833912470394
"C350A","350",304,1904,1.37796673907955,-1.40174500343722,-0.138598298341968
"C350A","350",305,1905,0.713861357608747,-0.332732650781556,0.761931158281441
"C350A","350",306,1906,0.90983764491228,-1.29986205851728,0.279940243063515
"C350A","350",307,1907,0.629930436871011,-1.02951587713454,-0.238648676428245
"C350A","350",308,1908,0.612831851639938,-1.13784940482555,-0.38586712134987
"C350A","350",309,1909,1.53029457443487,-1.14788771060724,0.321786088365391
"C350A","350",310,1910,1.92998964122814,-1.50203059191765,0.479286267024793
"C350A","350",311,1911,1.33973568793997,-1.13542609105727,0.940613734093921
"C350A","350",312,1912,1.987030810241,-0.818546588950082,-0.062791252787331
"C350A","350",313,1913,0.822048434872031,-0.38836837777988,1.09883367462437
"C350A","350",314,1914,0.88890471702538,-0.253346554738009,1.53550875810788
"C350A","350",315,1915,1.59254806405398,-0.296678964443926,1.19104724509933
"C350A","350",316,1916,1.36493069701225,-0.975240023790011,1.93388740363966
"C350A","350",317,1917,0.829829624495573,-0.72995005339983,0.695620086487078
"C350A","350",318,1918,2.1903622631675,0.113993861486039,0.996669191527937
"C350A","350",319,1919,0.826343038897366,-0.956826721750284,0.894785379483907
"C350A","350",320,1920,2.13061974624322,0.0364635865976451,0.0881103239296525
"C350A","350",321,1921,3.08523732831932,0.0808916098656052,-1.12939980343024
"C350A","350",322,1922,1.9226562360568,0.0391233099824871,0.782279566464932
"C350A","350",323,1923,0.437640110609488,0.030022241180523,0.212969805752077
"C350A","350",324,1924,0.762005159993224,1.35911235170326,-0.423033702546171
"C350A","350",325,1925,1.14969427246874,-0.655317612485257,-0.317193834015501
"C350A","350",326,1926,1.26191031109316,0.617707908511728,-0.926955529306635
"C350A","350",327,1927,0.125026166833915,0.495039499340406,0.0266712383076867
"C350A","350",328,1928,-0.538392285911942,0.184193143362292,0.597965672727193
"C350A","350",329,1929,-0.507608980204199,0.531757354344064,-0.1472826289516
"C350A","350",330,1930,-0.197705541466664,-0.158545210984761,-0.790279336764174
"C350A","350",331,1931,0.142903992621076,-0.433770836618535,-0.388067776182541
"C350A","350",332,1932,1.49264999200048,0.858178944710201,0.293281158693406
"C350A","350",333,1933,-0.129723198193213,0.732502809780925,0.694231607724305
"C350A","350",334,1934,-1.14429051009329,-0.262318847211171,0.422290676908642
"C350A","350",335,1935,-0.192540369740001,0.179617007956204,1.08038174421218
"C350A","350",336,1936,-0.951736265728684,-0.335190573034342,0.0705251302094619
"C350A","350",337,1937,0.237530254047827,-0.72924044594338,0.797340615685453
"C350A","350",338,1938,1.01692906586127,-0.530812710319718,0.373918595622957
"C350A","350",339,1939,1.19718022701437,-1.07316586668161,0.339619677182797
"C350A","350",340,1940,2.01328504284013,0.11279485779234,-0.836397382312115
"C350A","350",341,1941,1.21766435832229,-0.179866666078348,0.297810463989899
"C350A","350",342,1942,1.02005636879481,0.166227152238683,0.330187267610609
"C350A","350",343,1943,0.703689910154433,-1.4499379859801,0.409140595104995
"C350A","350",344,1944,2.08224806973554,-0.0996668906478341,-0.031590042742787
"C350A","350",345,1945,0.185657207557341,-2.33650789749644,-0.700258012570293
"C350A","350",346,1946,1.44339377613812,-0.419128341757452,0.245975684345388
"C350A","350",347,1947,2.48477798309816,-1.49465216414989,-0.382175124549393
"C350A","350",348,1948,1.7664256276941,-3.0971769197951,-0.959181100075404
"C350A","350",349,1949,1.13240283775325,-3.04740641248776,0.513381970761538
"C350A","350",350,1950,1.28536982136157,-1.69998917017107,0.287203741644304
"C350A","350",351,1951,0.712356472887718,-2.40105494432981,0.16303212214481
"C350A","350",352,1952,0.015420019191419,-1.79770775079535,-0.779679247968465
"C350A","350",353,1953,-1.61302591554398,-1.37172333291323,-1.86844042658478
"C350A","350",354,1954,-1.376670122695,-1.70589910932694,-0.203418530011832
"C350A","350",355,1955,0.24580324657111,-2.42981814732823,-0.701006117296171
"C350A","350",356,1956,-1.66329083987256,-2.26784009224241,-0.950091889642117
"C350A","350",357,1957,-1.41708218023313,-1.06948681120761,-0.567575998394663
"C350A","350",358,1958,-2.08389206159872,-2.36207368506495,-0.178833274359967
"C350A","350",359,1959,-1.76397220019808,-1.90609358119567,-0.672167727307535
"C350A","350",360,1960,-1.66844557445288,-3.1027474392498,-1.67742261973257
"C350A","350",361,1961,-0.471073516166388,-2.48686349650291,-2.4215046502986
"C350A","350",362,1962,-2.10537528704825,-2.86286836519875,-1.13933222152373
"C350A","350",363,1963,-1.47191048244809,-2.91433980333586,-1.31720066667934
"C350A","350",364,1964,-1.15301919517906,-1.92990759675912,-1.16204648417095
"C350A","350",365,1965,-1.51667641155132,-2.06268854426988,-0.440825085460759
"C350A","350",366,1966,-1.15794125665648,-2.31646191777136,-1.12666256985869
"C350A","350",367,1967,-2.26630190442385,-1.56506220507697,-0.393760478295331
"C350A","350",368,1968,-0.113933867336292,-2.20073630999381,-2.27387454657596
"C350A","350",369,1969,-1.1306586050523,-2.07611453920175,-1.66120730991164
"C350A","350",370,1970,-0.564009955825369,-1.63879393479901,-1.56826933651732
"C350A","350",371,1971,-1.44163209571047,-1.761682170256,-0.921665019952084
"C350A","350",372,1972,-0.475270998350142,-3.1201675245968,-0.548940202778693
"C350A","350",373,1973,-1.89167408309079,-2.33943310755232,-0.503320216279193
"C350A","350",374,1974,-1.76238477208159,-1.68853335811456,-1.21025825942558
"C350A","350",375,1975,-2.06344113922941,-1.6379527665474,-0.766130824778535
"C350A","350",376,1976,-2.93424443642372,-2.65365123251968,0.13384705148943
"C350A","350",377,1977,-1.87394092411691,-1.98585493480306,0.213969176398706
"C350A","350",378,1978,-1.02371970172562,-2.70587941046504,-2.39736403736308
"C350A","350",379,1979,0.719822999002488,-1.63337387850483,-3.89439222307246
"C350A","350",380,1980,-0.694480342973865,-2.22761947782192,-1.43980696333785
"C350A","350",381,1981,-2.75928565990814,-2.27285547982365,-0.468118057477935
"C350A","350",382,1982,-2.37060526404011,-2.32652923831331,0.244468582683891
"C350A","350",383,1983,-1.53661939579207,-2.86167856087615,-0.644324752917815
"C350A","350",384,1984,-0.276167966125931,-2.39176684735737,-2.66130103795611
"C350A","350",385,1985,-2.18779153517973,-1.36232057127805,-1.19387621810956
"C350A","350",386,1986,-3.04563992651395,-1.49858881229963,-1.82136563327984
"C350A","350",387,1987,-0.846802887221456,-0.892970467047733,-2.67698971153847
"C350A","350",388,1988,0.0261190614127197,-0.324398111710783,-1.383894991856
"C350A","350",389,1989,0.20959331718903,-1.62005962695166,-1.52418828030239
"C350A","350",390,1990,-0.198765714121146,-0.199074476060455,-1.39825584908159
"C350A","350",391,1991,-0.541362144683683,-1.36699979596438,-1.570293796096
"C350A","350",392,1992,-1.42735775440004,-3.21152533926286,-2.23233588639565
"C350A","350",393,1993,-0.11032734013538,-2.24281677213789,-2.50400353843457
"C350A","350",394,1994,-1.77653304102047,-2.04514931935255,-0.543152309058044
"C350A","350",395,1995,-2.61648000015055,-1.85580763247873,-0.798121107585725
"C350A","350",396,1996,-1.30945650407844,-2.05135586464312,-0.840697779394951
"C350A","350",397,1997,-1.81606916474567,-3.29351659362369,-0.851322864263586
"C350A","350",398,1998,-0.925502597840989,-2.48775052798776,-0.74157464347139
"C350A","350",399,1999,-1.0724566648514,-1.2045176744041,-1.31164134795199
"C350A","350",400,2000,0.489562280741001,-1.91349578327463,-2.60068425026521
"C303A-C322A","303-322",1,2001,0.520085947224303,1.36498199670839,0.0157165399072882
"C303A-C322A","303-322",2,2002,-0.910098553031503,0.20072464252025,0.122318741720044
"C303A-C322A","303-322",3,2003,-0.399812193040044,-0.760409893407255,-0.281262900615184
"C303A-C322A","303-322",4,2004,1.18557955734118,-0.34607653215616,0.686328209928912
"C303A-C322A","303-322",5,2005,0.789707676693768,-1.02551599621641,-0.279762749751386
"C303A-C322A","303-322",6,2006,0.133339658762038,-1.08216214181764,-0.235842040642791
"C303A-C322A","303-322",7,2007,0.145076835638517,-1.12075822619042,0.495386528922226
"C303A-C322A","303-322",8,2008,1.02367619059812,-0.872538099425212,-0.700839435490445
"C303A-C322A","303-322",9,2009,1.22868382909564,-0.776786479494844,-1.10449544964084
"C303A-C322A","303-322",10,2010,1.53692892529121,-0.392654646062254,-0.279840210963788
"C303A-C322A","303-322",11,2011,1.11698359151137,0.185433499966105,0.101186657541447
"C303A-C322A","303-322",12,2012,1.71509755245655,-0.317733929445298,-0.757528267605172
"C303A-C322A","303-322",13,2013,1.14306877730424,0.147955266980233,-0.65747727794875
"C303A-C322A","303-322",14,2014,1.43173546807736,-0.382247600381191,-0.11943576063872
"C303A-C322A","303-322",15,2015,1.20195054317049,0.324182578089605,-0.425118049827661
"C303A-C322A","303-322",16,2016,1.58454766540817,-0.410059715301006,-0.790752530463518
"C303A-C322A","303-322",17,2017,0.664117274729425,-0.0446475805822386,-0.149232786700223
"C303A-C322A","303-322",18,2018,1.04378880554118,0.66087428673544,0.285308649891818
"C303A-C322A","303-322",19,2019,2.03143735337094,0.543457046006337,-0.577707708508228
"C303A-C322A","303-322",20,2020,-0.670963549282118,-0.44515016557106,-0.278963421556424
"C303A-C322A","303-322",21,2021,-0.148369597941427,-0.598704887038629,0.161561697453219
"C303A-C322A","303-322",22,2022,0.279975961457217,0.468698215246227,0.283497395791714
"C303A-C322A","303-322",23,2023,1.13337306088408,0.596577106618851,-0.446388297358988
"C303A-C322A","303-322",24,2024,1.31595984856291,-0.396675753053276,0.452193963480177
"C303A-C322A","303-322",25,2025,0.63360063600948,1.11804179872363,0.226343578482747
"C303A-C322A","303-322",26,2026,1.9040903672757,0.673048423449357,0.444193521339333
"C303A-C322A","303-322",27,2027,1.50725176727847,0.187628841053913,0.530053754825813
"C303A-C322A","303-322",28,2028,1.98856270483286,-1.63279296366159,-0.644090000755288
"C303A-C322A","303-322",29,2029,1.16261550795851,-1.77793842360344,0.555762555756495
"C303A-C322A","303-322",30,2030,0.86137391031156,-1.70126657551009,0.462679148012636
"C303A-C322A","303-322",31,2031,0.961852034283592,-1.74859832180617,0.803634239082941
"C303A-C322A","303-322",32,2032,0.638451568660705,-1.82121905596302,0.0231798040599826
"C303A-C322A","303-322",33,2033,0.71173728432985,-1.38669554741544,-0.178097572805269
"C303A-C322A","303-322",34,2034,0.261384759254107,-1.8781123789736,0.0687673779970846
"C303A-C322A","303-322",35,2035,0.429210302770904,-2.41770445080651,-0.0157248180213824
"C303A-C322A","303-322",36,2036,2.11396985739471,-1.48043113505449,0.227334944009832
"C303A-C322A","303-322",37,2037,1.49620330272007,-0.636281972218442,0.70101304857728
"C303A-C322A","303-322",38,2038,0.828042190487065,-0.691145453790073,0.186087334102718
"C303A-C322A","303-322",39,2039,0.506478559678789,0.907839418274407,0.180364690552913
"C303A-C322A","303-322",40,2040,1.1549890475094,0.254625008774315,0.208190135858977
"C303A-C322A","303-322",41,2041,1.45179568175517,-0.0965649444844466,-0.628535027960967
"C303A-C322A","303-322",42,2042,0.166264579849082,-0.617349039392224,0.219929276109378
"C303A-C322A","303-322",43,2043,1.05892800420005,0.207599983390972,-0.1745982240385
"C303A-C322A","303-322",44,2044,1.17371279289457,0.516477153835078,-0.423633009628365
"C303A-C322A","303-322",45,2045,1.07952131874448,-0.0124632687047408,-0.62447439838895
"C303A-C322A","303-322",46,2046,0.533578336877032,0.294763773589437,-0.408363144168895
"C303A-C322A","303-322",47,2047,0.621533736301652,0.0448868598260717,-0.477999383133139
"C303A-C322A","303-322",48,2048,-0.314298943607967,-1.07146280758445,0.186991300493174
"C303A-C322A","303-322",49,2049,0.73742248062797,0.176295063950959,-0.989220480182918
"C303A-C322A","303-322",50,2050,1.4652585826026,0.806281348031077,0.419997385182445
"C303A-C322A","303-322",51,2051,-1.59029070289271,0.548480053018468,0.38560089609847
"C303A-C322A","303-322",52,2052,0.152283422225569,-0.690853487562395,-1.18742087890697
"C303A-C322A","303-322",53,2053,-1.07919863940717,0.230539215394642,0.177018407003411
"C303A-C322A","303-322",54,2054,0.127105794083918,-0.735357442923062,-0.290825806170054
"C303A-C322A","303-322",55,2055,0.945021119124035,0.0672051245460588,0.296463346324764
"C303A-C322A","303-322",56,2056,-0.35545247372932,0.42413220384886,0.44419364774977
"C303A-C322A","303-322",57,2057,0.297473452746609,-0.815538280561532,-0.275030589783538
"C303A-C322A","303-322",58,2058,0.943727036407874,0.0397702363862232,-0.629938853534329
"C303A-C322A","303-322",59,2059,0.169115069316279,-0.361171815694333,-0.222098049776592
"C303A-C322A","303-322",60,2060,0.35697742213179,0.0133338294009768,-0.60473623111177
"C303A-C322A","303-322",61,2061,-0.25368674178425,-0.144035846513214,-0.182951873311143
"C303A-C322A","303-322",62,2062,-0.38898140602912,-0.705109933302604,-0.259577301566768
"C303A-C322A","303-322",63,2063,1.69321845286248,0.332616693265633,-0.351163521217316
"C303A-C322A","303-322",64,2064,-0.109086323573769,0.616431324955085,-0.0971689188496653
"C303A-C322A","303-322",65,2065,-0.0880160863098265,-0.243819875641105,0.044518062567205
"C303A-C322A","303-322",66,2066,-0.121271133798069,-0.937700410598232,-0.063428391341871
"C303A-C322A","303-322",67,2067,0.202198101875453,-0.190974832287087,0.451534137806825
"C303A-C322A","303-322",68,2068,-0.38987589292228,-0.0986679878996793,0.762805742494435
"C303A-C322A","303-322",69,2069,1.05487788229342,-0.504903540940388,-0.154002032514029
"C303A-C322A","303-322",70,2070,0.294362625956184,0.0540140936075271,0.349375255213739
"C303A-C322A","303-322",71,2071,-0.821173501608872,0.0182672842376065,-0.314974254071529
"C303A-C322A","303-322",72,2072,-0.879479499246873,-0.531738638013692,-0.926671856729829
"C303A-C322A","303-322",73,2073,-1.45795435822333,-0.305286823615721,0.0249804120703982
"C303A-C322A","303-322",74,2074,-0.6715651567471,-0.57741658749279,-0.719215082104653
"C303A-C322A","303-322",75,2075,0.0276406408009039,-0.0464690595343388,-0.925515873859761
"C303A-C322A","303-322",76,2076,-1.07616565793091,-0.412875093949493,-0.472660486341554
"C303A-C322A","303-322",77,2077,-1.08083794715922,-0.29817847930355,-0.173446177803514
"C303A-C322A","303-322",78,2078,-0.418013293209363,-0.406046381383388,-0.69503615047291
"C303A-C322A","303-322",79,2079,0.67135845015341,0.0628396377930182,0.262477599899809
"C303A-C322A","303-322",80,2080,0.157699142890958,-1.0341666140744,-0.755480483716348
"C303A-C322A","303-322",81,2081,0.283174201166094,-0.490285875987413,-0.266511533713499
"C303A-C322A","303-322",82,2082,1.17488829126602,-1.43708552109529,-0.119251190247756
"C303A-C322A","303-322",83,2083,-0.404137626511197,-2.35722484371342,-0.238690939306056
"C303A-C322A","303-322",84,2084,0.629333104386259,-0.300582990815228,-0.165785758575361
"C303A-C322A","303-322",85,2085,-0.0522073580378341,-0.829137569882341,0.0292688141261372
"C303A-C322A","303-322",86,2086,-0.527737878464598,-0.57196348602119,-0.348774265896167
"C303A-C322A","303-322",87,2087,-1.03606177852039,-0.211849532164865,0.0495987434956878
"C303A-C322A","303-322",88,2088,-0.924840862022687,0.738797136736145,0.423521979326038
"C303A-C322A","303-322",89,2089,-0.237691438999549,-0.999183125150442,0.396507534299525
"C303A-C322A","303-322",90,2090,0.397102911943385,-0.0158685563079518,0.310394094487826
"C303A-C322A","303-322",91,2091,0.155542160822436,0.28986015665244,-0.124656099948488
"C303A-C322A","303-322",92,2092,-1.05385975967621,0.385924231446474,0.0732471119576053
"C303A-C322A","303-322",93,2093,0.474057269876656,-0.22611834754121,-0.873007252273698
"C303A-C322A","303-322",94,2094,-1.20931565935246,-0.4013369956562,0.137859990307597
"C303A-C322A","303-322",95,2095,-0.496488750551969,-0.43243219088863,-1.02435847755563
"C303A-C322A","303-322",96,2096,-1.06415151181816,-0.0464224217804633,0.0775042628834261
"C303A-C322A","303-322",97,2097,-0.495900633985757,-0.139547378353217,-0.327232951461236
"C303A-C322A","303-322",98,2098,-0.970997173720966,-0.525151411431531,0.379188202101614
"C303A-C322A","303-322",99,2099,-0.0864176978123226,-0.495455294342095,-0.27463765562971
"C303A-C322A","303-322",100,2100,-1.39397131626257,0.203114863604149,-0.10545318742634
"C303A-C322A","303-322",101,2101,1.08107908058569,0.085833217933849,0.203474675457556
"C303A-C322A","303-322",102,2102,0.863495550296347,0.132063881375682,-0.637664904589233
"C303A-C322A","303-322",103,2103,0.729634347568289,0.52091753251163,-0.0221803369312049
"C303A-C322A","303-322",104,2104,-0.0275883865280513,-0.0346653964903244,-0.155316560782622
"C303A-C322A","303-322",105,2105,-0.226420307890826,0.416498786177779,-0.0511698939983455
"C303A-C322A","303-322",106,2106,0.396706728986153,0.0256522883390941,0.00739422915310582
"C303A-C322A","303-322",107,2107,-0.321914124857167,0.851115949691006,0.0381538571248973
"C303A-C322A","303-322",108,2108,0.180883191629472,0.0334459560756881,0.205702450984123
"C303A-C322A","303-322",109,2109,-0.661872678143748,0.00388481324871317,-0.181592969476936
"C303A-C322A","303-322",110,2110,0.000537826153947958,-0.29278998412575,-0.576275843506173
"C303A-C322A","303-322",111,2111,-0.96580029248598,0.0711680538706507,0.132046290443833
"C303A-C322A","303-322",112,2112,-0.930022544900581,-0.264457481632999,0.0888980388752199
"C303A-C322A","303-322",113,2113,0.0323982615447009,-0.218495672683113,-0.523268160753355
"C303A-C322A","303-322",114,2114,-0.679230089539498,-0.628033411472142,-0.209109346511612
"C303A-C322A","303-322",115,2115,-0.363195559538459,-0.522143998675848,-0.209397804667582
"C303A-C322A","303-322",116,2116,-0.86664198028024,-0.749985890443683,-0.401397433694651
"C303A-C322A","303-322",117,2117,0.530963704838931,-0.878056354251885,-0.244636067048257
"C303A-C322A","303-322",118,2118,0.81566431726152,-0.492907508214999,-1.15130846946452
"C303A-C322A","303-322",119,2119,-0.658890867833733,0.0711575298379479,-1.09210484466219
"C303A-C322A","303-322",120,2120,-0.429697657005186,-0.066998054129818,0.352275987462163
"C303A-C322A","303-322",121,2121,-0.421316330541039,-0.515803248557073,0.255493507630923
"C303A-C322A","303-322",122,2122,-0.755406014974415,-0.506381589809129,-0.0919085985720557
"C303A-C322A","303-322",123,2123,0.339702585605276,0.12123529020002,-0.372233519116294
"C303A-C322A","303-322",124,2124,0.286049563453251,1.08315719008203,0.4582156156495
"C303A-C322A","303-322",125,2125,1.39088753806319,0.267488392648159,0.344912304907974
"C303A-C322A","303-322",126,2126,2.54295929275233,1.11436633320989,0.718461614897739
"C303A-C322A","303-322",127,2127,2.0775268495213,1.32060122314325,0.778906679676624
"C303A-C322A","303-322",128,2128,1.93513915127,1.25419951895917,-0.380689537947002
"C303A-C322A","303-322",129,2129,1.6462373448342,0.427158069743686,0.532812996115382
"C303A-C322A","303-322",130,2130,1.67375883730207,0.697368276598834,-0.0587513392965421
"C303A-C322A","303-322",131,2131,2.54859689509173,2.00341807573433,-0.809028638764126
"C303A-C322A","303-322",132,2132,1.78817917052465,1.86525286608714,0.263068844755418
"C303A-C322A","303-322",133,2133,-0.392184005601054,1.56343694911224,0.538953097287413
"C303A-C322A","303-322",134,2134,0.944053857253975,-0.0530617289026174,-0.200510201751198
"C303A-C322A","303-322",135,2135,0.824046584725056,1.88427746197258,0.396393685812576
"C303A-C322A","303-322",136,2136,0.77829830802391,1.95974164907572,0.433006915272395
"C303A-C322A","303-322",137,2137,0.4947423744106,1.18292385456423,-1.49981167938461
"C303A-C322A","303-322",138,2138,0.0763189586570069,0.787552528520859,-0.577672734562775
"C303A-C322A","303-322",139,2139,0.398517428518632,0.13104546915368,-0.260298243164426
"C303A-C322A","303-322",140,2140,-0.53242126637872,0.3684844976988,0.316889085751825
"C303A-C322A","303-322",141,2141,0.381363009031511,0.325856757409872,0.739866721659046
"C303A-C322A","303-322",142,2142,0.903049300564407,1.02289242991175,-0.00933537836922368
"C303A-C322A","303-322",143,2143,1.82503807888459,0.522953193243908,1.23415876015566
"C303A-C322A","303-322",144,2144,0.406986479625175,0.59724566405247,0.862518185742291
"C303A-C322A","303-322",145,2145,0.22131334738753,0.516396993173105,0.407731288122722
"C303A-C322A","303-322",146,2146,1.05234525241354,0.0964841752828045,0.294969648264642
"C303A-C322A","303-322",147,2147,1.32874716215748,1.04381707604936,0.0609652365712114
"C303A-C322A","303-322",148,2148,0.807299537874858,-1.09018983357146,-1.47259236754342
"C303A-C322A","303-322",149,2149,0.490609142004924,-0.223961138755526,-0.354847300061419
"C303A-C322A","303-322",150,2150,-0.714305883857958,-0.702770463750886,-1.018858994189
"C303A-C322A","303-322",151,2151,0.175388487141126,0.625129861414699,-0.211006488431189
"C303A-C322A","303-322",152,2152,-0.726539703215956,-0.975847427887325,-0.384523878887299
"C303A-C322A","303-322",153,2153,-0.346500821036509,-0.258194055504629,-1.33195937959201
"C303A-C322A","303-322",154,2154,-0.432022210449445,-0.95488998583001,-0.899728172676408
"C303A-C322A","303-322",155,2155,0.620245729020538,0.0035916382869758,-0.975243359631996
"C303A-C322A","303-322",156,2156,-1.31411971257151,-0.088310205601495,0.174836760602786
"C303A-C322A","303-322",157,2157,-1.09269584599192,-0.118428484760664,0.087328221671025
"C303A-C322A","303-322",158,2158,-1.01325672152628,-0.738350862154611,0.0680832144627902
"C303A-C322A","303-322",159,2159,-0.563664500616922,0.123924653718799,-0.400716263626775
"C303A-C322A","303-322",160,2160,0.0914066225351385,-0.579359101700534,-0.437138614351762
"C303A-C322A","303-322",161,2161,-0.451976373572254,-1.23297042993292,-0.822331338395328
"C303A-C322A","303-322",162,2162,0.910587885589343,-0.294455635658577,-0.861222362793098
"C303A-C322A","303-322",163,2163,-0.0246434248711771,-1.50929085307064,-0.230381578281556
"C303A-C322A","303-322",164,2164,0.797645502688071,-1.82082399516381,-0.27654933958973
"C303A-C322A","303-322",165,2165,-0.22290220212142,-0.66292235510788,-0.419661735638351
"C303A-C322A","303-322",166,2166,0.376242427288038,-0.597205519152604,0.0473989921597258
"C303A-C322A","303-322",167,2167,0.416743217065348,-0.0485232193383254,-0.864672355584345
"C303A-C322A","303-322",168,2168,-0.190020935505181,-0.179159692244148,-0.103039529759488
"C303A-C322A","303-322",169,2169,1.48952818416985,0.381371988497196,-0.499180152189215
"C303A-C322A","303-322",170,2170,0.786075553133037,0.298283380567794,0.00197070588174324
"C303A-C322A","303-322",171,2171,0.791792107469428,0.288697491394806,-0.149536652373668
"C303A-C322A","303-322",172,2172,0.525613600024137,0.295967348003253,-0.326272101806186
"C303A-C322A","303-322",173,2173,0.579482380198905,0.0242348960355444,0.213917088675218
"C303A-C322A","303-322",174,2174,1.50784352233395,-0.730148836334122,0.383085711631922
"C303A-C322A","303-322",175,2175,2.16887136663508,-0.409701158046908,-0.126937873969956
"C303A-C322A","303-322",176,2176,0.0534050250724949,-0.304645304081706,0.614476670918878
"C303A-C322A","303-322",177,2177,0.755248901591498,-1.50358383539209,-0.248917744472292
"C303A-C322A","303-322",178,2178,0.983446491068927,-1.66185662412108,0.0802225063260968
"C303A-C322A","303-322",179,2179,0.760690086232897,-1.51427487372025,-0.231516386840602
"C303A-C322A","303-322",180,2180,1.6652419303296,-1.80301797263258,-0.605335818429753
"C303A-C322A","303-322",181,2181,1.02137250325425,-1.4980502340539,-0.396421083957632
"C303A-C322A","303-322",182,2182,0.874456405195533,-0.934863755908976,0.215657824916323
"C303A-C322A","303-322",183,2183,0.111026877177463,-1.33266323776474,-0.108853024167546
"C303A-C322A","303-322",184,2184,-0.350506956215617,-1.87971192330589,-0.624484231596286
"C303A-C322A","303-322",185,2185,0.147163996718987,-0.897118736013024,0.431013580013802
"C303A-C322A","303-322",186,2186,2.42036666996696,-2.58439046808791,-0.0806413735889097
"C303A-C322A","303-322",187,2187,1.55190010390296,-1.56148477418143,-0.676639473259818
"C303A-C322A","303-322",188,2188,0.644336772122801,-0.223593284640009,-0.596779161234775
"C303A-C322A","303-322",189,2189,0.511888065784492,-2.16674265117905,-0.542720764979097
"C303A-C322A","303-322",190,2190,1.41960829150157,-1.29078591415557,-0.411519835136552
"C303A-C322A","303-322",191,2191,1.59503202964378,-2.66441488987785,-1.44366258236454
"C303A-C322A","303-322",192,2192,1.06347478409695,-2.710139194432,-1.15586214136342
"C303A-C322A","303-322",193,2193,2.06732662175009,-1.5702860552802,-0.37761968471558
"C303A-C322A","303-322",194,2194,2.87261121300299,-1.21199820768814,-0.0721476465112206
"C303A-C322A","303-322",195,2195,2.14278897197193,-1.23248401579082,-0.470587239628821
"C303A-C322A","303-322",196,2196,2.91587824254204,-1.06644638338296,-0.22418283886587
"C303A-C322A","303-322",197,2197,3.45780470869554,-0.997525077522989,-1.39797704436
"C303A-C322A","303-322",198,2198,2.74169937585309,-0.704082660533796,-0.246809239412001
"C303A-C322A","303-322",199,2199,3.37017409549703,-1.25048817884806,-0.410458593366441
"C303A-C322A","303-322",200,2200,2.52260832944454,-0.125950964851137,-0.456667147206796
"C303A-C322A","303-322",201,2201,2.67402857468816,-0.368365188702868,-0.0376595689481679
"C303A-C322A","303-322",202,2202,1.72532377320934,-2.05771736165759,-0.866410481554798
"C303A-C322A","303-322",203,2203,0.345810522971652,-1.36385161571307,0.0856705688259358
"C303A-C322A","303-322",204,2204,0.540886276442512,-0.454543463374051,-1.87875736567524
"C303A-C322A","303-322",205,2205,-0.666770923362205,-0.243836862090086,-0.758822827471358
"C303A-C322A","303-322",206,2206,0.652363786550736,-0.374230510429524,-0.5521253440497
"C303A-C322A","303-322",207,2207,1.30914331047047,-0.63661359398492,-0.63529187553556
"C303A-C322A","303-322",208,2208,1.67266031700689,0.244725951225375,-0.251936186536456
"C303A-C322A","303-322",209,2209,0.632574033484042,0.157979234455947,-0.862638449337055
"C303A-C322A","303-322",210,2210,-0.491002870058418,-0.429610992958203,-0.215861384358417
"C303A-C322A","303-322",211,2211,1.26685465439375,0.308961470096957,0.0821651236788609
"C303A-C322A","303-322",212,2212,1.05127882353132,0.697732986998471,-0.488776008298932
"C303A-C322A","303-322",213,2213,-0.345775267200047,0.697455166056741,-0.721213536853979
"C303A-C322A","303-322",214,2214,0.893069067671246,0.204383379445404,-0.255419830757863
"C303A-C322A","303-322",215,2215,0.967304069495396,-0.124182283260527,-0.825947651016581
"C303A-C322A","303-322",216,2216,1.47606452727596,-0.306313879573092,-1.27653858053903
"C303A-C322A","303-322",217,2217,0.0165338385772586,0.0966540736138794,-0.576730186946786
"C303A-C322A","303-322",218,2218,-1.79028890888861,-0.055972591930906,-0.177443506834799
"C303A-C322A","303-322",219,2219,-0.366579487580093,-0.417695711524105,-0.545400315587353
"C303A-C322A","303-322",220,2220,-0.110957401197562,-0.298632016111902,-0.337474885126482
"C303A-C322A","303-322",221,2221,0.30449168626333,-0.0982796370231892,-0.377415387452352
"C303A-C322A","303-322",222,2222,0.300176830106129,-0.214347954994516,0.069488372362906
"C303A-C322A","303-322",223,2223,0.578708484809176,0.557869877363053,-0.516433699154859
"C303A-C322A","303-322",224,2224,-0.144436652054057,0.191363875658479,0.193645403123003
"C303A-C322A","303-322",225,2225,-0.199322885854931,-0.352073417664821,-0.704713442075985
"C303A-C322A","303-322",226,2226,0.148554066332059,-0.143096848781017,-0.471157030217238
"C303A-C322A","303-322",227,2227,1.0873801942367,0.771320094515808,-0.316640384149487
"C303A-C322A","303-322",228,2228,0.925803474618678,0.516998689402137,0.498485800469663
"C303A-C322A","303-322",229,2229,0.627139099626425,-0.870794961120632,0.209041341802783
"C303A-C322A","303-322",230,2230,0.543231432030504,-1.96370894276577,-0.579665772951788
"C303A-C322A","303-322",231,2231,-0.253795978078917,-1.82485881376234,-0.93865853598717
"C303A-C322A","303-322",232,2232,0.690574407261168,0.049540386367803,-1.09938206098486
"C303A-C322A","303-322",233,2233,-0.718607494515159,-0.431324772985541,-0.70336732637637
"C303A-C322A","303-322",234,2234,0.05173620730049,-0.308519611429269,-0.384512208151278
"C303A-C322A","303-322",235,2235,-0.502035181235564,0.0835562789295284,-0.0623159258253312
"C303A-C322A","303-322",236,2236,-0.534079490653642,-0.353505987236707,-0.830310714556462
"C303A-C322A","303-322",237,2237,-0.603537345867036,0.201266899236238,-0.385449345093341
"C303A-C322A","303-322",238,2238,0.264308270439225,0.017724542804276,0.447232983982753
"C303A-C322A","303-322",239,2239,0.0450249918337841,-0.228654725511762,-0.0961295215962201
"C303A-C322A","303-322",240,2240,-0.0798982096932737,-0.119540975543661,-0.570775799448379
"C303A-C322A","303-322",241,2241,-0.285311125439367,-0.471431106066855,-0.967416123282608
"C303A-C322A","303-322",242,2242,-1.47071523269267,-0.591952762823157,-0.366189333110591
"C303A-C322A","303-322",243,2243,-0.969854708166171,-0.141570039466512,-0.766915786093789
"C303A-C322A","303-322",244,2244,-1.48233699325473,-0.323736787989216,-0.847280272572008
"C303A-C322A","303-322",245,2245,-0.798420957631383,-0.525501369981914,-0.520474791699443
"C303A-C322A","303-322",246,2246,-0.775332930796241,-0.809582696331713,-0.623522929028161
"C303A-C322A","303-322",247,2247,-0.652561819011017,-0.340839997144271,0.333314663003018
"C303A-C322A","303-322",248,2248,1.42412778947246,-1.56702700416407,-0.16925215741072
"C303A-C322A","303-322",249,2249,-0.0514414318172349,-0.529787447675119,0.382967093295595
"C303A-C322A","303-322",250,2250,0.0161536713319953,-0.502836801091995,0.0535211017461659
"C303A-C322A","303-322",251,2251,-0.0214481684917176,0.347689034240129,-0.159657537579215
"C303A-C322A","303-322",252,2252,-0.476598458285413,0.60952049930609,0.219314935655379
"C303A-C322A","303-322",253,2253,0.264923794293094,0.0374503703817898,-1.56863815886658
"C303A-C322A","303-322",254,2254,1.19050807917171,-0.369032055660854,-0.862892971398258
"C303A-C322A","303-322",255,2255,-0.677764544147624,-0.198431092234643,-0.745555816634753
"C303A-C322A","303-322",256,2256,1.30923144334591,0.919502627894742,-0.538405298801063
"C303A-C322A","303-322",257,2257,0.147392781232011,0.289860877919254,-0.277880584107066
"C303A-C322A","303-322",258,2258,-0.647787908468038,0.740002351208731,-0.0853531774519545
"C303A-C322A","303-322",259,2259,-1.04212655831594,-0.528957243076753,-0.559768106666614
"C303A-C322A","303-322",260,2260,-0.800556788151069,0.0338823790030009,-1.23113714727464
"C303A-C322A","303-322",261,2261,-0.801865977827833,-0.06415815764214,-1.66089391733713
"C303A-C322A","303-322",262,2262,-1.01287755318639,-0.355420985905525,-0.708178314164833
"C303A-C322A","303-322",263,2263,-2.01949730006769,-0.0445425979349787,-0.884685265570198
"C303A-C322A","303-322",264,2264,-0.767354918892024,0.0407821121560626,-0.836416879835257
"C303A-C322A","303-322",265,2265,-1.69453070737473,-0.356380447612993,-0.643679408495156
"C303A-C322A","303-322",266,2266,-0.997284012033431,0.0345630856715847,-1.21571087267997
"C303A-C322A","303-322",267,2267,-1.61674689896512,0.202249325937508,-0.109319198976728
"C303A-C322A","303-322",268,2268,-1.37605328110224,0.411100327252284,-0.745009823912041
"C303A-C322A","303-322",269,2269,-0.886525840332137,0.0884368721682274,-0.356430935499788
"C303A-C322A","303-322",270,2270,0.78543209242869,-0.0330010530870519,-0.0745164078082028
"C303A-C322A","303-322",271,2271,0.103439841682247,-0.261048820594326,-0.38361205127418
"C303A-C322A","303-322",272,2272,1.33367991919389,-0.531464363166691,-1.2160579394044
"C303A-C322A","303-322",273,2273,1.20603941492314,0.150675210175214,-0.678286754911154
"C303A-C322A","303-322",274,2274,-0.228164753497661,0.316569393439944,-0.571034010046872
"C303A-C322A","303-322",275,2275,0.488683491539594,0.761541905950405,-0.176098980693378
"C303A-C322A","303-322",276,2276,-0.99363168758669,0.451575436424253,0.73100753146831
"C303A-C322A","303-322",277,2277,-0.13654782896378,0.664611031391675,-1.28689543298377
"C303A-C322A","303-322",278,2278,0.216168860058973,0.669140720514225,-0.0907844841829473
"C303A-C322A","303-322",279,2279,0.684874902902025,-0.174278116110095,-0.227255517025778
"C303A-C322A","303-322",280,2280,-0.522812525981104,-0.0636340728983528,-0.246446259718395
"C303A-C322A","303-322",281,2281,-0.219652181647131,-0.0691891643958122,-0.637342624661479
"C303A-C322A","303-322",282,2282,1.46219390269303,0.773695629306695,-1.016705264009
"C303A-C322A","303-322",283,2283,-0.121241753704692,-1.13804558015776,-1.34983864129281
"C303A-C322A","303-322",284,2284,1.06788699691781,0.198149584232356,-0.145152309638567
"C303A-C322A","303-322",285,2285,0.145870936670115,0.0106200058071403,0.557015944970649
"C303A-C322A","303-322",286,2286,1.55212342473237,-0.180362809984288,-0.52461307839662
"C303A-C322A","303-322",287,2287,1.47217964067432,-0.759132781983379,-0.0368400685224613
"C303A-C322A","303-322",288,2288,-0.812601829501719,0.181876905590235,-0.302907328515591
"C303A-C322A","303-322",289,2289,0.73801336107651,0.561057198052479,-0.140126670143204
"C303A-C322A","303-322",290,2290,-0.636329242513175,-0.677795792676479,-0.698546972860289
"C303A-C322A","303-322",291,2291,-0.535311841356166,-0.328497036983009,0.434315823049837
"C303A-C322A","303-322",292,2292,-1.37414986843968,-0.42290677015437,-1.35273522969853
"C303A-C322A","303-322",293,2293,-0.025661467402303,-0.123707058526344,-0.0675315347083282
"C303A-C322A","303-322",294,2294,-0.00594268688943663,0.290619980634186,-0.4951545112364
"C303A-C322A","303-322",295,2295,-1.17182014318604,1.69886334544705,0.134180856947046
"C303A-C322A","303-322",296,2296,1.7368724017824,0.939036601588768,-0.253687820113708
"C303A-C322A","303-322",297,2297,0.674400263620346,-0.226293257642939,-0.344393448730209
"C303A-C322A","303-322",298,2298,1.42738341026189,0.461894096918841,-0.310067327407577
"C303A-C322A","303-322",299,2299,0.692804267645751,0.853750317191001,0.433553458090741
"C303A-C322A","303-322",300,2300,-0.393954194721479,0.852176690577156,0.44363009517848
"C303A-C322A","303-322",301,2301,-0.669300318227383,-0.153303504130087,-1.1476513490985
"C303A-C322A","303-322",302,2302,-0.145426264931664,0.230505450469402,0.433614739147459
"C303A-C322A","303-322",303,2303,-1.17894335815084,-0.1349909264161,0.316437772059805
"C303A-C322A","303-322",304,2304,-0.703352567848139,0.107159226632459,-0.385562789924071
"C303A-C322A","303-322",305,2305,0.0770077056800474,-0.0015351374227896,-1.10025494773946
"C303A-C322A","303-322",306,2306,-0.658797599862325,-0.259384280615319,-0.432323488099241
"C303A-C322A","303-322",307,2307,0.137828264041205,1.0047734322028,0.731721433277197
"C303A-C322A","303-322",308,2308,-0.785370348925897,0.0659850365803133,0.216870770380949
"C303A-C322A","303-322",309,2309,0.779128821722077,0.703084828679884,-1.15243392172649
"C303A-C322A","303-322",310,2310,0.236904312944463,-0.38937182918016,0.222593212120844
"C303A-C322A","303-322",311,2311,-0.0717038733068817,-0.116182686851908,-0.168749990320155
"C303A-C322A","303-322",312,2312,-1.06602259090711,-0.114656526659844,-1.90307387275904
"C303A-C322A","303-322",313,2313,-2.07304655714696,0.270009011949027,-1.13051652820441
"C303A-C322A","303-322",314,2314,-2.31139684217244,0.721823792731806,-0.903140357108033
"C303A-C322A","303-322",315,2315,-2.43057163990407,0.543809311781024,-1.70716164304677
"C303A-C322A","303-322",316,2316,-2.24991908902581,0.461988938245314,-0.216193061944377
"C303A-C322A","303-322",317,2317,-1.05173246264557,1.66290826026831,0.438334888887773
"C303A-C322A","303-322",318,2318,-2.55006689928398,0.89789642391756,-0.481881692281003
"C303A-C322A","303-322",319,2319,-1.42194280869782,-0.255758523790083,-1.49678087412264
"C303A-C322A","303-322",320,2320,-2.18765439705952,0.395160763400968,-0.29554368649684
"C303A-C322A","303-322",321,2321,-1.40709173408002,-0.659851942962802,-0.988485958530518
"C303A-C322A","303-322",322,2322,-1.34019937488927,0.47441167049936,-1.20425300616186
"C303A-C322A","303-322",323,2323,-2.52921591271473,-0.0020726946708356,-0.462840366346699
"C303A-C322A","303-322",324,2324,-2.37302657970656,0.178059343905602,-1.21794938250439
"C303A-C322A","303-322",325,2325,-2.63777678903891,0.766399990022627,0.0315051810836914
"C303A-C322A","303-322",326,2326,-0.627920267721433,-0.0351456060753435,-1.09890803583138
"C303A-C322A","303-322",327,2327,-2.17677184386043,-0.0872517534684145,-0.1527363006051
"C303A-C322A","303-322",328,2328,-1.17433720027638,1.13922784495606,-0.22682111348639
"C303A-C322A","303-322",329,2329,-1.54798606614292,0.771054065615822,-0.420941990298899
"C303A-C322A","303-322",330,2330,-2.73715568154177,0.958859447444209,-0.500216756970508
"C303A-C322A","303-322",331,2331,-2.67680795430515,2.2259342515838,-0.621959748650214
"C303A-C322A","303-322",332,2332,-1.89422778412252,0.501150212278912,-1.16289134926352
"C303A-C322A","303-322",333,2333,-3.32680331273466,1.11127661470303,-0.65141963458275
"C303A-C322A","303-322",334,2334,-3.28148413012133,1.99875173247033,-0.515031019573949
"C303A-C322A","303-322",335,2335,-2.03207129745093,2.20469312543892,-0.792390097090828
"C303A-C322A","303-322",336,2336,-1.84240503513526,0.649694869459019,-0.361403256751234
"C303A-C322A","303-322",337,2337,-2.28174849112399,0.865291940264361,-0.715338919698394
"C303A-C322A","303-322",338,2338,-1.02763421259971,0.474046415378447,-1.2972990984477
"C303A-C322A","303-322",339,2339,-0.205558002146776,0.108334811634268,-2.67339463967262
"C303A-C322A","303-322",340,2340,-2.68122632910299,0.2563381445349,-0.421594668630379
"C303A-C322A","303-322",341,2341,-0.849453716824733,0.206000536984797,-1.18278719958466
"C303A-C322A","303-322",342,2342,-2.18309412846372,0.163618829969592,-0.610816948360906
"C303A-C322A","303-322",343,2343,-1.79133523195854,0.388102202695163,-0.936752660744128
"C303A-C322A","303-322",344,2344,-1.28604252637051,0.208771620408529,-0.34282622453972
"C303A-C322A","303-322",345,2345,0.461443605104124,0.146733135539085,0.0291694316749539
"C303A-C322A","303-322",346,2346,-0.114723666482521,0.553534418784705,0.114603949086294
"C303A-C322A","303-322",347,2347,0.231366822404215,0.167070475852183,0.0273502939712858
"C303A-C322A","303-322",348,2348,0.790349743535627,-0.444242019946826,-0.0647373604560781
"C303A-C322A","303-322",349,2349,-0.55376488677883,0.185323101199554,-0.260560855999488
"C303A-C322A","303-322",350,2350,-1.20192128318298,-0.546204728550201,0.661597613712668
"C303A-C322A","303-322",351,2351,-0.20115783761507,-0.301763208256203,-0.298456962524735
"C303A-C322A","303-322",352,2352,-0.314595285358953,-0.89992901950334,0.156003204474822
"C303A-C322A","303-322",353,2353,-0.223637290903626,-0.0387708044272521,-0.0985737511450454
"C303A-C322A","303-322",354,2354,0.764669989545104,-0.938204736710265,-0.243721008812147
"C303A-C322A","303-322",355,2355,-0.0241762043638167,-0.322457341065072,-0.598795613029445
"C303A-C322A","303-322",356,2356,0.160138086826728,-0.880569753732251,0.257025289399122
"C303A-C322A","303-322",357,2357,0.63029686046173,0.171252060857151,-0.0448383647151228
"C303A-C322A","303-322",358,2358,-0.914404575908562,-1.2410703530562,0.0141609981506207
"C303A-C322A","303-322",359,2359,0.342659001451882,-0.0192875415250778,0.303834548293927
"C303A-C322A","303-322",360,2360,-0.13928195926513,-0.00558871643232827,-0.644527185720817
"C303A-C322A","303-322",361,2361,0.495693748604826,-0.0460934525042559,0.110259697617309
"C303A-C322A","303-322",362,2362,1.01866471849274,-0.542688608033847,-0.257298661494032
"C303A-C322A","303-322",363,2363,0.0584842651879764,0.778623768506443,0.782545032656282
"C303A-C322A","303-322",364,2364,-0.101978694716429,-0.144090503478239,-0.309085041495933
"C303A-C322A","303-322",365,2365,-0.023252787706167,-0.255379298540338,-0.105681596255484
"C303A-C322A","303-322",366,2366,0.324336885853321,0.175605401660513,-0.0293741198142366
"C303A-C322A","303-322",367,2367,0.0959205424495894,-0.87297507650613,-0.230197888975824
"C303A-C322A","303-322",368,2368,-0.416312940319053,-0.186577185827832,-0.4153571443962
"C303A-C322A","303-322",369,2369,-0.558954825599399,0.0211711654614762,-0.447541342765701
"C303A-C322A","303-322",370,2370,-0.743775972748177,-0.250955218718289,-0.139883743339803
"C303A-C322A","303-322",371,2371,0.147237079365457,-0.607209266931194,-0.427487606932803
"C303A-C322A","303-322",372,2372,0.526858404563394,-2.06157285373244,0.40739857852769
"C303A-C322A","303-322",373,2373,2.33350947816023,-0.852021112138865,0.684931983469751
"C303A-C322A","303-322",374,2374,1.99870557231378,-1.86027476975784,0.0955670339337952
"C303A-C322A","303-322",375,2375,1.64798163366659,-1.46409546692668,-1.00816406579929
"C303A-C322A","303-322",376,2376,0.766564849312656,-2.03245952163847,-0.848217058116584
"C303A-C322A","303-322",377,2377,0.793308216994853,-1.60009549418109,-0.6014348017918
"C303A-C322A","303-322",378,2378,0.860677935420876,-2.04852216963946,0.259440110953061
"C303A-C322A","303-322",379,2379,1.75291605107652,-1.28731275754544,-0.148059611813323
"C303A-C322A","303-322",380,2380,1.46293499703307,-1.44769931911593,0.7783367536535
"C303A-C322A","303-322",381,2381,1.93138605128469,-0.423523127357078,0.150194822068273
"C303A-C322A","303-322",382,2382,-0.0236262709260017,-0.380939540229184,-0.633752322537782
"C303A-C322A","303-322",383,2383,-0.423341942934905,0.0660545635775324,0.242647762278195
"C303A-C322A","303-322",384,2384,1.78685166587185,-0.0650082468744075,-0.481722027996687
"C303A-C322A","303-322",385,2385,-0.434359813480748,-0.685033962914412,-1.41196583854672
"C303A-C322A","303-322",386,2386,0.54667913860915,0.193227522162806,-0.333143641752555
"C303A-C322A","303-322",387,2387,-0.168946371956151,-1.07256577049377,0.365905945778407
"C303A-C322A","303-322",388,2388,-0.301563820795796,-0.520006923782677,1.06475467693834
"C303A-C322A","303-322",389,2389,-0.185938546189579,-0.495277823005129,0.46872807895569
"C303A-C322A","303-322",390,2390,0.945781208164244,-0.338373886287524,-1.05879580715503
"C303A-C322A","303-322",391,2391,-0.557486953310918,-1.2241882913917,-0.378055205520477
"C303A-C322A","303-322",392,2392,1.56252224407338,-0.926788563658068,-1.00317898079044
"C303A-C322A","303-322",393,2393,1.09257275568654,-1.29052228874998,-0.755533475510636
"C303A-C322A","303-322",394,2394,0.950976070457547,-0.83798044373343,0.409412927651485
"C303A-C322A","303-322",395,2395,-0.0104483993856247,-0.264144912358003,1.18055598278625
"C303A-C322A","303-322",396,2396,0.830409376986621,-2.1296508103487,-0.508033242005259
"C303A-C322A","303-322",397,2397,1.28506848694959,-1.02472979013963,-0.817602393443246
"C303A-C322A","303-322",398,2398,1.35662626762979,-0.37300260308112,-0.475999326982126
"C303A-C322A","303-322",399,2399,0.990230053648402,-1.29739327454162,-0.616677226012018
"C303A-C322A","303-322",400,2400,1.04433454028195,-0.786150318362618,-1.06851159906854
"C303A-C322A","303-322",401,2401,-0.639681383703867,0.228996656873626,0.316964627602159
"C303A-C328A","303-328",1,2402,1.41726288945287,-1.18963646244916,-2.44735387848872
"C303A-C328A","303-328",2,2403,1.09439864846599,-0.281760521028315,-1.46278593100601
"C303A-C328A","303-328",3,2404,0.300623518880192,-0.618543088250302,-1.19541875115007
"C303A-C328A","303-328",4,2405,1.51289094540699,0.361815059246906,-1.83049709861416
"C303A-C328A","303-328",5,2406,1.92137857303155,1.1439122975723,-1.66151882426929
"C303A-C328A","303-328",6,2407,0.341225463318969,1.53571571626815,-0.532846174308359
"C303A-C328A","303-328",7,2408,1.76358371046216,0.486155697827037,-1.67817304966352
"C303A-C328A","303-328",8,2409,2.06537374295844,1.04136293619019,-2.20270081021346
"C303A-C328A","303-328",9,2410,2.87051034059163,1.10477400416577,-2.94313959832208
"C303A-C328A","303-328",10,2411,3.04637286019165,0.807517102116274,-3.1878833529188
"C303A-C328A","303-328",11,2412,3.05956580035663,1.25537640785287,-2.61979251682104
"C303A-C328A","303-328",12,2413,1.59800016914703,0.742476947833442,-2.18335742967688
"C303A-C328A","303-328",13,2414,1.73619954785912,1.23882948148518,-2.2170175215216
"C303A-C328A","303-328",14,2415,2.36335451286031,0.648258042978163,-2.75985496544995
"C303A-C328A","303-328",15,2416,2.02826224600347,0.730735112058717,-2.59522072733068
"C303A-C328A","303-328",16,2417,1.98132245110716,1.08750018798455,-1.70306708096837
"C303A-C328A","303-328",17,2418,2.45576500890098,1.23465900827826,-2.81377263322066
"C303A-C328A","303-328",18,2419,2.23400654339466,1.6355549340853,-2.23997437719056
"C303A-C328A","303-328",19,2420,1.14559710815083,1.25584071236496,-1.8625566379269
"C303A-C328A","303-328",20,2421,1.79124005446035,0.832721278020658,-2.28805692219148
"C303A-C328A","303-328",21,2422,1.37729365542379,1.52398510128853,-0.537387096201361
"C303A-C328A","303-328",22,2423,1.67459397321234,1.03427787005002,-1.28264001577852
"C303A-C328A","303-328",23,2424,2.04293302848391,1.28256690261427,-1.80401023819091
"C303A-C328A","303-328",24,2425,0.69127354029846,0.355669496478645,-1.19896178411933
"C303A-C328A","303-328",25,2426,0.141102202739707,1.20881449486342,0.0190652439244976
"C303A-C328A","303-328",26,2427,1.38813915286018,0.686893420740253,-1.23010823144636
"C303A-C328A","303-328",27,2428,3.23811315789471,1.5926916611915,-2.59381582640282
"C303A-C328A","303-328",28,2429,3.26823214589218,1.79333825905484,-2.70105068053238
"C303A-C328A","303-328",29,2430,2.1946518500595,0.999193760618725,-1.70319120777683
"C303A-C328A","303-328",30,2431,1.46831077318548,1.26712713497988,-0.998742341935166
"C303A-C328A","303-328",31,2432,1.30714617344198,0.930621985382169,-1.00854946047344
"C303A-C328A","303-328",32,2433,0.952728416024167,0.32997074306003,-1.06689850017102
"C303A-C328A","303-328",33,2434,1.28859152216548,0.667045561444274,-1.73151929310744
"C303A-C328A","303-328",34,2435,1.50196656223875,1.33050233945254,-1.35397934866545
"C303A-C328A","303-328",35,2436,1.59215760853556,1.56526897884473,-0.868859628292932
"C303A-C328A","303-328",36,2437,0.661268527407855,1.0836218532313,-0.564389737562788
"C303A-C328A","303-328",37,2438,0.298496811837049,-0.182060295118255,-0.949782504103626
"C303A-C328A","303-328",38,2439,1.31820170084614,-0.0251890319825355,-1.03740945038754
"C303A-C328A","303-328",39,2440,1.69605743227369,0.185257432450951,-1.25252189205033
"C303A-C328A","303-328",40,2441,1.58229110942793,0.467528578567053,-2.24580395439269
"C303A-C328A","303-328",41,2442,1.61154886311648,1.13521055440758,-2.01132113010154
"C303A-C328A","303-328",42,2443,1.34569208405428,1.07938335735715,-1.20059087687529
"C303A-C328A","303-328",43,2444,1.41287706891058,0.901785283693212,-2.06584609068363
"C303A-C328A","303-328",44,2445,0.719026514723032,1.73630036244188,-0.848676245042183
"C303A-C328A","303-328",45,2446,1.36176202856948,0.804277588499133,-2.20708939437923
"C303A-C328A","303-328",46,2447,2.52996250805517,0.052043579517371,-3.03666407293972
"C303A-C328A","303-328",47,2448,0.69964753936546,0.657011685486909,-1.878006164461
"C303A-C328A","303-328",48,2449,1.64467156339456,0.886780258408163,-1.27253643390756
"C303A-C328A","303-328",49,2450,1.55519875749168,1.27406395925273,-1.65004040156923
"C303A-C328A","303-328",50,2451,1.65881857443104,1.77565573671758,-1.07119497810384
"C303A-C328A","303-328",51,2452,0.699532681690481,1.29216366907724,-0.45927478709471
"C303A-C328A","303-328",52,2453,0.789284366492254,0.659144488546772,-1.25811082978225
"C303A-C328A","303-328",53,2454,0.523751038119743,1.05857261976655,-1.02273269906907
"C303A-C328A","303-328",54,2455,2.74333916924607,0.981017892200706,-2.11998472621007
"C303A-C328A","303-328",55,2456,1.42846921395036,1.33541455539481,-1.2218550191541
"C303A-C328A","303-328",56,2457,2.09347765908339,1.37366273118777,-0.612571176087013
"C303A-C328A","303-328",57,2458,2.00314779111884,1.14250106093282,-2.02891258582312
"C303A-C328A","303-328",58,2459,2.07311850646627,0.187163015850677,-2.02706403247309
"C303A-C328A","303-328",59,2460,1.39097817175025,0.549482206007215,-1.32146520228661
"C303A-C328A","303-328",60,2461,0.964739000283186,0.202317502454109,-1.63568770783404
"C303A-C328A","303-328",61,2462,0.297385841948782,0.613548067415398,-1.38514074560479
"C303A-C328A","303-328",62,2463,0.492813567386936,-0.433986070489624,-2.9642948336488
"C303A-C328A","303-328",63,2464,0.298990128742178,0.715169159500536,-1.04156311496637
"C303A-C328A","303-328",64,2465,1.13452097100189,0.709179543874955,-1.03258359648527
"C303A-C328A","303-328",65,2466,1.49457102318285,0.363351356002659,-1.42369577911875
"C303A-C328A","303-328",66,2467,1.1774260012844,0.571892429483094,-1.68854846346608
"C303A-C328A","303-328",67,2468,0.790911363371931,0.434932173334675,-1.47460022712285
"C303A-C328A","303-328",68,2469,1.62597234642012,1.02364767780355,-1.72267774192096
"C303A-C328A","303-328",69,2470,0.563563420755725,2.4353383115817,-0.77165216679629
"C303A-C328A","303-328",70,2471,0.903547615464115,1.16501084541316,-1.40092146170669
"C303A-C328A","303-328",71,2472,-0.0636598084675606,1.12313697969646,0.390272849628446
"C303A-C328A","303-328",72,2473,1.60406383242952,0.281492685663955,-2.14727622316438
"C303A-C328A","303-328",73,2474,0.733501055730263,0.73078396267784,-1.87904104471021
"C303A-C328A","303-328",74,2475,0.379663353952599,0.85311959024011,-0.231847229200155
"C303A-C328A","303-328",75,2476,1.43357990985048,1.18286442910351,-1.20832149662294
"C303A-C328A","303-328",76,2477,1.25513762790038,1.18930199743495,-1.65480190322505
"C303A-C328A","303-328",77,2478,2.52934745977288,1.19716688229405,-2.49706089719587
"C303A-C328A","303-328",78,2479,0.711795880979318,0.333602959181403,-1.7667210292518
"C303A-C328A","303-328",79,2480,1.60220705907572,1.25757581665195,-1.95968806616926
"C303A-C328A","303-328",80,2481,0.608493404787259,1.38890442852341,-0.330093854454037
"C303A-C328A","303-328",81,2482,1.58876720335244,1.45297339923755,-1.39380840683665
"C303A-C328A","303-328",82,2483,0.842044657249617,2.06356632018476,-0.192989642904088
"C303A-C328A","303-328",83,2484,1.77422282904299,1.53064356688386,-1.44275469689356
"C303A-C328A","303-328",84,2485,1.35375111818318,0.973617303081603,-1.72921078232883
"C303A-C328A","303-328",85,2486,1.15414173789042,-0.166392039809286,-1.95936736106811
"C303A-C328A","303-328",86,2487,1.25364581078411,-0.020238173363232,-1.92866994873065
"C303A-C328A","303-328",87,2488,2.37380964384839,0.354202736465899,-2.32497233295757
"C303A-C328A","303-328",88,2489,1.33483111109144,0.230799618685527,-0.59833652207202
"C303A-C328A","303-328",89,2490,1.12675889118678,0.663793059209916,-1.00323383844158
"C303A-C328A","303-328",90,2491,2.67000522457848,-0.219214797289758,-2.27577613727622
"C303A-C328A","303-328",91,2492,2.84444715828673,-0.777020846250224,-1.83645935729247
"C303A-C328A","303-328",92,2493,2.31575624605372,0.366787616475154,-1.27115904760698
"C303A-C328A","303-328",93,2494,1.30228229332994,-0.0704161579253205,-1.3902765674665
"C303A-C328A","303-328",94,2495,1.62492973984445,0.468978834988211,-1.58485906410176
"C303A-C328A","303-328",95,2496,2.49496620881095,1.93496874133106,-1.48682849091775
"C303A-C328A","303-328",96,2497,1.5103128377395,0.413768512222025,-1.41948974324236
"C303A-C328A","303-328",97,2498,1.59347995524732,2.66795682438985,0.702848211562173
"C303A-C328A","303-328",98,2499,1.16719666686658,1.76968857187396,-1.1125140545699
"C303A-C328A","303-328",99,2500,0.870190349815237,1.27443748941182,-0.631655349516127
"C303A-C328A","303-328",100,2501,1.5564655237087,2.19426254336843,-0.698014533031852
"C303A-C328A","303-328",101,2502,1.57606728817981,2.23540492341454,-1.18209341735579
"C303A-C328A","303-328",102,2503,2.36160588176021,1.87408709002853,-0.803918887127329
"C303A-C328A","303-328",103,2504,1.433369704065,2.61385226996643,-0.301789533281048
"C303A-C328A","303-328",104,2505,0.679343432797254,1.80192332432567,-0.595740401882513
"C303A-C328A","303-328",105,2506,0.943574994461959,2.96610003723523,-0.294881549466185
"C303A-C328A","303-328",106,2507,1.63103437318414,2.88897865044489,-0.118477151399536
"C303A-C328A","303-328",107,2508,1.23230123970378,2.57809926348352,-0.893134766274811
"C303A-C328A","303-328",108,2509,1.25148106544943,1.58375935680491,-1.02787672162037
"C303A-C328A","303-328",109,2510,1.39541003565503,2.75958638684179,-1.08778285751545
"C303A-C328A","303-328",110,2511,1.17798086451917,2.14586024385235,-0.346419558582403
"C303A-C328A","303-328",111,2512,1.71362075683646,2.056542653257,-1.24781814087583
"C303A-C328A","303-328",112,2513,0.293953941269003,0.278422370501101,-1.95598010848121
"C303A-C328A","303-328",113,2514,1.75512085639848,0.433314352755835,-2.26128435982168
"C303A-C328A","303-328",114,2515,3.32984566722067,1.61018609535753,-1.58456169958385
"C303A-C328A","303-328",115,2516,1.61499475052872,2.92961894833996,-1.2779761410051
"C303A-C328A","303-328",116,2517,2.90555077438631,2.36426732996401,-2.0062887557339
"C303A-C328A","303-328",117,2518,1.37433704580127,1.87569808171176,-1.00111270129517
"C303A-C328A","303-328",118,2519,0.852741647021664,1.15764478780326,-0.435102001017392
"C303A-C328A","303-328",119,2520,1.66110409764313,2.21522286728724,-1.15120071199413
"C303A-C328A","303-328",120,2521,1.90989269898733,1.59034606709975,-0.35799399847266
"C303A-C328A","303-328",121,2522,1.65642228652256,0.649402377875917,-1.68154265350977
"C303A-C328A","303-328",122,2523,1.84676740087727,0.85743633890105,-1.95067530457862
"C303A-C328A","303-328",123,2524,1.68511788159707,1.13451084864584,-0.167508106467657
"C303A-C328A","303-328",124,2525,1.57122648433678,1.62103655726112,-1.08770212007389
"C303A-C328A","303-328",125,2526,1.75134677304877,1.49791168439057,-0.486427154789759
"C303A-C328A","303-328",126,2527,1.32340817092041,1.34433672431693,-0.950150358418214
"C303A-C328A","303-328",127,2528,1.31396018529275,0.93581301024476,-0.799822556513058
"C303A-C328A","303-328",128,2529,1.16541751944991,1.42440768950437,-1.363002271885
"C303A-C328A","303-328",129,2530,2.19775726791431,0.491041400959906,-2.28111769933646
"C303A-C328A","303-328",130,2531,1.71735122505562,0.482596178024376,-2.32954791994536
"C303A-C328A","303-328",131,2532,2.28328666067384,0.977499232430145,-2.29584018116791
"C303A-C328A","303-328",132,2533,1.57245725984743,1.22442226317695,-1.52522550139195
"C303A-C328A","303-328",133,2534,1.9595683689631,1.40223527431787,-1.19074108345458
"C303A-C328A","303-328",134,2535,2.6078604378183,1.0264346598457,-2.1058899685854
"C303A-C328A","303-328",135,2536,2.4925344016209,1.18872226228147,-1.88920894308523
"C303A-C328A","303-328",136,2537,1.46551513945506,0.53299148402087,-1.88271157967003
"C303A-C328A","303-328",137,2538,1.22637017057725,1.3186913889679,-1.67895162524203
"C303A-C328A","303-328",138,2539,0.543418729478798,1.47023618585535,-0.397683817690962
"C303A-C328A","303-328",139,2540,1.22533585309847,1.14712810729659,-0.906676152197839
"C303A-C328A","303-328",140,2541,1.19518511295406,0.696121002447559,-1.8137880315306
"C303A-C328A","303-328",141,2542,0.886218787602488,1.16204227893004,-0.750125317282242
"C303A-C328A","303-328",142,2543,1.0965790107337,1.34679694459384,-0.611199246022187
"C303A-C328A","303-328",143,2544,1.35070105670116,0.589848439610983,-0.834699382166272
"C303A-C328A","303-328",144,2545,1.64918513008353,0.805972042401416,-1.20942566610193
"C303A-C328A","303-328",145,2546,1.28865342567896,1.25639136033338,-1.36304727144165
"C303A-C328A","303-328",146,2547,2.08732037197394,2.20924754808793,-0.402427237355967
"C303A-C328A","303-328",147,2548,1.54241301342722,0.890702800176045,-1.34621939068588
"C303A-C328A","303-328",148,2549,1.26436639971805,0.72332668130754,-1.00366306542085
"C303A-C328A","303-328",149,2550,1.95197353400128,0.342693113473769,-1.76891117256511
"C303A-C328A","303-328",150,2551,1.78117426248498,1.42346746307646,-1.91910326819853
"C303A-C328A","303-328",151,2552,1.51316146795334,-0.0050131847919661,-0.909031177537487
"C303A-C328A","303-328",152,2553,1.59213811292695,-0.0785486306191924,-2.14648221136833
"C303A-C328A","303-328",153,2554,1.62746390325481,0.690115938134892,-0.440738049975914
"C303A-C328A","303-328",154,2555,1.1240946958516,0.79605655556978,-0.838384562544699
"C303A-C328A","303-328",155,2556,2.04391805681255,1.28545050551948,-1.70170169256925
"C303A-C328A","303-328",156,2557,1.62189122570751,-0.311250306667565,-1.10790899714786
"C303A-C328A","303-328",157,2558,2.59633102851185,0.874305487956894,-1.59890177623059
"C303A-C328A","303-328",158,2559,1.47449668697187,1.03667325962798,-1.45270724608446
"C303A-C328A","303-328",159,2560,1.0120675990312,1.43421732443608,-0.431976291685454
"C303A-C328A","303-328",160,2561,0.322146357781374,0.770282951398,-1.08170564057399
"C303A-C328A","303-328",161,2562,1.57450206256424,0.457356958546483,-0.768426024882456
"C303A-C328A","303-328",162,2563,1.25219285197448,1.07438583931901,-0.835764371200319
"C303A-C328A","303-328",163,2564,0.878591321690407,0.952959385693965,-1.38476184978671
"C303A-C328A","303-328",164,2565,0.409995099194913,-0.299491372993521,-1.19677391649449
"C303A-C328A","303-328",165,2566,1.66201457603866,0.875530779301792,-1.34248022707397
"C303A-C328A","303-328",166,2567,1.62500049233356,0.496230719010278,-0.933801252928653
"C303A-C328A","303-328",167,2568,1.04926130524779,0.542750667251137,-0.165279030406237
"C303A-C328A","303-328",168,2569,1.4047997535924,1.91507900915434,-1.38197321239362
"C303A-C328A","303-328",169,2570,2.45146904616176,0.747334709175228,-1.91244385332248
"C303A-C328A","303-328",170,2571,2.44237241275411,0.133603542198994,-1.91921268421738
"C303A-C328A","303-328",171,2572,1.40071346122513,0.282990743262751,-1.39172636981069
"C303A-C328A","303-328",172,2573,2.07857705519521,0.457244754924215,-1.43153817258581
"C303A-C328A","303-328",173,2574,1.79543956019149,0.865100615759246,-1.40222599811653
"C303A-C328A","303-328",174,2575,1.08414522946605,1.42345420197425,-0.805547998744035
"C303A-C328A","303-328",175,2576,1.36562235925911,2.01002842147038,-0.381807826684401
"C303A-C328A","303-328",176,2577,1.04348090247446,0.866097608338702,-0.831473139323213
"C303A-C328A","303-328",177,2578,1.61171341985718,1.0472770115199,-2.19887235581989
"C303A-C328A","303-328",178,2579,2.00905245080482,0.912110704164994,-2.10023661923121
"C303A-C328A","303-328",179,2580,1.78985244554888,0.831454341295771,-1.66074727015639
"C303A-C328A","303-328",180,2581,2.15204861523644,0.716413491530663,-2.92918349718492
"C303A-C328A","303-328",181,2582,0.257392165150427,1.09079579882413,-0.156005661245536
"C303A-C328A","303-328",182,2583,0.882692722064851,0.780399508836306,-1.98037687274165
"C303A-C328A","303-328",183,2584,0.894230569915928,0.568528206386799,-1.24074822457452
"C303A-C328A","303-328",184,2585,2.14248274130862,0.935126462225901,-0.885278892162259
"C303A-C328A","303-328",185,2586,2.67101353876084,1.50946514331893,-1.27455449816552
"C303A-C328A","303-328",186,2587,2.82012789799071,1.16301552164359,-2.21316641482236
"C303A-C328A","303-328",187,2588,2.94141881111543,2.20772549615416,-2.34687026178844
"C303A-C328A","303-328",188,2589,2.64263503596028,2.15354430024711,-2.08511399803706
"C303A-C328A","303-328",189,2590,1.5989117737666,1.21891732107261,-0.889362348350014
"C303A-C328A","303-328",190,2591,1.28813488200808,2.28587130916357,-0.240574592507398
"C303A-C328A","303-328",191,2592,1.8526779129967,2.4087579044558,-1.19709423000079
"C303A-C328A","303-328",192,2593,2.36055567426799,1.990972795034,-1.27180912197833
"C303A-C328A","303-328",193,2594,0.822755226720261,1.21276557759925,-0.348126372081066
"C303A-C328A","303-328",194,2595,0.251267870387161,0.473809731133554,0.114793426467108
"C303A-C328A","303-328",195,2596,1.12795940937958,0.654383539657379,-0.360771800033242
"C303A-C328A","303-328",196,2597,0.882107506383145,1.05368833359028,-0.816728339120645
"C303A-C328A","303-328",197,2598,0.862710642982212,0.772410817666489,-0.47438574282864
"C303A-C328A","303-328",198,2599,1.12762837048909,1.22041564448143,-1.05637136947527
"C303A-C328A","303-328",199,2600,0.512773830639193,0.933128413468069,-0.506114719327758
"C303A-C328A","303-328",200,2601,1.48499305194599,1.12002624878238,-0.859286773977969
"C303A-C328A","303-328",201,2602,1.19083122260922,0.671745644452531,-0.901303212514554
"C303A-C328A","303-328",202,2603,0.67576960421113,0.753790879075569,-0.772057794425406
"C303A-C328A","303-328",203,2604,2.20535463957478,1.15257519799164,-1.40862025745848
"C303A-C328A","303-328",204,2605,0.590598800452573,1.00774520277719,-0.40650634104664
"C303A-C328A","303-328",205,2606,1.96545611467782,0.934493733920445,-1.7833163765773
"C303A-C328A","303-328",206,2607,2.01045303768606,0.530914189841064,-1.76755439611067
"C303A-C328A","303-328",207,2608,2.57229836262103,1.22690017842762,-1.92036556764834
"C303A-C328A","303-328",208,2609,0.910632820037937,2.64457072976128,-0.451288991146344
"C303A-C328A","303-328",209,2610,0.706983479240553,1.4072544046668,-0.0733757473713896
"C303A-C328A","303-328",210,2611,-0.00832676888323105,0.465192815298703,-0.136383693543806
"C303A-C328A","303-328",211,2612,1.35998547591642,0.844249553375533,-1.27675911649906
"C303A-C328A","303-328",212,2613,1.24683601374141,1.52359609457027,-1.03246396533875
"C303A-C328A","303-328",213,2614,1.53016823682288,0.611717845971815,-3.23774754413683
"C303A-C328A","303-328",214,2615,1.91933500810782,2.01555929842869,-1.58192564434515
"C303A-C328A","303-328",215,2616,0.998588337853924,2.49945535824629,-0.563600324995731
"C303A-C328A","303-328",216,2617,0.76615635220378,1.52359957602817,-0.777043752554571
"C303A-C328A","303-328",217,2618,1.82078015009902,1.03321299106487,-2.23743150280299
"C303A-C328A","303-328",218,2619,1.45660609053306,-0.172172830078502,-2.65339933004408
"C303A-C328A","303-328",219,2620,1.27181325395927,1.56182937121946,-0.625808663761923
"C303A-C328A","303-328",220,2621,1.09601367145117,-0.0387196447042297,-1.80131423862002
"C303A-C328A","303-328",221,2622,0.640585693984605,0.643485504737986,-1.18658006566695
"C303A-C328A","303-328",222,2623,1.01575976519398,0.7806425771417,-0.847234884709478
"C303A-C328A","303-328",223,2624,1.51004180154754,1.49985764105278,-0.441962668663435
"C303A-C328A","303-328",224,2625,1.42521054162472,1.91252343906382,-0.714948711929401
"C303A-C328A","303-328",225,2626,0.510813489006338,0.79557794557686,-0.537445812240773
"C303A-C328A","303-328",226,2627,0.945942584876853,1.65784179353972,-0.667036633208298
"C303A-C328A","303-328",227,2628,0.857846881655817,2.31372045520105,0.271864231420665
"C303A-C328A","303-328",228,2629,1.20665479895625,1.99644563172362,-0.207946559164467
"C303A-C328A","303-328",229,2630,-0.123404428222481,1.56828529891153,0.924161974166173
"C303A-C328A","303-328",230,2631,0.835238621410104,2.69388143268095,-0.379753920683615
"C303A-C328A","303-328",231,2632,1.5394056419246,2.05713237771821,-0.605309686000417
"C303A-C328A","303-328",232,2633,1.33579946647412,0.826329844948555,-0.889798547306504
"C303A-C328A","303-328",233,2634,1.67565946469505,1.29990132983448,-1.84642856074679
"C303A-C328A","303-328",234,2635,0.786297363718267,0.600042557988715,-1.27611437284727
"C303A-C328A","303-328",235,2636,0.577604464372823,1.93173741555749,-1.00642739990442
"C303A-C328A","303-328",236,2637,1.83003808923635,2.10179974769395,-0.41400030865885
"C303A-C328A","303-328",237,2638,1.50910430159171,1.69193350002097,-0.242116879293832
"C303A-C328A","303-328",238,2639,0.767926458903842,2.14235081177856,0.215108029759935
"C303A-C328A","303-328",239,2640,1.7995390991651,1.15424644880238,-0.833591137537527
"C303A-C328A","303-328",240,2641,0.344477428315117,2.54469750385067,-0.620223330252193
"C303A-C328A","303-328",241,2642,0.288877444039237,1.11368418247219,-0.695082105625629
"C303A-C328A","303-328",242,2643,1.28688049583979,0.802148215316568,-1.24216916975968
"C303A-C328A","303-328",243,2644,2.35039422731726,0.80159294567494,-1.53802769545925
"C303A-C328A","303-328",244,2645,1.76126256304709,1.40004118176528,-0.802479739982415
"C303A-C328A","303-328",245,2646,1.16004573350815,0.853036124608267,-1.95692075662856
"C303A-C328A","303-328",246,2647,2.34427798720443,0.383987962091503,-2.17165284587913
"C303A-C328A","303-328",247,2648,1.86214336729663,0.673810943951966,-2.86782673915728
"C303A-C328A","303-328",248,2649,2.70762334476806,1.15800431103661,-2.55413554679019
"C303A-C328A","303-328",249,2650,1.49113355962416,0.0553181683613316,-1.34753694286739
"C303A-C328A","303-328",250,2651,1.94520218067218,0.577663677764909,-2.06404221313776
"C303A-C328A","303-328",251,2652,1.4147460048378,0.526929644736339,-1.10750569035634
"C303A-C328A","303-328",252,2653,1.21147095621424,0.0641049168061149,-1.77357603942481
"C303A-C328A","303-328",253,2654,0.682867013231434,1.44460010747016,-1.94548124200719
"C303A-C328A","303-328",254,2655,0.508290674669059,1.13949962390725,-0.668015984617939
"C303A-C328A","303-328",255,2656,0.478579352496497,1.53422156587915,-0.120628297796221
"C303A-C328A","303-328",256,2657,1.69306509517007,0.644612727885852,-1.3050698751902
"C303A-C328A","303-328",257,2658,2.26155653215464,0.66326518607859,-2.71781488765224
"C303A-C328A","303-328",258,2659,2.71270080202399,-0.280699755669963,-2.49980993808152
"C303A-C328A","303-328",259,2660,2.44448458402166,0.521318943861637,-3.33942958335695
"C303A-C328A","303-328",260,2661,1.61846725219101,0.17053879851891,-1.83948679284974
"C303A-C328A","303-328",261,2662,1.435484594983,1.6780665262125,-0.543415637216622
"C303A-C328A","303-328",262,2663,0.856808295407668,0.655616012066415,-1.45315007785382
"C303A-C328A","303-328",263,2664,0.98962446742534,1.29093014334758,-0.0524061454131194
"C303A-C328A","303-328",264,2665,1.29862726138112,0.127226661933711,-0.687724929609019
"C303A-C328A","303-328",265,2666,0.292125447135026,0.635529235628271,-0.61912479437612
"C303A-C328A","303-328",266,2667,1.6613954161525,1.44276688743497,-0.843745324343957
"C303A-C328A","303-328",267,2668,0.49263747300237,1.69619037501596,-0.592584659188869
"C303A-C328A","303-328",268,2669,1.36990941730527,1.50611425342643,-0.638182637485311
"C303A-C328A","303-328",269,2670,2.12067917202758,0.629442142606845,-2.54783081563793
"C303A-C328A","303-328",270,2671,2.24852549671951,1.18126666200916,-2.69848322683647
"C303A-C328A","303-328",271,2672,1.44894009091747,0.911453150039851,-1.8402701834468
"C303A-C328A","303-328",272,2673,2.04359667087858,1.50286749970269,-1.21953314501334
"C303A-C328A","303-328",273,2674,1.70135711557548,1.85084269924925,-0.52238385459955
"C303A-C328A","303-328",274,2675,0.867446931841827,1.37297410504957,-0.85494282817394
"C303A-C328A","303-328",275,2676,1.11787164659648,1.06407855874073,-0.733192678704642
"C303A-C328A","303-328",276,2677,0.649586996868524,1.95651810413262,-0.218828853911198
"C303A-C328A","303-328",277,2678,1.81850122213418,1.81689007234404,-1.770911832659
"C303A-C328A","303-328",278,2679,1.7052593802962,0.194501552256051,-1.57599610908094
"C303A-C328A","303-328",279,2680,1.81118413328718,0.682160036799696,-2.38209496047276
"C303A-C328A","303-328",280,2681,1.53131855700933,0.0938956200422029,-1.55905066298606
"C303A-C328A","303-328",281,2682,2.26611179287492,0.842294749646512,-2.03920584524244
"C303A-C328A","303-328",282,2683,1.30006801745611,1.97249999370797,-0.644909466918089
"C303A-C328A","303-328",283,2684,1.95114988326777,1.3617753919125,-1.92517022033354
"C303A-C328A","303-328",284,2685,1.6187291689731,1.28725924199637,-1.54445449323564
"C303A-C328A","303-328",285,2686,1.31017529371339,0.416500249167911,-1.44541536620085
"C303A-C328A","303-328",286,2687,1.97811775373373,1.3694423177807,-1.95446340529954
"C303A-C328A","303-328",287,2688,1.59403880469781,1.23440627988444,-2.13353005685002
"C303A-C328A","303-328",288,2689,2.30614987517317,0.8894188610338,-2.43433246638397
"C303A-C328A","303-328",289,2690,1.80565447492927,1.34134724103384,-2.26695779979183
"C303A-C328A","303-328",290,2691,1.72743837585418,0.897184206577072,-2.16564301764218
"C303A-C328A","303-328",291,2692,1.81073068849946,0.256901543475966,-2.34780764563248
"C303A-C328A","303-328",292,2693,2.23629675747824,0.957836790639955,-1.69291495773939
"C303A-C328A","303-328",293,2694,2.12906275012246,0.377644775084766,-1.93870828104174
"C303A-C328A","303-328",294,2695,2.26581722097547,0.877748235183929,-2.8198627142472
"C303A-C328A","303-328",295,2696,2.15098489323068,-0.0512009009574296,-2.8313114217899
"C303A-C328A","303-328",296,2697,1.09354842751313,0.833023211722636,-1.5558863695095
"C303A-C328A","303-328",297,2698,1.4248155385346,1.41460545418353,-1.47214784972319
"C303A-C328A","303-328",298,2699,1.28399832108538,0.607130374257543,-1.58340534862533
"C303A-C328A","303-328",299,2700,1.9385343425846,1.14494346934333,-1.2854229747024
"C303A-C328A","303-328",300,2701,1.17659715723512,1.62786982385896,-0.554382101775031
"C303A-C328A","303-328",301,2702,0.747607187022345,0.875144218961595,-0.300620019154665
"C303A-C328A","303-328",302,2703,1.0808255000137,0.846204457152729,-0.608698616066901
"C303A-C328A","303-328",303,2704,0.540829466043129,1.22990706368261,-0.3742336617062
"C303A-C328A","303-328",304,2705,1.31315900276166,2.61662572604447,-0.222140893388024
"C303A-C328A","303-328",305,2706,0.546103152004286,1.92356526803046,-0.364239832138518
"C303A-C328A","303-328",306,2707,0.624213654869011,1.52632564441959,-0.252317138748857
"C303A-C328A","303-328",307,2708,0.967817937530033,1.62294947582055,-1.21739192665555
"C303A-C328A","303-328",308,2709,1.63429612294917,2.05820235875082,-1.3248412501088
"C303A-C328A","303-328",309,2710,1.16743057322499,1.19186460144293,-1.16985861239148
"C303A-C328A","303-328",310,2711,1.58543880982686,1.05702202372028,-0.656326042475228
"C303A-C328A","303-328",311,2712,0.919533806005912,1.14954200716061,-0.545736064124033
"C303A-C328A","303-328",312,2713,-0.23628782955301,1.02944099023189,-0.0967312134096457
"C303A-C328A","303-328",313,2714,1.83067892839095,1.17698692127718,-0.676968019385866
"C303A-C328A","303-328",314,2715,1.4948207998447,1.12712919074387,-0.352472316193465
"C303A-C328A","303-328",315,2716,0.3955946447693,1.10542926516791,0.522909386893976
"C303A-C328A","303-328",316,2717,1.02274480619279,0.505767307063716,-0.240824263630606
"C303A-C328A","303-328",317,2718,1.71646602887906,1.42153476679174,-1.17462288101579
"C303A-C328A","303-328",318,2719,-0.533843171795508,1.184825443119,0.977708444093757
"C303A-C328A","303-328",319,2720,-1.46691969710714,2.5100295654435,1.75936675951311
"C303A-C328A","303-328",320,2721,0.278794431078865,2.89753250765861,2.15016078101984
"C303A-C328A","303-328",321,2722,0.534387139220692,1.97880259773017,-0.404590406467281
"C303A-C328A","303-328",322,2723,0.57722381803152,1.8900619411776,0.0324189160743222
"C303A-C328A","303-328",323,2724,-0.0264699346297146,2.18893346801366,0.934618997388504
"C303A-C328A","303-328",324,2725,-0.122651146219211,2.26426093706812,0.10827818927708
"C303A-C328A","303-328",325,2726,-0.117440537507487,2.38079191133851,0.958598011821391
"C303A-C328A","303-328",326,2727,-0.539375034626058,1.538381323633,0.292020216744322
"C303A-C328A","303-328",327,2728,0.17099053188024,1.99662510924048,0.159339204783403
"C303A-C328A","303-328",328,2729,1.28761905949493,1.51951505229696,0.385783892925323
"C303A-C328A","303-328",329,2730,0.81059532754407,1.57722026574222,0.572712046605809
"C303A-C328A","303-328",330,2731,0.320781959183583,2.70989576333621,0.154535353759193
"C303A-C328A","303-328",331,2732,-3.31158409098052,0.93499254361742,-0.676565556122553
"C303A-C328A","303-328",332,2733,-3.02990306434833,3.45922609458033,-0.601797394675607
"C303A-C328A","303-328",333,2734,-3.03576207200917,1.32348053753216,-0.209445474188248
"C303A-C328A","303-328",334,2735,-2.51904561799217,1.83826472771609,0.110340317274926
"C303A-C328A","303-328",335,2736,-1.5262198840493,1.74069378816101,0.54600953712875
"C303A-C328A","303-328",336,2737,-1.04969850665897,1.74917573722884,0.414641228489396
"C303A-C328A","303-328",337,2738,-1.47602418097177,1.76902647331556,1.02159653952657
"C303A-C328A","303-328",338,2739,0.736465909440256,3.24489310475993,1.94643097063124
"C303A-C328A","303-328",339,2740,-0.0585158990671142,1.36370963302536,0.416830527353798
"C303A-C328A","303-328",340,2741,1.8003272182744,1.47465148223967,0.0543405829449095
"C303A-C328A","303-328",341,2742,0.889491641100823,1.17034828977851,0.325981612800388
"C303A-C328A","303-328",342,2743,0.783524048731298,1.32945748634363,1.3315958880542
"C303A-C328A","303-328",343,2744,1.53772613286592,1.64894184985277,1.06499717864063
"C303A-C328A","303-328",344,2745,1.85726529550909,2.61322475503375,-0.191113535865726
"C303A-C328A","303-328",345,2746,-0.345106103514161,1.70198633827843,1.15650125717174
"C303A-C328A","303-328",346,2747,-0.745490870664456,1.50167699600311,-0.354120066196891
"C303A-C328A","303-328",347,2748,0.279650580865035,1.27747769273815,-0.383269758588367
"C303A-C328A","303-328",348,2749,0.383237549565648,1.1298537606441,0.0980862947317767
"C303A-C328A","303-328",349,2750,0.13794423079074,1.40561691939468,0.00171994225718004
"C303A-C328A","303-328",350,2751,-0.138052751708588,1.45733832048727,0.694841399891288
"C303A-C328A","303-328",351,2752,0.0756099553315126,0.369169309555269,1.12409252120316
"C303A-C328A","303-328",352,2753,-0.752064735065569,1.64730850337552,-0.0893065260759443
"C303A-C328A","303-328",353,2754,-1.69453876494669,1.53748811962366,1.41625469094343
"C303A-C328A","303-328",354,2755,-0.839662018855045,1.38354626354998,1.30475827591228
"C303A-C328A","303-328",355,2756,0.511624403615506,0.942965241361224,1.52508074766814
"C303A-C328A","303-328",356,2757,-0.444817683684906,0.799869694267752,0.596442863718637
"C303A-C328A","303-328",357,2758,-0.27386300938542,1.09080122202393,0.895335387122169
"C303A-C328A","303-328",358,2759,-0.0810931529772521,1.19044272833307,-0.0809198364708671
"C303A-C328A","303-328",359,2760,-0.800344286852866,0.69040716490833,-0.0137245561541886
"C303A-C328A","303-328",360,2761,0.531945593719885,1.14276685398237,-0.522604793256999
"C303A-C328A","303-328",361,2762,0.92198678718655,1.06733105671602,-0.0285704466843372
"C303A-C328A","303-328",362,2763,0.450675117421813,1.94297468826088,-0.410015722729146
"C303A-C328A","303-328",363,2764,3.68048566333715,1.78440642381357,-0.312532666061154
"C303A-C328A","303-328",364,2765,2.66839875574701,1.5142730647662,-0.215092174863392
"C303A-C328A","303-328",365,2766,2.33883872814682,1.04392460830013,0.749909046187882
"C303A-C328A","303-328",366,2767,2.82094794622479,1.42332474749088,0.615331019452406
"C303A-C328A","303-328",367,2768,1.98371097013112,1.46965467725792,0.764734070260578
"C303A-C328A","303-328",368,2769,0.352678697653071,1.21169444591421,-0.125755773346804
"C303A-C328A","303-328",369,2770,-0.353888230046852,1.13019103771731,1.63472069081084
"C303A-C328A","303-328",370,2771,1.22239377700857,1.01730954467146,-0.463167072826126
"C303A-C328A","303-328",371,2772,-0.00571102103374773,1.04094560142501,1.91667512709725
"C303A-C328A","303-328",372,2773,-0.239415489924765,1.309133231731,0.862002492213866
"C303A-C328A","303-328",373,2774,-0.418893136281085,0.0520662111026241,-0.335273605397023
"C303A-C328A","303-328",374,2775,-0.271290006971368,-0.122535165373381,0.0364677718420454
"C303A-C328A","303-328",375,2776,0.193209724829267,-0.320963882311948,-0.745791310075466
"C303A-C328A","303-328",376,2777,-0.591065805923311,0.769067586173489,1.19848076657109
"C303A-C328A","303-328",377,2778,1.21541936660292,0.450036480378378,0.1739039946677
"C303A-C328A","303-328",378,2779,-0.0471395525540333,0.12568122746561,-0.509993386238104
"C303A-C328A","303-328",379,2780,0.351388921997938,1.66868193545901,0.00182951119053521
"C303A-C328A","303-328",380,2781,-1.1844948179428,1.11004412105652,1.10099943764774
"C303A-C328A","303-328",381,2782,0.362433523775788,0.862920746793031,-0.0591530113893488
"C303A-C328A","303-328",382,2783,-0.641673151099842,1.19917778476695,1.43828970385996
"C303A-C328A","303-328",383,2784,0.0103815090492326,0.966946537466274,1.4978398597411
"C303A-C328A","303-328",384,2785,-0.115483912553102,0.815747191113162,1.59363746778553
"C303A-C328A","303-328",385,2786,0.219447648577518,0.583789541825983,0.107078813765187
"C303A-C328A","303-328",386,2787,1.3102616378394,-0.563215754255767,-0.554093091817515
"C303A-C328A","303-328",387,2788,0.432037485538365,0.240652793713963,0.331513203193209
"C303A-C328A","303-328",388,2789,-0.262341048363285,-1.41096793282486,0.562396132337718
"C303A-C328A","303-328",389,2790,1.27765190237026,0.120051897997175,-1.50705323424352
"C303A-C328A","303-328",390,2791,1.53956201158165,-0.464952183577373,-0.538216982466925
"C303A-C328A","303-328",391,2792,0.840393079584388,0.764500351032306,0.0246918566173827
"C303A-C328A","303-328",392,2793,-1.03265010895119,-0.326539346355588,-0.215107481608114
"C303A-C328A","303-328",393,2794,-0.134816695098514,0.323051825783526,0.853785429299586
"C303A-C328A","303-328",394,2795,2.15062086533022,-0.340628902532119,-0.0730673631599696
"C303A-C328A","303-328",395,2796,0.154669793671942,0.45335298391746,0.871050655289019
"C303A-C328A","303-328",396,2797,1.7031997724681,-0.128635159971008,0.687439380233035
"C303A-C328A","303-328",397,2798,0.275734619037144,-0.575262007953153,-0.608498985143926
"C303A-C328A","303-328",398,2799,2.09086502828466,-0.584163836144192,-0.507073256587368
"C303A-C328A","303-328",399,2800,1.52160357409344,0.00654199774715317,-0.0313738328005317
"C303A-C328A","303-328",400,2801,0.921742315028707,-0.634097647215592,-0.5594682064104
"C303A-C350A","303-350",1,2802,1.41270598486615,1.9507390933631,0.988779979059186
"C303A-C350A","303-350",2,2803,2.22431869086035,1.73723123549061,0.0596025119735567
"C303A-C350A","303-350",3,2804,2.98845655887621,1.34614840453355,0.466559799171817
"C303A-C350A","303-350",4,2805,4.24092609891277,2.19567119889835,-0.112976082493848
"C303A-C350A","303-350",5,2806,3.65858570312701,1.44553690219254,0.560680849377661
"C303A-C350A","303-350",6,2807,3.74360667854441,1.40993350263279,0.88930961856048
"C303A-C350A","303-350",7,2808,1.7344592697931,1.52644731832259,0.653737216631743
"C303A-C350A","303-350",8,2809,2.9492697706606,0.707362649627558,0.577072618653599
"C303A-C350A","303-350",9,2810,2.33253597480909,2.15604739101275,1.44528561398624
"C303A-C350A","303-350",10,2811,3.0882803761411,1.33447434502779,0.508465927040035
"C303A-C350A","303-350",11,2812,2.47085767450205,1.90757647777684,1.61425912712299
"C303A-C350A","303-350",12,2813,2.04842874619377,1.80607120656512,2.17586541109516
"C303A-C350A","303-350",13,2814,1.58867853740867,0.526736425303769,0.574833781000109
"C303A-C350A","303-350",14,2815,2.33822608584954,1.05701751619254,0.537346159279327
"C303A-C350A","303-350",15,2816,2.5809652254409,1.83401798204906,1.13611970811077
"C303A-C350A","303-350",16,2817,2.38438574178562,1.45823122705916,0.846312146839926
"C303A-C350A","303-350",17,2818,3.31524795687066,1.16908270766349,1.03822257739965
"C303A-C350A","303-350",18,2819,2.53605168392622,0.162918767755057,0.0180410531430483
"C303A-C350A","303-350",19,2820,2.09777556206378,0.143200388433186,0.673953067543115
"C303A-C350A","303-350",20,2821,3.0763522897375,1.35798799929488,0.838767927600112
"C303A-C350A","303-350",21,2822,2.4492397263314,1.33249796490799,0.707067931506282
"C303A-C350A","303-350",22,2823,2.85291350444796,1.05374459298163,0.446751200590274
"C303A-C350A","303-350",23,2824,2.24470126048517,1.33990859288352,0.278399816891809
"C303A-C350A","303-350",24,2825,1.99802624385039,1.34925029661767,0.32814018345695
"C303A-C350A","303-350",25,2826,2.54616429334115,2.06077714447347,0.757439478352878
"C303A-C350A","303-350",26,2827,3.13261053571064,1.12386120436447,0.23733533569517
"C303A-C350A","303-350",27,2828,2.99656832921563,1.55746818869229,0.803420367718788
"C303A-C350A","303-350",28,2829,1.68648762074274,1.17459883658132,0.643772685271053
"C303A-C350A","303-350",29,2830,2.89746573065377,1.55357015122472,0.665850794636705
"C303A-C350A","303-350",30,2831,3.24263751648412,-0.135471098340541,0.816672166839659
"C303A-C350A","303-350",31,2832,3.14984757701312,0.335318378692232,0.537895805904792
"C303A-C350A","303-350",32,2833,2.59702248917927,0.901276629637158,0.733855028374525
"C303A-C350A","303-350",33,2834,2.30041510345185,0.93567982315986,0.352356950432723
"C303A-C350A","303-350",34,2835,3.01840268019322,1.72767288767746,0.573144814668592
"C303A-C350A","303-350",35,2836,2.40948907575015,1.49005075302868,0.175362552351079
"C303A-C350A","303-350",36,2837,3.42536533774906,1.93550861682415,0.588371192991174
"C303A-C350A","303-350",37,2838,3.17244854014536,2.0819402541608,0.77866544323732
"C303A-C350A","303-350",38,2839,2.58933227779119,2.31524774018267,0.158963444212613
"C303A-C350A","303-350",39,2840,2.49397041148325,2.2231554990739,0.509950165666769
"C303A-C350A","303-350",40,2841,2.97812519869768,2.28132790017217,1.73549271594649
"C303A-C350A","303-350",41,2842,3.10082350478532,2.50756816200969,0.619737208696474
"C303A-C350A","303-350",42,2843,2.71134203116026,1.60493314220288,0.809506087766103
"C303A-C350A","303-350",43,2844,2.7830188008408,1.56301857978568,0.160487630142559
"C303A-C350A","303-350",44,2845,2.74242212412119,1.72447679967838,-0.516123439057965
"C303A-C350A","303-350",45,2846,3.30258233663294,1.77314703121084,-0.370102461038895
"C303A-C350A","303-350",46,2847,2.57753107659639,2.19424369231236,0.393576036103336
"C303A-C350A","303-350",47,2848,1.62160853151057,1.71105658762841,1.6238397757976
"C303A-C350A","303-350",48,2849,2.89561955439834,0.995663067484636,1.07303883159632
"C303A-C350A","303-350",49,2850,2.45421842375927,2.47374920321366,1.10471387117553
"C303A-C350A","303-350",50,2851,2.4661177530649,1.29601657046885,0.834501332846051
"C303A-C350A","303-350",51,2852,2.73535677294114,1.96583934126843,1.27758694040768
"C303A-C350A","303-350",52,2853,2.58379093904955,2.31542472460921,1.21245667681754
"C303A-C350A","303-350",53,2854,2.9540275489689,1.74168049028962,0.349330242402777
"C303A-C350A","303-350",54,2855,2.45382771390905,1.20570157138046,1.30032001430615
"C303A-C350A","303-350",55,2856,1.8937995351727,1.05551443670969,1.71840247021935
"C303A-C350A","303-350",56,2857,2.55843084855435,1.63813655993904,1.26484735978195
"C303A-C350A","303-350",57,2858,3.58496788809589,1.27131041185956,0.599226705372164
"C303A-C350A","303-350",58,2859,3.24307459220818,2.46609416797276,1.70734637926183
"C303A-C350A","303-350",59,2860,2.80251010148863,1.34881988257268,1.37552857167597
"C303A-C350A","303-350",60,2861,4.26596375812201,2.05432597328626,1.26452022286627
"C303A-C350A","303-350",61,2862,2.57367067132308,1.72359092372553,1.37516970009293
"C303A-C350A","303-350",62,2863,2.61597264078963,2.28592282613672,0.0225843584542117
"C303A-C350A","303-350",63,2864,3.3585340371392,0.207185790155172,-0.169556976322786
"C303A-C350A","303-350",64,2865,2.29779776531268,1.25059526657182,0.874727197760454
"C303A-C350A","303-350",65,2866,2.29851752393566,1.9106552887647,2.10059889764888
"C303A-C350A","303-350",66,2867,3.20758600853897,2.10930065983882,1.1248719941928
"C303A-C350A","303-350",67,2868,2.12421307067364,1.51582990460449,0.309556789611647
"C303A-C350A","303-350",68,2869,2.60491146119953,1.79727805909949,0.891140776942161
"C303A-C350A","303-350",69,2870,2.14987037715872,2.24104615253222,1.48692425884505
"C303A-C350A","303-350",70,2871,2.43619526806599,1.79089883287547,0.552820427098758
"C303A-C350A","303-350",71,2872,2.40315116658954,1.66029746401877,0.326688728884353
"C303A-C350A","303-350",72,2873,3.05633502767678,3.17661206137212,1.03432373884549
"C303A-C350A","303-350",73,2874,2.92982555031443,1.07326478634209,-0.282131643689747
"C303A-C350A","303-350",74,2875,2.84043806656601,0.99280523241125,1.04478167576521
"C303A-C350A","303-350",75,2876,2.66460258319875,2.52149225972712,1.77181392967133
"C303A-C350A","303-350",76,2877,4.26892299052602,2.35912689304051,1.3014979607754
"C303A-C350A","303-350",77,2878,4.93947996856388,2.04828965708997,0.274275597497547
"C303A-C350A","303-350",78,2879,4.18968043414266,2.42990250485067,1.62409738536167
"C303A-C350A","303-350",79,2880,3.11494445348625,1.74524438189621,1.78437539030736
"C303A-C350A","303-350",80,2881,4.7027073057411,2.0606450983946,2.28019167825606
"C303A-C350A","303-350",81,2882,3.74900736056381,2.10961112151043,1.22671952842795
"C303A-C350A","303-350",82,2883,3.91101716532171,2.57300156173996,1.91985140992715
"C303A-C350A","303-350",83,2884,3.18420268508883,2.07315658683301,0.915586603745238
"C303A-C350A","303-350",84,2885,3.18129451465969,1.7245517574803,0.865138401790721
"C303A-C350A","303-350",85,2886,1.0022678916082,1.66608430767335,2.29319460552288
"C303A-C350A","303-350",86,2887,1.94905767177533,2.47222119123849,1.6745626228662
"C303A-C350A","303-350",87,2888,2.98735642777364,2.27442343477112,1.82586196725782
"C303A-C350A","303-350",88,2889,2.28886386571055,1.92873181062964,2.22272842908889
"C303A-C350A","303-350",89,2890,2.64073226689589,2.04110380370056,1.1074917984806
"C303A-C350A","303-350",90,2891,2.43544485592612,2.08053237105532,0.249464392704125
"C303A-C350A","303-350",91,2892,3.2616276985018,1.8287411735233,0.397943603490287
"C303A-C350A","303-350",92,2893,2.8187818210213,1.73489795091006,0.817343129321019
"C303A-C350A","303-350",93,2894,2.29327392047413,2.35865601079023,1.0951185701833
"C303A-C350A","303-350",94,2895,3.87770918619906,2.272877227673,1.17491242007929
"C303A-C350A","303-350",95,2896,3.25840679631515,2.68853800617748,1.09447065733056
"C303A-C350A","303-350",96,2897,2.51623671240371,1.88358759027526,1.13380815944782
"C303A-C350A","303-350",97,2898,2.08595019748082,1.68394341966196,1.0215116190046
"C303A-C350A","303-350",98,2899,1.68443291919136,1.56962453259213,0.723381465974918
"C303A-C350A","303-350",99,2900,2.86107873032216,2.98121163856286,1.15122549656868
"C303A-C350A","303-350",100,2901,3.65706053922041,1.52414014518512,1.02622506819407
"C303A-C350A","303-350",101,2902,1.81882256010362,2.57759661443766,1.65014921614449
"C303A-C350A","303-350",102,2903,2.83267079033216,2.21818873805056,0.719390038350326
"C303A-C350A","303-350",103,2904,2.37827715877226,1.98829780344015,1.24224255214976
"C303A-C350A","303-350",104,2905,3.78007335588979,2.40257995456522,0.315309937498768
"C303A-C350A","303-350",105,2906,3.09699960279222,1.95847723794024,0.0656262851294997
"C303A-C350A","303-350",106,2907,2.78429503661898,1.81808485526899,0.279593820526203
"C303A-C350A","303-350",107,2908,3.36516962266248,1.81949752399009,0.395752598131571
"C303A-C350A","303-350",108,2909,3.52255458449081,1.25337181294063,0.119194346615873
"C303A-C350A","303-350",109,2910,3.06671886337434,1.64928785325496,0.684027553180488
"C303A-C350A","303-350",110,2911,2.04675347429656,1.84859299495578,0.557589284029488
"C303A-C350A","303-350",111,2912,1.77617666325233,1.82989969938722,1.05217623863923
"C303A-C350A","303-350",112,2913,1.73282659839697,2.68209435044744,1.17029840104736
"C303A-C350A","303-350",113,2914,1.25111973568929,0.736751533778658,-0.270043192380258
"C303A-C350A","303-350",114,2915,0.690374280560091,1.43040228904149,0.614243968528871
"C303A-C350A","303-350",115,2916,1.51814978792877,1.55615447500446,-0.112590754319287
"C303A-C350A","303-350",116,2917,0.544739727252335,1.42487114288235,0.484334138805824
"C303A-C350A","303-350",117,2918,1.12922058748749,1.83969918576646,0.762766972879849
"C303A-C350A","303-350",118,2919,1.04975310529963,1.59323683210314,1.30568337065112
"C303A-C350A","303-350",119,2920,0.59738707999186,1.15705893478043,0.851069014300312
"C303A-C350A","303-350",120,2921,0.921037096330004,1.79286450983598,1.57670048939674
"C303A-C350A","303-350",121,2922,0.976191108658624,1.22418987890728,0.836688959512409
"C303A-C350A","303-350",122,2923,2.20829341321887,0.686114653061775,0.722647900187766
"C303A-C350A","303-350",123,2924,0.5531944415522,1.07177258840402,0.511968224345701
"C303A-C350A","303-350",124,2925,1.67912681192172,1.04566364499206,0.906122723533678
"C303A-C350A","303-350",125,2926,2.59288915735054,1.52478375318567,0.488628573918627
"C303A-C350A","303-350",126,2927,3.02570779906711,2.62276981089358,1.04250741324764
"C303A-C350A","303-350",127,2928,2.89723039388993,1.89953824325936,0.898571676012363
"C303A-C350A","303-350",128,2929,2.1086733824064,1.86305986119374,0.693466557983
"C303A-C350A","303-350",129,2930,2.10351379551294,1.98388439467602,0.701069499685228
"C303A-C350A","303-350",130,2931,2.93373553924196,1.07110556194908,0.972772797081449
"C303A-C350A","303-350",131,2932,2.46298344047676,1.89004403497337,0.298725576674397
"C303A-C350A","303-350",132,2933,2.29950432534446,1.57661134046592,0.331657352817306
"C303A-C350A","303-350",133,2934,1.97776064446911,1.23955293479794,1.68126331277279
"C303A-C350A","303-350",134,2935,1.79297393211728,1.85954781756432,1.54169633003455
"C303A-C350A","303-350",135,2936,1.25155911963169,1.67268637676859,0.954124751163243
"C303A-C350A","303-350",136,2937,1.11412140272895,1.41587352229843,2.00578289917254
"C303A-C350A","303-350",137,2938,1.43724159408787,1.18363023806749,1.30886347910953
"C303A-C350A","303-350",138,2939,2.56556947759566,1.63291069431968,0.936093294626772
"C303A-C350A","303-350",139,2940,1.72929712343736,2.12596304156745,1.75578869232364
"C303A-C350A","303-350",140,2941,2.17498509348935,2.78116531501844,1.5727971354819
"C303A-C350A","303-350",141,2942,2.15681751404318,2.17280242893328,1.03991204643493
"C303A-C350A","303-350",142,2943,2.7649994951603,1.76674577922272,1.13071050069818
"C303A-C350A","303-350",143,2944,2.36683647637728,1.4578280651175,0.78439574752088
"C303A-C350A","303-350",144,2945,3.01703576431811,1.68279909290645,-0.289077065672276
"C303A-C350A","303-350",145,2946,3.15393756847317,0.278837004482131,-0.443509169875428
"C303A-C350A","303-350",146,2947,2.30681167190013,0.397547760376145,0.852480007639172
"C303A-C350A","303-350",147,2948,3.39104638246662,0.946189173274697,0.157106707616621
"C303A-C350A","303-350",148,2949,2.62156497895534,1.0291425143667,0.384617658508277
"C303A-C350A","303-350",149,2950,2.62267566995802,0.898463052478513,0.0108535892288375
"C303A-C350A","303-350",150,2951,2.79578656616797,1.92844743458593,0.310669877738547
"C303A-C350A","303-350",151,2952,2.7540851420525,1.95698167488852,0.483220541971303
"C303A-C350A","303-350",152,2953,2.5746247914631,2.05692793948241,0.287094519848588
"C303A-C350A","303-350",153,2954,1.72742753035009,2.11049750358541,1.17213911463541
"C303A-C350A","303-350",154,2955,2.39899127556259,2.33244370992029,0.712939181172951
"C303A-C350A","303-350",155,2956,0.542159338740148,0.436992930273159,0.351197499838339
"C303A-C350A","303-350",156,2957,1.59840006365026,1.3445818091241,1.27696496503829
"C303A-C350A","303-350",157,2958,2.33302797496672,0.812823785559016,0.380438102416916
"C303A-C350A","303-350",158,2959,2.58146265624356,0.0128273129096862,0.926982540390218
"C303A-C350A","303-350",159,2960,1.51415357328741,-1.2026641074866,0.407782801881991
"C303A-C350A","303-350",160,2961,1.62277396199533,0.285881278674725,0.448409593602964
"C303A-C350A","303-350",161,2962,2.91038420625741,0.308249360437237,0.975925065875039
"C303A-C350A","303-350",162,2963,2.2347010781324,0.481065636329356,0.7674437168921
"C303A-C350A","303-350",163,2964,3.44455460694947,0.479817439612226,0.161592544709986
"C303A-C350A","303-350",164,2965,2.22665910903186,0.791219304443352,0.573671726096699
"C303A-C350A","303-350",165,2966,2.13136655600839,0.555517954397124,0.463261024816183
"C303A-C350A","303-350",166,2967,2.52354674384985,1.18860926393828,0.52917344652417
"C303A-C350A","303-350",167,2968,3.56936488281076,1.24304399639736,-0.2142638606757
"C303A-C350A","303-350",168,2969,2.53998521093163,1.29180927429605,0.433156095806163
"C303A-C350A","303-350",169,2970,2.37300525472497,0.952475366247275,0.469238013360339
"C303A-C350A","303-350",170,2971,2.61216654372152,0.992089502884133,1.44842563350222
"C303A-C350A","303-350",171,2972,3.11184417865573,1.87516203567656,1.58925995909908
"C303A-C350A","303-350",172,2973,2.05641728673865,1.36970900358517,1.55855396710484
"C303A-C350A","303-350",173,2974,2.46057654245732,1.73039703036989,1.91366799281386
"C303A-C350A","303-350",174,2975,3.341278712576,1.45061110545871,0.624446146111866
"C303A-C350A","303-350",175,2976,2.77467730238097,0.935201600314548,0.947335123988748
"C303A-C350A","303-350",176,2977,2.7388519068326,1.65047021755231,1.17262881942014
"C303A-C350A","303-350",177,2978,4.08274043464846,1.5145699841149,0.5616211689909
"C303A-C350A","303-350",178,2979,3.44473685374783,1.47010099372792,-0.0389102686030924
"C303A-C350A","303-350",179,2980,3.30062263222722,1.59964675287947,1.5497975330695
"C303A-C350A","303-350",180,2981,2.15584831298547,2.69408925625104,2.76926238040141
"C303A-C350A","303-350",181,2982,2.46598020226372,0.478236545505696,1.04587194161309
"C303A-C350A","303-350",182,2983,3.16261013665133,1.83847066027247,1.7201144274314
"C303A-C350A","303-350",183,2984,4.61362229951401,2.29394752980249,1.80362706117235
"C303A-C350A","303-350",184,2985,4.22596565096487,1.45094317081203,1.44187385568387
"C303A-C350A","303-350",185,2986,1.92616397848505,2.3831177829158,2.29748709037741
"C303A-C350A","303-350",186,2987,1.9051839650822,1.60729442048134,2.56302907422495
"C303A-C350A","303-350",187,2988,1.34105992474306,2.13319290974478,1.44701705300275
"C303A-C350A","303-350",188,2989,1.41222846487431,1.5087130217146,1.32700541819412
"C303A-C350A","303-350",189,2990,1.69853148031127,1.70694486236663,1.34192657801131
"C303A-C350A","303-350",190,2991,2.26643231741027,2.23273865720188,2.06163437272588
"C303A-C350A","303-350",191,2992,1.39080044940616,2.23125408696847,2.32882319381307
"C303A-C350A","303-350",192,2993,2.56249865136871,2.2361336627776,0.616116243215248
"C303A-C350A","303-350",193,2994,2.4740488223491,1.48828333957599,0.728269146621656
"C303A-C350A","303-350",194,2995,2.58634904937306,0.466517928325153,0.941519871904794
"C303A-C350A","303-350",195,2996,3.03955643771609,1.64657795956698,0.708013669708378
"C303A-C350A","303-350",196,2997,3.15392906974864,2.32552431576385,1.26468609801895
"C303A-C350A","303-350",197,2998,2.6852020637831,2.23999967608924,1.37568031583042
"C303A-C350A","303-350",198,2999,2.39228341131239,1.2764578301554,0.594575890710137
"C303A-C350A","303-350",199,3000,2.52388758856454,2.48706268948533,0.581003469600762
"C303A-C350A","303-350",200,3001,2.70193733585819,2.51458689231006,0.697004645508878
"C303A-C350A","303-350",201,3002,2.13018382656536,1.58102927112006,0.716514128807065
"C303A-C350A","303-350",202,3003,3.1506451620699,2.01796997932705,0.180901920655096
"C303A-C350A","303-350",203,3004,1.71280162835415,2.06096408157944,1.04984178988441
"C303A-C350A","303-350",204,3005,2.08230131341951,1.99831275325514,1.52636036973091
"C303A-C350A","303-350",205,3006,2.08450142272494,1.81288496249209,1.39814066203333
"C303A-C350A","303-350",206,3007,2.67769772637929,1.88256685139424,2.45949940119444
"C303A-C350A","303-350",207,3008,2.09784104949758,1.54194918029513,0.427933357964999
"C303A-C350A","303-350",208,3009,2.66056548432311,2.0536522708402,0.853683926275473
"C303A-C350A","303-350",209,3010,1.76934615103918,2.01813189515923,1.42593951078495
"C303A-C350A","303-350",210,3011,2.83281068300594,2.0163486959063,1.53740586189022
"C303A-C350A","303-350",211,3012,1.74123296284642,1.87740181287426,0.611438088260664
"C303A-C350A","303-350",212,3013,1.90088149852684,2.87379776551045,1.95224758096101
"C303A-C350A","303-350",213,3014,4.54466230185287,2.64142974240358,1.14719773060196
"C303A-C350A","303-350",214,3015,2.40556454199261,1.94163440018979,0.768497110617813
"C303A-C350A","303-350",215,3016,3.62437474804418,1.61342899642407,0.0522600496991834
"C303A-C350A","303-350",216,3017,2.43943020394995,1.52799763863912,0.866189836370278
"C303A-C350A","303-350",217,3018,2.60026182654256,2.1805891891024,1.33387521424603
"C303A-C350A","303-350",218,3019,1.39162081332787,1.32377692344498,-0.0157117920659933
"C303A-C350A","303-350",219,3020,1.45797609225867,0.842328482990499,0.0998649176220309
"C303A-C350A","303-350",220,3021,-0.255862756082015,1.65017223080334,0.373728863276163
"C303A-C350A","303-350",221,3022,-0.0537478984563024,0.044946561600842,0.518638107443749
"C303A-C350A","303-350",222,3023,1.62198962723267,0.663654303406591,0.679968028573284
"C303A-C350A","303-350",223,3024,1.08636740404738,0.795646761254772,0.0681129380736166
"C303A-C350A","303-350",224,3025,2.33901808578043,1.35384460195432,1.01289952652028
"C303A-C350A","303-350",225,3026,1.9669038207794,0.380223367440417,0.337108128267342
"C303A-C350A","303-350",226,3027,2.20090822224168,1.55197128483431,-0.123478196214088
"C303A-C350A","303-350",227,3028,1.41244848466921,1.41427654799393,0.804965524547899
"C303A-C350A","303-350",228,3029,1.64194035418369,2.4819248788265,1.20740763138937
"C303A-C350A","303-350",229,3030,0.130163799810045,1.3906711479232,0.422344246486698
"C303A-C350A","303-350",230,3031,0.388251755937046,0.252802290017106,-0.403263187220519
"C303A-C350A","303-350",231,3032,-0.899243297350883,0.952124867868671,0.213067729094092
"C303A-C350A","303-350",232,3033,-0.401705148311361,1.76791394865101,-0.450389499566834
"C303A-C350A","303-350",233,3034,-0.473404653964349,0.500872252070715,0.539606431651018
"C303A-C350A","303-350",234,3035,0.546535433655701,1.19408770223341,-0.443372794950138
"C303A-C350A","303-350",235,3036,0.0586048967378407,0.61975603259799,-0.27282938078778
"C303A-C350A","303-350",236,3037,-0.706381652994725,0.0235430049067874,-0.291137679629811
"C303A-C350A","303-350",237,3038,-1.70704246797075,0.185070117651979,1.25000507314139
"C303A-C350A","303-350",238,3039,0.620209471074808,0.297719631584909,-0.201714149836425
"C303A-C350A","303-350",239,3040,0.4511474849069,0.620652241454714,-0.746146835792716
"C303A-C350A","303-350",240,3041,-0.661522374983805,0.665707418203991,-0.079824462290702
"C303A-C350A","303-350",241,3042,-1.03428988959423,0.899712327774597,0.195817188077113
"C303A-C350A","303-350",242,3043,0.507390006430452,1.49107536831387,0.543369779767238
"C303A-C350A","303-350",243,3044,2.6355376634121,1.24640325844845,1.50112721843651
"C303A-C350A","303-350",244,3045,1.57564465755673,1.22021619165989,0.732676578316582
"C303A-C350A","303-350",245,3046,3.41206488050032,2.20775045297961,0.385074417024872
"C303A-C350A","303-350",246,3047,2.86159864600331,1.90078076541164,0.983895351460362
"C303A-C350A","303-350",247,3048,1.99199488674779,1.63987498975824,0.772161163696158
"C303A-C350A","303-350",248,3049,2.96739794236974,0.889647440417845,-0.761206499344617
"C303A-C350A","303-350",249,3050,0.450062631403371,0.405946798892742,0.539598500399687
"C303A-C350A","303-350",250,3051,1.75985966392785,0.232854001204056,-0.161631612833083
"C303A-C350A","303-350",251,3052,0.804059727576255,0.0447608549212827,-0.201723130111515
"C303A-C350A","303-350",252,3053,0.195076728510731,0.404042482989028,-0.0965201244754339
"C303A-C350A","303-350",253,3054,2.48798884738651,-1.39968260063464,0.448237998535911
"C303A-C350A","303-350",254,3055,3.85286641480456,-0.792250034299714,0.202495982496986
"C303A-C350A","303-350",255,3056,2.25294356939007,-0.0932535233563466,1.11713816767374
"C303A-C350A","303-350",256,3057,3.86574459784111,-0.499775630913546,0.499988206168784
"C303A-C350A","303-350",257,3058,2.80887823659957,-1.28223366916267,0.79779330854154
"C303A-C350A","303-350",258,3059,1.49524518904394,-1.79247154665098,-0.0862886833343724
"C303A-C350A","303-350",259,3060,2.39656267733094,-0.846244096279023,-0.243880223530284
"C303A-C350A","303-350",260,3061,1.19754062122693,-1.98540154350126,-0.344932299404336
"C303A-C350A","303-350",261,3062,0.580509550984764,-1.78514485961083,-0.608680152500868
"C303A-C350A","303-350",262,3063,2.42303281679154,-0.236812469136354,0.464927331147034
"C303A-C350A","303-350",263,3064,-0.977732403071978,-0.877640775732344,0.200769878023438
"C303A-C350A","303-350",264,3065,1.06222937100145,0.46261888797466,-0.286830418021035
"C303A-C350A","303-350",265,3066,0.0206627426164485,0.468254797824441,-0.382279806974452
"C303A-C350A","303-350",266,3067,0.885269144473672,-0.562668612440306,-0.000524223014260866
"C303A-C350A","303-350",267,3068,1.08198119515833,-0.0123037331573855,-0.0218160569766029
"C303A-C350A","303-350",268,3069,0.9883606487174,0.601432686576009,-0.375190176115668
"C303A-C350A","303-350",269,3070,0.323751692984092,-0.185865022145591,-0.0352744009911404
"C303A-C350A","303-350",270,3071,0.178352417502063,-0.418430352942827,0.0675308695523505
"C303A-C350A","303-350",271,3072,-0.201714025770862,0.902929680651221,0.10218274638819
"C303A-C350A","303-350",272,3073,-0.653237469692839,0.455072134770302,-0.30233985707988
"C303A-C350A","303-350",273,3074,-0.875054262258255,0.193253144056169,-0.402660108984613
"C303A-C350A","303-350",274,3075,0.462649657990897,0.650397101142002,0.843890795971599
"C303A-C350A","303-350",275,3076,0.797832074319858,1.32149761305852,0.44380732094569
"C303A-C350A","303-350",276,3077,-0.0265799742241671,0.511254988620814,0.981138443458162
"C303A-C350A","303-350",277,3078,1.08376949789405,0.591241859006778,0.587889987722942
"C303A-C350A","303-350",278,3079,1.05754819470068,-0.697014203070376,-0.408591537253169
"C303A-C350A","303-350",279,3080,0.337191519981502,1.286917130282,-0.00889692579627773
"C303A-C350A","303-350",280,3081,0.258726304208405,0.173171614282428,0.230515551005642
"C303A-C350A","303-350",281,3082,1.75505405510464,0.422053193960671,-0.26853315517564
"C303A-C350A","303-350",282,3083,1.18080682000225,-0.431256426125645,-0.305787453981121
"C303A-C350A","303-350",283,3084,0.444226631558805,-1.95998071084863,-0.862533663389661
"C303A-C350A","303-350",284,3085,0.365654834535341,-0.594878270886097,0.765873818873602
"C303A-C350A","303-350",285,3086,0.90765823081636,-1.42240051608044,-0.553177364458173
"C303A-C350A","303-350",286,3087,0.767149018535208,-1.23756663296207,0.248710191063925
"C303A-C350A","303-350",287,3088,0.832202894778314,-1.86490213838064,0.204518521414127
"C303A-C350A","303-350",288,3089,0.167473770860254,-2.38321029230463,-0.542192809986627
"C303A-C350A","303-350",289,3090,2.42295840303671,-1.55532487815257,0.38651514998212
"C303A-C350A","303-350",290,3091,0.529542596661494,-1.1659735084361,-0.0671207692920134
"C303A-C350A","303-350",291,3092,0.512815622541148,-2.48660047584504,-0.563187642190828
"C303A-C350A","303-350",292,3093,1.58340318579384,-2.21481660894173,0.536344166012158
"C303A-C350A","303-350",293,3094,1.47866315808614,-1.63159782356332,0.540976340410804
"C303A-C350A","303-350",294,3095,0.989092880998217,-1.47098921288675,0.280631959851537
"C303A-C350A","303-350",295,3096,1.80336505001512,-1.73698265487739,-0.488428479003828
"C303A-C350A","303-350",296,3097,1.83151785360624,-0.991539814420341,-0.0806671376029471
"C303A-C350A","303-350",297,3098,1.21203586458871,-1.11647205101692,1.3228658929683
"C303A-C350A","303-350",298,3099,1.32116259956406,-1.96506569187156,0.723882024550104
"C303A-C350A","303-350",299,3100,1.42851889856056,-1.72089883210653,0.0419037613067924
"C303A-C350A","303-350",300,3101,1.33208587558459,-1.2647242442334,0.191877423402334
"C303A-C350A","303-350",301,3102,2.18050802081129,-1.30959362875188,-0.159808427832923
"C303A-C350A","303-350",302,3103,1.2280552793727,-1.08977810349736,0.345283973339221
"C303A-C350A","303-350",303,3104,0.687684327566439,-1.29520002601912,-0.36463715018404
"C303A-C350A","303-350",304,3105,0.719475886674332,-0.94850527679528,-0.54807854612148
"C303A-C350A","303-350",305,3106,0.778998681637261,-1.26773763881101,0.695878652465284
"C303A-C350A","303-350",306,3107,0.209445336261025,-0.740529999791562,0.484010556321513
"C303A-C350A","303-350",307,3108,0.871802330298379,-0.99237895188777,0.163052841828348
"C303A-C350A","303-350",308,3109,1.59522263784462,-1.17525022948227,0.118502426314693
"C303A-C350A","303-350",309,3110,0.934207377219551,0.361046491170356,0.256774362534584
"C303A-C350A","303-350",310,3111,0.281887867102495,-1.36141444195514,0.98269764068402
"C303A-C350A","303-350",311,3112,1.59981132486805,-1.723733227058,0.407411878775791
"C303A-C350A","303-350",312,3113,1.71180617923597,-0.216329944659616,-0.290164216542562
"C303A-C350A","303-350",313,3114,2.42426794610503,-1.23172741751184,1.09402781942143
"C303A-C350A","303-350",314,3115,1.90652656328984,-0.876518522015128,0.706910698028609
"C303A-C350A","303-350",315,3116,1.58108503381844,-0.219850526631294,0.198358091635536
"C303A-C350A","303-350",316,3117,0.464697821424172,-0.758169604620249,0.989712236606938
"C303A-C350A","303-350",317,3118,-0.221075117620893,-0.452095019629541,0.984896473480424
"C303A-C350A","303-350",318,3119,-0.21248924326107,-1.22431372289143,-1.02056107947601
"C303A-C350A","303-350",319,3120,0.237870001929175,-0.6597628245995,0.694447771247699
"C303A-C350A","303-350",320,3121,-0.256441401964336,-0.697693473551044,0.668130841977064
"C303A-C350A","303-350",321,3122,-0.379066084986007,-0.701273843869854,0.371942788635952
"C303A-C350A","303-350",322,3123,-0.906488829290201,-0.641488421366887,0.617382895198329
"C303A-C350A","303-350",323,3124,-0.624150072964932,-0.920088341795786,0.46713371878693
"C303A-C350A","303-350",324,3125,-0.552989871769691,-0.568040768963068,0.473900922473645
"C303A-C350A","303-350",325,3126,-0.076762324423033,-1.1287615823406,0.258930447785935
"C303A-C350A","303-350",326,3127,-0.0858828186653692,-1.104774854789,0.52686906873776
"C303A-C350A","303-350",327,3128,0.790896575446684,-0.920678497292915,0.361484035566871
"C303A-C350A","303-350",328,3129,0.757929088446878,-0.853649407466809,0.431855291122647
"C303A-C350A","303-350",329,3130,1.56559113831169,0.190417943627029,0.0367367344937308
"C303A-C350A","303-350",330,3131,1.72972667222669,-0.58571630116054,0.114031056337767
"C303A-C350A","303-350",331,3132,0.428897650002662,-0.700209330853886,0.50175741703452
"C303A-C350A","303-350",332,3133,0.674593675373343,-0.626940768251601,0.691032302505374
"C303A-C350A","303-350",333,3134,2.11194167466366,-1.01697031610839,0.461071047201662
"C303A-C350A","303-350",334,3135,1.41755340938423,0.195251416361498,0.490549671529788
"C303A-C350A","303-350",335,3136,-0.117482600773147,-0.32037236245047,0.32699333060518
"C303A-C350A","303-350",336,3137,1.30989087502872,-0.546637644492144,0.849614105582906
"C303A-C350A","303-350",337,3138,0.474660198516382,-1.24305050345745,0.251229253336069
"C303A-C350A","303-350",338,3139,0.711854201740332,-0.906756815774,1.33032420395331
"C303A-C350A","303-350",339,3140,1.20466739524979,-0.884092402329088,0.27655956788044
"C303A-C350A","303-350",340,3141,1.5878128068353,0.0223750944337073,1.05326537364232
"C303A-C350A","303-350",341,3142,1.75467229610096,-0.7605336536896,-0.382987590761497
"C303A-C350A","303-350",342,3143,0.599323773164821,-1.02927679522995,0.587229925782741
"C303A-C350A","303-350",343,3144,0.74014714854099,-0.656634946191023,0.498804227239271
"C303A-C350A","303-350",344,3145,1.89722710900595,-0.940568346523134,-0.065138478084019
"C303A-C350A","303-350",345,3146,1.0229453030783,-1.32350952209451,1.32554400129173
"C303A-C350A","303-350",346,3147,1.08915708562073,-0.372497492548713,0.947363308108097
"C303A-C350A","303-350",347,3148,0.769686536042489,-0.771030366708316,0.429886984501993
"C303A-C350A","303-350",348,3149,-1.36070578021778,-0.752247742899924,1.48499404032197
"C303A-C350A","303-350",349,3150,0.498468698928668,-1.0688512134965,0.204548205819866
"C303A-C350A","303-350",350,3151,0.716702413504348,-0.315544294276235,0.975934603153647
"C303A-C350A","303-350",351,3152,0.632657446377457,-0.622941774087077,1.12526351955108
"C303A-C350A","303-350",352,3153,1.02935691886884,0.141990120507282,0.779008592237738
"C303A-C350A","303-350",353,3154,0.079708122098906,-1.55113820778151,0.45739938715548
"C303A-C350A","303-350",354,3155,1.32457619391554,-0.622484662056799,0.0520548307772051
"C303A-C350A","303-350",355,3156,1.80744814742429,-0.645203486646795,0.463285688242861
"C303A-C350A","303-350",356,3157,2.83733222949096,-0.372529448195491,-0.0826082328997705
"C303A-C350A","303-350",357,3158,1.00499523611688,-0.782819803793182,-0.3889522910354
"C303A-C350A","303-350",358,3159,0.408766535982113,-0.672790197328376,0.141133223361866
"C303A-C350A","303-350",359,3160,0.397397068580227,-1.97813984611463,0.457489928012162
"C303A-C350A","303-350",360,3161,1.76947853805425,-1.58088857328535,-0.916957022666675
"C303A-C350A","303-350",361,3162,0.273695282264642,-1.23861359663175,-0.561858510992249
"C303A-C350A","303-350",362,3163,0.549776689216834,-1.00083493253821,-0.475752431775088
"C303A-C350A","303-350",363,3164,-0.730861302608485,-1.19887731550597,0.28980909091433
"C303A-C350A","303-350",364,3165,-0.71869775520689,-2.18842941025159,-0.304664045307107
"C303A-C350A","303-350",365,3166,-1.16845580760627,-2.01920436501798,-0.41673425549891
"C303A-C350A","303-350",366,3167,-1.08772842035395,-1.69487139902075,-0.979595226009504
"C303A-C350A","303-350",367,3168,0.167258959650265,-0.602304159961076,-1.01119007558519
"C303A-C350A","303-350",368,3169,-1.19363052431221,-1.7369910353944,-0.651005382188313
"C303A-C350A","303-350",369,3170,-1.69273360729669,-1.45054718184089,-1.31543927067448
"C303A-C350A","303-350",370,3171,-1.89031839374574,-1.24684700202823,0.257249627362676
"C303A-C350A","303-350",371,3172,-2.48768983749033,-2.15257192859375,0.209901263808789
"C303A-C350A","303-350",372,3173,-1.63932804337137,-2.3341646455919,-0.155836948115961
"C303A-C350A","303-350",373,3174,-1.88393801051736,-1.84910551258648,-0.317766138388155
"C303A-C350A","303-350",374,3175,-2.48997140100829,-1.62308438878721,-0.205429781967088
"C303A-C350A","303-350",375,3176,-1.05512209183339,-1.34048737356784,0.385440905772366
"C303A-C350A","303-350",376,3177,-0.833073725338584,-1.73153586289565,0.282397304674169
"C303A-C350A","303-350",377,3178,-2.43628975363467,-1.05503824997751,0.289995927060537
"C303A-C350A","303-350",378,3179,-1.68814635185411,-1.21595382836271,0.3187287168366
"C303A-C350A","303-350",379,3180,-1.9978209670638,-0.46523567970479,0.160583710978767
"C303A-C350A","303-350",380,3181,-2.48462138242453,-1.37671148211342,-0.675707382341889
"C303A-C350A","303-350",381,3182,-2.0879134114494,-0.763402768794268,-0.386296361163507
"C303A-C350A","303-350",382,3183,-1.3347523898898,-1.0410592993255,-0.134156151954494
"C303A-C350A","303-350",383,3184,-0.767961057449176,-2.09718342828903,-1.04667832789884
"C303A-C350A","303-350",384,3185,-0.710651610374305,-1.51882221926406,-0.776933535281759
"C303A-C350A","303-350",385,3186,-0.935726660245598,-1.45294406659407,-1.32952778670244
"C303A-C350A","303-350",386,3187,-1.09269638967681,-1.35541643084697,-0.391639512201232
"C303A-C350A","303-350",387,3188,-2.41984514481382,-0.38584477293665,0.235309656892623
"C303A-C350A","303-350",388,3189,-1.18911881942336,-1.16581420836247,0.0488561588127716
"C303A-C350A","303-350",389,3190,-0.947038867229188,-1.47120573289467,-0.376499238911068
"C303A-C350A","303-350",390,3191,-2.58058700210003,-1.432165359645,0.153627482223985
"C303A-C350A","303-350",391,3192,-0.0116235165102685,-0.954121261239768,-0.48408479904243
"C303A-C350A","303-350",392,3193,-0.908718992038305,-1.24772490759123,-0.992182014321251
"C303A-C350A","303-350",393,3194,-1.64876977569649,-0.380166856223088,0.0741796101270511
"C303A-C350A","303-350",394,3195,-1.74416238628139,-0.770598609997472,-0.1068473484266
"C303A-C350A","303-350",395,3196,-0.903177656926338,-0.8904868033513,-0.635949200932961
"C303A-C350A","303-350",396,3197,-0.895574814084584,-0.987803615947759,-0.726183927136713
"C303A-C350A","303-350",397,3198,-1.37547917728945,-0.81060919744776,-0.0210458992324316
"C303A-C350A","303-350",398,3199,-0.166464207692149,-0.801154640513746,-0.738668746921083
"C303A-C350A","303-350",399,3200,-0.94250392116741,-0.154335000293955,0.222290604698457
"C303A-C350A","303-350",400,3201,-1.55449156385788,-1.15512671473814,0.287996956761721
"C322A-C328A","322-328",1,3202,2.31764387203731,-0.815699356487481,0.0882269776333072
"C322A-C328A","322-328",2,3203,2.15753603149589,-0.139331902158527,-0.247388193922706
"C322A-C328A","322-328",3,3204,0.949275923351143,0.244299515862921,1.02320868602836
"C322A-C328A","322-328",4,3205,1.71471738973422,0.531477927609497,0.121445030802341
"C322A-C328A","322-328",5,3206,0.797890279254052,-0.25873571437804,-0.345015306597095
"C322A-C328A","322-328",6,3207,0.683376986693718,0.331543781921236,0.174290615992916
"C322A-C328A","322-328",7,3208,0.29929707753823,1.33136405371354,1.29934722924967
"C322A-C328A","322-328",8,3209,2.08803834752415,2.14102708016403,0.246278438752329
"C322A-C328A","322-328",9,3210,1.64800374972016,1.04114979147561,-0.287223996807399
"C322A-C328A","322-328",10,3211,0.341553961952472,0.194017755978664,0.387953920728405
"C322A-C328A","322-328",11,3212,0.35644004178882,-0.419282649570611,-0.460168089597986
"C322A-C328A","322-328",12,3213,0.786478382697605,-0.278315679157916,0.334873874843479
"C322A-C328A","322-328",13,3214,0.412117629872877,-0.52996014698941,0.349271394568447
"C322A-C328A","322-328",14,3215,-0.208433933963144,-0.278932547415405,0.0213268894424729
"C322A-C328A","322-328",15,3216,-0.398564595183017,0.409084728661204,1.09924473768872
"C322A-C328A","322-328",16,3217,-0.97480588691772,-0.628444806935973,-0.43483984349064
"C322A-C328A","322-328",17,3218,-0.382027139038559,-0.31194656117657,0.80038973129554
"C322A-C328A","322-328",18,3219,0.0214850677460314,0.31361473908548,0.773920502091649
"C322A-C328A","322-328",19,3220,0.518613032172143,0.649553795003799,0.157242335545847
"C322A-C328A","322-328",20,3221,-0.748799672656704,0.246310246861013,0.111752253498021
"C322A-C328A","322-328",21,3222,0.209028900155134,-0.411095879613139,0.46725697296117
"C322A-C328A","322-328",22,3223,0.615123021460549,-0.0717673674548898,-0.208366355664485
"C322A-C328A","322-328",23,3224,-0.445751334525605,0.401316459763817,0.199784551024968
"C322A-C328A","322-328",24,3225,0.69146318762205,0.319389916212993,0.643008859382356
"C322A-C328A","322-328",25,3226,0.368211449733528,-0.0682767202612458,-0.635289112086562
"C322A-C328A","322-328",26,3227,0.168444323273307,0.485076755627993,1.05891160049517
"C322A-C328A","322-328",27,3228,0.566546681958756,-0.0691864688072398,0.540362115124968
"C322A-C328A","322-328",28,3229,-0.118611737828175,-0.0929044366627425,0.116017636777046
"C322A-C328A","322-328",29,3230,-0.455239088135162,-0.285920900624436,0.802944399790899
"C322A-C328A","322-328",30,3231,0.346966068955028,-0.853081426878408,0.0687631584671785
"C322A-C328A","322-328",31,3232,0.658826404993808,-0.681933188147377,0.165434886558566
"C322A-C328A","322-328",32,3233,1.1749154279417,-0.98267980933717,0.574867989406922
"C322A-C328A","322-328",33,3234,1.98300880817566,-0.318975773517769,-0.479569803345895
"C322A-C328A","322-328",34,3235,0.0458222381159705,-0.914533822461902,0.789660618787156
"C322A-C328A","322-328",35,3236,-0.721086831723653,-0.245727009222447,0.204909260792806
"C322A-C328A","322-328",36,3237,0.908917539814822,-0.533177255086566,0.536457566629256
"C322A-C328A","322-328",37,3238,-0.291979599575827,-1.27773442458392,-0.673265513957766
"C322A-C328A","322-328",38,3239,-0.292041111712021,-0.653063788427949,-0.216380751980762
"C322A-C328A","322-328",39,3240,0.299488433716695,-1.09535485546156,-0.184442489332811
"C322A-C328A","322-328",40,3241,0.135255652169224,-0.646159281144656,0.695507967278766
"C322A-C328A","322-328",41,3242,-0.536054901477215,-0.958364300211556,0.228728579972925
"C322A-C328A","322-328",42,3243,0.0203723665134045,-0.338915113346896,-0.0259117389641806
"C322A-C328A","322-328",43,3244,0.363248535610964,-0.598571441809329,1.59925438624008
"C322A-C328A","322-328",44,3245,0.21254694627857,0.234257304422252,-0.556114408112801
"C322A-C328A","322-328",45,3246,-0.931379811766628,-0.519087867040653,0.778385487398939
"C322A-C328A","322-328",46,3247,-0.467291299917719,-0.65260129203721,0.503257616575815
"C322A-C328A","322-328",47,3248,0.183333070962725,-1.01513971594168,-0.344711336675241
"C322A-C328A","322-328",48,3249,-0.258256711288477,-0.559045884923494,-0.282550445141987
"C322A-C328A","322-328",49,3250,-0.733159453023916,-0.523638129802456,0.551123894345518
"C322A-C328A","322-328",50,3251,-0.354038108967044,-0.389897431718503,0.111809537395049
"C322A-C328A","322-328",51,3252,-0.65272792443251,-0.254378329904518,0.00721678638315753
"C322A-C328A","322-328",52,3253,-0.0585274347277586,0.453551460982015,-0.255783053607275
"C322A-C328A","322-328",53,3254,0.0862194214460947,0.34194614302328,-0.380265141537548
"C322A-C328A","322-328",54,3255,-0.13078772039149,0.51906166606178,0.112039672619417
"C322A-C328A","322-328",55,3256,-0.733923718712223,-0.29873128905629,-0.0934072777740395
"C322A-C328A","322-328",56,3257,0.457619748112355,0.426105814597224,0.216969901261882
"C322A-C328A","322-328",57,3258,-0.86322972708705,0.0705241388508604,0.403814769193022
"C322A-C328A","322-328",58,3259,0.19929698903093,-0.008883936752588,-0.447305385974455
"C322A-C328A","322-328",59,3260,0.0889939997485804,0.89257964683424,0.136829734962928
"C322A-C328A","322-328",60,3261,0.479872752835558,1.37600178876223,-0.261359970489604
"C322A-C328A","322-328",61,3262,0.0522803386565647,0.925493370652509,1.03066106335141
"C322A-C328A","322-328",62,3263,0.268810353599874,-0.0728809658044973,-0.347276549476937
"C322A-C328A","322-328",63,3264,0.344946156915702,0.382341986492754,0.664389503060274
"C322A-C328A","322-328",64,3265,1.06278693423013,0.716332682478935,-1.29780876793825
"C322A-C328A","322-328",65,3266,0.107541943340506,0.644380033957331,1.17621022662108
"C322A-C328A","322-328",66,3267,-0.662218503051671,0.482150855592019,0.639110970128417
"C322A-C328A","322-328",67,3268,0.355825568840855,0.78222814791457,1.16189521966714
"C322A-C328A","322-328",68,3269,-0.356475483032997,0.804838925803004,0.166863306738121
"C322A-C328A","322-328",69,3270,0.669162779983582,0.034407168463783,0.255494936854381
"C322A-C328A","322-328",70,3271,0.0208498380943053,0.95619957902834,0.967270802353491
"C322A-C328A","322-328",71,3272,0.0175375592662805,0.884396323654798,-0.107103278038156
"C322A-C328A","322-328",72,3273,0.581341707673292,0.158012313404245,0.587422987383503
"C322A-C328A","322-328",73,3274,0.562401660252191,-0.194722558763999,-0.138807704544754
"C322A-C328A","322-328",74,3275,-0.0486794023812726,0.737082119948572,-0.594269071511541
"C322A-C328A","322-328",75,3276,0.30452356053181,0.714196096233226,0.028854790395357
"C322A-C328A","322-328",76,3277,0.175478845930887,-0.310233020650679,-0.566254942173382
"C322A-C328A","322-328",77,3278,0.135125216668779,0.342396165081894,-0.48899913440697
"C322A-C328A","322-328",78,3279,0.549306155664349,0.156397225838622,-0.439347935173902
"C322A-C328A","322-328",79,3280,0.168302278254447,-0.567542771909132,0.167295982235617
"C322A-C328A","322-328",80,3281,0.513973491156865,-0.461116015181495,-0.0297656160609498
"C322A-C328A","322-328",81,3282,0.262321294176946,0.535992667226644,0.0156428119271402
"C322A-C328A","322-328",82,3283,0.111220280178069,-0.0103354732971105,0.0346296578430888
"C322A-C328A","322-328",83,3284,-0.483521666183795,0.0102104688855057,0.0298945232225844
"C322A-C328A","322-328",84,3285,0.52472048682582,-0.66088147062203,0.28824119666542
"C322A-C328A","322-328",85,3286,-0.460251929990109,-1.05682707328647,0.0716271864813286
"C322A-C328A","322-328",86,3287,-0.0388630020997917,0.661683815466936,0.851101056425502
"C322A-C328A","322-328",87,3288,-0.0808573532541936,0.412298483737325,0.145508267129181
"C322A-C328A","322-328",88,3289,-0.181811401685727,0.4646721904591,0.443595525622817
"C322A-C328A","322-328",89,3290,0.605995877287145,1.10993781432808,1.10753099237182
"C322A-C328A","322-328",90,3291,-0.465402171613841,-0.0859919569840999,0.472671176908753
"C322A-C328A","322-328",91,3292,-0.0631030947768186,0.495284197362214,0.311913117031741
"C322A-C328A","322-328",92,3293,0.846436741978371,0.231570184965428,-0.39977337182828
"C322A-C328A","322-328",93,3294,0.402578776007359,0.0294818812005032,0.0326492664951047
"C322A-C328A","322-328",94,3295,-0.33830430871061,0.648358363735382,-0.675713455743038
"C322A-C328A","322-328",95,3296,-0.263726757621154,-0.678270173535074,-0.0373406176443866
"C322A-C328A","322-328",96,3297,0.651563140133398,0.447469796122604,0.0488525316080547
"C322A-C328A","322-328",97,3298,0.425228494278183,0.928174829896842,-0.40883272344451
"C322A-C328A","322-328",98,3299,0.496507377992891,-0.322752445776048,0.277242232144472
"C322A-C328A","322-328",99,3300,0.229621134869627,-0.401319236548011,0.511784727390367
"C322A-C328A","322-328",100,3301,-0.184317474065319,0.475831655502878,0.311912714646548
"C322A-C328A","322-328",101,3302,-0.548471131586379,-0.459952347604137,-0.0874802037880186
"C322A-C328A","322-328",102,3303,-1.01653708354645,-0.115904740793769,0.518293528764242
"C322A-C328A","322-328",103,3304,-0.632779189548914,-0.170451807304519,0.17468132586219
"C322A-C328A","322-328",104,3305,-1.18948696438013,-0.511426586761287,-1.05653874527799
"C322A-C328A","322-328",105,3306,-0.393962377090797,-0.48520515547319,0.521378564317218
"C322A-C328A","322-328",106,3307,-0.850950227191163,0.333921356983583,1.08475015168794
"C322A-C328A","322-328",107,3308,0.982683760299201,0.615624727458243,-0.457509133012848
"C322A-C328A","322-328",108,3309,-0.119200497660059,-0.110157289089724,-0.498071629351209
"C322A-C328A","322-328",109,3310,0.276112087047787,0.0618565569827766,0.443620669392596
"C322A-C328A","322-328",110,3311,0.294551072432573,0.112170226649302,-0.127308269013812
"C322A-C328A","322-328",111,3312,0.494273258162458,0.361269569359827,-0.7611329736299
"C322A-C328A","322-328",112,3313,-1.94367490730243,-0.197038768138798,-0.0859238826629948
"C322A-C328A","322-328",113,3314,-1.92962997334676,0.153634837133551,-0.110778386942557
"C322A-C328A","322-328",114,3315,-0.555729514876467,0.776389845016319,-0.17388698974077
"C322A-C328A","322-328",115,3316,0.102492060528231,0.0739542377698262,-0.601272134013735
"C322A-C328A","322-328",116,3317,-0.44076448029974,0.243397316945243,-0.243479765577686
"C322A-C328A","322-328",117,3318,0.631584215337899,-0.179228966816344,0.323665087975831
"C322A-C328A","322-328",118,3319,-0.450706996257505,0.324090155134565,0.107738775739757
"C322A-C328A","322-328",119,3320,0.601121153725749,0.41869671804433,-0.300133294805567
"C322A-C328A","322-328",120,3321,0.795545260888203,-0.208370141495033,-0.295960068928042
"C322A-C328A","322-328",121,3322,0.806545375277422,0.0585671749982312,0.322984793682183
"C322A-C328A","322-328",122,3323,0.718995744813326,-0.099720308124132,-0.301826574080828
"C322A-C328A","322-328",123,3324,-0.224530370601353,-0.820598776725972,-0.883868859486267
"C322A-C328A","322-328",124,3325,0.339494997275561,-0.302174289466302,-0.622639262794738
"C322A-C328A","322-328",125,3326,0.0533224430550052,0.399383483760071,-0.44843039723416
"C322A-C328A","322-328",126,3327,-0.521653673971978,-0.134628897669122,0.382552382469033
"C322A-C328A","322-328",127,3328,0.230743302344542,-0.688191872647803,-0.0362277139335987
"C322A-C328A","322-328",128,3329,0.739307084317613,-0.0585357418703038,-0.09272013737035
"C322A-C328A","322-328",129,3330,0.536401909670902,0.890797575153613,-0.304501848140703
"C322A-C328A","322-328",130,3331,-0.194643132387373,-0.119295311073535,0.3742806460826
"C322A-C328A","322-328",131,3332,0.732347958217696,0.0674516140407322,0.108245481147135
"C322A-C328A","322-328",132,3333,-0.0633486947296916,1.41785769346421,0.675892023083006
"C322A-C328A","322-328",133,3334,-0.570891653866528,0.296317329569564,0.666522351063551
"C322A-C328A","322-328",134,3335,-0.42888532028502,-0.856601831553409,0.2748316457526
"C322A-C328A","322-328",135,3336,-0.627782376787763,-0.118451555079558,0.203544441857002
"C322A-C328A","322-328",136,3337,-1.26883920642405,0.352105883860903,0.266025678397864
"C322A-C328A","322-328",137,3338,0.108848133077222,0.328634178541227,-0.341709322685081
"C322A-C328A","322-328",138,3339,1.03568550379848,-0.448353815945059,-0.414379717240585
"C322A-C328A","322-328",139,3340,-0.0253661130068342,-0.26736109340309,0.166484175941054
"C322A-C328A","322-328",140,3341,-0.268835328253966,-0.380772442018146,-0.369577399872596
"C322A-C328A","322-328",141,3342,0.396451292806991,0.148213759617777,0.237026191972199
"C322A-C328A","322-328",142,3343,0.483944985433938,0.858850926920786,-0.273779882787083
"C322A-C328A","322-328",143,3344,-0.162180464079941,0.0512240926385016,-0.394367771346051
"C322A-C328A","322-328",144,3345,0.219647997286953,-0.32597755366475,0.0279414751413308
"C322A-C328A","322-328",145,3346,0.447554106558611,0.365345168702252,0.182745336974885
"C322A-C328A","322-328",146,3347,0.689739152225849,0.711694186928869,0.165550115579059
"C322A-C328A","322-328",147,3348,1.47433284118811,-0.412900363945685,-0.348431174265867
"C322A-C328A","322-328",148,3349,0.0741559454815597,-0.0745567000212127,0.149815784827406
"C322A-C328A","322-328",149,3350,-0.0262991312107445,-0.0171800694785889,0.274640118991883
"C322A-C328A","322-328",150,3351,-0.419683364265584,0.675372567203385,-0.275855766590441
"C322A-C328A","322-328",151,3352,0.157842736561649,0.267967782232793,0.24155478244052
"C322A-C328A","322-328",152,3353,0.474209378001945,-0.179562821364745,-0.640230845695981
"C322A-C328A","322-328",153,3354,0.0684970127649689,-0.137143565351897,0.0212557339964636
"C322A-C328A","322-328",154,3355,-0.454690229905983,-0.486766733801895,0.526302265671773
"C322A-C328A","322-328",155,3356,0.348010793521912,-0.0870849018179579,-0.616554701248305
"C322A-C328A","322-328",156,3357,0.243554662947838,-0.0921839008363295,-0.189286905813942
"C322A-C328A","322-328",157,3358,0.0210069395617784,0.185923901316338,-0.0848420788829414
"C322A-C328A","322-328",158,3359,-0.375391140409564,0.412555215285969,0.620751154833577
"C322A-C328A","322-328",159,3360,0.629964010452907,0.41019810144297,0.11971937130828
"C322A-C328A","322-328",160,3361,-0.419702803474308,0.227486791921665,-0.476017721506124
"C322A-C328A","322-328",161,3362,-0.44198951795687,0.583519147080143,-0.268472487494551
"C322A-C328A","322-328",162,3363,-0.275000091599918,1.15068966035337,-0.0226527696862973
"C322A-C328A","322-328",163,3364,-0.492458583802477,0.5867140072727,-0.514916434373899
"C322A-C328A","322-328",164,3365,-0.487821021130845,0.216298965081603,-0.0636923693218653
"C322A-C328A","322-328",165,3366,-0.291921938758001,-0.0793400223230864,-0.477721721140297
"C322A-C328A","322-328",166,3367,-0.354711229304825,-0.469180030975644,-0.353734137161722
"C322A-C328A","322-328",167,3368,-0.136359026433603,-0.0835199381690967,0.195901415337793
"C322A-C328A","322-328",168,3369,0.0104148956533954,-0.869811933837143,-0.244519998673612
"C322A-C328A","322-328",169,3370,0.914125042452818,0.480515934791501,-0.969415347027313
"C322A-C328A","322-328",170,3371,0.934079341879257,0.646291092930492,0.0327369789383401
"C322A-C328A","322-328",171,3372,0.748834946077631,0.411978193041643,0.240084006328713
"C322A-C328A","322-328",172,3373,1.02424162486836,-0.582731568101543,-0.207377916661295
"C322A-C328A","322-328",173,3374,0.893998532071379,-0.30795735072551,0.412053901230375
"C322A-C328A","322-328",174,3375,0.73339298604403,0.511593003404691,0.117616173218474
"C322A-C328A","322-328",175,3376,0.67693704569615,0.275383378632435,0.80779525846429
"C322A-C328A","322-328",176,3377,-0.31859527276716,0.146991371126269,-0.0796029764228732
"C322A-C328A","322-328",177,3378,0.0928151513021703,-0.613574172773992,0.103572310352968
"C322A-C328A","322-328",178,3379,0.431329024459768,-0.405406755076291,0.263948431693118
"C322A-C328A","322-328",179,3380,0.532822770775044,-0.138274405284911,0.120568428620793
"C322A-C328A","322-328",180,3381,0.505804282405324,-0.0341986384794688,0.217193852348149
"C322A-C328A","322-328",181,3382,0.503591028344484,-0.602706443475217,-0.405297235324731
"C322A-C328A","322-328",182,3383,0.62048948692305,-1.35085540338254,0.00961305506247935
"C322A-C328A","322-328",183,3384,0.419640427859998,-1.40606233319812,0.116702591591732
"C322A-C328A","322-328",184,3385,0.296408370709368,-0.98983707413263,-0.207441286347297
"C322A-C328A","322-328",185,3386,0.450612132851386,-0.682463233443269,-0.119052771381897
"C322A-C328A","322-328",186,3387,0.666039525514146,-0.941122975021638,-0.117416972260814
"C322A-C328A","322-328",187,3388,0.450191306166286,-0.77302599175655,0.20840146494264
"C322A-C328A","322-328",188,3389,0.734601521810722,-0.665776625543736,0.798459323706727
"C322A-C328A","322-328",189,3390,0.530376721930699,-1.44717179388423,-0.862266085620134
"C322A-C328A","322-328",190,3391,0.405352560922737,-1.80679516475075,-1.06911178321679
"C322A-C328A","322-328",191,3392,0.990028816010423,-0.883911159227083,-0.404266359988704
"C322A-C328A","322-328",192,3393,0.141941155378793,-0.113689800269695,-0.369867509618245
"C322A-C328A","322-328",193,3394,-0.221715199737006,-0.381096136359486,0.175276358198989
"C322A-C328A","322-328",194,3395,0.453786609500938,0.072473246127873,0.12393050355746
"C322A-C328A","322-328",195,3396,0.713685104303721,-1.25554910730009,-0.656934401430055
"C322A-C328A","322-328",196,3397,1.07598298203347,-0.635228114109512,-0.99929581961575
"C322A-C328A","322-328",197,3398,0.0849190308932775,-0.224574793547822,0.267646003519133
"C322A-C328A","322-328",198,3399,1.56354483560901,-0.715666239282849,-0.405816008736511
"C322A-C328A","322-328",199,3400,0.421972947684675,-0.329785875148114,-0.372323098413175
"C322A-C328A","322-328",200,3401,-0.0397652964459736,-0.620423462987011,-0.864470573142553
"C322A-C328A","322-328",201,3402,0.772201855408126,-0.519742489904212,-0.833265461084826
"C322A-C328A","322-328",202,3403,1.34240146935247,-0.854526711519738,-1.13232489572767
"C322A-C328A","322-328",203,3404,0.176010462661646,-0.339013235018422,0.288627789959386
"C322A-C328A","322-328",204,3405,1.28026191617801,-0.280587299894585,-0.0339609565828405
"C322A-C328A","322-328",205,3406,1.08591308445457,-0.0225984024379426,-0.646315101734327
"C322A-C328A","322-328",206,3407,1.26178773070245,-1.12986520565726,-0.96111879907604
"C322A-C328A","322-328",207,3408,1.5556904690237,-0.189370815412575,-0.557337350711094
"C322A-C328A","322-328",208,3409,0.962612887942596,0.354300004612231,-0.315277055524716
"C322A-C328A","322-328",209,3410,0.849765447736773,-0.371343630179461,-0.625631763432334
"C322A-C328A","322-328",210,3411,0.0607047621383421,-0.169296062811137,0.814698722787598
"C322A-C328A","322-328",211,3412,-0.0370827222834832,0.344066910858513,0.533684805970176
"C322A-C328A","322-328",212,3413,1.00535379353761,-0.164998718606249,-0.388836020518221
"C322A-C328A","322-328",213,3414,0.639363376844722,-0.441135972802985,-0.203882316957725
"C322A-C328A","322-328",214,3415,0.511052199573848,-0.621022317976549,-0.265870510877335
"C322A-C328A","322-328",215,3416,0.384698403762073,-1.01340900988428,0.513642553760234
"C322A-C328A","322-328",216,3417,0.614403423056597,0.143236139806156,-0.0963082738965034
"C322A-C328A","322-328",217,3418,0.441599249769672,-0.00910396823776439,0.33852310980255
"C322A-C328A","322-328",218,3419,0.373604611431632,-1.03506064408787,0.490714313801021
"C322A-C328A","322-328",219,3420,-0.744611077425033,-0.1288360565225,1.3491236791314
"C322A-C328A","322-328",220,3421,1.18431107321801,-0.222198347799924,-0.69156275075521
"C322A-C328A","322-328",221,3422,0.620577196712588,-0.355638603460933,0.904131809652661
"C322A-C328A","322-328",222,3423,0.134336920892857,-0.0192581922705922,0.657347367520677
"C322A-C328A","322-328",223,3424,0.519370990451308,0.783130671657181,-0.339016922249728
"C322A-C328A","322-328",224,3425,0.0983413039554674,-0.691715507127605,0.281065572933846
"C322A-C328A","322-328",225,3426,0.734555168904428,-0.995155870213448,-0.223649545793068
"C322A-C328A","322-328",226,3427,0.935434821561156,-0.744766728203811,-1.33007910728402
"C322A-C328A","322-328",227,3428,-0.170767874799761,0.491171292286086,-0.472440517410077
"C322A-C328A","322-328",228,3429,-0.765209896349297,0.841916807030583,0.706740877906526
"C322A-C328A","322-328",229,3430,-0.189045909082287,0.549079293275456,1.95877175859318
"C322A-C328A","322-328",230,3431,1.01549504617877,1.80712855634973,2.04267138847043
"C322A-C328A","322-328",231,3432,0.383120813137836,1.42441798878225,0.655615292858232
"C322A-C328A","322-328",232,3433,-0.887817332957299,0.436318585956494,-0.600829583700919
"C322A-C328A","322-328",233,3434,-0.0935936152866505,0.844375195150444,0.397996100563505
"C322A-C328A","322-328",234,3435,0.982831012043175,0.366831926242091,-0.255489082478516
"C322A-C328A","322-328",235,3436,1.3208383638718,0.104050351805794,-1.26878812581342
"C322A-C328A","322-328",236,3437,1.77818464714236,-0.514301343651719,-0.357213898427206
"C322A-C328A","322-328",237,3438,0.46868162497867,-0.847423990723642,-0.0263686760520468
"C322A-C328A","322-328",238,3439,0.95376896077047,-1.92325183842564,-0.785724386159152
"C322A-C328A","322-328",239,3440,0.728738929350139,-0.712320971166481,0.787238229389693
"C322A-C328A","322-328",240,3441,1.30944686058434,-1.06927126736436,-0.395487148314485
"C322A-C328A","322-328",241,3442,0.552787375457873,-0.843680729177123,-0.14790022492623
"C322A-C328A","322-328",242,3443,0.720104272588774,-0.263462199716013,0.872528907574781
"C322A-C328A","322-328",243,3444,-0.203653757435569,-0.549901367366937,0.466249474134582
"C322A-C328A","322-328",244,3445,-1.17370918855739,-0.473220802349221,0.760168931821842
"C322A-C328A","322-328",245,3446,-0.643510666802324,-0.097112992680599,0.0746216300710748
"C322A-C328A","322-328",246,3447,0.553110422060407,0.987635164446346,-0.733705489606642
"C322A-C328A","322-328",247,3448,0.166907741074243,1.01459770999824,-0.540484286818324
"C322A-C328A","322-328",248,3449,0.233944463900963,0.767790190816287,0.850230742038946
"C322A-C328A","322-328",249,3450,-1.19182263265625,-0.0411492130906845,1.70181782853248
"C322A-C328A","322-328",250,3451,-0.253765106250455,-1.52802884139247,0.882520584396617
"C322A-C328A","322-328",251,3452,0.528103228626976,-0.782143779861639,0.831384991963211
"C322A-C328A","322-328",252,3453,-0.472527998329725,-1.12383027967439,0.959771046327373
"C322A-C328A","322-328",253,3454,0.302299427028734,-0.734438523504215,0.486788988877119
"C322A-C328A","322-328",254,3455,2.13401635696563,-1.42223386950129,-0.641415040955992
"C322A-C328A","322-328",255,3456,-0.294399657880445,-1.23914654561175,0.144230131412133
"C322A-C328A","322-328",256,3457,0.415690678558089,-1.15727816207988,0.0163352069236897
"C322A-C328A","322-328",257,3458,0.155480295789552,-1.02985379119892,0.851439988294943
"C322A-C328A","322-328",258,3459,0.785709243724621,-0.667213094774077,0.299338730591435
"C322A-C328A","322-328",259,3460,1.11696542979852,-1.13313054681453,-0.288523167379268
"C322A-C328A","322-328",260,3461,0.581972784476829,-1.60188889093797,0.171585682983559
"C322A-C328A","322-328",261,3462,0.863589614982116,-0.865230122201427,0.409230200405568
"C322A-C328A","322-328",262,3463,0.748452953212829,-0.792467358080074,0.8656909166688
"C322A-C328A","322-328",263,3464,1.45865414590689,-0.282051313330786,-0.193888236168283
"C322A-C328A","322-328",264,3465,0.498517176036065,-0.324329687643973,1.11739745396002
"C322A-C328A","322-328",265,3466,1.28840064347264,-0.915619453965025,0.350171573532612
"C322A-C328A","322-328",266,3467,0.93548565181859,0.835374286692926,0.192995728718826
"C322A-C328A","322-328",267,3468,0.330060484018542,0.0996418513985345,0.00169879096279003
"C322A-C328A","322-328",268,3469,0.291429860224086,0.297366516571132,0.857619683885808
"C322A-C328A","322-328",269,3470,0.457193182235666,-0.637998984876392,1.24202158861481
"C322A-C328A","322-328",270,3471,0.801629196056883,-0.442978927104268,0.210558732868989
"C322A-C328A","322-328",271,3472,0.405953926831816,-0.249002532076264,0.88601367967566
"C322A-C328A","322-328",272,3473,-0.845215162519498,1.08633799048231,0.731085722751275
"C322A-C328A","322-328",273,3474,0.022470894853083,0.52334446599366,0.0591429803843259
"C322A-C328A","322-328",274,3475,-0.212440597120014,0.655764033018633,0.873649309238118
"C322A-C328A","322-328",275,3476,0.63326323572501,0.173723605595728,-0.869555706288805
"C322A-C328A","322-328",276,3477,-0.0340821190458177,0.663838735666714,-0.181328647599712
"C322A-C328A","322-328",277,3478,0.0239670141794008,0.962621631491329,-1.21698340579831
"C322A-C328A","322-328",278,3479,-0.871959667948723,1.54970156191396,-0.320640365052164
"C322A-C328A","322-328",279,3480,-0.569354646123353,0.884690431560205,-0.819076942488198
"C322A-C328A","322-328",280,3481,0.0260926388460382,0.292513500713846,-0.640971227005605
"C322A-C328A","322-328",281,3482,-0.123899431776987,0.585792731813085,-0.546923472821635
"C322A-C328A","322-328",282,3483,-0.0898886142336421,0.272966280332668,-0.44787290831926
"C322A-C328A","322-328",283,3484,-0.911632288294564,0.969470666167901,-1.09503452341544
"C322A-C328A","322-328",284,3485,-0.558313447115163,0.322628633234661,0.442130425164626
"C322A-C328A","322-328",285,3486,-0.277530259119952,1.0252509694704,-0.522461970677733
"C322A-C328A","322-328",286,3487,-0.342687719077103,0.427776558890322,0.331597888539851
"C322A-C328A","322-328",287,3488,0.0433061007391249,1.16174132589194,-0.51394819054472
"C322A-C328A","322-328",288,3489,-0.426174037160021,0.302196032095337,0.170029742335532
"C322A-C328A","322-328",289,3490,-1.39748148517414,0.881919453386042,0.24654315773985
"C322A-C328A","322-328",290,3491,0.143161251765086,1.11790921395098,-0.61706590939017
"C322A-C328A","322-328",291,3492,0.122549971534546,0.542333543630666,-0.126934642837403
"C322A-C328A","322-328",292,3493,-0.370881234795267,1.08477271548882,0.233364956185693
"C322A-C328A","322-328",293,3494,-1.57617766155071,0.957700959468472,0.232338209857782
"C322A-C328A","322-328",294,3495,1.23614477220717,1.22930713305749,-0.0155727495969397
"C322A-C328A","322-328",295,3496,0.707696714163349,0.266532333634639,-0.490684091562639
"C322A-C328A","322-328",296,3497,0.185666950563715,0.990761035995401,-0.306753148489718
"C322A-C328A","322-328",297,3498,-0.199434434653152,0.888887585538551,0.720488260010496
"C322A-C328A","322-328",298,3499,0.78541957607667,0.59174079410489,0.936388768775185
"C322A-C328A","322-328",299,3500,0.634886735128421,-0.130967615442197,-0.427044718638109
"C322A-C328A","322-328",300,3501,-0.619590382891653,0.143229091674505,0.815600906975055
"C322A-C328A","322-328",301,3502,0.946527448409676,0.361590962086912,-0.502209457607747
"C322A-C328A","322-328",302,3503,-0.160845560410235,0.667452363103948,-0.97725000229239
"C322A-C328A","322-328",303,3504,0.115794025297535,0.911928810350198,-0.00598417071676228
"C322A-C328A","322-328",304,3505,-0.280793951567061,0.300834874010821,-0.627863838882263
"C322A-C328A","322-328",305,3506,-0.193501231918812,0.870979930526761,-0.0470065459348318
"C322A-C328A","322-328",306,3507,-1.04304057427289,0.910559363678441,0.40665077476424
"C322A-C328A","322-328",307,3508,-0.206477865847465,0.53891524925021,-0.446441027031762
"C322A-C328A","322-328",308,3509,-0.603010785370499,1.04270260735888,-0.0854325770846597
"C322A-C328A","322-328",309,3510,-1.27589175522447,0.818947209867327,0.965616847739421
"C322A-C328A","322-328",310,3511,-0.691015439968589,1.33113230969552,0.015471808164579
"C322A-C328A","322-328",311,3512,-0.265840781534963,0.908668696418294,-0.914908517315113
"C322A-C328A","322-328",312,3513,0.282992876772267,0.804416243330554,-0.644408937801473
"C322A-C328A","322-328",313,3514,-0.555211461431497,0.216710236668499,-0.451716595475918
"C322A-C328A","322-328",314,3515,-1.29749842795264,0.122321827364707,-0.196802225319576
"C322A-C328A","322-328",315,3516,-0.48861359552472,1.06790163354012,-0.839883776750673
"C322A-C328A","322-328",316,3517,1.11878094023932,0.957507859962841,-1.25301651962151
"C322A-C328A","322-328",317,3518,-0.740078675670841,0.886534819706441,-0.111330944220639
"C322A-C328A","322-328",318,3519,-0.436569184336323,0.927858376453325,-0.194733526218379
"C322A-C328A","322-328",319,3520,0.0231190463678496,1.6872797970358,-0.378899590424401
"C322A-C328A","322-328",320,3521,-0.61187309618248,0.679750612373863,-0.825852584260783
"C322A-C328A","322-328",321,3522,-0.640483559865022,0.409690036732668,-1.76150326092023
"C322A-C328A","322-328",322,3523,-0.217984399332209,1.01363760514611,-0.669025711700531
"C322A-C328A","322-328",323,3524,-0.147794541475888,0.54307248579261,0.874620602801254
"C322A-C328A","322-328",324,3525,-0.95261703743249,0.786392138228999,0.810541112793273
"C322A-C328A","322-328",325,3526,0.464156050108832,0.953761128882962,0.628846770638239
"C322A-C328A","322-328",326,3527,-0.609765938592866,0.0940062412075347,0.387324830330791
"C322A-C328A","322-328",327,3528,0.702607628131531,0.485031140133249,-0.303006666545752
"C322A-C328A","322-328",328,3529,-0.0543550270283385,1.45183031247559,-0.748544948014793
"C322A-C328A","322-328",329,3530,0.0150454966422272,0.913975955313336,0.886158539468843
"C322A-C328A","322-328",330,3531,0.849316120818438,-0.624182495868648,0.411881141894765
"C322A-C328A","322-328",331,3532,0.890830839527332,0.468905271676249,-0.879037789164566
"C322A-C328A","322-328",332,3533,0.531402728429553,-0.590322158037516,-0.911466525650611
"C322A-C328A","322-328",333,3534,-0.579878807321827,0.651855523309927,-0.189689742381456
"C322A-C328A","322-328",334,3535,0.627310518603513,0.497671697040526,-0.61371116888426
"C322A-C328A","322-328",335,3536,0.133311301384618,-0.555379042608322,-0.0514818453166419
"C322A-C328A","322-328",336,3537,0.787076866082698,-0.445072318857115,0.0532673706252218
"C322A-C328A","322-328",337,3538,-0.378626803330306,-1.40178549103652,-0.418140778403225
"C322A-C328A","322-328",338,3539,0.0519194520494061,-0.78006170831729,-0.262974719735771
"C322A-C328A","322-328",339,3540,-0.47315497828965,-0.982646095484656,0.558730423388872
"C322A-C328A","322-328",340,3541,0.290846593002433,-0.738532809992238,0.650982758709913
"C322A-C328A","322-328",341,3542,-0.389713956829321,-0.692922586665559,0.813615607485769
"C322A-C328A","322-328",342,3543,-0.0616870170378405,-0.809731744247009,1.09982613569151
"C322A-C328A","322-328",343,3544,-0.193049257373148,0.0385878403189207,1.09064759907402
"C322A-C328A","322-328",344,3545,1.29078496974213,-0.626408852810886,0.189798596739198
"C322A-C328A","322-328",345,3546,0.890314259379728,-0.214478448696719,0.90541063562803
"C322A-C328A","322-328",346,3547,1.47592449534599,1.15547805489954,0.326267467100113
"C322A-C328A","322-328",347,3548,1.36971716480917,0.404148543884364,-0.317757136437718
"C322A-C328A","322-328",348,3549,0.00378055260908493,-0.101965777029614,0.344701434359658
"C322A-C328A","322-328",349,3550,-0.710297699675832,-0.371624290145542,1.31719363069069
"C322A-C328A","322-328",350,3551,0.666495741120943,0.63457691290342,0.588125087147881
"C322A-C328A","322-328",351,3552,-0.177987346656213,-0.241109410355118,0.682420310905779
"C322A-C328A","322-328",352,3553,0.205486938949594,-0.322227682977805,0.357052761139689
"C322A-C328A","322-328",353,3554,0.121453951912101,0.128937215866851,-0.435169556837443
"C322A-C328A","322-328",354,3555,-0.252758675354176,-0.118079814518784,0.0402011374685967
"C322A-C328A","322-328",355,3556,0.441168558416453,-0.276199052076419,-0.670218577869962
"C322A-C328A","322-328",356,3557,-0.684775492278865,-0.0346423718065168,1.21948640242427
"C322A-C328A","322-328",357,3558,0.544692813749177,0.104818947349273,-0.180489987855015
"C322A-C328A","322-328",358,3559,-0.0802751919607542,0.160490061470748,1.45302482790085
"C322A-C328A","322-328",359,3560,-0.348743474515466,0.875320078310916,0.749410803245831
"C322A-C328A","322-328",360,3561,-0.152145398082959,-0.695810629245996,0.951277258927291
"C322A-C328A","322-328",361,3562,0.850319976752207,0.319377241851334,0.470951217091693
"C322A-C328A","322-328",362,3563,1.21407485968935,0.855128246826417,0.774079287685283
"C322A-C328A","322-328",363,3564,0.378147174474538,0.946550946639453,1.4003096376538
"C322A-C328A","322-328",364,3565,-0.240552836012005,0.189049157236147,1.53309794443799
"C322A-C328A","322-328",365,3566,0.0968854062403482,0.776235360453916,1.74398863592275
"C322A-C328A","322-328",366,3567,-0.101223825746226,0.93003531865421,0.738763812640195
"C322A-C328A","322-328",367,3568,0.519325633690539,-0.0219110374337406,0.388849519429315
"C322A-C328A","322-328",368,3569,0.609344187161054,0.772859092082938,0.983877263150272
"C322A-C328A","322-328",369,3570,-0.852940295140826,0.045699183463712,0.487179811948834
"C322A-C328A","322-328",370,3571,-1.53902410740882,0.615089689411789,1.1069541098748
"C322A-C328A","322-328",371,3572,-1.81764169522528,1.40273468099481,1.60115268709652
"C322A-C328A","322-328",372,3573,-2.20314474283372,1.44248317108511,0.844352657514629
"C322A-C328A","322-328",373,3574,-3.42007011064437,2.55405869989901,0.678299032069307
"C322A-C328A","322-328",374,3575,-2.09961234227787,1.81377622205634,0.580378909304573
"C322A-C328A","322-328",375,3576,-0.970833476399203,2.786998941878,0.879811298820357
"C322A-C328A","322-328",376,3577,-1.73035000802877,2.08416850377077,0.263841686460421
"C322A-C328A","322-328",377,3578,-1.14110007119405,0.521684241486927,0.639983068829977
"C322A-C328A","322-328",378,3579,0.445710308680489,0.0735458595220734,0.171316938752603
"C322A-C328A","322-328",379,3580,-0.595349211917137,-0.540872179041208,0.366645068209323
"C322A-C328A","322-328",380,3581,-0.0518226675113874,-0.12447287945784,-0.293608153435253
"C322A-C328A","322-328",381,3582,0.088874479459215,-1.02433364158284,-0.275564398010474
"C322A-C328A","322-328",382,3583,1.75132573041781,0.638101551915592,-1.36079018086063
"C322A-C328A","322-328",383,3584,0.7957777057019,0.267368142118058,-0.412582044230549
"C322A-C328A","322-328",384,3585,0.855964428930481,-0.405227862855296,-1.01155520635226
"C322A-C328A","322-328",385,3586,-0.512397354320833,0.563409561140643,-0.43450912848785
"C322A-C328A","322-328",386,3587,0.265848630688367,-0.118194287701152,-0.694444404801908
"C322A-C328A","322-328",387,3588,0.025563414102186,0.525585956602448,0.0160506718195705
"C322A-C328A","322-328",388,3589,-0.641924622078343,0.188495080254713,0.271908523428735
"C322A-C328A","322-328",389,3590,1.07570041815514,-0.690750751562138,0.391792474588266
"C322A-C328A","322-328",390,3591,-0.32321199969475,-0.595778125353567,0.165883218899158
"C322A-C328A","322-328",391,3592,-0.203441002476517,0.316781314581661,1.7065312803044
"C322A-C328A","322-328",392,3593,0.0721553034176592,0.274259017295237,0.184156506028647
"C322A-C328A","322-328",393,3594,0.54391301106464,-0.227114883555137,0.305133803702097
"C322A-C328A","322-328",394,3595,0.0256203805009305,-0.296295550270705,0.280447959683768
"C322A-C328A","322-328",395,3596,0.694829156437226,0.839513329842872,-0.26220440075105
"C322A-C328A","322-328",396,3597,-0.687994002721716,0.522313914146658,1.4738936561144
"C322A-C328A","322-328",397,3598,0.229554454928963,0.535596285392746,0.0457135937022119
"C322A-C328A","322-328",398,3599,-0.508147597831477,-0.097999001018476,0.308890994379418
"C322A-C328A","322-328",399,3600,0.14533166323031,0.455081514282804,-0.348754478940029
"C322A-C328A","322-328",400,3601,0.134923426248147,0.177687164571788,0.724147412750669
"C322A-C350A","322-350",1,3602,-0.878585495211209,-0.453342871989014,0.686363784024331
"C322A-C350A","322-350",2,3603,-0.36117578292991,0.588909889539647,1.14548125892289
"C322A-C350A","322-350",3,3604,-0.742585204362162,0.218499797737254,0.737010920866849
"C322A-C350A","322-350",4,3605,-0.473706192986477,0.0860430068629382,0.435921815062027
"C322A-C350A","322-350",5,3606,-0.294827461618358,-0.225679174227593,0.727545683201672
"C322A-C350A","322-350",6,3607,-0.048174839774727,-0.390197318986483,0.765448198916095
"C322A-C350A","322-350",7,3608,-2.05070019046873,-0.81764405251091,1.43625547054325
"C322A-C350A","322-350",8,3609,-0.89345299010414,-0.916396471546212,0.946932070737209
"C322A-C350A","322-350",9,3610,-0.776850053114961,-0.600654792259607,1.08677367099299
"C322A-C350A","322-350",10,3611,-0.49116644662539,-0.360880420614561,0.247373989844334
"C322A-C350A","322-350",11,3612,-1.24290755542552,-0.832366382599345,0.0604899574040707
"C322A-C350A","322-350",12,3613,-1.55173294935152,-0.683118248443887,0.715021869426628
"C322A-C350A","322-350",13,3614,-1.73186801364233,-0.700731495334266,-0.0912123487394684
"C322A-C350A","322-350",14,3615,-3.14486805453568,-0.278472412524872,-0.151184529817115
"C322A-C350A","322-350",15,3616,-3.47530713549046,0.639077189958572,0.0528265597126158
"C322A-C350A","322-350",16,3617,-4.49791526990193,0.780287984951607,0.86346856327141
"C322A-C350A","322-350",17,3618,-4.28549841573813,0.798070253503419,0.0426412323536349
"C322A-C350A","322-350",18,3619,-3.6555181401664,0.583490670087748,-0.652321305100462
"C322A-C350A","322-350",19,3620,-3.96092798315241,1.22588233719939,-0.24632350334695
"C322A-C350A","322-350",20,3621,-4.8323434713977,1.08690911970336,0.594805214781049
"C322A-C350A","322-350",21,3622,-3.86233180965084,0.192253446595215,0.681673203513215
"C322A-C350A","322-350",22,3623,-5.14322910924742,1.76753933207061,1.01958051255572
"C322A-C350A","322-350",23,3624,-4.88518670609926,0.68861002695544,0.550292285844208
"C322A-C350A","322-350",24,3625,-4.64328305040541,1.65919138776198,1.03546945988084
"C322A-C350A","322-350",25,3626,-4.9528991139138,1.22853966047208,0.922472503213288
"C322A-C350A","322-350",26,3627,-4.80598769691036,0.80162534047404,0.723274547590003
"C322A-C350A","322-350",27,3628,-4.50562850258667,0.736479210559188,0.916050309522759
"C322A-C350A","322-350",28,3629,-2.70174160137702,0.268021118498896,-1.03091268254982
"C322A-C350A","322-350",29,3630,-4.1716775172628,-0.0531589355616768,-0.0624675560702862
"C322A-C350A","322-350",30,3631,-3.23209320422251,-0.148767643171792,-0.291300350131831
"C322A-C350A","322-350",31,3632,-1.94862410598391,0.0372672017231837,-0.492494552514137
"C322A-C350A","322-350",32,3633,-2.84322147891898,-0.326490198382107,0.401658604767236
"C322A-C350A","322-350",33,3634,-2.62098260545733,-1.05328101623811,0.357359366918308
"C322A-C350A","322-350",34,3635,-2.48037257627667,0.086986618759223,-0.177798785110743
"C322A-C350A","322-350",35,3636,-2.64680141287762,-0.047795518221578,-0.375806484037207
"C322A-C350A","322-350",36,3637,-3.7558013539558,0.527414459604984,0.476748771762263
"C322A-C350A","322-350",37,3638,-5.11741645141252,0.467706920618949,0.567622852868102
"C322A-C350A","322-350",38,3639,-4.5532105824979,0.702601914749042,0.388454182452858
"C322A-C350A","322-350",39,3640,-4.89110490663535,-0.609034411802568,0.172516524417087
"C322A-C350A","322-350",40,3641,-4.89026664990593,0.978926576581554,0.425366014771711
"C322A-C350A","322-350",41,3642,-4.18531640313758,0.36474054833432,-0.0382496163662148
"C322A-C350A","322-350",42,3643,-6.13359735644389,0.1620159013281,0.946984198213043
"C322A-C350A","322-350",43,3644,-4.96747971424366,-0.474037614979871,0.403902062387613
"C322A-C350A","322-350",44,3645,-4.61346612526163,0.298791251372079,0.609293205330812
"C322A-C350A","322-350",45,3646,-4.99686659295655,0.904506229147518,-0.280579258385374
"C322A-C350A","322-350",46,3647,-5.15445689549902,0.930545990946983,0.47060779106397
"C322A-C350A","322-350",47,3648,-5.05059770797539,1.53985327560313,0.382980758289452
"C322A-C350A","322-350",48,3649,-5.71463589350187,0.788140278568848,0.954973800457508
"C322A-C350A","322-350",49,3650,-4.86948477492959,0.923020686900623,0.17938009641173
"C322A-C350A","322-350",50,3651,-4.87517340529177,0.09737031183255,0.57094125627811
"C322A-C350A","322-350",51,3652,-4.30166249883003,0.816944342614317,0.421435210354574
"C322A-C350A","322-350",52,3653,-3.55103923340935,-0.816260574315228,-0.200922793721477
"C322A-C350A","322-350",53,3654,-3.76810678914212,-0.0254057192345568,0.121412909376703
"C322A-C350A","322-350",54,3655,-4.98602521667638,0.00475425474413351,0.578927852890419
"C322A-C350A","322-350",55,3656,-5.61397229081285,-0.139366742151052,0.916004333352734
"C322A-C350A","322-350",56,3657,-5.80031121054638,-0.0809762198741106,1.49592794331062
"C322A-C350A","322-350",57,3658,-5.75634707300228,-0.0275152111742186,0.764827770433816
"C322A-C350A","322-350",58,3659,-5.15662647441439,-0.0718512768613096,0.452134001874269
"C322A-C350A","322-350",59,3660,-4.35937026030315,0.423396468662229,0.425765770725894
"C322A-C350A","322-350",60,3661,-5.70558350385225,0.80048657502098,1.78681554660607
"C322A-C350A","322-350",61,3662,-3.98214650063416,0.136898051132774,-0.366397698196472
"C322A-C350A","322-350",62,3663,-3.84045631972668,1.17012228443786,0.510343316207561
"C322A-C350A","322-350",63,3664,-5.46861162935358,1.8540490252895,1.66046477106486
"C322A-C350A","322-350",64,3665,-4.62001216636702,0.461594463710829,-0.0144313285558742
"C322A-C350A","322-350",65,3666,-5.26038642551505,0.386433304469402,0.376871661972841
"C322A-C350A","322-350",66,3667,-5.30323122984609,1.14390361827592,0.765338876557987
"C322A-C350A","322-350",67,3668,-5.069258859381,0.944417975151535,0.839186323445717
"C322A-C350A","322-350",68,3669,-4.90263876753669,1.3766833877131,0.608531671355576
"C322A-C350A","322-350",69,3670,-4.34765709488654,1.70279802298105,0.855540961627975
"C322A-C350A","322-350",70,3671,-1.96633365430534,0.771071983138783,-0.351516382300313
"C322A-C350A","322-350",71,3672,-2.27648440108241,0.401773850642763,-0.998954893017542
"C322A-C350A","322-350",72,3673,-1.88176698445228,-0.0552645759303492,-0.731688744178295
"C322A-C350A","322-350",73,3674,-2.46210943385337,-0.12090195416784,-0.594226626946591
"C322A-C350A","322-350",74,3675,-1.99611285372332,-0.0360804737372568,-0.18036614249124
"C322A-C350A","322-350",75,3676,-1.84482562711206,-0.641268462957655,0.0332940447146082
"C322A-C350A","322-350",76,3677,-1.45644128174608,-0.644461382015989,0.433018471129957
"C322A-C350A","322-350",77,3678,-2.24554961113942,-1.32023672003505,-0.0271577907127468
"C322A-C350A","322-350",78,3679,-1.94833495704878,-1.52787519632677,1.15733666034182
"C322A-C350A","322-350",79,3680,-1.4580433112991,-0.00153952999935955,0.329820759206098
"C322A-C350A","322-350",80,3681,-0.407533153069674,-0.184515774092072,0.041336994259018
"C322A-C350A","322-350",81,3682,-1.37165414265048,-0.130842335296744,0.488624326962728
"C322A-C350A","322-350",82,3683,-0.709508257678366,-0.601151504133179,0.566263424644921
"C322A-C350A","322-350",83,3684,-1.13313430304325,-0.264011228788795,-0.12608277763567
"C322A-C350A","322-350",84,3685,-0.218545439804882,-1.93624915307488,-0.18445069681762
"C322A-C350A","322-350",85,3686,0.295131870953283,-1.60909056878961,-0.271070881581911
"C322A-C350A","322-350",86,3687,0.153002829667852,-1.75514095081007,0.853382407680745
"C322A-C350A","322-350",87,3688,-0.730014624428339,-2.74775932192212,0.378641710289351
"C322A-C350A","322-350",88,3689,-0.981816028338669,-1.34161592845709,0.771818078986649
"C322A-C350A","322-350",89,3690,0.440358562523103,-2.83274892902428,0.920593115398725
"C322A-C350A","322-350",90,3691,-0.028269884310598,-2.48743818285561,0.775285562743887
"C322A-C350A","322-350",91,3692,-1.40422556600452,-2.44384206358158,0.592141066630375
"C322A-C350A","322-350",92,3693,-1.75912283118062,-1.27806788394133,0.791888955264072
"C322A-C350A","322-350",93,3694,0.0428288203807812,-2.36204159840499,-0.124531265148273
"C322A-C350A","322-350",94,3695,1.16052326436273,-1.83482633484838,0.652528672441715
"C322A-C350A","322-350",95,3696,2.13647431126989,-1.63702020013884,0.774025629877464
"C322A-C350A","322-350",96,3697,0.751409643509395,-3.28926178808796,-0.153594116585041
"C322A-C350A","322-350",97,3698,-0.490041098235564,-2.63085532462877,0.301868767127261
"C322A-C350A","322-350",98,3699,-0.595720220834192,-1.59257668180107,0.381874085374166
"C322A-C350A","322-350",99,3700,-0.476991651711278,-2.33964784591722,0.329965820697308
"C322A-C350A","322-350",100,3701,0.24250631038516,-2.14823741580546,0.189834793225885
"C322A-C350A","322-350",101,3702,-0.423915143898578,-1.88589368707162,0.123194861874178
"C322A-C350A","322-350",102,3703,0.319460390804138,-1.83429608223987,0.484272864197491
"C322A-C350A","322-350",103,3704,-0.186698769075566,-2.10218862424493,0.830635369738412
"C322A-C350A","322-350",104,3705,1.43395914631469,-1.70611198813082,0.307445554458846
"C322A-C350A","322-350",105,3706,0.237695521690453,-1.97291911447968,0.878806304044844
"C322A-C350A","322-350",106,3707,1.43929401073108,-2.19059132836303,0.503072762024273
"C322A-C350A","322-350",107,3708,1.01478481537972,-2.75175364162065,0.441328770042904
"C322A-C350A","322-350",108,3709,-0.0902528542971555,-2.22484941924585,1.01562808751054
"C322A-C350A","322-350",109,3710,-0.474438582333958,-2.22202902278749,-0.169666018653358
"C322A-C350A","322-350",110,3711,0.548404214482316,-1.82632746127734,0.457201341627521
"C322A-C350A","322-350",111,3712,0.539579516149077,-2.63293389527042,-0.466582112926728
"C322A-C350A","322-350",112,3713,-0.573770168639499,-2.72026345434566,0.409868673047434
"C322A-C350A","322-350",113,3714,0.0358261720463055,-2.90989403621138,0.513872357174905
"C322A-C350A","322-350",114,3715,0.700035440839188,-2.55126759558473,0.283445445330539
"C322A-C350A","322-350",115,3716,0.675332503697254,-3.87002127352013,0.50807338614205
"C322A-C350A","322-350",116,3717,0.330781409902125,-2.43654518875765,-0.215377550697753
"C322A-C350A","322-350",117,3718,-1.53545142034591,-1.92662085250054,-0.674284992719312
"C322A-C350A","322-350",118,3719,-1.27570810472653,-2.35467184138879,0.0681089675316259
"C322A-C350A","322-350",119,3720,-1.90426750854815,-3.43083523653243,0.739446740144
"C322A-C350A","322-350",120,3721,-1.87195802319856,-2.91427341997873,-0.138306665702734
"C322A-C350A","322-350",121,3722,-1.60269112090496,-2.62234945206247,0.120158329736784
"C322A-C350A","322-350",122,3723,-1.50579418069912,-2.41170219282664,0.136403165402703
"C322A-C350A","322-350",123,3724,-0.941624986865217,-2.06448558998929,-0.0642923402453673
"C322A-C350A","322-350",124,3725,-0.853697179629153,-2.73921628426909,0.640931333753443
"C322A-C350A","322-350",125,3726,0.0533888116113275,-2.31630628547239,0.16331405882287
"C322A-C350A","322-350",126,3727,0.0372022010546946,-2.48314394535264,0.400703485563981
"C322A-C350A","322-350",127,3728,0.33614729272248,-2.31066365309116,0.708435118651075
"C322A-C350A","322-350",128,3729,0.729822736729812,-2.37709391017964,0.526069611430482
"C322A-C350A","322-350",129,3730,-0.699608906665873,-2.23555446850386,0.660017863334217
"C322A-C350A","322-350",130,3731,0.321466998640779,-2.58622390090267,0.277121394394968
"C322A-C350A","322-350",131,3732,-0.297012484529676,-2.22265586526975,0.406786822176836
"C322A-C350A","322-350",132,3733,-0.906499686482087,-2.2523670104188,-0.00149050410510185
"C322A-C350A","322-350",133,3734,-1.80751006290583,-1.21139239116818,0.369859560704733
"C322A-C350A","322-350",134,3735,-1.43905596030604,-1.8070754648775,0.803622754995481
"C322A-C350A","322-350",135,3736,-0.121132615595811,-2.21927839561281,-0.00453820237471241
"C322A-C350A","322-350",136,3737,-0.141838195208069,-2.49191835539175,-0.234481187225144
"C322A-C350A","322-350",137,3738,0.138601108076051,-2.49949115731628,0.134349224335489
"C322A-C350A","322-350",138,3739,0.336647205481373,-2.40221524088906,0.476763472231942
"C322A-C350A","322-350",139,3740,-0.667188051846009,-1.74564463365001,0.303336995188279
"C322A-C350A","322-350",140,3741,-1.9376051812874,-2.25765994403427,0.784780408376276
"C322A-C350A","322-350",141,3742,-1.15399859899906,-2.01499382596004,1.11095622694345
"C322A-C350A","322-350",142,3743,-1.82848298460406,-2.22027516338729,0.581408001808262
"C322A-C350A","322-350",143,3744,-1.5010446888834,-1.75639830289519,0.231876639187503
"C322A-C350A","322-350",144,3745,-1.22877147430057,-2.1803467931683,0.310606613473224
"C322A-C350A","322-350",145,3746,-1.79969178773511,-2.72310429783055,0.920945076379032
"C322A-C350A","322-350",146,3747,-2.46323590596259,-1.58067834530855,0.561984881166498
"C322A-C350A","322-350",147,3748,-1.26387792779686,-2.86771142650398,-0.144653542716685
"C322A-C350A","322-350",148,3749,-1.45983101757353,-2.01058226862189,0.622617550905925
"C322A-C350A","322-350",149,3750,-1.09669406016966,-2.43854296495953,0.845713945906215
"C322A-C350A","322-350",150,3751,-2.58141201400243,-2.60301037967076,-0.77918441041237
"C322A-C350A","322-350",151,3752,-3.3064822609878,-1.20961192404522,-0.517528641499232
"C322A-C350A","322-350",152,3753,-2.97673925967926,-2.12863871863502,0.158288325909859
"C322A-C350A","322-350",153,3754,-2.42508648940385,-2.79153716952989,-0.752491625942193
"C322A-C350A","322-350",154,3755,-1.57216958948143,-2.41419422932552,-0.179136544162967
"C322A-C350A","322-350",155,3756,-2.07244444299663,-2.21872425318918,-0.204677224103138
"C322A-C350A","322-350",156,3757,-1.05286250316469,-2.12913490445817,0.601717942638919
"C322A-C350A","322-350",157,3758,-1.58675865797501,-2.71648537116069,-0.37539435381852
"C322A-C350A","322-350",158,3759,-3.06219890649227,-2.60667275112798,-0.0472004188665975
"C322A-C350A","322-350",159,3760,-1.80957146327813,-2.91927725839592,0.396918887037142
"C322A-C350A","322-350",160,3761,-2.02915169779785,-2.61802333195758,-0.181559068464495
"C322A-C350A","322-350",161,3762,-2.03302474723356,-2.87938023255519,0.263903676070534
"C322A-C350A","322-350",162,3763,-2.05692487281173,-2.94483388306323,0.166796103171766
"C322A-C350A","322-350",163,3764,-1.90814755005246,-2.91699989476012,0.467503434669698
"C322A-C350A","322-350",164,3765,-0.678266886543009,-2.80042722070522,-0.287102587563144
"C322A-C350A","322-350",165,3766,-2.0506552579504,-2.77880720498939,0.361060142904767
"C322A-C350A","322-350",166,3767,-0.616606762919367,-3.13393250268331,0.00119245703910834
"C322A-C350A","322-350",167,3768,-2.26151435112475,-2.37137968026183,0.673111980985174
"C322A-C350A","322-350",168,3769,-2.32606300795669,-2.49382082745987,0.347384892713994
"C322A-C350A","322-350",169,3770,-2.01419737095068,-3.43684984797453,0.34274411444949
"C322A-C350A","322-350",170,3771,-2.44554989234732,-3.01958636404878,0.256755219727856
"C322A-C350A","322-350",171,3772,-1.45615412005816,-3.74615543124315,-0.198024107500922
"C322A-C350A","322-350",172,3773,-2.9692642044338,-2.59573143032737,0.242417648154882
"C322A-C350A","322-350",173,3774,-2.74421738371135,-2.15919769771461,0.740166735312746
"C322A-C350A","322-350",174,3775,-1.88282896579454,-1.88599837188246,-0.481628846188244
"C322A-C350A","322-350",175,3776,-1.77905954472911,-1.97872795825287,-0.00741620166737231
"C322A-C350A","322-350",176,3777,-2.3126325121068,-1.9017276211405,0.0265195924086234
"C322A-C350A","322-350",177,3778,-2.24054708946747,-2.23233865937982,-0.156671591855856
"C322A-C350A","322-350",178,3779,-2.39966028097809,-2.20946538653872,0.581456640400293
"C322A-C350A","322-350",179,3780,-1.96497385471909,-2.74439399148727,-0.135314092620521
"C322A-C350A","322-350",180,3781,-1.94599208818554,-1.9308783771243,0.00343687924144054
"C322A-C350A","322-350",181,3782,-1.92925355474881,-1.66878478451554,-0.463317184110813
"C322A-C350A","322-350",182,3783,-2.34835123226214,-1.81805008587175,0.0828272898748622
"C322A-C350A","322-350",183,3784,-2.99815989739368,-1.88177278662307,0.568549451306227
"C322A-C350A","322-350",184,3785,-1.94474656273297,-1.65435874785072,-0.11551866355499
"C322A-C350A","322-350",185,3786,-2.53048139313162,-2.07520872853138,-0.262937481643795
"C322A-C350A","322-350",186,3787,-2.2855435232518,-2.48200538568235,-0.0918585898350348
"C322A-C350A","322-350",187,3788,-2.17139963608303,-3.04033355527964,-0.268882305777336
"C322A-C350A","322-350",188,3789,-2.3298136611671,-2.93315624362437,-0.140515141265734
"C322A-C350A","322-350",189,3790,-3.55802582183928,-1.87369402359629,0.139852097145384
"C322A-C350A","322-350",190,3791,-2.55453492787152,-2.55838971001154,-0.326541978593123
"C322A-C350A","322-350",191,3792,-1.97532719217633,-2.07193869940415,0.510457751828755
"C322A-C350A","322-350",192,3793,-2.55521834619402,-2.53593436910697,-0.0878571290625449
"C322A-C350A","322-350",193,3794,-2.03539597009229,-1.88112346551517,-0.27126086390604
"C322A-C350A","322-350",194,3795,-2.44399280946583,-2.64898016193782,0.412409609017402
"C322A-C350A","322-350",195,3796,-3.35964630544071,-2.46648771427947,1.00556431432661
"C322A-C350A","322-350",196,3797,-2.07817291828034,-2.44128554213432,0.136601609304857
"C322A-C350A","322-350",197,3798,-1.96111904147921,-2.721359480649,0.09974958972169
"C322A-C350A","322-350",198,3799,-2.18395610758291,-2.40275880383845,0.337849412389155
"C322A-C350A","322-350",199,3800,-2.08036003801192,-2.29173112034911,1.44396741846613
"C322A-C350A","322-350",200,3801,-2.30266703702406,-2.57615515854364,0.0110653403044613
"C322A-C350A","322-350",201,3802,-1.75709680736948,-2.61232489908514,0.493261147658224
"C322A-C350A","322-350",202,3803,-2.24873600949945,-2.45971781202822,1.01527717719532
"C322A-C350A","322-350",203,3804,-2.26845113072803,-2.21367556129981,0.349664704165559
"C322A-C350A","322-350",204,3805,-2.56296579827821,-2.83654979448365,0.692072948182448
"C322A-C350A","322-350",205,3806,-2.72221699975177,-2.72836216717745,1.01369040201913
"C322A-C350A","322-350",206,3807,-1.78562903385464,-1.70325641450282,0.15492479089795
"C322A-C350A","322-350",207,3808,-1.91044967495895,-1.77327654788987,-0.198747346088973
"C322A-C350A","322-350",208,3809,-1.42593443053788,-2.28016298281185,-0.0368741257548376
"C322A-C350A","322-350",209,3810,-2.14491636998837,-2.56316682961211,0.358094367587767
"C322A-C350A","322-350",210,3811,-2.19133723800942,-2.07540593628461,0.930081194306134
"C322A-C350A","322-350",211,3812,-2.25435238986604,-2.35584814253572,0.808073396998933
"C322A-C350A","322-350",212,3813,-1.85159395184433,-2.29691459805389,0.197449314683707
"C322A-C350A","322-350",213,3814,-2.28535902690915,-2.3584459094319,0.95924823455535
"C322A-C350A","322-350",214,3815,-2.36336185412259,-2.3034082624888,1.0654034646406
"C322A-C350A","322-350",215,3816,-2.43703767362003,-1.91516143997775,0.567826736031842
"C322A-C350A","322-350",216,3817,-2.26089715687179,-2.16348819058886,0.454230864168686
"C322A-C350A","322-350",217,3818,-2.02396951803658,-2.47497176276364,-0.125140637228317
"C322A-C350A","322-350",218,3819,-2.53903360700848,-2.2305455862264,0.260489434478728
"C322A-C350A","322-350",219,3820,-2.55846481111367,-2.75345096700807,0.147977433754506
"C322A-C350A","322-350",220,3821,-2.63766921133406,-2.68324235468219,0.985108350464401
"C322A-C350A","322-350",221,3822,-1.7913149723869,-2.44646056959717,0.290416870597953
"C322A-C350A","322-350",222,3823,-1.67035327640542,-3.4293730674262,0.0369211560302294
"C322A-C350A","322-350",223,3824,-1.66987087336355,-3.26126771477669,0.537073863206508
"C322A-C350A","322-350",224,3825,-2.20872298393381,-1.27005127601298,0.690686731710436
"C322A-C350A","322-350",225,3826,-3.86495034290805,-0.915618156643332,0.264282721789509
"C322A-C350A","322-350",226,3827,-3.28401716049287,-1.21259485584906,0.123621787246717
"C322A-C350A","322-350",227,3828,-4.27625839151936,-0.160939921193761,0.424860653446295
"C322A-C350A","322-350",228,3829,-4.1748236886676,-0.0374797663508387,0.228604067574961
"C322A-C350A","322-350",229,3830,-3.29895497177059,-1.76206928408107,0.481898209719614
"C322A-C350A","322-350",230,3831,-3.43424331629457,-0.905350848636698,0.458861499108076
"C322A-C350A","322-350",231,3832,-3.91084798249703,0.605831785107711,0.390422563652774
"C322A-C350A","322-350",232,3833,-4.55487116269292,0.290930115251414,0.836390181259424
"C322A-C350A","322-350",233,3834,-4.22381795469376,0.52098443143642,0.594682952421745
"C322A-C350A","322-350",234,3835,-4.1978199436229,0.399913889642646,0.186868991761005
"C322A-C350A","322-350",235,3836,-4.64711643959359,1.01538004603295,0.721181124408576
"C322A-C350A","322-350",236,3837,-5.3145516040825,0.51584932633698,0.6704089694378
"C322A-C350A","322-350",237,3838,-5.1998287132258,1.43763478207298,0.711018133412793
"C322A-C350A","322-350",238,3839,-5.54219550835379,1.39846409426051,0.812412838671563
"C322A-C350A","322-350",239,3840,-5.7864942381959,1.47680202872793,1.06200589653256
"C322A-C350A","322-350",240,3841,-5.22241422105958,1.16366129276966,0.66442797329566
"C322A-C350A","322-350",241,3842,-5.02411451121661,0.126494192433909,0.514000869764393
"C322A-C350A","322-350",242,3843,-5.39521635686893,2.05523079727752,1.2640913805986
"C322A-C350A","322-350",243,3844,-4.82837417049923,2.0121767679104,0.934315947922922
"C322A-C350A","322-350",244,3845,-5.32460958248788,0.531484210931643,1.39204622093743
"C322A-C350A","322-350",245,3846,-4.63930115165512,1.34417529235363,0.85448066247811
"C322A-C350A","322-350",246,3847,-5.02560723069806,1.14886469677374,0.775351142063871
"C322A-C350A","322-350",247,3848,-5.12779061616429,1.18312815620302,0.806388705143252
"C322A-C350A","322-350",248,3849,-4.0376086340811,0.586572713799329,0.269060448495264
"C322A-C350A","322-350",249,3850,-5.093463174527,1.64226188257153,0.82855230449212
"C322A-C350A","322-350",250,3851,-5.55321196840053,1.27155848525735,1.08530822256591
"C322A-C350A","322-350",251,3852,-5.81322432691698,0.249281259398397,1.11849552348033
"C322A-C350A","322-350",252,3853,-5.61600354736595,0.207329401793209,1.70023582507199
"C322A-C350A","322-350",253,3854,-4.08289618569138,0.0627590495750444,0.465525205538327
"C322A-C350A","322-350",254,3855,-4.57806858973403,0.0934274700177463,-0.0616338537139565
"C322A-C350A","322-350",255,3856,-4.10874381364993,0.215211774957549,-0.064370777281601
"C322A-C350A","322-350",256,3857,-3.16542861136904,-1.04953748925191,0.236226091441396
"C322A-C350A","322-350",257,3858,-3.33592992505374,0.247728231318489,0.42946726630322
"C322A-C350A","322-350",258,3859,-4.41521243920686,-1.11052569328444,-0.840262560919958
"C322A-C350A","322-350",259,3860,-3.88152715281035,-0.776572436829914,-0.220800546344571
"C322A-C350A","322-350",260,3861,-4.12546413014516,0.9970063035836,-0.181787184538561
"C322A-C350A","322-350",261,3862,-5.20842574290326,0.271751254400997,0.430118934639233
"C322A-C350A","322-350",262,3863,-5.31204443999949,0.865238306864247,0.190821586038287
"C322A-C350A","322-350",263,3864,-4.75390129517204,0.436134961620294,-0.182193939675571
"C322A-C350A","322-350",264,3865,-6.13631354387901,1.76730818989131,1.021802514299
"C322A-C350A","322-350",265,3866,-5.20244224381106,-0.693838374814106,0.0583258304042827
"C322A-C350A","322-350",266,3867,-4.08388698773615,0.00871185199950001,0.217307525504411
"C322A-C350A","322-350",267,3868,-4.92291582121023,1.31864957942165,1.00981900477563
"C322A-C350A","322-350",268,3869,-5.58569328470737,0.826139142723165,1.07876919070443
"C322A-C350A","322-350",269,3870,-5.1627605999207,-0.244942072867975,0.317838066827474
"C322A-C350A","322-350",270,3871,-4.61993206693662,0.190793860109633,-0.262196001798784
"C322A-C350A","322-350",271,3872,-5.18237233784928,-0.606774927252555,-0.0715971926101761
"C322A-C350A","322-350",272,3873,-5.23702541184929,0.0766191451122856,0.0847203616313366
"C322A-C350A","322-350",273,3874,-4.55487427643764,0.726039960223462,0.803658120530657
"C322A-C350A","322-350",274,3875,-4.95183438511802,0.676136185752454,0.95166962781296
"C322A-C350A","322-350",275,3876,-4.40901742074479,0.719378363282422,0.864174089281362
"C322A-C350A","322-350",276,3877,-3.53599601196521,0.187357751966104,-0.318486319174137
"C322A-C350A","322-350",277,3878,-4.02649128116227,1.23890779748953,0.809285113353636
"C322A-C350A","322-350",278,3879,-4.11065799613606,0.799376325332096,-0.377587095414811
"C322A-C350A","322-350",279,3880,-2.5711345162634,-0.399309222010899,0.143529758632618
"C322A-C350A","322-350",280,3881,-3.69400692817663,-0.140753431983368,-0.0441355174238074
"C322A-C350A","322-350",281,3882,-4.14551259310437,0.804095140394119,-0.153253062290368
"C322A-C350A","322-350",282,3883,-4.39753716843393,-0.242586270809002,0.716827713714599
"C322A-C350A","322-350",283,3884,-5.75070096123972,1.12097783265049,1.3562182707261
"C322A-C350A","322-350",284,3885,-4.32018850129663,-0.100995290317587,-0.160961686084694
"C322A-C350A","322-350",285,3886,-4.33786163710514,0.181562056345835,0.0988953463520844
"C322A-C350A","322-350",286,3887,-5.21930010476059,0.101296229965453,0.302982652728842
"C322A-C350A","322-350",287,3888,-3.64830451624236,0.221892964212122,-0.375704548932792
"C322A-C350A","322-350",288,3889,-5.65663431554595,0.315222109264608,1.11552109422486
"C322A-C350A","322-350",289,3890,-5.38223833123818,0.799682292043514,0.310952722565901
"C322A-C350A","322-350",290,3891,-5.30620172373111,0.632664652392215,0.928607103801872
"C322A-C350A","322-350",291,3892,-5.41540859494263,0.858329931084322,0.664231321228549
"C322A-C350A","322-350",292,3893,-5.88031288907092,1.21188143884689,1.72029057061594
"C322A-C350A","322-350",293,3894,-5.81991922513243,1.14070237886572,1.82937871833374
"C322A-C350A","322-350",294,3895,-5.21286239215465,0.81457869854314,0.933889256720746
"C322A-C350A","322-350",295,3896,-5.497040614135,0.643080476512959,0.577834788018691
"C322A-C350A","322-350",296,3897,-5.41453654927526,0.384399465975661,0.127304280864528
"C322A-C350A","322-350",297,3898,-3.36083857339112,0.541153382803477,1.18313748986409
"C322A-C350A","322-350",298,3899,-3.17868537679697,0.947933743859006,0.585574058026256
"C322A-C350A","322-350",299,3900,-2.77019952996564,0.788228862158476,0.305108354971327
"C322A-C350A","322-350",300,3901,-4.16749287215669,-0.0468845662126661,0.193991937301797
"C322A-C350A","322-350",301,3902,-4.22667389169313,0.499594741752532,0.984763233722701
"C322A-C350A","322-350",302,3903,-2.7459798588456,0.0504605022243732,-1.27436070817895
"C322A-C350A","322-350",303,3904,-3.74282489740156,-0.249890105635431,-0.302224372118172
"C322A-C350A","322-350",304,3905,-3.76148456800058,0.673318828783388,-0.246868792907107
"C322A-C350A","322-350",305,3906,-5.93195097341629,0.379676497494741,0.758138823826048
"C322A-C350A","322-350",306,3907,-4.86091144904323,0.579564340606401,1.54635339812886
"C322A-C350A","322-350",307,3908,-4.49644687444795,-0.335434915001542,0.708463157098065
"C322A-C350A","322-350",308,3909,-3.94241519747841,0.164358545789651,0.75144745070016
"C322A-C350A","322-350",309,3910,-5.29759505260273,-0.178290596806622,0.650649757404809
"C322A-C350A","322-350",310,3911,-4.96031516159549,0.578642605168301,0.900285227908016
"C322A-C350A","322-350",311,3912,-5.11385979917139,0.320079535120742,0.274335777011172
"C322A-C350A","322-350",312,3913,-5.39131643722652,-0.478118107362913,0.598115261885646
"C322A-C350A","322-350",313,3914,-5.13383108254822,-0.277243484178867,1.02120871294331
"C322A-C350A","322-350",314,3915,-4.47354616794556,1.13836135390055,0.504782621345712
"C322A-C350A","322-350",315,3916,-5.49954100264124,-0.195015842577685,0.248321996044424
"C322A-C350A","322-350",316,3917,-4.4389517679908,0.0387292338638667,1.1979333631556
"C322A-C350A","322-350",317,3918,-4.87678294998146,-0.0149492437354951,1.04456814658904
"C322A-C350A","322-350",318,3919,-5.47270570266152,0.484057595748665,1.01606936002485
"C322A-C350A","322-350",319,3920,-5.23984868226679,-0.803240412218289,0.374213409319276
"C322A-C350A","322-350",320,3921,-5.44967953589414,0.380706215743565,1.08344843956376
"C322A-C350A","322-350",321,3922,-5.22957070179537,1.17847111954823,1.27202790326832
"C322A-C350A","322-350",322,3923,-4.26348731343439,-0.388506128145802,0.512218927242856
"C322A-C350A","322-350",323,3924,-4.88801861447144,0.199862032387147,0.677081560192713
"C322A-C350A","322-350",324,3925,-5.34139056221873,0.993217538032939,0.949852023283685
"C322A-C350A","322-350",325,3926,-4.17905232610494,1.09695926154347,0.639443625221377
"C322A-C350A","322-350",326,3927,-5.07071339467757,0.250425706315397,0.824215291223646
"C322A-C350A","322-350",327,3928,-4.74212996088051,0.815134634105383,1.43336932502933
"C322A-C350A","322-350",328,3929,-4.70054607005995,0.545726510748253,0.346590897982702
"C322A-C350A","322-350",329,3930,-5.12638728669296,0.579142006641141,0.558586215862757
"C322A-C350A","322-350",330,3931,-4.65185556966369,0.761845733169372,1.16524199415781
"C322A-C350A","322-350",331,3932,-4.37191608254052,0.518321180648755,0.0978023327098105
"C322A-C350A","322-350",332,3933,-3.53988616187586,0.462814063671043,-0.32714798183058
"C322A-C350A","322-350",333,3934,-2.70280765573499,0.0571354422445243,-0.164973277840427
"C322A-C350A","322-350",334,3935,-3.23494170328738,0.528313922274024,-0.196126102673101
"C322A-C350A","322-350",335,3936,-3.46334598477358,0.30485465909975,0.696251163729615
"C322A-C350A","322-350",336,3937,-3.53067623641413,1.63757165972073,0.0770029622516725
"C322A-C350A","322-350",337,3938,-3.86045015978994,0.813663400433269,0.803070311239697
"C322A-C350A","322-350",338,3939,-5.27203039425602,0.959289484316671,1.194107002952
"C322A-C350A","322-350",339,3940,-3.5492718211889,0.234899881968896,0.478801245837438
"C322A-C350A","322-350",340,3941,-3.565899270953,0.821156575682191,-0.235962439886096
"C322A-C350A","322-350",341,3942,-3.82286143729208,0.0438396318237599,0.372142653890583
"C322A-C350A","322-350",342,3943,-3.08003572990562,-0.171214215099693,0.487676382163256
"C322A-C350A","322-350",343,3944,-3.26887914001714,-0.215369131526449,0.0902318912740149
"C322A-C350A","322-350",344,3945,-3.89734005923294,0.22137094694271,0.729045878906273
"C322A-C350A","322-350",345,3946,-4.71735064958316,0.220588491564194,1.04004834586959
"C322A-C350A","322-350",346,3947,-4.45919663738011,1.89730082702354,0.895778516769893
"C322A-C350A","322-350",347,3948,-4.06822220976109,0.0770255339714361,0.193244847120545
"C322A-C350A","322-350",348,3949,-4.16558994292877,0.265696819150378,0.226031141945353
"C322A-C350A","322-350",349,3950,-3.61510594264548,0.325854773459518,-0.0555008829125112
"C322A-C350A","322-350",350,3951,-3.10177485875885,-0.0614369849120984,0.570520534648194
"C322A-C350A","322-350",351,3952,-3.89806889252217,-0.381943837106755,0.415694372075241
"C322A-C350A","322-350",352,3953,-4.45501820804733,1.6847914716198,0.906370311938155
"C322A-C350A","322-350",353,3954,-5.0802715742088,0.834324207471442,0.973357953624907
"C322A-C350A","322-350",354,3955,-5.90241993614454,1.00546862633747,1.5863519681947
"C322A-C350A","322-350",355,3956,-5.23687200657116,0.860531742783277,1.89388790467444
"C322A-C350A","322-350",356,3957,-3.51146892728418,0.177863179177407,-0.0538661341295235
"C322A-C350A","322-350",357,3958,-3.6609062051499,0.304661126323586,0.791079508795008
"C322A-C350A","322-350",358,3959,-3.8955390228278,-0.60128996506572,0.24602799512982
"C322A-C350A","322-350",359,3960,-3.21630673848829,-0.0311868269369028,0.526333017643493
"C322A-C350A","322-350",360,3961,-4.12772392474389,0.849959204555259,0.805080630623233
"C322A-C350A","322-350",361,3962,-3.06157477165515,-0.555817204464003,0.386766381450811
"C322A-C350A","322-350",362,3963,-4.67924472258858,-0.403068853812972,0.723406886307509
"C322A-C350A","322-350",363,3964,-3.41967045784369,-0.748896357684996,-0.0478314507727782
"C322A-C350A","322-350",364,3965,-3.51837378079533,-0.0926714351657854,0.675869202400198
"C322A-C350A","322-350",365,3966,-4.4522611459067,0.870514329627715,0.72301539669136
"C322A-C350A","322-350",366,3967,-4.88005184338508,0.272516697205789,0.68363014199027
"C322A-C350A","322-350",367,3968,-4.52093894498253,0.547747507960974,0.796823682594486
"C322A-C350A","322-350",368,3969,-2.87742287768729,0.445529515088234,-0.100157686311864
"C322A-C350A","322-350",369,3970,-4.71239668871093,0.403648526225638,1.32535251654794
"C322A-C350A","322-350",370,3971,-4.7464966065119,1.14727943678092,0.899809961096487
"C322A-C350A","322-350",371,3972,-4.80656074463899,1.8711584023276,0.25381358465926
"C322A-C350A","322-350",372,3973,-5.27555192054074,2.04337005619992,1.2672303310374
"C322A-C350A","322-350",373,3974,-5.23989940907527,1.19218643716934,1.5078662764862
"C322A-C350A","322-350",374,3975,-4.42441775353933,-0.306239091482815,0.405857116680487
"C322A-C350A","322-350",375,3976,-5.45331373871835,1.7123809843527,1.80261883032976
"C322A-C350A","322-350",376,3977,-4.84656203550248,0.661553053927669,0.792876654644879
"C322A-C350A","322-350",377,3978,-4.002833675586,0.29424834276343,0.364049328656407
"C322A-C350A","322-350",378,3979,-3.5647426641595,0.711684813358843,0.438010976725848
"C322A-C350A","322-350",379,3980,-2.12427563925848,-0.646909090556411,-0.083411646061839
"C322A-C350A","322-350",380,3981,-2.6466866987163,-0.00493585242328671,0.170985559006675
"C322A-C350A","322-350",381,3982,-2.51250540871958,-0.758827659515691,-1.39210321282375
"C322A-C350A","322-350",382,3983,-2.7442353703279,0.105866218530694,-0.197695593895919
"C322A-C350A","322-350",383,3984,-2.66902119324117,-0.0191231708276721,0.217823013786505
"C322A-C350A","322-350",384,3985,-2.10414898338521,-0.111772689041029,0.66365653269848
"C322A-C350A","322-350",385,3986,-2.53152367984606,-0.139112397130909,-0.0543937512602486
"C322A-C350A","322-350",386,3987,-2.245236978533,-0.497580614720453,-0.656561074880759
"C322A-C350A","322-350",387,3988,-2.66970011793165,-1.03179825319703,0.630416916588364
"C322A-C350A","322-350",388,3989,-1.73247315961499,-0.0215327657912665,-1.49759876599996
"C322A-C350A","322-350",389,3990,-2.86955323517536,-0.187071653938449,0.0697931793402674
"C322A-C350A","322-350",390,3991,-2.5762138900511,0.774886591867487,0.454211614780364
"C322A-C350A","322-350",391,3992,-2.79071077233059,-1.22004206631485,0.049176651904128
"C322A-C350A","322-350",392,3993,-2.72217468297901,-0.865000297004839,-1.09190666048248
"C322A-C350A","322-350",393,3994,-1.98988591623573,-1.06410053981883,-0.424552559107517
"C322A-C350A","322-350",394,3995,-1.19998228535898,0.113710050868024,0.172052021864084
"C322A-C350A","322-350",395,3996,-1.74562372543047,-0.652228303264857,-0.00337605131460353
"C322A-C350A","322-350",396,3997,-1.81756551740816,-0.627821248227988,-0.652704466906358
"C322A-C350A","322-350",397,3998,-1.30789152973624,-0.54479764043757,-0.426016379737627
"C322A-C350A","322-350",398,3999,-1.69919553681434,-0.452950239252571,-0.1693382933384
"C322A-C350A","322-350",399,4000,-2.36720856993514,-1.00352942162917,0.0501808361565006
"C322A-C350A","322-350",400,4001,-2.51936731268577,-0.495861990986311,0.290895381590785
"C328A-C350A","328-350",1,4002,0.0889778093241333,0.00719488910149959,0.498033097773517
"C328A-C350A","328-350",2,4003,-0.396301350110945,0.697990909955461,-0.344699803779498
"C328A-C350A","328-350",3,4004,-1.23221048556661,-0.0468388752382738,1.35933341665828
"C328A-C350A","328-350",4,4005,1.20582772327291,0.105248571354391,0.0268585049180477
"C328A-C350A","328-350",5,4006,0.599345469236784,-0.0694734314080916,0.541252015789334
"C328A-C350A","328-350",6,4007,0.0921457027733608,0.184905855308767,0.285782712435627
"C328A-C350A","328-350",7,4008,-0.318934923594044,-0.0601494736172331,1.08616458409712
"C328A-C350A","328-350",8,4009,0.663075562109923,-0.45372540355891,0.244014283535459
"C328A-C350A","328-350",9,4010,1.56777458353358,-0.823700505164969,0.708848298661903
"C328A-C350A","328-350",10,4011,0.974804925346157,-0.408826512752959,0.528268946611238
"C328A-C350A","328-350",11,4012,1.88920868499591,-1.14600919740759,-0.711378618723244
"C328A-C350A","328-350",12,4013,1.73480484386061,-0.939265462453925,-0.641390225741635
"C328A-C350A","328-350",13,4014,0.450280415128508,-0.325084535486293,0.370658229513502
"C328A-C350A","328-350",14,4015,1.68706470789228,-0.134532146071213,0.0256094355125228
"C328A-C350A","328-350",15,4016,2.08086857440499,-0.701751208867893,-0.141247456245013
"C328A-C350A","328-350",16,4017,0.146649377541784,0.041671080304416,0.776811088243232
"C328A-C350A","328-350",17,4018,1.06583063601646,-0.00883712537460461,0.55542120142798
"C328A-C350A","328-350",18,4019,2.04908677717285,0.268213733730095,-0.530903674905824
"C328A-C350A","328-350",19,4020,0.425963260089653,-0.145797466121302,-0.861356616649311
"C328A-C350A","328-350",20,4021,0.113546165013912,-1.02838056112149,-0.382022305059142
"C328A-C350A","328-350",21,4022,1.73114140900297,-0.321294782268263,-0.739771909013241
"C328A-C350A","328-350",22,4023,1.39485606558664,-0.723053333608277,-0.938320413543813
"C328A-C350A","328-350",23,4024,2.05933544680729,-1.46375931119079,-0.845339119293813
"C328A-C350A","328-350",24,4025,0.687858797272945,0.137975534713847,0.179214887861791
"C328A-C350A","328-350",25,4026,1.71717017042767,-0.401825412463885,0.514947078348931
"C328A-C350A","328-350",26,4027,1.34761806889155,-1.20909358310573,-0.274459449132039
"C328A-C350A","328-350",27,4028,1.0956902600522,-0.0524620929866975,-0.123072862073208
"C328A-C350A","328-350",28,4029,0.829953762415433,0.0745039924917731,1.07128661933279
"C328A-C350A","328-350",29,4030,0.852738819739941,0.743207469637291,0.4950249700305
"C328A-C350A","328-350",30,4031,1.81307130738188,0.262379121985307,0.822303221792454
"C328A-C350A","328-350",31,4032,1.12164399947707,0.540093592629999,0.749311808980166
"C328A-C350A","328-350",32,4033,1.24122465082641,-0.946127920578878,0.407642678448453
"C328A-C350A","328-350",33,4034,0.910561200156992,-0.819951661944584,0.0744951666152526
"C328A-C350A","328-350",34,4035,0.891139803470281,-0.375358245527503,0.188080460263131
"C328A-C350A","328-350",35,4036,0.993026903789704,-0.720244883926991,-0.154364872898474
"C328A-C350A","328-350",36,4037,0.0684477864518478,0.425690218502255,-0.432369347320284
"C328A-C350A","328-350",37,4038,0.573106161046291,0.766497886452108,-0.401743973510547
"C328A-C350A","328-350",38,4039,-0.311429279691799,0.482255904268961,0.439832279424465
"C328A-C350A","328-350",39,4040,-0.88169816433825,0.812719381960212,0.709717261779196
"C328A-C350A","328-350",40,4041,0.151500258716942,0.536418273873964,0.317355370430641
"C328A-C350A","328-350",41,4042,-0.976227770596046,0.59685857432116,-0.668219745425551
"C328A-C350A","328-350",42,4043,-0.00941884683331851,1.10292942088015,0.529086257808844
"C328A-C350A","328-350",43,4044,0.236073679087258,0.805335680952402,-0.789074180067322
"C328A-C350A","328-350",44,4045,0.562326835826074,0.84097709480322,-0.115123452822566
"C328A-C350A","328-350",45,4046,0.225357839737511,-0.208054789997524,-0.470504932450707
"C328A-C350A","328-350",46,4047,1.04704507123142,0.629322175423774,-0.256732727339681
"C328A-C350A","328-350",47,4048,1.17879870066999,-0.130114644628835,-0.734185968545996
"C328A-C350A","328-350",48,4049,1.12644696727225,0.728738738872648,-0.240769926393125
"C328A-C350A","328-350",49,4050,0.936275201661882,0.262505446451654,-0.189160637893169
"C328A-C350A","328-350",50,4051,0.455566719119932,0.569815184513274,-0.290666341061666
"C328A-C350A","328-350",51,4052,1.24970267121866,0.357439353335706,-0.37599841114491
"C328A-C350A","328-350",52,4053,1.64604677041949,0.567642739655169,0.152566797451876
"C328A-C350A","328-350",53,4054,0.581612448306153,0.215214163088501,0.0847710856417824
"C328A-C350A","328-350",54,4055,1.11357281545988,0.492877464624722,0.292571761186381
"C328A-C350A","328-350",55,4056,0.676391349630355,1.05439337767191,-0.393404523625858
"C328A-C350A","328-350",56,4057,-0.241228929343314,0.481582391458222,-0.438461660483189
"C328A-C350A","328-350",57,4058,-0.651346677333344,0.192393081886545,0.0630150958476424
"C328A-C350A","328-350",58,4059,-0.072363871724482,0.581288740165788,-0.144124872198885
"C328A-C350A","328-350",59,4060,-1.18372328870601,0.742529778986848,1.02094216036951
"C328A-C350A","328-350",60,4061,-0.0612604273684672,0.120034734148396,0.183654270700016
"C328A-C350A","328-350",61,4062,0.561205996012124,0.821125535348946,0.394053588707869
"C328A-C350A","328-350",62,4063,0.212860894299059,0.678693230824946,0.228776514286841
"C328A-C350A","328-350",63,4064,0.564854189232304,0.621646488966636,-0.363191646057869
"C328A-C350A","328-350",64,4065,0.415352659486041,0.345575110840211,0.499174743857728
"C328A-C350A","328-350",65,4066,-1.02835216154389,0.996832975688718,0.155722715022413
"C328A-C350A","328-350",66,4067,-0.246125631434827,0.14404454888798,-0.112005896973009
"C328A-C350A","328-350",67,4068,0.777078988670391,0.377922934765187,0.224695613720132
"C328A-C350A","328-350",68,4069,0.250675927282958,0.255883241120164,-0.136367987664444
"C328A-C350A","328-350",69,4070,0.583364592277838,0.392734488869816,0.0102820966060156
"C328A-C350A","328-350",70,4071,0.0163451556426166,-0.157486829381579,0.112841726694942
"C328A-C350A","328-350",71,4072,0.711848977487991,0.0249562468976172,0.947305412117297
"C328A-C350A","328-350",72,4073,-0.134580631370019,0.553145168399064,0.167523982768375
"C328A-C350A","328-350",73,4074,0.664026932699132,-0.085116518506621,0.415870249376645
"C328A-C350A","328-350",74,4075,0.787271349238212,-0.789508376382748,-0.925592009786606
"C328A-C350A","328-350",75,4076,1.08711619022873,-1.1828796599456,0.215288632395516
"C328A-C350A","328-350",76,4077,1.87377893948485,-1.18712384883344,-0.904336055404153
"C328A-C350A","328-350",77,4078,1.6856081606302,-1.10652343736051,-0.0552097412059181
"C328A-C350A","328-350",78,4079,2.40758833329746,-0.72832395596074,0.186528897161189
"C328A-C350A","328-350",79,4080,1.91537472355146,-0.823497007127113,0.0328663787651334
"C328A-C350A","328-350",80,4081,2.41149002959725,-0.416520691581499,0.270820469447734
"C328A-C350A","328-350",81,4082,1.61935724252415,-0.29697126300523,0.426297140700691
"C328A-C350A","328-350",82,4083,0.530147833367807,-0.364041503966426,-0.115885533239758
"C328A-C350A","328-350",83,4084,1.004707884828,-0.838248583190409,0.647331897859855
"C328A-C350A","328-350",84,4085,1.5030745546919,0.38126575253212,0.577525806450996
"C328A-C350A","328-350",85,4086,0.346238776232461,-0.787388550864216,0.26151901816984
"C328A-C350A","328-350",86,4087,1.55778991814566,-1.05761278683639,-0.120224563764348
"C328A-C350A","328-350",87,4088,3.62416422738502,0.358096014293508,0.284668821528738
"C328A-C350A","328-350",88,4089,2.22317505132477,0.11160576018368,0.389043157167261
"C328A-C350A","328-350",89,4090,1.58198344829833,-0.581814748011913,0.632124945347107
"C328A-C350A","328-350",90,4091,1.03026167920401,-1.14195850937868,-0.00932041004109682
"C328A-C350A","328-350",91,4092,1.32696581427004,-0.544238414976352,-0.00945412301854884
"C328A-C350A","328-350",92,4093,1.09636220684902,-1.01855790106793,0.855177716370763
"C328A-C350A","328-350",93,4094,0.921293766102348,-0.526789035453879,0.170722706942505
"C328A-C350A","328-350",94,4095,2.07597360462528,-1.05341691694073,0.869969139604964
"C328A-C350A","328-350",95,4096,2.22043310597412,-0.419659816080149,0.040936091642076
"C328A-C350A","328-350",96,4097,0.619324653670383,-1.09917465107403,0.513673014306616
"C328A-C350A","328-350",97,4098,1.46964831000599,-0.847388806546396,-0.0808471891584294
"C328A-C350A","328-350",98,4099,1.73909566464457,-1.54966812911206,0.497926487270364
"C328A-C350A","328-350",99,4100,1.81472615529416,-0.640898829515407,0.626485377614578
"C328A-C350A","328-350",100,4101,1.83283738116704,-0.722964215478537,-0.67098207103489
"C328A-C350A","328-350",101,4102,1.2578287150612,-1.21559139303567,0.887998352038432
"C328A-C350A","328-350",102,4103,1.18233685535419,-0.905780710667162,0.630801917167028
"C328A-C350A","328-350",103,4104,1.61410091979107,-0.954362227008514,-0.0865516716374952
"C328A-C350A","328-350",104,4105,1.26393723421654,-0.62172022493528,0.276783787300786
"C328A-C350A","328-350",105,4106,1.10474473939804,-0.133674129866045,0.649998933490504
"C328A-C350A","328-350",106,4107,2.63134759931273,0.448160803462833,0.737103749461581
"C328A-C350A","328-350",107,4108,2.18923155088106,-1.27261479130988,-0.48990549664841
"C328A-C350A","328-350",108,4109,1.50353456570008,-0.523690145351582,0.0196403430653871
"C328A-C350A","328-350",109,4110,1.69814547241867,-0.287510230432537,-0.843453784801983
"C328A-C350A","328-350",110,4111,0.748989227848607,-0.997585767961706,1.12389520564464
"C328A-C350A","328-350",111,4112,0.54057514055755,-0.557466554010852,0.402581406596321
"C328A-C350A","328-350",112,4113,1.4822361198823,-0.625123010625604,0.52895194331857
"C328A-C350A","328-350",113,4114,2.04995475854666,0.692819072781808,-0.271908432788301
"C328A-C350A","328-350",114,4115,1.42568839472683,0.288914312104817,0.770916324945142
"C328A-C350A","328-350",115,4116,0.871807402617904,1.07047169485114,0.69251517719787
"C328A-C350A","328-350",116,4117,0.381283238151215,0.0249953543663382,0.493175182260794
"C328A-C350A","328-350",117,4118,1.48885534987208,-0.63139376289559,0.280029687510833
"C328A-C350A","328-350",118,4119,-0.556832068507007,0.344820636762918,0.917386202373841
"C328A-C350A","328-350",119,4120,-0.676748086034473,0.69671574302252,-0.15797306330715
"C328A-C350A","328-350",120,4121,0.923996669565417,-0.986970619186778,-0.458336100657931
"C328A-C350A","328-350",121,4122,0.467499649487699,-0.198354719739761,-0.435222105213595
"C328A-C350A","328-350",122,4123,1.27099889719107,0.290444160319087,0.493478544472087
"C328A-C350A","328-350",123,4124,0.521766572737744,0.0669276093979813,0.71505695610548
"C328A-C350A","328-350",124,4125,1.54199289685045,1.09120115057954,-0.357778586472927
"C328A-C350A","328-350",125,4126,1.99166681739449,-0.457691141599186,-0.189516274936634
"C328A-C350A","328-350",126,4127,1.68273856709278,-0.233945437825679,0.612606275955543
"C328A-C350A","328-350",127,4128,1.17565308316604,-0.233647284647806,-0.0531045341369862
"C328A-C350A","328-350",128,4129,-0.410668728052959,-0.61442450073528,-0.222855725476968
"C328A-C350A","328-350",129,4130,1.50488243156388,-0.161994120416461,0.366307660295772
"C328A-C350A","328-350",130,4131,1.23508942191284,-0.640608574469171,0.78342303105975
"C328A-C350A","328-350",131,4132,1.91733416802668,-0.712353047541132,0.326519438994889
"C328A-C350A","328-350",132,4133,2.98035511188841,-0.57969146610414,-0.785601388669497
"C328A-C350A","328-350",133,4134,1.46946358980273,-0.531194573460274,0.899531105602946
"C328A-C350A","328-350",134,4135,2.65722529058482,-1.23144920464368,-0.112402730330804
"C328A-C350A","328-350",135,4136,2.09860158283673,-1.09363205436444,-0.21283655489266
"C328A-C350A","328-350",136,4137,1.40350057616126,-1.32737251133781,-0.119884842195433
"C328A-C350A","328-350",137,4138,1.1535091676996,0.135566792354228,0.040685435897948
"C328A-C350A","328-350",138,4139,1.65791473764079,-0.572581855603462,-0.282737054968936
"C328A-C350A","328-350",139,4140,-0.288914191501631,-0.715138814740364,0.639322798692384
"C328A-C350A","328-350",140,4141,1.19410696831002,0.032019189256031,0.744631210685185
"C328A-C350A","328-350",141,4142,-0.423378594512544,-0.233041155123292,1.37862947759493
"C328A-C350A","328-350",142,4143,0.0502723713992839,0.071661639019348,0.64738793688611
"C328A-C350A","328-350",143,4144,0.838045406812808,-0.856936438761262,-0.543705667056212
"C328A-C350A","328-350",144,4145,-0.0661701486884738,-0.787040146936112,-0.796907620392191
"C328A-C350A","328-350",145,4146,-0.281818635968689,-0.566587353248708,0.814535954685304
"C328A-C350A","328-350",146,4147,0.64167420718418,0.578540965784617,0.891525468823457
"C328A-C350A","328-350",147,4148,1.28123091798162,0.0365092110013898,0.226328004740929
"C328A-C350A","328-350",148,4149,1.56564286882501,0.69105374238776,1.7223045069405
"C328A-C350A","328-350",149,4150,3.32314093136564,1.36977728657918,0.347698021480845
"C328A-C350A","328-350",150,4151,1.38247940885644,0.315534381263259,0.978993808840399
"C328A-C350A","328-350",151,4152,0.798137844650002,0.116905852130325,0.158526807192983
"C328A-C350A","328-350",152,4153,0.581079052885867,-0.411092209101181,0.277937141909775
"C328A-C350A","328-350",153,4154,1.516270719655,-0.341716932433647,1.01531087822212
"C328A-C350A","328-350",154,4155,1.21423204020177,-0.849598842120445,-0.744273098778807
"C328A-C350A","328-350",155,4156,1.593434614962,0.0526442165992033,0.779462967674573
"C328A-C350A","328-350",156,4157,1.47052848706648,-0.629857813731166,0.879946963079951
"C328A-C350A","328-350",157,4158,0.83966754805137,-0.157818723748928,0.53555222393774
"C328A-C350A","328-350",158,4159,0.862092801011204,0.47438283379684,0.218001278351368
"C328A-C350A","328-350",159,4160,1.74597645789985,0.339506218787053,1.28684855748029
"C328A-C350A","328-350",160,4161,1.52897835992726,-0.330428421153539,0.898338340370835
"C328A-C350A","328-350",161,4162,2.30287035094258,0.230083987648104,0.818088453886551
"C328A-C350A","328-350",162,4163,3.66888719912559,1.19229500773963,0.553416318768066
"C328A-C350A","328-350",163,4164,1.7705373670806,-0.697989031494797,0.485343835626865
"C328A-C350A","328-350",164,4165,2.19959312463407,-0.379070319744993,0.56769930627274
"C328A-C350A","328-350",165,4166,1.70405746569825,-0.549102098009946,0.608630577606475
"C328A-C350A","328-350",166,4167,2.16044361850213,-0.442865259651169,0.337249406004911
"C328A-C350A","328-350",167,4168,1.39109679570345,-0.18562121662553,1.01290336772983
"C328A-C350A","328-350",168,4169,1.30254715678412,-0.70427431180705,0.83686765323108
"C328A-C350A","328-350",169,4170,1.37133009055923,0.0986141906401203,0.885620653279546
"C328A-C350A","328-350",170,4171,0.595322524360508,-1.13656734814369,0.556752186647694
"C328A-C350A","328-350",171,4172,1.11529544379652,-1.10071395211658,-0.406652063504916
"C328A-C350A","328-350",172,4173,0.777515183724909,-1.6291082563416,-0.122480007958899
"C328A-C350A","328-350",173,4174,1.86742884720576,-0.582848905215286,-0.876852462329406
"C328A-C350A","328-350",174,4175,1.74560448426123,-0.796675262941865,0.0133827460633862
"C328A-C350A","328-350",175,4176,1.31320237275592,-0.744837276167621,-0.090277787571104
"C328A-C350A","328-350",176,4177,1.25617575765731,-0.789406751986644,0.494564899540488
"C328A-C350A","328-350",177,4178,1.06458676079134,-0.963082691609115,-0.630043873609712
"C328A-C350A","328-350",178,4179,1.14196401227212,-0.988956156393297,-0.287970675360999
"C328A-C350A","328-350",179,4180,1.07566543475394,-1.02533134008606,0.538478156110796
"C328A-C350A","328-350",180,4181,1.41928217967954,0.177254943144434,0.81402177536479
"C328A-C350A","328-350",181,4182,1.64137911948774,0.0859550452494475,0.236391756360685
"C328A-C350A","328-350",182,4183,-0.0944630471489539,-0.309652825907138,-0.523113570023428
"C328A-C350A","328-350",183,4184,0.454953598961999,-0.758400485629101,-0.0900718302300539
"C328A-C350A","328-350",184,4185,0.75980572542707,-0.849179535770418,0.36765167811631
"C328A-C350A","328-350",185,4186,1.45504396441059,-0.660269330720604,0.114565602608996
"C328A-C350A","328-350",186,4187,0.850342595007431,-0.696515822427182,0.596515342528891
"C328A-C350A","328-350",187,4188,0.774985026489088,-1.3095708783889,-0.122157175486559
"C328A-C350A","328-350",188,4189,-0.458803339356088,-0.376959217236124,0.457979507060489
"C328A-C350A","328-350",189,4190,0.576154429724172,-0.475499388890669,0.988192800602095
"C328A-C350A","328-350",190,4191,1.11583235882872,-0.965941529279711,-0.615354408339144
"C328A-C350A","328-350",191,4192,1.08409895271782,0.0424015203181286,1.03330308715431
"C328A-C350A","328-350",192,4193,0.962763661628991,-0.169594216287502,0.150100263714059
"C328A-C350A","328-350",193,4194,0.359140099119584,-1.50418044196853,0.50062984438991
"C328A-C350A","328-350",194,4195,0.763395720487536,-0.803489202722741,-0.250266735699919
"C328A-C350A","328-350",195,4196,-0.707700260935849,-0.355195119224827,0.018156232223854
"C328A-C350A","328-350",196,4197,1.07787355977079,-0.488120973715188,1.32406905919316
"C328A-C350A","328-350",197,4198,0.783616362639434,-0.586896424529653,0.476063725956468
"C328A-C350A","328-350",198,4199,0.858828790992623,-0.664993535977477,0.201801369365612
"C328A-C350A","328-350",199,4200,0.684550322049102,-0.687678765474302,-0.108306930838424
"C328A-C350A","328-350",200,4201,1.21043199896714,-0.61850931509337,0.106996494226048
"C328A-C350A","328-350",201,4202,0.432666167609575,0.154175518524854,0.410742564634494
"C328A-C350A","328-350",202,4203,-0.388728084553537,0.349294895306959,0.534878457664322
"C328A-C350A","328-350",203,4204,0.585898785517457,-0.125269541202781,0.364653039634092
"C328A-C350A","328-350",204,4205,1.56075551676084,-0.470532000803064,0.0644502768099828
"C328A-C350A","328-350",205,4206,-0.453569926757527,-0.556696471088919,-0.0821199558526886
"C328A-C350A","328-350",206,4207,0.0804505170730785,-0.569113841710249,0.323807910450941
"C328A-C350A","328-350",207,4208,0.895722570582801,-0.0603596328160879,-0.255737761771118
"C328A-C350A","328-350",208,4209,0.448948802367288,0.260001833155793,0.821304311185843
"C328A-C350A","328-350",209,4210,-0.169160849420485,-0.575409943688612,0.687388316580867
"C328A-C350A","328-350",210,4211,0.129128768316581,0.0273448137643704,1.25368538414414
"C328A-C350A","328-350",211,4212,0.106951025590863,-0.0618022943888875,0.75690764988602
"C328A-C350A","328-350",212,4213,0.1110939534377,0.141451029224955,0.860433903807148
"C328A-C350A","328-350",213,4214,0.46327189500378,0.566308320803583,0.183034304535176
"C328A-C350A","328-350",214,4215,1.43258912063195,-0.33052893118144,0.602028900369279
"C328A-C350A","328-350",215,4216,0.866000612393142,-0.411765888254956,0.539832341531787
"C328A-C350A","328-350",216,4217,0.598291223330212,-0.0393068951461678,-0.335519969933235
"C328A-C350A","328-350",217,4218,0.620044713982788,0.455096989647976,0.102304878708005
"C328A-C350A","328-350",218,4219,0.534570569370766,0.360868024753761,-0.533091036747697
"C328A-C350A","328-350",219,4220,-0.200256685753192,0.672300543547411,-0.588886771137201
"C328A-C350A","328-350",220,4221,-0.185770265894209,0.115207466435527,-0.174426614613563
"C328A-C350A","328-350",221,4222,0.436335045576024,0.678981747968414,0.527985713296364
"C328A-C350A","328-350",222,4223,0.467091513475636,1.21610408563242,-0.401543037659809
"C328A-C350A","328-350",223,4224,-0.240857032331687,0.273817904753862,0.321478910183593
"C328A-C350A","328-350",224,4225,0.786743044456066,-0.0120950087763065,-0.157635694893898
"C328A-C350A","328-350",225,4226,0.587512689063932,1.17942495657687,-0.393484083342348
"C328A-C350A","328-350",226,4227,-0.0893771607959483,0.720953326152792,0.127339012119203
"C328A-C350A","328-350",227,4228,0.690654822954804,0.28951104258704,-0.410304481258821
"C328A-C350A","328-350",228,4229,0.194142370377223,0.0615552427660412,-0.548907023899552
"C328A-C350A","328-350",229,4230,1.17561152865329,0.449064973846868,-0.51200777463698
"C328A-C350A","328-350",230,4231,0.345036099624937,0.524137365415954,0.39199449297825
"C328A-C350A","328-350",231,4232,0.55673153377656,0.117476993353797,-0.840236465514523
"C328A-C350A","328-350",232,4233,0.380659084190539,0.916292596387737,0.613623545790912
"C328A-C350A","328-350",233,4234,0.87673251900541,0.42969072598432,-0.662727281577056
"C328A-C350A","328-350",234,4235,0.296717433458746,1.39725352371519,0.61878594169991
"C328A-C350A","328-350",235,4236,2.3189774136101,1.76313703855765,0.514961989803523
"C328A-C350A","328-350",236,4237,2.94637842489455,2.273823975804,1.10263331788999
"C328A-C350A","328-350",237,4238,2.89680654633802,0.558103913465569,-0.420061616443294
"C328A-C350A","328-350",238,4239,2.46688941425701,1.574204150213,0.323804323328457
"C328A-C350A","328-350",239,4240,2.91056314811278,1.38326413805825,0.207693205497546
"C328A-C350A","328-350",240,4241,0.851948021635187,1.48840225830931,1.04061974368713
"C328A-C350A","328-350",241,4242,1.23434334548163,1.08579039390195,0.530566453669351
"C328A-C350A","328-350",242,4243,1.81245872030586,0.515557594932484,-0.396086199452843
"C328A-C350A","328-350",243,4244,2.75840412101525,2.2346547087104,0.534648148937044
"C328A-C350A","328-350",244,4245,1.83804790874584,1.54191827396505,-0.116123445209804
"C328A-C350A","328-350",245,4246,1.80456023091311,0.919664019620282,0.585387681259828
"C328A-C350A","328-350",246,4247,1.06478477795199,1.86758153335646,0.962830613158488
"C328A-C350A","328-350",247,4248,1.42766512751941,2.18764767705261,0.835621013323372
"C328A-C350A","328-350",248,4249,2.31254292781689,1.97079162768909,-0.0434074241816396
"C328A-C350A","328-350",249,4250,2.49066098820196,0.981534010986834,0.289016986292258
"C328A-C350A","328-350",250,4251,0.769485046424757,0.0363601203804448,1.00010018519412
"C328A-C350A","328-350",251,4252,-0.183051697402598,0.336894479100817,-0.0516090268878061
"C328A-C350A","328-350",252,4253,1.51609126623896,0.366743146718728,1.18477527712768
"C328A-C350A","328-350",253,4254,0.413453078501552,-0.267356033237742,-0.296428939110964
"C328A-C350A","328-350",254,4255,-0.496256457459038,0.476654271569768,0.869720128031556
"C328A-C350A","328-350",255,4256,0.0873993828304532,0.450922825276404,-0.0983520964715662
"C328A-C350A","328-350",256,4257,0.1180298845452,0.715552386725618,-0.561397370759954
"C328A-C350A","328-350",257,4258,-0.227631635606946,0.552043062215507,0.789138551993094
"C328A-C350A","328-350",258,4259,0.384023287973104,0.503945851103311,-0.0990724226099113
"C328A-C350A","328-350",259,4260,0.953982852444165,0.820358651298395,-0.123493540161922
"C328A-C350A","328-350",260,4261,0.498514434744876,0.265013880805406,-0.130986460051116
"C328A-C350A","328-350",261,4262,2.94839475661616,1.12257857503746,-0.0944935226249605
"C328A-C350A","328-350",262,4263,-0.234491755857414,0.0922325573030382,-0.142394147064739
"C328A-C350A","328-350",263,4264,0.728700988681414,0.688618944032772,0.526115608490915
"C328A-C350A","328-350",264,4265,0.519357183489622,-0.617709458588621,0.00377365048728191
"C328A-C350A","328-350",265,4266,1.43978073258141,0.82586032730146,1.01637285148693
"C328A-C350A","328-350",266,4267,1.42159670412524,-0.256204207615974,1.31732455204866
"C328A-C350A","328-350",267,4268,1.45994511802653,-0.947266770930445,0.81176703536809
"C328A-C350A","328-350",268,4269,0.472173744832452,-0.160021440543469,-0.0883825754014675
"C328A-C350A","328-350",269,4270,1.49780508421709,-0.348760081820354,0.217874295714513
"C328A-C350A","328-350",270,4271,0.577247257218662,0.597868074351055,0.833147740239119
"C328A-C350A","328-350",271,4272,0.992674556751773,-0.431499986007461,0.259473147585364
"C328A-C350A","328-350",272,4273,0.704470945813912,-0.712908495538176,0.111055393420483
"C328A-C350A","328-350",273,4274,2.29706628023655,-0.762832000365077,-0.712211845345537
"C328A-C350A","328-350",274,4275,1.27022319524533,-1.15652817371703,-0.140728785311165
"C328A-C350A","328-350",275,4276,1.62352431357005,0.145970859640238,0.128362287774717
"C328A-C350A","328-350",276,4277,1.15440065892098,-0.655939052821136,-0.208542017255726
"C328A-C350A","328-350",277,4278,1.55129634016201,-0.613219157526415,0.188186587640312
"C328A-C350A","328-350",278,4279,0.865016970470809,-1.9492057520847,-0.235930002598159
"C328A-C350A","328-350",279,4280,1.3531387529888,-0.464075485781168,0.0480307799070372
"C328A-C350A","328-350",280,4281,0.328887816578782,-0.687524515588154,0.519347279016471
"C328A-C350A","328-350",281,4282,0.700149184694101,-0.52171479439903,0.363423442105589
"C328A-C350A","328-350",282,4283,1.38864656328546,0.415595051869614,-0.152877890911948
"C328A-C350A","328-350",283,4284,1.01490598775523,-0.457594380104175,-0.27403561025057
"C328A-C350A","328-350",284,4285,1.92935176743541,0.209560925956017,0.921829862272287
"C328A-C350A","328-350",285,4286,0.528879823638787,-0.150892261885081,1.16169910442868
"C328A-C350A","328-350",286,4287,0.792142186632943,-0.230202306220875,0.682935613966065
"C328A-C350A","328-350",287,4288,0.280710784484836,0.265648371321496,0.727800040600324
"C328A-C350A","328-350",288,4289,0.0706109509482204,0.251716075475365,0.255704249030466
"C328A-C350A","328-350",289,4290,0.247933771183492,-0.40723178471137,0.0455710902248228
"C328A-C350A","328-350",290,4291,0.68951482540656,-0.72039740879678,0.172980528311523
"C328A-C350A","328-350",291,4292,0.772139699587791,0.503618990531154,0.620955986824582
"C328A-C350A","328-350",292,4293,3.29130577274877,0.508535110647945,0.710876729068809
"C328A-C350A","328-350",293,4294,1.84325647140356,0.337489457453061,0.445428239528599
"C328A-C350A","328-350",294,4295,2.43249234905234,0.935962366623739,0.564836034505334
"C328A-C350A","328-350",295,4296,2.60979917456346,0.440817506389018,-0.279943067926438
"C328A-C350A","328-350",296,4297,1.31585169771215,-0.0398966486940819,0.213104170601648
"C328A-C350A","328-350",297,4298,1.05658755351706,-0.559844438981816,0.198144859456605
"C328A-C350A","328-350",298,4299,0.586724444889214,-0.27350341653612,-0.390737205686625
"C328A-C350A","328-350",299,4300,0.0319175151295068,0.199007750838965,0.179507216705315
"C328A-C350A","328-350",300,4301,0.384610009813739,-0.504000160179963,-1.01553255551067
"C328A-C350A","328-350",301,4302,0.911240861873723,-0.612113892653739,0.590932649444608
"C328A-C350A","328-350",302,4303,0.728296372753263,-0.68831236851795,-0.38332802283626
"C328A-C350A","328-350",303,4304,0.212414014407445,-0.547821761947498,-0.235946646783086
"C328A-C350A","328-350",304,4305,0.836193323348545,-0.521445547219055,0.0305258429140577
"C328A-C350A","328-350",305,4306,0.270757644569146,0.0622265941112312,0.457656311381312
"C328A-C350A","328-350",306,4307,2.55123542972479,-0.321572179572002,-1.171787572696
"C328A-C350A","328-350",307,4308,0.857875842453046,-0.0217747667090599,0.3064932157264
"C328A-C350A","328-350",308,4309,1.54723075535971,0.261597106721943,0.495730893878746
"C328A-C350A","328-350",309,4310,0.22861523520129,-0.327670196516477,-0.211175201371916
"C328A-C350A","328-350",310,4311,1.65767270644618,-0.868393396003075,-0.0156823801131936
"C328A-C350A","328-350",311,4312,1.12339629852241,-0.171802547972606,-0.147826380880069
"C328A-C350A","328-350",312,4313,1.31619745142374,0.223643833987493,-0.246674089660671
"C328A-C350A","328-350",313,4314,1.18085348796223,-0.00780891436277985,0.539575203274461
"C328A-C350A","328-350",314,4315,1.32435591393422,0.0246987588907324,-0.252162765596978
"C328A-C350A","328-350",315,4316,1.31518554047184,0.00694511330554465,-0.754435578190888
"C328A-C350A","328-350",316,4317,1.49014890630621,-0.869000481526228,0.460937895804728
"C328A-C350A","328-350",317,4318,1.23912368312268,-0.482802537732431,0.0493488359565741
"C328A-C350A","328-350",318,4319,2.65594231416153,-0.157475199469696,-0.13938663461542
"C328A-C350A","328-350",319,4320,0.29648095907477,-0.636240894193331,-0.448611099155126
"C328A-C350A","328-350",320,4321,1.09083262479346,-0.304123658143956,0.071498835931911
"C328A-C350A","328-350",321,4322,1.70927052663982,-1.36131245137462,0.238616314793893
"C328A-C350A","328-350",322,4323,0.286638942417522,-0.0233518213351768,0.713568685360075
"C328A-C350A","328-350",323,4324,-0.0921478969604699,0.018742438913595,0.614048628566804
"C328A-C350A","328-350",324,4325,0.455086024368165,0.949439701766506,0.343474783196609
"C328A-C350A","328-350",325,4326,-0.46399865986553,0.480651257496362,-0.192983902396785
"C328A-C350A","328-350",326,4327,-0.621303877346413,0.394748323424225,0.0183285004872395
"C328A-C350A","328-350",327,4328,-0.0782464088025411,0.221498671921492,-0.455981450173413
"C328A-C350A","328-350",328,4329,-0.23514503017377,0.983560521409532,0.0356257162033102
"C328A-C350A","328-350",329,4330,0.33099805328901,0.981841482262618,-0.229035373790232
"C328A-C350A","328-350",330,4331,0.173629122041827,-0.364452878288895,0.561027403417082
"C328A-C350A","328-350",331,4332,1.42543121257233,0.0478660714392604,-0.117925220093906
"C328A-C350A","328-350",332,4333,0.53467365936648,0.449109021045306,-0.0623870706802182
"C328A-C350A","328-350",333,4334,-0.0321984452099411,0.774280692016963,-0.466400959380171
"C328A-C350A","328-350",334,4335,0.50695303911805,0.140642446750738,-0.673411085000783
"C328A-C350A","328-350",335,4336,0.835115015953934,0.893244644144045,0.156604403851346
"C328A-C350A","328-350",336,4337,1.10083543093354,0.206929359811026,-0.985136951198051
"C328A-C350A","328-350",337,4338,0.0651271275739297,0.0563974829694677,-0.0814663969538652
"C328A-C350A","328-350",338,4339,0.0262830542613824,0.38885321414059,0.247010519653683
"C328A-C350A","328-350",339,4340,0.647315046249552,0.776199828446077,0.479981332643263
"C328A-C350A","328-350",340,4341,1.57938803937714,0.822801878989281,-0.0345045697354234
"C328A-C350A","328-350",341,4342,0.589828892848798,0.216279743510097,0.637430845668109
"C328A-C350A","328-350",342,4343,-0.64714578222277,0.721498546571017,1.30964683277567
"C328A-C350A","328-350",343,4344,-0.0485362157292418,0.91846143442743,0.504722907668754
"C328A-C350A","328-350",344,4345,0.893190776277845,0.79900888837438,-0.160747583515329
"C328A-C350A","328-350",345,4346,0.435708355625065,-0.0701132227143846,0.799485807185808
"C328A-C350A","328-350",346,4347,0.270674596226333,0.255020782227018,0.580519164519969
"C328A-C350A","328-350",347,4348,0.886632326602919,0.311667177050273,0.165658323895817
"C328A-C350A","328-350",348,4349,0.402599355788987,0.109466714396017,-0.458043326580798
"C328A-C350A","328-350",349,4350,-0.491775448320669,-0.173249111633204,-0.349740287663613
"C328A-C350A","328-350",350,4351,0.220395185219431,-0.252698681036871,-0.202740485925126
"C328A-C350A","328-350",351,4352,0.344184246717377,-0.183845344217216,-0.637056089926916
"C328A-C350A","328-350",352,4353,-0.0602745620227966,0.947752180106858,0.474755864574242
"C328A-C350A","328-350",353,4354,-0.0829523327531794,0.865239222834922,-0.580107199844223
"C328A-C350A","328-350",354,4355,0.905768171178646,0.7241247476914,-0.814660183119583
"C328A-C350A","328-350",355,4356,0.760278521209142,0.249437792732688,0.157186277475149
"C328A-C350A","328-350",356,4357,0.850205912208548,0.689995397894571,0.206299401855162
"C328A-C350A","328-350",357,4358,2.06655711623363,0.360129393654779,-0.641827083493763
"C328A-C350A","328-350",358,4359,1.91625786866608,0.315693325949861,-0.256034178624287
"C328A-C350A","328-350",359,4360,0.573349328064446,-0.00547069135330361,0.420240488956566
"C328A-C350A","328-350",360,4361,0.898117685956697,-0.676675007636549,-0.588410255405468
"C328A-C350A","328-350",361,4362,0.0262071735082379,-1.26328191403302,-0.0883795184588876
"C328A-C350A","328-350",362,4363,1.44593626192094,-1.20761523486409,0.0184156456037896
"C328A-C350A","328-350",363,4364,1.68046648831258,0.110501583746328,0.568278387386307
"C328A-C350A","328-350",364,4365,0.447403048244016,1.20146891714082,0.231949530044389
"C328A-C350A","328-350",365,4366,0.689854346110233,-0.778546847617194,-0.721885913725687
"C328A-C350A","328-350",366,4367,0.521587036501564,-1.4698567100646,0.0788687261856417
"C328A-C350A","328-350",367,4368,1.02513774574794,-1.7372078881309,-0.779838720119379
"C328A-C350A","328-350",368,4369,-0.0499668246825855,-1.25678338878155,0.792942603549093
"C328A-C350A","328-350",369,4370,1.8268721082389,-0.0903645075035474,-0.175399121095263
"C328A-C350A","328-350",370,4371,0.192953053529884,-0.631063168901822,0.918991471730381
"C328A-C350A","328-350",371,4372,0.98470230889039,1.18308236646326,1.00015164257071
"C328A-C350A","328-350",372,4373,1.02030359627131,0.363556729753165,0.00119770467041345
"C328A-C350A","328-350",373,4374,0.614576084962098,0.438501767991405,-1.13804903254268
"C328A-C350A","328-350",374,4375,-0.343089188073924,0.815424168092617,-0.4981228142396
"C328A-C350A","328-350",375,4376,-0.474826479524416,0.108517762431805,-0.236232906198338
"C328A-C350A","328-350",376,4377,0.121499405506344,0.950884628151574,-0.933743897573092
"C328A-C350A","328-350",377,4378,-0.768689457234146,1.53079746289227,-0.648644140766946
"C328A-C350A","328-350",378,4379,-0.714214868381149,0.154059057244756,-1.72358368548712
"C328A-C350A","328-350",379,4380,-0.784769881479899,0.652449012341057,-0.0978400392154154
"C328A-C350A","328-350",380,4381,-1.03381312491099,1.39374819821632,-0.779171109400633
"C328A-C350A","328-350",381,4382,-0.821571748772793,0.327308248054059,-0.210681127253164
"C328A-C350A","328-350",382,4383,-0.535083581703556,-0.229388717499434,-0.822017434177573
"C328A-C350A","328-350",383,4384,0.367057567272811,0.644297130394759,-0.516420785627815
"C328A-C350A","328-350",384,4385,0.708461812865884,0.473729292948092,0.599741918971661
"C328A-C350A","328-350",385,4386,-0.582045639172467,0.888623763101089,-0.508657723810975
"C328A-C350A","328-350",386,4387,0.0508787161383632,-0.210162707353059,0.288342196940209
"C328A-C350A","328-350",387,4388,0.331053923853673,0.731751561882565,-0.437797863412488
"C328A-C350A","328-350",388,4389,1.66828414441693,-0.223214175092062,-0.800406745545874
"C328A-C350A","328-350",389,4390,0.359008417101136,0.0750776169038266,-0.715600898767519
"C328A-C350A","328-350",390,4391,-0.345559329924815,0.814419470373228,-0.47273900294804
"C328A-C350A","328-350",391,4392,1.04614887200062,0.596152736590302,0.42315430010577
"C328A-C350A","328-350",392,4393,1.14711262234767,-0.638017838209917,-0.377321848851258
"C328A-C350A","328-350",393,4394,1.43120458965696,-1.26095542060415,0.754164944428566
"C328A-C350A","328-350",394,4395,1.01674950692762,-1.15540219362037,-0.936328920051594
"C328A-C350A","328-350",395,4396,1.39500896102736,-1.20383316011083,-0.337480643671561
"C328A-C350A","328-350",396,4397,1.28605373239415,-1.10691998329801,-0.251384441423842
"C328A-C350A","328-350",397,4398,1.2907964036923,-1.79549531900477,-0.0628896387119504
"C328A-C350A","328-350",398,4399,0.917364085330085,-1.47729507554297,0.499505889346976
"C328A-C350A","328-350",399,4400,0.850781042496569,-0.703492544849139,0.578279444224499
"C328A-C350A","328-350",400,4401,1.67113351017356,-1.3134529578506,-0.189509810639109
