"Sample","SampleRaw","Frame_local","Frame_global","PC1","PC2","PC3"
"WT","WT",1,1,-63.5889612871636,23.2601355384147,24.6112809368263
"WT","WT",2,2,-66.5804632591232,23.2596230810359,22.3652644508223
"WT","WT",3,3,-68.7611809291286,20.6042543938708,17.9562944196127
"WT","WT",4,4,-68.5115334669923,25.7670685209408,19.5141678463673
"WT","WT",5,5,-70.3911855325841,24.2055876796998,19.799370941972
"WT","WT",6,6,-69.5440228616103,25.706577122478,25.5066694626003
"WT","WT",7,7,-65.8495146075582,23.9399272370265,25.1880324288024
"WT","WT",8,8,-67.5897550192856,21.7916640436108,20.9171908138788
"WT","WT",9,9,-69.075368518172,25.9713236865645,26.5169685700787
"WT","WT",10,10,-64.275349726918,23.9767983498574,24.687019672562
"WT","WT",11,11,-68.3091310231907,27.5651700360388,23.8321425322171
"WT","WT",12,12,-58.4897331023117,30.5932792224907,17.9851115918076
"WT","WT",13,13,-58.4254103747145,29.1441576713463,14.0937404929153
"WT","WT",14,14,-58.7753669120682,26.8765193263792,14.9888616988045
"WT","WT",15,15,-58.6790109475494,22.495591115386,15.7998256107409
"WT","WT",16,16,-58.6425748610151,23.4980690427985,20.9879549914804
"WT","WT",17,17,-62.7700698964502,19.275524434857,18.8955701208082
"WT","WT",18,18,-57.43303645583,22.815242267862,17.5040243739355
"WT","WT",19,19,-52.2049397762299,25.3581372750473,15.6096376230612
"WT","WT",20,20,-52.7612484958781,29.6216141178389,15.8837556200959
"WT","WT",21,21,-51.9318269519024,28.8383492041725,17.0710351133827
"WT","WT",22,22,-49.4495690752018,31.4627441575768,22.6574708971079
"WT","WT",23,23,-50.6625869376723,29.9429542994386,20.0392079381342
"WT","WT",24,24,-48.4452384970595,28.4688627464921,23.8627661318443
"WT","WT",25,25,-51.0851811379002,29.4402447513858,21.7481366311997
"WT","WT",26,26,-57.4810075165619,27.3459885041496,24.9667633260612
"WT","WT",27,27,-53.6390834375789,29.5040207972948,21.9599749728018
"WT","WT",28,28,-52.8486056330063,30.547572097795,19.6653088949988
"WT","WT",29,29,-50.3267882493575,30.9290191002704,18.5770740557215
"WT","WT",30,30,-53.6562705277765,30.5906053580857,20.9458836508542
"WT","WT",31,31,-51.9190311210213,29.7836874021594,21.8534176950108
"WT","WT",32,32,-54.3640096659774,29.2292461579758,18.3995564670931
"WT","WT",33,33,-59.0066287159975,27.3427190872565,21.1410819439245
"WT","WT",34,34,-59.9326894546137,29.1492991706052,20.7428330463829
"WT","WT",35,35,-62.1224985968261,27.1690628504765,21.6301598957149
"WT","WT",36,36,-64.7803004042655,22.520036342755,17.7396988058497
"WT","WT",37,37,-67.8070585896461,23.0691819618481,16.6576415625312
"WT","WT",38,38,-61.8052236984526,21.9943057585408,15.2047898399098
"WT","WT",39,39,-58.8361341937109,24.552450927404,16.8552056393188
"WT","WT",40,40,-57.1395158047352,24.1846188806557,10.7359358315201
"WT","WT",41,41,-57.1265836143788,25.4729372720007,10.3446519273318
"WT","WT",42,42,-58.9410724476545,27.245148785393,9.32205613207853
"WT","WT",43,43,-64.5815182300416,27.7917508178307,9.39907183975449
"WT","WT",44,44,-64.4832348466892,27.0834578592446,8.66275695616099
"WT","WT",45,45,-63.9079281757375,28.2328313104282,9.98281269992579
"WT","WT",46,46,-67.809126179363,26.0381921443956,12.1309654607674
"WT","WT",47,47,-66.7765957167069,26.281338923633,17.1267876561687
"WT","WT",48,48,-67.0611252796366,25.0388335687743,13.6397562237844
"WT","WT",49,49,-69.9885095100308,26.9012329999804,17.1281133096709
"WT","WT",50,50,-65.9566312095081,28.7727755940318,17.2358585515517
"WT","WT",51,51,-65.9307825315949,29.9233567310445,16.2500788423522
"WT","WT",52,52,-61.9776871893046,31.7091026067742,16.9104829757884
"WT","WT",53,53,-60.6336882833368,31.2400543779721,17.5846812254149
"WT","WT",54,54,-62.9944141874275,28.3948538721866,17.7619731017797
"WT","WT",55,55,-64.9361609483036,29.4727346766233,14.0246899459511
"WT","WT",56,56,-67.9268492210956,27.7877724161249,10.9192275173048
"WT","WT",57,57,-63.8950608551955,29.1082657046885,8.41691744712139
"WT","WT",58,58,-65.6882968884223,25.7537105875094,13.3280721482885
"WT","WT",59,59,-62.4230967744077,24.6626508890339,16.1695334420002
"WT","WT",60,60,-61.3240470162459,27.0849121733775,13.4030111817137
"WT","WT",61,61,-56.9003978277672,28.4378718698678,16.1028044601753
"WT","WT",62,62,-57.1262239015755,32.2483364380226,13.0729201565394
"WT","WT",63,63,-56.2753063141087,35.7295509890402,11.0782773702863
"WT","WT",64,64,-55.2168559492229,33.0013955783763,12.5511225523898
"WT","WT",65,65,-50.5055976969196,35.5963595225531,9.34234962680936
"WT","WT",66,66,-58.5091713263494,33.971181076581,9.83938150844084
"WT","WT",67,67,-56.6312223907103,36.4194910777252,11.2540349200511
"WT","WT",68,68,-60.1076645858042,35.3192252947353,15.5789489200362
"WT","WT",69,69,-58.8482022941355,32.7115802288525,15.2694188613839
"WT","WT",70,70,-62.1791694214831,31.9960917260946,14.6082675566051
"WT","WT",71,71,-59.6958825511531,35.9421059180843,13.8508064468391
"WT","WT",72,72,-60.5939970499199,35.1637542357176,15.1300901741717
"WT","WT",73,73,-62.1730943132432,32.9696798780909,15.4903399014999
"WT","WT",74,74,-61.7162967403065,33.2456562151073,15.5917973320097
"WT","WT",75,75,-63.3700258541468,26.1373302739802,17.578445355048
"WT","WT",76,76,-64.7340473630534,28.9361058415465,16.9332890310293
"WT","WT",77,77,-60.1458311066984,30.1507584100054,16.9998793127598
"WT","WT",78,78,-61.0711135024243,30.7046638185615,15.2493458522369
"WT","WT",79,79,-56.4845550138365,34.1985204556087,15.7317235641372
"WT","WT",80,80,-58.1967572659618,32.7067287803611,16.8048998898219
"WT","WT",81,81,-55.5079255342015,31.6160473719311,15.2978314914046
"WT","WT",82,82,-53.6752023206653,30.030613696244,12.2051408722596
"WT","WT",83,83,-56.5489159874058,31.8881041565175,9.56987148020814
"WT","WT",84,84,-55.3770125034806,31.1217752355801,9.14681232196449
"WT","WT",85,85,-55.7229468209121,29.2069262228439,10.4460278114836
"WT","WT",86,86,-61.1289192869377,26.9841096159274,9.7748685220062
"WT","WT",87,87,-61.0578770066312,28.2025863228922,13.079790093031
"WT","WT",88,88,-67.7224025323345,29.5229594432386,13.9829184826326
"WT","WT",89,89,-65.8263648357674,30.190540128896,10.6275946125065
"WT","WT",90,90,-64.9870544030304,29.8228500280517,8.8021507170841
"WT","WT",91,91,-64.0223711992295,25.9818047533104,8.14503383376025
"WT","WT",92,92,-64.9602629650767,26.7251089432409,9.60507225248321
"WT","WT",93,93,-61.2278472246285,28.8962475075249,9.11500296086123
"WT","WT",94,94,-60.0009487859147,33.3535502306864,10.1929110884222
"WT","WT",95,95,-60.3936990861298,31.1091570615636,11.2487091254454
"WT","WT",96,96,-62.1228223405914,31.0877847119069,12.174888030632
"WT","WT",97,97,-61.5930767911811,28.2484472059486,11.2478968037161
"WT","WT",98,98,-62.9069385440596,31.3103606862565,10.6797728580486
"WT","WT",99,99,-57.9592676536523,27.0860889281676,7.61052557402578
"WT","WT",100,100,-58.358912296001,30.2641771828175,11.7980781276207
"WT","WT",101,101,-61.7909333042865,26.1594403296691,10.7824265961984
"WT","WT",102,102,-56.0722749070068,30.5467560477565,9.63265751243612
"WT","WT",103,103,-57.8539670872091,30.5083440002876,10.9274050464941
"WT","WT",104,104,-62.8471689989321,28.3774842275787,9.22768715832203
"WT","WT",105,105,-60.7093381219814,30.4842912109097,16.0354640454361
"WT","WT",106,106,-63.6007203090811,27.3263043605422,10.8540485245612
"WT","WT",107,107,-55.9975609878712,28.7591223870692,10.7608543570241
"WT","WT",108,108,-59.7058755543835,29.4580113399449,12.0139126630556
"WT","WT",109,109,-62.9838049759058,28.352937584001,13.2799449883458
"WT","WT",110,110,-62.1991044271207,30.4281557395464,13.6316748144702
"WT","WT",111,111,-61.1453655134125,26.8462787751847,9.72288659770146
"WT","WT",112,112,-61.5380555681446,22.6057895678578,9.72079983771666
"WT","WT",113,113,-63.1567687132955,24.9885103937957,9.80808323891489
"WT","WT",114,114,-59.2462972254671,26.8128514359619,8.54941349817883
"WT","WT",115,115,-63.6288028308928,27.775685075354,10.289330486052
"WT","WT",116,116,-61.3879161970243,26.9342866944556,8.43523165976345
"WT","WT",117,117,-61.0727272498527,29.0972161385257,11.9414123059183
"WT","WT",118,118,-64.7128075503484,29.8269390667735,16.717261958274
"WT","WT",119,119,-64.7153570933027,29.0996477460059,13.3908217846334
"WT","WT",120,120,-65.8765966531773,28.2627866467817,12.523230521097
"WT","WT",121,121,-73.5770721885682,25.7456947644626,15.6535463425972
"WT","WT",122,122,-76.4452690786989,23.3820137881766,19.3075319043738
"WT","WT",123,123,-69.2428228588115,24.9086801062858,16.7314958201626
"WT","WT",124,124,-69.684981547604,27.3046049303266,15.254552979591
"WT","WT",125,125,-69.4928473680583,22.7807658244436,17.7377650073299
"WT","WT",126,126,-70.4671081671045,21.5853916342066,15.5139649435489
"WT","WT",127,127,-73.2882259004191,26.5806975114435,14.9925968913683
"WT","WT",128,128,-71.8760728377116,22.0633163430716,17.2528288664047
"WT","WT",129,129,-76.6315238233361,20.8745568445652,18.9213124247895
"WT","WT",130,130,-78.7802819348504,21.4468022436447,20.7241599287383
"WT","WT",131,131,-77.0109199857902,19.9974359924082,16.8962097520753
"WT","WT",132,132,-77.8647654752331,19.3893530685188,18.2568854522614
"WT","WT",133,133,-76.812954019723,22.5198776296342,20.6591842879605
"WT","WT",134,134,-73.2615620924369,25.6848743666297,22.6143712411938
"WT","WT",135,135,-78.67765353235,23.6284075601875,23.1664803539554
"WT","WT",136,136,-73.1947790440815,28.0426849854133,22.261222006412
"WT","WT",137,137,-76.2488958321019,27.0565215979233,24.3226023958254
"WT","WT",138,138,-71.0257194584114,31.2291084445217,28.8171969194996
"WT","WT",139,139,-64.2086731310714,31.9448444712174,28.0812891803883
"WT","WT",140,140,-64.3170295021111,30.6663301321108,24.9011783048192
"WT","WT",141,141,-68.6602281015402,29.6609649264086,25.4689493684689
"WT","WT",142,142,-69.0194352874827,28.9695942793621,27.8597741215659
"WT","WT",143,143,-65.464776651747,30.2443256259426,27.7916196814583
"WT","WT",144,144,-65.2248202329494,28.9860095538412,22.5463107479747
"WT","WT",145,145,-68.1285749412555,23.4001359196801,19.092474359132
"WT","WT",146,146,-71.7635134160921,21.0150473952619,17.4318340739761
"WT","WT",147,147,-66.318339095096,22.4160314693846,16.980870128646
"WT","WT",148,148,-65.9458291641278,28.1274185015417,17.7190678698177
"WT","WT",149,149,-61.8887668071473,27.2824073294617,14.8407277453224
"WT","WT",150,150,-65.2258817798035,22.7782717305181,13.383424935463
"WT","WT",151,151,-64.1974115888779,26.8867460605857,11.8667717720448
"WT","WT",152,152,-61.9373627103484,28.4224519301635,15.8509789496142
"WT","WT",153,153,-59.1253012785236,29.5315228077962,20.0195208825395
"WT","WT",154,154,-55.600437808353,31.92871082071,19.7217185925128
"WT","WT",155,155,-48.3710466636724,32.8069943990984,19.787126110824
"WT","WT",156,156,-55.2143924771455,37.1926949742338,24.7760334383771
"WT","WT",157,157,-59.1813136424547,33.5212504436166,26.6413658581322
"WT","WT",158,158,-57.6719024768823,34.0387146223046,26.8153714375428
"WT","WT",159,159,-57.664287489545,34.7648356140249,28.9220907687365
"WT","WT",160,160,-54.7386298456205,36.2597684329511,24.3091326791644
"WT","WT",161,161,-54.0960263390435,39.3296502856179,24.2142378503183
"WT","WT",162,162,-52.3137521040913,39.853907375946,18.8605150936406
"WT","WT",163,163,-55.0289413133696,35.3326000140331,19.3687607237792
"WT","WT",164,164,-53.0595380866547,32.3841909627327,22.0904983429491
"WT","WT",165,165,-52.5854567825098,34.1402412411895,23.8408689552359
"WT","WT",166,166,-54.2345848900375,33.3949356324207,24.4009907922987
"WT","WT",167,167,-54.3556560602137,30.8861777576397,17.7494258053323
"WT","WT",168,168,-54.5777856184537,32.62725441865,17.1005387751358
"WT","WT",169,169,-52.8576615153164,28.223468981431,19.7417864096884
"WT","WT",170,170,-50.0595103115546,28.8024051453409,14.3475166840303
"WT","WT",171,171,-46.6531280718557,30.420132509803,18.174291534065
"WT","WT",172,172,-52.273519798526,30.7670486288245,22.1173269692065
"WT","WT",173,173,-54.8731387358524,31.4713643302335,19.1038421583443
"WT","WT",174,174,-56.583130333951,29.752711698809,19.5386362545561
"WT","WT",175,175,-58.2975574013869,30.958970204944,21.1899130002103
"WT","WT",176,176,-58.2513229719001,28.2315208568048,21.825392850378
"WT","WT",177,177,-58.873503144701,29.288563735307,21.1926258398468
"WT","WT",178,178,-58.8398814071601,26.0719867853146,20.4149913571294
"WT","WT",179,179,-63.3770521933952,28.0706694834971,18.8707569445494
"WT","WT",180,180,-58.1676030468936,26.0859297399841,12.5366888264745
"WT","WT",181,181,-56.9862423136417,28.2124740023696,8.79072190885696
"WT","WT",182,182,-59.7501935331427,26.7184193582012,8.28042760357913
"WT","WT",183,183,-66.2543930378094,25.4347441271122,11.8770610013191
"WT","WT",184,184,-65.2675792492182,22.8557084053048,7.5671257394563
"WT","WT",185,185,-58.309695408555,25.3705936603049,3.3485295708069
"WT","WT",186,186,-58.0939763292042,23.0540575652863,4.344399702805
"WT","WT",187,187,-58.2734185405972,19.9693394108487,3.18240422329007
"WT","WT",188,188,-62.9453844643525,16.5235308393501,6.03837029679585
"WT","WT",189,189,-64.1399881677396,15.3732867177392,7.8363176857649
"WT","WT",190,190,-65.6105543512409,10.5743278274486,8.03498994692697
"WT","WT",191,191,-64.4322669746559,13.624174072527,7.47978702865405
"WT","WT",192,192,-67.8442168244882,13.1331721678113,8.76561002400254
"WT","WT",193,193,-69.225368691271,13.6828594256576,9.55046663563418
"WT","WT",194,194,-69.9457959220449,14.3191215899222,12.4811449016266
"WT","WT",195,195,-68.1609232388666,10.9303776278183,11.2473556683243
"WT","WT",196,196,-66.6226883112804,8.29264365084554,8.47813618589688
"WT","WT",197,197,-65.6189533187858,11.5106143466049,9.27885792386093
"WT","WT",198,198,-61.0578410106067,14.4730807893437,9.02615483558065
"WT","WT",199,199,-64.9401790598478,6.04649583185289,11.3593932534426
"WT","WT",200,200,-58.2643794664786,3.57517929495554,11.404433953915
"WT","WT",201,201,-61.1074034090883,5.4764131154026,10.5698203590105
"WT","WT",202,202,-61.7627469399583,-1.13005554728386,2.620170301428
"WT","WT",203,203,-63.4062959467079,-4.48063654798028,2.35009263142855
"WT","WT",204,204,-63.8170314297089,-2.41791917926168,2.1403142268264
"WT","WT",205,205,-64.156821909407,-0.997158392029737,5.68597196133667
"WT","WT",206,206,-64.4078903435136,-3.84117808045429,5.10510910513707
"WT","WT",207,207,-67.478247476813,-4.41568965477241,7.05936098744228
"WT","WT",208,208,-67.8763813016075,-1.20136515358624,11.201156835083
"WT","WT",209,209,-65.6789321519608,-3.23926730021784,12.1115492659161
"WT","WT",210,210,-70.0181918669318,0.0594597668243994,16.7928484127822
"WT","WT",211,211,-70.5566281317365,-1.53871989157499,13.3615974647916
"WT","WT",212,212,-72.0805796689099,-1.84021969246317,9.37647023498286
"WT","WT",213,213,-74.6180890483455,-3.0020437319591,11.9298129532147
"WT","WT",214,214,-71.2861211021931,-4.13726988047074,10.2295476123413
"WT","WT",215,215,-69.3535330979107,-4.56210424601295,9.38351916315365
"WT","WT",216,216,-71.878839891158,-3.06480224839596,9.91646340491968
"WT","WT",217,217,-66.2858011701105,-3.4971023706627,8.111778690016
"WT","WT",218,218,-62.8672393010209,-7.44573590525131,6.8264132438438
"WT","WT",219,219,-62.172899513143,-7.76913324150395,9.86333044925323
"WT","WT",220,220,-60.2057230383846,-8.45111021829421,10.5004470550858
"WT","WT",221,221,-55.5666902620962,-6.56404420066519,17.5011818753104
"WT","WT",222,222,-57.9071875834195,-9.34487606396274,20.0978229896321
"WT","WT",223,223,-61.1063739517229,-5.56646247020958,23.6618496564997
"WT","WT",224,224,-59.6192979258141,-2.93528315370868,21.4823758720898
"WT","WT",225,225,-61.8115849249829,-4.00924906348185,17.0035639160477
"WT","WT",226,226,-61.7166246597744,-3.7505822726241,13.582929953316
"WT","WT",227,227,-65.3541575830033,-10.1521264623695,7.05919403185515
"WT","WT",228,228,-66.7203291771851,-8.16847434154513,5.63002575362971
"WT","WT",229,229,-68.3236968115283,-8.2773957755136,5.76224281363587
"WT","WT",230,230,-66.8249851736062,-5.10617031747162,3.78348254021601
"WT","WT",231,231,-62.8854592432322,-1.1811252993589,7.10700672947947
"WT","WT",232,232,-65.8019376298951,-1.3335822559357,14.8362930992205
"WT","WT",233,233,-68.7780988098824,1.45617102744625,18.1746586759892
"WT","WT",234,234,-66.6468645493991,-1.59006654176795,22.1362098327072
"WT","WT",235,235,-70.3504209211641,-0.8016740074491,23.0468742104853
"WT","WT",236,236,-73.4915622452047,0.156450899387664,24.8897390855992
"WT","WT",237,237,-74.3633353414899,-3.45393790552322,30.0714602142808
"WT","WT",238,238,-74.1585772615176,1.7761140443716,26.7426240523831
"WT","WT",239,239,-69.3533279880865,5.54940438973981,27.8464875527967
"WT","WT",240,240,-71.7937166686381,3.91569213377758,26.6807207989962
"WT","WT",241,241,-72.1277190364406,2.38981323620704,23.5743861203285
"WT","WT",242,242,-74.0423110431834,2.38892949937198,23.2551117925868
"WT","WT",243,243,-70.8484298269504,7.63359793173078,25.6589579851379
"WT","WT",244,244,-67.7024697803817,8.35670341414209,28.4509900299382
"WT","WT",245,245,-63.391825244135,7.25665669989648,29.6748345497842
"WT","WT",246,246,-67.3878965653286,11.2057821945801,28.9900537168082
"WT","WT",247,247,-64.461625313534,12.4660173781884,30.4926657385009
"WT","WT",248,248,-62.41644675999,5.02079284467456,31.8067988929056
"WT","WT",249,249,-62.7698705701204,7.44598234344238,33.2630052517413
"WT","WT",250,250,-59.958611553685,8.2154643166564,35.0892409342943
"WT","WT",251,251,-58.153098921516,11.1841084285368,32.739397090631
"WT","WT",252,252,-52.0096781357417,14.044617872946,32.8551163824745
"WT","WT",253,253,-53.9428404054045,15.3624787413763,34.7432381687285
"WT","WT",254,254,-50.8489971197864,14.9547229114935,34.0129876339877
"WT","WT",255,255,-51.8054839911356,17.9438004714451,33.7463120015255
"WT","WT",256,256,-55.4962971029169,11.9611477973639,33.71510205175
"WT","WT",257,257,-58.0967441578706,10.7825657891735,32.9114388299402
"WT","WT",258,258,-58.2047633689562,18.1259882400212,30.0614151463556
"WT","WT",259,259,-58.1436814969998,19.2451336624239,31.9981110580878
"WT","WT",260,260,-58.8591635497694,16.6162234762737,34.3683368674045
"WT","WT",261,261,-57.9683466225216,17.0758538056372,32.8881210848131
"WT","WT",262,262,-58.6159375661662,13.9151616503189,31.9358534029634
"WT","WT",263,263,-60.839160762788,6.96114749177346,32.2414681967721
"WT","WT",264,264,-61.351821513769,9.80962828635762,32.8950016528344
"WT","WT",265,265,-62.5355812075213,9.92202649454943,31.0935477593513
"WT","WT",266,266,-59.4131054233771,11.1353423477169,29.1571402629662
"WT","WT",267,267,-65.195041484545,12.4105422236579,24.5102769777594
"WT","WT",268,268,-69.571494000652,11.6069656249882,25.720169718006
"WT","WT",269,269,-75.1196714314822,12.5700641606693,21.9083514691371
"WT","WT",270,270,-68.259093736027,12.1685875368453,24.9726203015089
"WT","WT",271,271,-71.4536492282889,14.7543066464219,26.3863033912516
"WT","WT",272,272,-69.163083262718,15.4048858090507,27.6475318294756
"WT","WT",273,273,-66.3985620248578,16.2357734871404,25.7847335386149
"WT","WT",274,274,-69.9020837289289,13.6444355037766,24.1362838476805
"WT","WT",275,275,-69.4073300628181,15.3900146437863,20.186682359144
"WT","WT",276,276,-68.2157216273341,15.1881668924246,20.2217027475609
"WT","WT",277,277,-73.4839256666548,12.3069466885156,14.963596052833
"WT","WT",278,278,-75.6692229435728,14.336044644145,17.5172070047404
"WT","WT",279,279,-75.1845274833954,12.2712620333449,18.1366378496197
"WT","WT",280,280,-75.8777549634716,15.856769807489,21.3208430821399
"WT","WT",281,281,-76.0831834800265,17.2382159305094,20.3060707555875
"WT","WT",282,282,-74.9977508177871,20.8214357677006,18.8228979167548
"WT","WT",283,283,-67.238636636599,27.3275877860607,21.2322523644534
"WT","WT",284,284,-69.2709836717923,25.8665441136186,20.6644160639832
"WT","WT",285,285,-74.9376829496543,27.5079706361678,22.9506570473775
"WT","WT",286,286,-79.0994555661141,21.6712578495349,20.5223891491515
"WT","WT",287,287,-74.9755733961748,21.315042779206,19.9391047896922
"WT","WT",288,288,-75.9848581885919,23.2528265974556,18.0067204893805
"WT","WT",289,289,-75.9842683697504,19.7958810909549,16.0310668850252
"WT","WT",290,290,-72.2226280001616,24.8811598478991,18.9031304834915
"WT","WT",291,291,-70.0203049066722,23.7423614132809,21.8835184004848
"WT","WT",292,292,-73.5540820637958,18.4830973096474,19.6065973516281
"WT","WT",293,293,-71.0784274397093,17.4740538144077,17.0173057527962
"WT","WT",294,294,-71.9175304607237,20.850756184563,24.0651768000706
"WT","WT",295,295,-73.4382791125814,22.831182722126,23.3182508474542
"WT","WT",296,296,-77.0841599884376,22.0841581775848,20.5452056046449
"WT","WT",297,297,-74.2901606232406,24.4046661160534,23.1234927356109
"WT","WT",298,298,-65.9946547997944,24.7413083895955,21.8092718820909
"WT","WT",299,299,-68.1828861349355,23.1745801536,21.1526565096038
"WT","WT",300,300,-70.0476241341173,25.6019265828395,23.5712257890715
"WT","WT",301,301,-74.7066723120385,24.7981981455747,18.9191321902402
"WT","WT",302,302,-74.4782257212885,19.0407625468809,20.4483552354364
"WT","WT",303,303,-77.6880087831797,16.9639952806915,17.459550359909
"WT","WT",304,304,-78.6382756961929,15.2566138209812,20.7885998247406
"WT","WT",305,305,-73.8049668964379,17.8658519381434,24.2198513701314
"WT","WT",306,306,-75.6175649992952,19.0579064165536,23.8414934923818
"WT","WT",307,307,-72.1590631876708,21.579151829286,20.3276557863334
"WT","WT",308,308,-70.6750291752219,28.0041918640821,28.1064211836029
"WT","WT",309,309,-67.0580311376123,25.8717533603681,24.7451015329314
"WT","WT",310,310,-66.6357206542381,24.9238356752591,23.0973980508586
"WT","WT",311,311,-66.7860225943742,23.1800113105241,25.5429351828841
"WT","WT",312,312,-66.5082255267214,17.2632016895388,23.8515468614027
"WT","WT",313,313,-64.1445559754435,17.1031027996588,23.0039286386599
"WT","WT",314,314,-66.6771170491857,21.4823652785451,23.6571933325791
"WT","WT",315,315,-66.177413890302,19.9526753440462,19.8867143344214
"WT","WT",316,316,-67.4330411896242,25.0238016586165,19.1864963687387
"WT","WT",317,317,-70.020357871901,30.2653684822243,18.8133201928346
"WT","WT",318,318,-73.085828220701,29.2897391048876,20.6438322731773
"WT","WT",319,319,-71.7098812050937,26.5196509418891,23.3232442851599
"WT","WT",320,320,-73.7173475344908,26.3868189754293,22.3029233635682
"WT","WT",321,321,-70.51444451772,26.2010693189465,22.4783209148056
"WT","WT",322,322,-69.6500707160096,27.8983448868901,20.6924784449429
"WT","WT",323,323,-72.8418981334744,26.7089026403552,24.4340318752885
"WT","WT",324,324,-69.8054944115917,24.6536771924855,19.2748758563163
"WT","WT",325,325,-77.5515456964167,23.8249283145031,18.1014834671378
"WT","WT",326,326,-70.676799848099,24.5812440585319,14.4164609140987
"WT","WT",327,327,-70.118167162232,24.4964301678246,11.6352598725112
"WT","WT",328,328,-68.7152900887245,26.4442476247609,16.1804601120969
"WT","WT",329,329,-65.462499818741,31.9441731570002,13.3173399372193
"WT","WT",330,330,-69.615763336907,24.3007144139249,10.2249526507589
"WT","WT",331,331,-66.920425218128,23.7576881298002,12.6284566705381
"WT","WT",332,332,-65.8479411614846,27.346208613596,13.0472363158237
"WT","WT",333,333,-66.5880742486543,27.4142758323425,16.3426339006355
"WT","WT",334,334,-60.5838051352581,29.318090793113,18.0421300231448
"WT","WT",335,335,-63.2288553850536,29.1304410140254,16.7721507669968
"WT","WT",336,336,-60.4895171551156,29.2559296668079,15.3675416482815
"WT","WT",337,337,-62.104648039189,30.8556527181726,19.1551977868955
"WT","WT",338,338,-58.7448961181877,32.7903570777573,13.9652054201473
"WT","WT",339,339,-52.4905054400848,33.8979291320083,14.4537462627057
"WT","WT",340,340,-53.7413044353338,32.5744057765319,13.7984303641392
"WT","WT",341,341,-52.3546358882137,30.1315936284415,19.0917809535935
"WT","WT",342,342,-58.0355872925096,27.1635786579135,19.3742113773025
"WT","WT",343,343,-61.4159257205671,26.5117972397394,16.866103292539
"WT","WT",344,344,-57.5062510312888,29.2462434565181,23.1814902560342
"WT","WT",345,345,-58.8476255510435,24.9877793717674,20.9039982538082
"WT","WT",346,346,-52.2855163205517,25.3878814712462,22.372717465542
"WT","WT",347,347,-49.8616833188206,27.2867583900982,28.4258979120453
"WT","WT",348,348,-47.4901302691771,32.7386646439164,28.7779053697813
"WT","WT",349,349,-54.5610279963316,32.1348837190868,22.6965749454673
"WT","WT",350,350,-51.7793206012361,31.5084129480965,21.5736468815026
"WT","WT",351,351,-56.6765671763306,32.3316513289537,23.630999689942
"WT","WT",352,352,-59.8894718995437,29.1649873828361,24.0459610955745
"WT","WT",353,353,-57.9065225563077,28.8666683218115,21.2337632520358
"WT","WT",354,354,-56.6475076524449,32.1385588627293,21.1426951162789
"WT","WT",355,355,-57.3919606807764,30.8434786229746,25.7200179470649
"WT","WT",356,356,-53.0788016190376,34.3718449002144,30.4461045551492
"WT","WT",357,357,-55.6427634873805,34.9935118270257,25.5443665504834
"WT","WT",358,358,-55.1929235344137,33.7530391797901,18.0426846253983
"WT","WT",359,359,-55.8159173383747,34.5211804757016,22.5428907082721
"WT","WT",360,360,-49.6000511419566,35.6790983171829,24.3133589087998
"WT","WT",361,361,-56.0683606670028,36.3914280923264,22.1581460351916
"WT","WT",362,362,-57.6002305480355,34.1574243277141,18.8948014912762
"WT","WT",363,363,-63.4326897319944,34.2147522989128,17.6277278201909
"WT","WT",364,364,-61.8268107762859,29.9528407412872,16.7851006425354
"WT","WT",365,365,-60.5849467092951,30.0062445328652,12.1924298067057
"WT","WT",366,366,-58.8885082225067,31.8528970383996,10.7518234557811
"WT","WT",367,367,-55.3878837695624,32.5758774721954,15.3738563248825
"WT","WT",368,368,-60.2155220830947,27.0493736188686,13.645060012129
"WT","WT",369,369,-60.8901463549346,29.1584475095239,17.8591260870698
"WT","WT",370,370,-58.4933323593956,28.422741862539,12.175161759692
"WT","WT",371,371,-61.6838950134645,30.5561941782788,12.9686784567986
"WT","WT",372,372,-58.2841325012173,34.8604313083633,13.1757426254962
"WT","WT",373,373,-54.7300413232768,32.3276218334237,17.6457251363075
"WT","WT",374,374,-55.3772572428889,32.5559646194204,19.1110593464903
"WT","WT",375,375,-52.0361147472442,31.2348752230412,19.6972271933777
"WT","WT",376,376,-51.1381041725317,30.728456109149,23.6388494763592
"WT","WT",377,377,-48.9266557558028,32.2547376787381,26.9150921900534
"WT","WT",378,378,-48.2166587134614,33.2859510102244,24.0727449777155
"WT","WT",379,379,-48.1281201712133,33.196542398546,19.1461111116538
"WT","WT",380,380,-39.796044748629,34.9197397739196,25.4210339576551
"WT","WT",381,381,-37.325787778652,36.2809797648403,29.9591175428775
"WT","WT",382,382,-36.1538184459389,35.4632691898001,34.639783050554
"WT","WT",383,383,-40.3963485487329,36.9523845047281,33.6809592382276
"WT","WT",384,384,-38.3826593979623,37.9725271609437,37.653858558095
"WT","WT",385,385,-37.1539432096447,39.9474765952797,34.7262357260074
"WT","WT",386,386,-39.6937023893275,43.4233954802573,33.0750054955328
"WT","WT",387,387,-40.2443383070369,39.0401947223756,30.1684068389672
"WT","WT",388,388,-41.4786281336231,39.4156683020535,29.9548058579769
"WT","WT",389,389,-44.8553125742873,37.8074607944466,32.3496328402148
"WT","WT",390,390,-39.7065726941109,35.7324661333085,26.9898624674971
"WT","WT",391,391,-40.9362360143594,30.8148471086837,33.262541059021
"WT","WT",392,392,-42.8328766051657,35.0643979792279,35.2746140189736
"WT","WT",393,393,-40.1942585206336,36.5101575993072,36.1864884791491
"WT","WT",394,394,-41.0996513247513,30.8588315601015,33.7134392014002
"WT","WT",395,395,-40.111525205135,27.6673929112951,31.0633514780228
"WT","WT",396,396,-29.9426522893959,29.0154881264154,26.3548823379636
"WT","WT",397,397,-36.2741362693641,27.5341574872616,31.13203719662
"WT","WT",398,398,-42.851672701849,27.1265166887566,24.3888882502937
"WT","WT",399,399,-43.5576593366604,27.7518048444938,20.9639521707804
"WT","WT",400,400,-42.5709232893738,31.2119400726107,21.6751724081341
"C303A","303",1,401,-7.96951746584592,-20.8412131552117,-18.2830235623104
"C303A","303",2,402,-6.21216040134623,-23.4886892855724,-22.8767923070294
"C303A","303",3,403,-5.60286295262435,-19.9967598311894,-24.0025641400732
"C303A","303",4,404,-2.05532905915804,-18.8076582503311,-24.0923935035795
"C303A","303",5,405,2.92381893350697,-20.8038835162885,-26.205958030337
"C303A","303",6,406,-0.287010097887568,-23.4695992357376,-22.3341102595811
"C303A","303",7,407,-2.3134864147888,-29.7306133137706,-20.0587822936875
"C303A","303",8,408,-2.36210700045806,-26.0396633297239,-22.1034379228077
"C303A","303",9,409,-0.220480309033073,-29.8687609750106,-22.0384466998284
"C303A","303",10,410,-3.48609206094198,-28.6894710407774,-22.4084732324209
"C303A","303",11,411,-2.30881706580355,-28.4956433334828,-21.0506325302218
"C303A","303",12,412,-0.310565598315662,-26.3467356444387,-19.2117295227389
"C303A","303",13,413,5.71072939009614,-28.3934885660384,-20.3703529515823
"C303A","303",14,414,0.0429003976565794,-28.0532284035143,-21.7123132511061
"C303A","303",15,415,-1.52946316982898,-29.0138375545553,-22.7979088540177
"C303A","303",16,416,-4.38853116010065,-25.8842331267378,-21.7468966708387
"C303A","303",17,417,-5.28694837787662,-22.8885619778844,-18.2180521084446
"C303A","303",18,418,-5.50256888742276,-20.0355334269388,-16.9541493779943
"C303A","303",19,419,-2.46759543759634,-20.3596065691122,-19.1927845650989
"C303A","303",20,420,1.45864092609668,-19.4257390123129,-18.9608610210182
"C303A","303",21,421,4.31288177273965,-19.0972680867087,-15.51212126108
"C303A","303",22,422,10.3066876560687,-19.905257282098,-18.5392892053363
"C303A","303",23,423,13.8735723000467,-19.7333934743214,-17.6665131013443
"C303A","303",24,424,13.1561297891175,-21.8597541116427,-20.0697432253133
"C303A","303",25,425,14.7518246060156,-21.3956305507545,-20.2177883971485
"C303A","303",26,426,14.9368344331881,-18.8807190983015,-18.8939010832908
"C303A","303",27,427,4.21363149769912,-18.4536123992262,-13.7133574064807
"C303A","303",28,428,11.1197883381202,-18.1008924467947,-17.0295783290584
"C303A","303",29,429,10.4989993145245,-15.8684553414662,-12.4107756824423
"C303A","303",30,430,9.66486434306433,-17.3260767454662,-15.8307272093143
"C303A","303",31,431,10.5932062860391,-19.1085134847251,-16.8986367643306
"C303A","303",32,432,9.54563688775012,-16.4077814687191,-16.7503760355693
"C303A","303",33,433,8.46907336252453,-18.5400390134168,-14.09105243217
"C303A","303",34,434,4.15898006780673,-22.6334717267663,-15.671457990051
"C303A","303",35,435,3.41140008655262,-22.97852136573,-11.9253418461901
"C303A","303",36,436,9.18403165283493,-24.0253471961792,-15.098767399859
"C303A","303",37,437,9.28143115780297,-20.7873238964874,-15.0619768785139
"C303A","303",38,438,8.76847360285978,-22.8666803866388,-17.9418229267508
"C303A","303",39,439,12.162942976525,-20.515912047624,-15.5389898915909
"C303A","303",40,440,4.54258158811518,-23.329287789746,-15.2150759105754
"C303A","303",41,441,1.78778431735374,-19.0989469042802,-18.565109243666
"C303A","303",42,442,8.31320954949782,-17.8349479013446,-18.5473384518027
"C303A","303",43,443,6.00847153202548,-20.8027263836342,-18.1322240378524
"C303A","303",44,444,6.77786600912101,-21.9551669648671,-17.0069646781973
"C303A","303",45,445,4.16388660956921,-25.6315139715191,-17.1305494501832
"C303A","303",46,446,7.06520715095606,-22.7970370127881,-19.6988905312049
"C303A","303",47,447,7.88453524286233,-25.8230069350665,-16.4679737206818
"C303A","303",48,448,9.93999153450495,-28.0689634726238,-15.6518983974282
"C303A","303",49,449,10.3285922179506,-27.151535622782,-15.0728390660832
"C303A","303",50,450,5.10843335513048,-25.0515949619853,-13.2172120352382
"C303A","303",51,451,4.76184696287722,-23.7090030318297,-12.9026936375499
"C303A","303",52,452,2.68387950254953,-22.1755484597466,-13.7812589335471
"C303A","303",53,453,1.9918623402185,-22.6796653468164,-12.4031763478568
"C303A","303",54,454,3.44374609488508,-26.9121547066269,-11.2115854367462
"C303A","303",55,455,14.9165077529429,-24.9262205105188,-10.5019711699158
"C303A","303",56,456,12.0132363061169,-21.3063371183593,-11.7772871139488
"C303A","303",57,457,12.4479517026877,-18.5835461148084,-15.7245275601513
"C303A","303",58,458,18.3595732042431,-14.7114242894364,-18.180743853669
"C303A","303",59,459,15.3654494813658,-20.2933475811146,-17.5743400825184
"C303A","303",60,460,11.7437848339409,-19.8128475185063,-17.4637800710153
"C303A","303",61,461,15.0176848843654,-16.6889818406848,-18.1069256896364
"C303A","303",62,462,20.676730575189,-13.3870247158709,-15.9863855607973
"C303A","303",63,463,19.2376798440769,-13.6054074308605,-12.4008352653284
"C303A","303",64,464,12.7820093843652,-14.9077010138796,-12.5172088169949
"C303A","303",65,465,14.6640472503067,-18.5100991497683,-10.0342331921857
"C303A","303",66,466,14.6264865069826,-21.9798746802065,-12.4847194600296
"C303A","303",67,467,8.48571706779788,-21.5806003704133,-16.9650620344865
"C303A","303",68,468,13.9795550954575,-26.506359827331,-16.3855600373751
"C303A","303",69,469,15.0069075001397,-23.2911500383631,-19.0104790686104
"C303A","303",70,470,13.9694432405309,-23.3651862258858,-19.4413915651013
"C303A","303",71,471,15.2023491029451,-26.3989864052467,-16.3105045412359
"C303A","303",72,472,18.8299719398581,-27.7742068676981,-15.9261335025815
"C303A","303",73,473,20.3996946357265,-26.363507736352,-13.80261840832
"C303A","303",74,474,19.1097243754277,-31.2598562069438,-19.309762518952
"C303A","303",75,475,19.287837451405,-26.160278645725,-16.4810985836491
"C303A","303",76,476,19.0300948212899,-24.4954319800371,-17.124416036432
"C303A","303",77,477,19.299444019087,-23.6096888201133,-19.1508723930352
"C303A","303",78,478,13.4657950647176,-20.6982030143669,-23.5137999040866
"C303A","303",79,479,15.0003630393929,-20.639752801644,-25.8435334104311
"C303A","303",80,480,7.92555153097295,-19.3324499348142,-25.2329772552351
"C303A","303",81,481,2.96678621094311,-19.828818428741,-25.4035494015785
"C303A","303",82,482,4.85471124323093,-14.8697530275452,-24.1401290455207
"C303A","303",83,483,1.38465381145275,-14.9709914148151,-25.3864869131643
"C303A","303",84,484,0.969007933458835,-16.5254088253283,-25.4680812928324
"C303A","303",85,485,2.41998835311035,-20.947089044336,-25.1085868533742
"C303A","303",86,486,3.44854645384889,-18.1548646084915,-27.5430104710556
"C303A","303",87,487,3.46005569913624,-21.5474904486735,-27.2646207167808
"C303A","303",88,488,6.16015925351842,-20.1982526543193,-28.2919363511459
"C303A","303",89,489,12.8459272661001,-21.9474335070488,-28.499713620061
"C303A","303",90,490,12.6056642263465,-19.3467522530471,-23.0292483212319
"C303A","303",91,491,10.128535632064,-21.106273267589,-28.1833347960272
"C303A","303",92,492,8.20437438999151,-22.4385078348836,-20.5334906579961
"C303A","303",93,493,9.74022982973321,-22.3035630891455,-20.7411321104501
"C303A","303",94,494,8.68998828325198,-17.1304425819819,-18.6795960266685
"C303A","303",95,495,4.60905248458464,-21.3377809994588,-15.9889980298541
"C303A","303",96,496,10.4655424245656,-26.4147234029429,-12.0996920566921
"C303A","303",97,497,11.4224525862077,-28.7164556198796,-16.5326599470611
"C303A","303",98,498,-0.456251050240884,-27.4210770177348,-13.7863585911125
"C303A","303",99,499,-6.42944041711948,-26.7059558514667,-13.0696638661805
"C303A","303",100,500,-8.05958588220258,-25.4590998158665,-9.2548117957045
"C303A","303",101,501,-1.17174468657733,-29.6872191005593,-1.04571760214164
"C303A","303",102,502,-3.49497942120596,-30.3295541309151,-1.00701388838919
"C303A","303",103,503,-3.74551803794148,-34.2155179852431,-5.19733810398841
"C303A","303",104,504,-2.81110824346224,-34.8666036316195,-8.39406376418459
"C303A","303",105,505,-2.48033641113721,-31.4088188088596,-8.09515389716544
"C303A","303",106,506,-3.34894888121653,-30.266898645422,-6.5445714866764
"C303A","303",107,507,-6.13228352517727,-26.1647312748761,-2.32622120934794
"C303A","303",108,508,-6.0593502869889,-26.6892648967557,-4.06286774472612
"C303A","303",109,509,-8.79291927854632,-29.7658395750557,-2.36001471983041
"C303A","303",110,510,-13.5096220660813,-30.9487851555957,-8.06432388589571
"C303A","303",111,511,-7.37283752423481,-31.5238409880129,-10.2159129401492
"C303A","303",112,512,-7.74113342757006,-28.1222647451075,-12.3244939425797
"C303A","303",113,513,-7.04826269417871,-28.0931036771839,-17.2803854128078
"C303A","303",114,514,-3.75139844871085,-28.0954662288193,-17.6455067508175
"C303A","303",115,515,-0.943088374340167,-25.0977300593641,-16.6380962336821
"C303A","303",116,516,-6.85799805733789,-23.5425835245485,-15.8123873350844
"C303A","303",117,517,-14.2224408292662,-26.5638658540235,-12.4009976084714
"C303A","303",118,518,-5.2719638592098,-31.0448042102335,-18.4610532377746
"C303A","303",119,519,-7.29909067699528,-30.8984100505462,-15.1448765990322
"C303A","303",120,520,-5.5493862275402,-33.4533458663087,-16.4099685935699
"C303A","303",121,521,-14.3401835215379,-36.0696000311287,-20.3250969722882
"C303A","303",122,522,-11.5991397162192,-37.5302634794342,-21.8415866438695
"C303A","303",123,523,-6.30193657636256,-38.6816376707832,-24.6190685401527
"C303A","303",124,524,-5.61257936315236,-35.6312005760544,-23.3287273607408
"C303A","303",125,525,-4.33338379350923,-36.2948704051235,-20.8881149201526
"C303A","303",126,526,-4.49432473576151,-33.5460756452701,-23.18841021526
"C303A","303",127,527,-6.77296223553439,-38.2908904027092,-23.0664937374737
"C303A","303",128,528,-3.91752750411082,-38.8211856911992,-26.4133188751034
"C303A","303",129,529,-7.30793484247593,-40.1978825464769,-26.3023032604982
"C303A","303",130,530,-10.0229977958163,-34.7510428391725,-24.4954880101053
"C303A","303",131,531,-10.7199574823508,-30.3219601776116,-23.2267720789007
"C303A","303",132,532,-15.3441069150033,-29.1184270437223,-19.7251629675084
"C303A","303",133,533,-13.2155190911325,-26.9873959996803,-18.5011272801311
"C303A","303",134,534,-14.1421249844031,-23.812221838135,-18.0894948489554
"C303A","303",135,535,-17.143201673269,-20.578950392606,-17.4254843944627
"C303A","303",136,536,-15.8891559274814,-19.1960659166141,-22.1588973793332
"C303A","303",137,537,-15.4437294260038,-20.1265069064934,-20.2537076199935
"C303A","303",138,538,-21.4088463276312,-17.5669388809662,-20.1956611073276
"C303A","303",139,539,-18.4370570551295,-15.4707803383044,-19.8482818463341
"C303A","303",140,540,-17.0907845415632,-19.2114564884458,-19.3580479596705
"C303A","303",141,541,-20.2414040900806,-18.7879268541114,-20.5852606622408
"C303A","303",142,542,-19.6625313072557,-20.041699135157,-22.7364849736117
"C303A","303",143,543,-18.7779701968371,-20.0048010007122,-20.5557203363523
"C303A","303",144,544,-15.444483793584,-25.2828930109593,-18.5033745403375
"C303A","303",145,545,-19.247990519154,-26.5806550099146,-16.9479847647357
"C303A","303",146,546,-19.6559976517197,-22.8861180859964,-15.0656272521171
"C303A","303",147,547,-15.1807068252002,-30.5460465892524,-17.9221816337561
"C303A","303",148,548,-15.1965676504635,-31.7244209474531,-13.5616866390357
"C303A","303",149,549,-12.8430286627883,-33.995966487777,-12.0966321599482
"C303A","303",150,550,-12.9976963823048,-29.0619082054123,-10.9161015654465
"C303A","303",151,551,-14.5250626053629,-30.9476802866344,-14.3633241813237
"C303A","303",152,552,-21.2812337999368,-31.1515487203168,-9.68280503971465
"C303A","303",153,553,-18.4051485574419,-28.5187789089199,-11.8781899716106
"C303A","303",154,554,-22.3619280474396,-29.777769009825,-10.3979690872774
"C303A","303",155,555,-23.1386811641316,-30.3569287867623,-12.8804644120986
"C303A","303",156,556,-16.1797240312709,-30.2870591787963,-15.7498560217222
"C303A","303",157,557,-12.0799115629353,-25.3755971277834,-13.4612710410502
"C303A","303",158,558,-15.6510178306106,-25.509460325437,-12.2481538299017
"C303A","303",159,559,-16.3643748047255,-28.7830412920817,-10.5775376878149
"C303A","303",160,560,-18.6730690432778,-25.8530090679433,-6.20923978657709
"C303A","303",161,561,-11.1336277041769,-23.7313937680722,-8.39144579454167
"C303A","303",162,562,-12.4804895497106,-20.3321493223983,-6.43239283300361
"C303A","303",163,563,-19.3085116864679,-23.9318200780155,-8.6005558699486
"C303A","303",164,564,-19.6934361287585,-26.3692080077059,-6.36560788288971
"C303A","303",165,565,-18.3217396923568,-25.136414686317,-9.26834855862759
"C303A","303",166,566,-23.0972518081858,-25.6718996022186,-8.08736687775657
"C303A","303",167,567,-17.0947229232505,-25.9838670679777,-8.11999247918972
"C303A","303",168,568,-16.3502333180517,-22.6773740142991,-12.2935340628697
"C303A","303",169,569,-10.82684430333,-21.5761539904708,-15.0403515151893
"C303A","303",170,570,-5.42594514205945,-24.6151720468249,-14.939937193843
"C303A","303",171,571,-2.04412063846601,-23.1935289006677,-14.4354014857861
"C303A","303",172,572,2.34101234569912,-26.2826862735533,-14.6476198109605
"C303A","303",173,573,6.77082539032613,-25.0084747847394,-13.6193674905879
"C303A","303",174,574,6.42186324962882,-26.8375296383083,-12.0959751831239
"C303A","303",175,575,14.3994268401573,-23.0442168411482,-12.0856649145791
"C303A","303",176,576,11.5591875684555,-23.5054981225399,-18.5634891946102
"C303A","303",177,577,12.9443961299076,-28.6064560883455,-19.5174045425803
"C303A","303",178,578,11.813925461875,-26.5157328737051,-18.6707828869573
"C303A","303",179,579,15.5519363950497,-30.3640145099684,-22.0350897756446
"C303A","303",180,580,15.4276969793922,-29.5714072348296,-22.7293500361914
"C303A","303",181,581,15.5240725890075,-30.2333768203212,-19.5647985558625
"C303A","303",182,582,18.3935783922058,-30.9085067519863,-20.490875029873
"C303A","303",183,583,17.8100430917537,-29.7362483106069,-23.9260803954898
"C303A","303",184,584,22.6491483186786,-33.5745746046906,-22.3228687433834
"C303A","303",185,585,26.8644358529299,-33.4344333379708,-23.5928036013531
"C303A","303",186,586,18.8635134047767,-34.6434739390053,-25.3753616309665
"C303A","303",187,587,12.9033311110936,-29.4111592363261,-25.2119690425463
"C303A","303",188,588,11.7539308538644,-30.3748884021294,-25.8221282801343
"C303A","303",189,589,12.2295203879507,-29.2932739188436,-25.0871380391953
"C303A","303",190,590,13.3951078235193,-25.4540922667843,-26.6761484382551
"C303A","303",191,591,11.7402708835139,-22.8224019031499,-25.219619445919
"C303A","303",192,592,15.2701398509168,-24.133214892865,-27.7287942970654
"C303A","303",193,593,9.78105642484875,-27.4147225235298,-27.38805819999
"C303A","303",194,594,9.65561318347176,-24.7770914078041,-28.4272116238288
"C303A","303",195,595,16.8431898471551,-27.6830958074007,-30.1238075882033
"C303A","303",196,596,13.1005455601129,-26.2274558458497,-28.047795281193
"C303A","303",197,597,14.7353042140901,-32.8794373286138,-30.4146419448743
"C303A","303",198,598,11.0135458978937,-30.2085392127252,-30.5922271915332
"C303A","303",199,599,14.1719604928349,-24.5299789359455,-28.161262432106
"C303A","303",200,600,13.6231488358138,-26.7776805803532,-27.1966942927996
"C303A","303",201,601,22.8254779539001,-24.9707073027511,-29.4480975452229
"C303A","303",202,602,23.851215596147,-28.6026152768078,-27.2826386896075
"C303A","303",203,603,25.1343987170691,-31.4537012735201,-26.645976559178
"C303A","303",204,604,22.5819089576751,-30.1451284944106,-27.4889707421409
"C303A","303",205,605,18.5529427535365,-31.7377856705272,-29.7126680984505
"C303A","303",206,606,16.4966408280974,-31.8481924185002,-28.9918300461815
"C303A","303",207,607,16.6401096944943,-30.0997571728295,-27.6893753562759
"C303A","303",208,608,14.8424140440823,-29.139441452327,-28.708997531044
"C303A","303",209,609,14.1877311554808,-34.2384498068522,-30.3469737755335
"C303A","303",210,610,7.9247899889493,-33.3631571288214,-28.0275958880224
"C303A","303",211,611,9.40543609755643,-30.5830941914613,-27.4972051427428
"C303A","303",212,612,6.64102064735428,-31.833476157805,-25.1703428444511
"C303A","303",213,613,0.0138455822588859,-33.4002591763406,-25.3995495926432
"C303A","303",214,614,5.12615577221534,-30.8086678675093,-27.2176143275049
"C303A","303",215,615,3.5042583495819,-37.7669286557448,-27.0031601471593
"C303A","303",216,616,3.67947530055974,-37.0326072264119,-28.2697585373503
"C303A","303",217,617,1.74108026660273,-43.3353386154645,-28.5997125481057
"C303A","303",218,618,-0.314126706881856,-41.18733888356,-26.804381825824
"C303A","303",219,619,7.04074334752876,-44.0223027808668,-27.2622828789866
"C303A","303",220,620,9.83978894236456,-38.3860755326985,-28.2036969478574
"C303A","303",221,621,11.5119694034768,-34.7850605820288,-25.7315177420204
"C303A","303",222,622,10.0027480691483,-33.933918466345,-28.270874049556
"C303A","303",223,623,15.2868729221339,-33.7121475359661,-31.2841433073432
"C303A","303",224,624,14.4227131960899,-35.7651490225438,-29.4575093757947
"C303A","303",225,625,14.7472796224854,-30.6706664724139,-27.3029929244106
"C303A","303",226,626,14.2160469785712,-31.1190115393035,-28.6033279170023
"C303A","303",227,627,14.0045131781529,-31.9552504071459,-28.9582764483007
"C303A","303",228,628,15.723154959117,-29.8415876864659,-30.1437630904788
"C303A","303",229,629,12.7689489083051,-33.0706897360988,-28.8583814093155
"C303A","303",230,630,15.2144163373812,-31.9938922059362,-31.7001528745718
"C303A","303",231,631,9.87837169903626,-33.039397378713,-30.1061519339288
"C303A","303",232,632,7.06025853236777,-34.408289752567,-29.5153220432895
"C303A","303",233,633,6.82247854217231,-39.8809489853432,-28.607863421332
"C303A","303",234,634,4.39288309053653,-35.7920282464017,-27.9214082399017
"C303A","303",235,635,6.9724593352122,-33.3412731612671,-25.8478469983074
"C303A","303",236,636,15.1596667488655,-35.5736787567046,-29.1574323130663
"C303A","303",237,637,11.3811712282562,-37.1496099826521,-29.2886964994121
"C303A","303",238,638,13.1282362449694,-33.1159052033251,-30.9928636308608
"C303A","303",239,639,7.79694389054745,-30.3942363905825,-30.6537240114877
"C303A","303",240,640,9.33943841121177,-32.9676584372684,-30.3842442731531
"C303A","303",241,641,4.94554546337079,-31.973679349869,-29.6010202221243
"C303A","303",242,642,6.05954513332283,-30.2968182194584,-30.6772623931945
"C303A","303",243,643,8.04719135071113,-27.7092277556302,-31.0648774767003
"C303A","303",244,644,9.15577570682545,-29.6073405035619,-30.3443168583968
"C303A","303",245,645,4.20122564810303,-26.451942072785,-30.3411298628534
"C303A","303",246,646,8.08980536423183,-29.3944616503412,-30.0859334994358
"C303A","303",247,647,11.0950947890317,-31.3284436564381,-31.3208303681155
"C303A","303",248,648,3.03918137844835,-27.7848655233667,-28.8575903638341
"C303A","303",249,649,1.98886916155131,-27.6900115109904,-27.8021579633843
"C303A","303",250,650,5.05149051640716,-24.7441426006996,-28.7144378926895
"C303A","303",251,651,12.0575105622664,-25.7751414842694,-31.6764099167008
"C303A","303",252,652,12.314594092555,-21.1732729137822,-31.8946903597606
"C303A","303",253,653,16.4739736731556,-21.1034224281746,-32.1869091813952
"C303A","303",254,654,20.2409771255176,-23.9328204784592,-33.504447879108
"C303A","303",255,655,27.7129768369005,-26.4444051049432,-35.7551197137891
"C303A","303",256,656,27.1340014353156,-28.7615799676573,-32.8094855691643
"C303A","303",257,657,24.8609579424126,-25.7295464767988,-32.5825473857866
"C303A","303",258,658,27.1681683322287,-25.16830504724,-33.3964243541463
"C303A","303",259,659,26.2622853786261,-27.7003439781425,-34.334529855391
"C303A","303",260,660,27.2679457663648,-24.3785369793399,-33.2060500716334
"C303A","303",261,661,32.1070386580048,-28.8130527206836,-34.5658250868386
"C303A","303",262,662,32.4615396086553,-24.6458838902977,-33.4718148340455
"C303A","303",263,663,38.2022807752624,-23.7674062590256,-34.9856079109798
"C303A","303",264,664,44.3892282300352,-23.154875992246,-36.6173449230438
"C303A","303",265,665,44.6264770771388,-16.466452437263,-35.8701418862536
"C303A","303",266,666,43.6367414132976,-19.706616996861,-36.5630786956612
"C303A","303",267,667,38.6315167420458,-14.7244101922607,-34.6927332709355
"C303A","303",268,668,34.8767571172178,-20.7187092723444,-34.3528476472345
"C303A","303",269,669,35.5096929570704,-17.7330501540107,-32.908234618361
"C303A","303",270,670,37.270281603304,-21.3894922988026,-35.0832665583901
"C303A","303",271,671,41.8870541859448,-19.4154651515708,-37.1108268420261
"C303A","303",272,672,47.8523586115679,-20.8265076684221,-38.6755386806727
"C303A","303",273,673,48.778451012612,-19.3422020254212,-38.4074813722614
"C303A","303",274,674,36.9463011577243,-16.0522367567845,-36.5625835735154
"C303A","303",275,675,34.9883033973695,-18.5057488992341,-36.220980057387
"C303A","303",276,676,38.7259294701968,-20.4710606262841,-38.0215031138443
"C303A","303",277,677,40.1160164865124,-19.740398320521,-36.4636829356642
"C303A","303",278,678,36.6367686322208,-19.2353056321896,-38.0886136978815
"C303A","303",279,679,32.3524431382287,-21.3621624472058,-36.1417743671142
"C303A","303",280,680,31.612977796677,-19.4627088486577,-37.8431634498342
"C303A","303",281,681,29.8468348748743,-19.6625617137131,-37.2415436937748
"C303A","303",282,682,22.7308847287014,-16.1957169601403,-34.3760114347099
"C303A","303",283,683,29.3579226182824,-17.8134053165351,-37.7198051401343
"C303A","303",284,684,31.3121995238361,-15.4563572355129,-38.9099492574186
"C303A","303",285,685,30.5486237100664,-15.5288571186106,-38.0499560623637
"C303A","303",286,686,31.2792271776951,-12.2237095187343,-37.1450809825085
"C303A","303",287,687,32.9613284654982,-11.7496951584218,-35.3943572133891
"C303A","303",288,688,35.8912642924262,-12.2792944254079,-36.3282269886509
"C303A","303",289,689,40.1807022175537,-22.7131987801155,-38.7176275432701
"C303A","303",290,690,36.4279053852223,-25.8759921552558,-35.7814413423004
"C303A","303",291,691,35.9330045958062,-27.3807429787813,-35.7624664517841
"C303A","303",292,692,38.3788968040842,-25.9706128336519,-35.7900763746275
"C303A","303",293,693,33.4079649295902,-26.8325713347648,-35.5471657778537
"C303A","303",294,694,38.7534476148105,-29.6772706771692,-37.21828636723
"C303A","303",295,695,39.3947450410938,-33.7255334699212,-36.7241024359565
"C303A","303",296,696,47.6579367435589,-33.0031685254385,-35.7450201940741
"C303A","303",297,697,46.1759077953507,-34.0544174483631,-36.6438117379495
"C303A","303",298,698,41.6542383505507,-38.529808510903,-37.2137605160291
"C303A","303",299,699,35.5773347076871,-37.6026628658618,-33.2305163346627
"C303A","303",300,700,36.5007490889919,-34.3128668675298,-36.1993516019612
"C303A","303",301,701,34.496357343168,-37.1610083466806,-36.9225682469916
"C303A","303",302,702,34.9897116710872,-34.9820603699079,-34.3718320786249
"C303A","303",303,703,35.9635827956316,-37.4569709860616,-35.9254286854633
"C303A","303",304,704,40.4283659661554,-34.1667850645789,-36.009077017351
"C303A","303",305,705,43.0270683226188,-34.2167968247249,-38.2258691054525
"C303A","303",306,706,35.8422599002582,-37.218352635842,-37.79743541831
"C303A","303",307,707,34.0081912255579,-34.7035750220741,-37.1036954765774
"C303A","303",308,708,33.5836856867023,-35.7150054352374,-35.2440187048613
"C303A","303",309,709,35.7613033302385,-40.1357261342628,-34.757587377299
"C303A","303",310,710,36.7355437492762,-40.753927392972,-32.7687937933231
"C303A","303",311,711,33.1876619364493,-43.5315857621869,-32.1990390851639
"C303A","303",312,712,24.8511939716759,-43.320899086415,-29.9117867613587
"C303A","303",313,713,18.9709366363403,-42.0921803681412,-30.6277394391885
"C303A","303",314,714,19.804734757062,-46.6827237394964,-32.7507636837778
"C303A","303",315,715,18.5631622339121,-47.5484793676045,-30.4014611873059
"C303A","303",316,716,17.0050540798582,-45.4323324287315,-32.067101239544
"C303A","303",317,717,14.4832687819229,-45.2466662299999,-31.1545078978817
"C303A","303",318,718,12.6505328360486,-45.5331403745418,-28.2987317541955
"C303A","303",319,719,20.9773112660626,-42.6068647293522,-31.1911183930488
"C303A","303",320,720,24.1879849960491,-46.2515405116355,-31.3519680589515
"C303A","303",321,721,27.4985013572062,-44.675373235279,-31.7524561659652
"C303A","303",322,722,29.3906075358327,-45.0037896175958,-31.9389174701537
"C303A","303",323,723,36.2837672926419,-44.7963808981768,-30.3089317068193
"C303A","303",324,724,35.487161135841,-39.1474216369448,-32.5380845647727
"C303A","303",325,725,34.2538318927939,-41.5994092239729,-34.2677901838945
"C303A","303",326,726,31.3576934207843,-41.4578670995345,-32.3982020185476
"C303A","303",327,727,37.0054099508304,-41.6997008956439,-32.4039536311348
"C303A","303",328,728,31.6501965494214,-41.8719573012684,-31.552770702873
"C303A","303",329,729,34.902801094742,-42.9117739579781,-33.2753195823957
"C303A","303",330,730,34.8025094868835,-47.1599792763837,-32.584056432163
"C303A","303",331,731,35.9008917792803,-39.6613709896905,-34.4921871856941
"C303A","303",332,732,34.5948968450412,-40.3257497954224,-32.8622026028184
"C303A","303",333,733,32.1918616467891,-40.7687494222207,-32.8795115260915
"C303A","303",334,734,29.9025522044884,-43.2167044093957,-32.688707377184
"C303A","303",335,735,30.5913085380009,-42.4548663543286,-33.5375878317686
"C303A","303",336,736,29.4327190892833,-48.2035233660096,-33.8033910296946
"C303A","303",337,737,28.1850176081688,-50.4295311205748,-33.8256358356436
"C303A","303",338,738,21.9915029526871,-49.6430757616444,-34.1241117985582
"C303A","303",339,739,14.6446643578492,-47.5805127419331,-31.2346294191693
"C303A","303",340,740,14.8501425039706,-49.306917032901,-34.0428845874797
"C303A","303",341,741,12.4194360422137,-46.9977064156218,-31.3162516683744
"C303A","303",342,742,7.90911050718996,-44.2274872796946,-31.054575447538
"C303A","303",343,743,8.98727933690786,-44.4757299651364,-32.7591843540973
"C303A","303",344,744,9.65981592330982,-41.527792470581,-31.0056468097009
"C303A","303",345,745,2.67738701811392,-45.2685963052884,-31.1525240221276
"C303A","303",346,746,3.84035757009157,-49.2178558784094,-31.6756685831027
"C303A","303",347,747,6.75648480307296,-43.326786816804,-33.0459170586884
"C303A","303",348,748,3.73072409315974,-42.6071749085226,-28.0327954222152
"C303A","303",349,749,11.2078541291828,-43.2016926099205,-28.0846248924118
"C303A","303",350,750,21.8109735337277,-44.5679159741576,-31.7110458170295
"C303A","303",351,751,20.2959442240455,-38.7891860850722,-31.5367192220012
"C303A","303",352,752,24.4964570465136,-37.9014991781151,-32.9934440052742
"C303A","303",353,753,25.2337842105422,-36.177110512276,-34.7087614734553
"C303A","303",354,754,24.0605681263084,-39.1496412761222,-34.2095031610345
"C303A","303",355,755,23.722714155669,-37.8628975944511,-33.3438345014995
"C303A","303",356,756,23.0483639418705,-33.7546052024949,-32.540219424906
"C303A","303",357,757,31.4151198845709,-30.8279976271458,-32.9055330923531
"C303A","303",358,758,31.8122076589882,-32.5752174407024,-34.4016901067911
"C303A","303",359,759,28.5837008375375,-36.6385998638844,-31.7301048946404
"C303A","303",360,760,33.0040506163526,-38.982687763095,-35.3079592155189
"C303A","303",361,761,27.5190175406051,-33.0454414038782,-34.5579086753081
"C303A","303",362,762,32.3794541643291,-31.5955563182445,-34.2769611128562
"C303A","303",363,763,34.0825546200362,-30.5542179657061,-35.152224162765
"C303A","303",364,764,31.4413981929326,-29.4232154928056,-34.1658017898425
"C303A","303",365,765,31.5353230473623,-29.4668706185988,-35.8650396800882
"C303A","303",366,766,30.6442150923484,-29.4796943970562,-34.1256222943061
"C303A","303",367,767,22.8592775937098,-30.859560467749,-33.1129205367713
"C303A","303",368,768,23.323948080328,-32.1505988580553,-33.3129777817995
"C303A","303",369,769,22.9025739130122,-32.0143860998892,-32.1743110105754
"C303A","303",370,770,23.3280871959814,-37.5209134084254,-32.4846007265723
"C303A","303",371,771,20.3934563933148,-32.4331504063938,-32.1131641590269
"C303A","303",372,772,21.4940174576285,-30.3495640331012,-30.014091223196
"C303A","303",373,773,17.9751493188045,-32.5470138310346,-31.449818083512
"C303A","303",374,774,21.5143050893446,-37.917913686655,-32.0728860076984
"C303A","303",375,775,21.2466772090987,-36.0321207438314,-33.9766070330084
"C303A","303",376,776,12.2747973943828,-36.2491587217545,-29.8919537175541
"C303A","303",377,777,8.76747686476176,-36.9258800061941,-30.6813406621553
"C303A","303",378,778,7.213228808057,-33.0505816246135,-31.483657819579
"C303A","303",379,779,-3.80532415644925,-33.555409972007,-30.5430452361606
"C303A","303",380,780,-0.812524100400744,-42.1955787432758,-30.4011854082986
"C303A","303",381,781,4.19824116456336,-38.4547642999628,-31.8105956647981
"C303A","303",382,782,4.12031758547621,-35.4114369924442,-30.7368773462981
"C303A","303",383,783,0.71437931580762,-33.3009909363088,-26.7972526437442
"C303A","303",384,784,5.64173116214577,-36.8687415573178,-26.7006905035089
"C303A","303",385,785,10.2182350030764,-41.3128576574176,-29.0950264713919
"C303A","303",386,786,9.9487322902377,-42.1382789025424,-29.7351150708472
"C303A","303",387,787,12.2388854441703,-45.1418573936621,-26.6943196800556
"C303A","303",388,788,12.2875012469704,-45.0556233788285,-22.5089269583469
"C303A","303",389,789,16.0903601484595,-41.9062716144101,-29.4203278812008
"C303A","303",390,790,12.3519161391291,-37.4990831666121,-29.5952468944091
"C303A","303",391,791,3.0858837512764,-35.0064391337169,-25.8399812288875
"C303A","303",392,792,9.95800789908259,-32.4409292395754,-26.5573810612065
"C303A","303",393,793,15.194869856897,-31.474483600589,-29.4439083654387
"C303A","303",394,794,17.6298456373609,-32.0941541458293,-27.1188736519673
"C303A","303",395,795,16.4420452345227,-29.5727533429381,-26.1860884954612
"C303A","303",396,796,20.1758579091477,-27.338933125508,-29.4434162143282
"C303A","303",397,797,26.6791518633941,-26.3040112702943,-29.7723083975837
"C303A","303",398,798,25.8059076544062,-23.5680772739929,-30.7343884991756
"C303A","303",399,799,24.7475196225418,-26.2075393924493,-27.5825094585404
"C303A","303",400,800,26.3816315829798,-28.074258118387,-26.9384695790588
"C322A","322",1,801,32.1505798206132,17.5683224932369,-10.9400280172716
"C322A","322",2,802,26.20857651718,13.2394303314613,-9.71439696255961
"C322A","322",3,803,28.395145243238,10.9759215250637,-9.20590362548394
"C322A","322",4,804,25.4232298266473,7.15743173327041,-8.05114982452412
"C322A","322",5,805,25.5106469218123,6.29535873439789,-8.19312346938528
"C322A","322",6,806,24.5414368121862,2.2596446690751,-7.82062043408605
"C322A","322",7,807,29.8248789413425,1.63369593142711,-13.8366255614262
"C322A","322",8,808,29.4104056261138,1.26728719352546,-12.0624716287516
"C322A","322",9,809,32.5528677154306,-2.46709977174976,-14.2743454595473
"C322A","322",10,810,30.276951045092,-4.2433169991021,-17.9212083979605
"C322A","322",11,811,28.2152798526853,-3.60496478399392,-19.024694731594
"C322A","322",12,812,29.602001734578,-4.60657707617762,-21.2679706291904
"C322A","322",13,813,29.3858271022062,-7.55945325412205,-18.8246260425281
"C322A","322",14,814,24.45499396249,-8.4118864693506,-19.0418258081753
"C322A","322",15,815,19.5678910619171,-4.34800024327151,-17.1304458407883
"C322A","322",16,816,17.8419716987611,-1.74754018599142,-15.9008147687124
"C322A","322",17,817,13.5782248063572,-7.45803594535238,-11.9631165499948
"C322A","322",18,818,11.7735053885054,-5.72131445755502,-13.8915026106985
"C322A","322",19,819,10.8506131849255,-3.47898392981612,-11.2236499714343
"C322A","322",20,820,15.611581043805,-1.42613967699035,-11.0067329893716
"C322A","322",21,821,17.5933538729257,0.326022714506952,-8.52769413071041
"C322A","322",22,822,20.4761556379513,-2.12213395832821,-6.19465404756321
"C322A","322",23,823,20.8181954907526,3.12499384082241,-3.79279154796369
"C322A","322",24,824,16.1926039169339,4.46147775287224,0.503775866951915
"C322A","322",25,825,15.4424308631807,0.279584585614667,-1.97766126230081
"C322A","322",26,826,13.1365890067501,-0.58790492433711,-1.50316114957647
"C322A","322",27,827,14.7976988808156,-0.791470988859329,-4.01018927929809
"C322A","322",28,828,11.9319405788384,1.26095174405039,-3.9281829255505
"C322A","322",29,829,12.2288998545005,-1.45762860606467,-7.03042303314845
"C322A","322",30,830,15.3387311764238,-7.56190317163333,-13.0418620925438
"C322A","322",31,831,13.490022456495,-6.71546186766267,-12.2992819893825
"C322A","322",32,832,8.52158365313721,-6.78284717255924,-5.91523763967061
"C322A","322",33,833,7.27744546476275,-9.39906737058452,-3.07805783776841
"C322A","322",34,834,15.2612718569902,-10.7075620380593,-2.50676068832452
"C322A","322",35,835,18.6053585183824,-14.6611344965581,2.89467209457972
"C322A","322",36,836,15.2185066314109,-11.8037154299766,0.562965480744375
"C322A","322",37,837,12.2747442578004,-9.4946190203051,-5.39766695714556
"C322A","322",38,838,9.00258443535159,-9.93250238547908,-8.63853943488129
"C322A","322",39,839,11.9094824655856,-11.0318076298727,-12.5164204615411
"C322A","322",40,840,12.5769584149412,-10.0443586710597,-7.66253356061502
"C322A","322",41,841,11.1219957256673,-6.15051810045414,-6.05252537197374
"C322A","322",42,842,11.1560988263936,1.28793964875696,-9.70627218263616
"C322A","322",43,843,7.75767825698652,-0.70885717999317,-8.23027133915809
"C322A","322",44,844,6.99860879341389,-0.832971034837,-12.1978754362646
"C322A","322",45,845,6.27253302301243,-5.70252698697292,-16.181381020759
"C322A","322",46,846,8.99240416482911,3.43309049199087,-19.8420547764781
"C322A","322",47,847,4.46687677799668,3.4841330851335,-19.4229867583787
"C322A","322",48,848,8.27848533326143,6.33463316332142,-16.5509813972473
"C322A","322",49,849,14.5250904024233,3.29809605453115,-15.2919051613734
"C322A","322",50,850,12.4372046953216,2.13549845295462,-16.86106852322
"C322A","322",51,851,16.0877806558681,3.08286479183519,-21.3373949778227
"C322A","322",52,852,13.856997796449,2.08234287165481,-21.8873454799658
"C322A","322",53,853,4.59885391397291,5.84337716425389,-24.5582367087785
"C322A","322",54,854,5.82044486929764,4.07315027641996,-22.5463343844182
"C322A","322",55,855,11.341292088772,3.78256194287462,-24.1149405121241
"C322A","322",56,856,13.7336751413157,3.27094711285742,-29.4852608967832
"C322A","322",57,857,16.6630953373215,5.82173181205772,-29.663489972851
"C322A","322",58,858,12.2146715281993,6.71925990993407,-29.4054688115908
"C322A","322",59,859,15.3994480353035,4.60438374471828,-26.971008951918
"C322A","322",60,860,23.3655005304461,5.56572999636885,-31.0426468121805
"C322A","322",61,861,27.730421440493,5.16633578103456,-33.7182696670201
"C322A","322",62,862,30.107626221874,7.13795576502993,-34.3993171764155
"C322A","322",63,863,33.7508075231067,5.97103699106198,-35.6445604794995
"C322A","322",64,864,29.3814767992394,7.01526070432993,-34.57659348623
"C322A","322",65,865,26.5302222191607,2.99193319936525,-32.864388860493
"C322A","322",66,866,24.9381135385377,1.48205264425648,-33.1005848610473
"C322A","322",67,867,23.2156668554141,-2.86854899702588,-33.9487484910374
"C322A","322",68,868,23.4552793176658,0.134290146401796,-33.8877893976003
"C322A","322",69,869,21.8317418547295,-2.14795408129274,-32.0413033307084
"C322A","322",70,870,17.0863737482059,-4.50144959806073,-30.278361471746
"C322A","322",71,871,15.3802041389155,-5.75675506070979,-31.2554369996637
"C322A","322",72,872,7.48843663592805,-9.85754692729413,-27.7686297090053
"C322A","322",73,873,9.9448368037707,-9.4503741209985,-28.6617657780898
"C322A","322",74,874,10.9537484733502,-8.24922005590387,-25.759358585574
"C322A","322",75,875,17.3530667610734,-5.6670461509042,-28.1003514492557
"C322A","322",76,876,18.9942784181605,-9.84072405138145,-31.1110157577844
"C322A","322",77,877,18.9508863866658,-14.5721684026578,-29.8487184660237
"C322A","322",78,878,22.0555800052731,-13.5205113747941,-32.0057300323773
"C322A","322",79,879,21.0048275420839,-12.2819427066118,-30.3893778901481
"C322A","322",80,880,17.149000089266,-8.30136189321306,-29.3699240563248
"C322A","322",81,881,19.1347946794323,-7.9993998966624,-32.4840934483048
"C322A","322",82,882,13.3082682625629,-5.39177832697126,-31.3895777385366
"C322A","322",83,883,14.1967011454412,-6.74987904413154,-32.2510918064255
"C322A","322",84,884,13.5313441629527,-9.24616903708538,-31.0762260841253
"C322A","322",85,885,15.7394372845569,-13.4079606902414,-30.6803237253042
"C322A","322",86,886,18.5024132489307,-11.7398929956443,-30.3026750912357
"C322A","322",87,887,12.9391146102305,-8.87892333821681,-30.5870049201783
"C322A","322",88,888,9.81840229470832,-7.4116594815736,-30.0998742481725
"C322A","322",89,889,17.3996514675172,-11.3283298582138,-30.6876111611931
"C322A","322",90,890,17.580518038585,-5.9996822931725,-32.758657637957
"C322A","322",91,891,16.8203170088426,-2.58446387441441,-33.5193527259173
"C322A","322",92,892,15.024339391431,-2.79689086927901,-34.1245625274308
"C322A","322",93,893,7.10433574648525,-2.26509475963082,-31.4894391501558
"C322A","322",94,894,9.08607778636516,-9.09062078024558,-31.3819381667489
"C322A","322",95,895,9.92543855185068,-1.79829586908352,-30.7993508191559
"C322A","322",96,896,14.2073215789993,-2.24505778845269,-31.9951166999514
"C322A","322",97,897,13.4298360188203,-2.38475241744513,-29.8988156888417
"C322A","322",98,898,11.7088306599117,1.15194596988759,-28.3369150968649
"C322A","322",99,899,11.2662935618297,6.51937618153083,-28.240177185593
"C322A","322",100,900,8.34624278021849,2.99508578547336,-28.3050848827147
"C322A","322",101,901,6.48595136445293,1.14488448167495,-28.1085073649782
"C322A","322",102,902,10.4241910511771,2.50035795064436,-28.0360396380345
"C322A","322",103,903,6.79022644928525,2.7947598464319,-27.3367963134918
"C322A","322",104,904,0.232633974569444,2.06515474871177,-27.6949982525279
"C322A","322",105,905,-4.14224064840582,1.69777610511553,-28.579583547131
"C322A","322",106,906,-1.2738975058128,0.606694814672682,-29.5313591237474
"C322A","322",107,907,1.76876942706069,-3.03772321325545,-29.4249934483979
"C322A","322",108,908,0.477843971415436,-2.27857461582179,-28.8184076659669
"C322A","322",109,909,-0.307626882764337,-3.54749437872786,-28.1849852070624
"C322A","322",110,910,5.72833042849338,-2.61874138407684,-28.9958330900407
"C322A","322",111,911,5.46775303979551,-3.42298363281835,-29.4082895321853
"C322A","322",112,912,10.4491308487076,-2.12181668759096,-28.6929120264334
"C322A","322",113,913,9.09043480240733,-1.45743697269443,-26.9350137900939
"C322A","322",114,914,6.63246885277873,-1.96511610344877,-26.5993055276777
"C322A","322",115,915,8.18187168967497,-4.07601170109268,-25.5005022104967
"C322A","322",116,916,-2.28934285702136,-1.48391116515865,-18.0237689384736
"C322A","322",117,917,-0.225151594515184,-5.77400271954643,-17.0418675724986
"C322A","322",118,918,0.345987241820305,-9.08952819350958,-22.2974234317582
"C322A","322",119,919,7.11256976755125,-5.29782392295606,-24.8356046186822
"C322A","322",120,920,8.03013090650692,-10.7659958545543,-27.357918432005
"C322A","322",121,921,14.5238622626903,-12.0059330703873,-30.1162091263148
"C322A","322",122,922,19.5296039495938,-12.115781826991,-32.175828510145
"C322A","322",123,923,22.5210598354616,-15.9696750576126,-31.0464050803779
"C322A","322",124,924,23.3513174768852,-18.0301620669938,-30.0144541093262
"C322A","322",125,925,24.6879552550653,-16.9575461478858,-27.7457638773837
"C322A","322",126,926,27.6745330333299,-16.8046969595331,-30.2941902154505
"C322A","322",127,927,28.7788012948802,-16.3373105242493,-31.4531428630179
"C322A","322",128,928,26.0732806273992,-15.845522198312,-26.3702034869838
"C322A","322",129,929,23.7894099094167,-13.8251113693662,-28.5757085125276
"C322A","322",130,930,24.3705502969768,-9.14393519745903,-27.0573352835027
"C322A","322",131,931,22.8522841659443,-14.8383747646353,-30.6809556894206
"C322A","322",132,932,32.8259221936087,-16.6801787955032,-30.0027388004884
"C322A","322",133,933,32.2749679048654,-15.8063945567839,-29.3189208190448
"C322A","322",134,934,29.0541012215708,-16.0956805825389,-27.7255776199246
"C322A","322",135,935,25.3393815847695,-18.2569112935288,-27.9937348749329
"C322A","322",136,936,21.8892289469881,-18.3371940926934,-28.6400654992018
"C322A","322",137,937,18.9025999017835,-16.229343181255,-30.9911326260935
"C322A","322",138,938,16.3327328083661,-16.7495720024647,-29.6642960438635
"C322A","322",139,939,15.6471991268653,-17.9012957519631,-31.1341907995704
"C322A","322",140,940,13.5099806628034,-17.3780462084251,-31.9854927977283
"C322A","322",141,941,12.8132085434491,-20.3025737984074,-29.8730847260581
"C322A","322",142,942,16.0659246781923,-21.6288880158264,-29.2656522724025
"C322A","322",143,943,18.8295594652518,-18.1167861003699,-30.9460311454957
"C322A","322",144,944,18.9336055515296,-18.1365030726236,-31.7037349926389
"C322A","322",145,945,16.8629934283104,-17.8816305617909,-29.8861828773822
"C322A","322",146,946,12.5723255102722,-14.5801600168677,-28.1056542455165
"C322A","322",147,947,10.5365846220249,-9.09067570093145,-28.4919435415995
"C322A","322",148,948,9.60411286261356,-3.439604432892,-29.3407367698114
"C322A","322",149,949,10.8473886277285,-1.96753130536978,-30.9413879876851
"C322A","322",150,950,14.1400642064004,-6.67480785023425,-32.2205440656123
"C322A","322",151,951,14.5452926667646,-5.08204451578581,-32.296822506583
"C322A","322",152,952,6.52818409403683,-9.9482885926559,-31.8975573024124
"C322A","322",153,953,7.5502451138496,-12.6133495028634,-31.5042850207033
"C322A","322",154,954,9.0928135940108,-12.7894756913939,-27.9912552447088
"C322A","322",155,955,6.2627088312377,-8.70089264980458,-28.6011545406376
"C322A","322",156,956,5.23491265629679,-6.8314812549232,-29.5994363882784
"C322A","322",157,957,8.4897682513935,0.941038784867148,-29.8292480238494
"C322A","322",158,958,11.7013763064372,-3.58954037925794,-29.8066033890318
"C322A","322",159,959,12.0497399284476,-3.40777805985776,-31.398238625553
"C322A","322",160,960,15.0571171354182,-2.8521112189815,-31.9479979157672
"C322A","322",161,961,16.9761041925544,-5.29695899926359,-30.3601640175877
"C322A","322",162,962,19.790368263708,-6.32409735277262,-29.4155920802933
"C322A","322",163,963,26.0186340850446,-4.69254608072719,-28.5827484043811
"C322A","322",164,964,34.158583584628,-4.27692243186049,-30.9734141967452
"C322A","322",165,965,30.004994504169,-5.62285945538041,-32.2301408022694
"C322A","322",166,966,23.284942599539,-4.67690650219681,-32.9575283106933
"C322A","322",167,967,21.1720856557878,-3.11060412016828,-31.2312624162262
"C322A","322",168,968,21.1217301385473,-2.21134648008783,-32.0964384356764
"C322A","322",169,969,26.3912010142372,0.4322659649558,-33.4426291599993
"C322A","322",170,970,26.0210391598133,-0.576069217771297,-30.4441739596354
"C322A","322",171,971,24.9599625573549,-1.07466879723469,-29.2905876895989
"C322A","322",172,972,17.8535570360967,1.74431774836106,-25.8200334223234
"C322A","322",173,973,16.6399280198743,2.0793512229997,-27.2120341533839
"C322A","322",174,974,12.3281155473501,1.02563685014329,-27.0466350173079
"C322A","322",175,975,12.6423700754011,0.0538179024206911,-28.1617828065229
"C322A","322",176,976,16.9296868547955,-1.995723095039,-29.059432837995
"C322A","322",177,977,18.260518938753,3.34560830931216,-30.2401726234872
"C322A","322",178,978,12.9594796353939,5.81675121511575,-28.7813397416835
"C322A","322",179,979,10.7930422135419,4.16576893676568,-29.7793854041939
"C322A","322",180,980,10.9108829860293,-3.04242962595295,-29.1039278615183
"C322A","322",181,981,12.7664633892108,-4.60959036243115,-29.9817890716187
"C322A","322",182,982,11.3213662362779,-5.93067336930569,-30.1636606073916
"C322A","322",183,983,12.732404916973,-7.05500816530547,-29.6651412423767
"C322A","322",184,984,11.8094646767833,-3.1652943059512,-31.6821147312058
"C322A","322",185,985,15.1759737186284,-4.84418088905008,-32.239486910073
"C322A","322",186,986,11.9221253415999,3.22333851225024,-30.6918139203846
"C322A","322",187,987,13.3813689622376,1.63646280353499,-31.7965334878479
"C322A","322",188,988,12.3046809364287,0.0136596285283783,-30.2275074645728
"C322A","322",189,989,14.5332896386198,-4.64073976664797,-32.2629187202149
"C322A","322",190,990,9.82823461020368,-3.01684955919837,-31.1958012461734
"C322A","322",191,991,10.2490622308245,-5.2231943992257,-31.4048420076133
"C322A","322",192,992,7.97797767099876,-2.95266349845281,-30.6080594481719
"C322A","322",193,993,9.23367856709427,-5.81789400465337,-30.1958312891077
"C322A","322",194,994,13.7955050364782,-7.74434984491697,-30.1403275372335
"C322A","322",195,995,13.6409323097599,-13.0383415264859,-32.1814060176006
"C322A","322",196,996,13.5352074339943,-14.376457306065,-32.2249610008947
"C322A","322",197,997,4.41327564165951,-9.5802577610682,-31.4099202399232
"C322A","322",198,998,9.48354813622762,-7.61351117851317,-31.4265339963817
"C322A","322",199,999,13.9794205102251,-7.25273160416206,-32.478232389598
"C322A","322",200,1000,14.0749941907905,-5.96829527785919,-32.9529180149941
"C322A","322",201,1001,6.39092970366326,-1.45685634058586,-31.2422445219965
"C322A","322",202,1002,5.39820650642056,-1.19321968315573,-31.5349433518367
"C322A","322",203,1003,7.68773485253965,3.88831613796223,-31.4412793500043
"C322A","322",204,1004,11.0620000532009,9.38408296856706,-32.5884844122999
"C322A","322",205,1005,8.94429948128203,10.4512849955644,-32.2771138460237
"C322A","322",206,1006,9.51574063632433,9.32000124689,-32.06408968389
"C322A","322",207,1007,5.99163319054829,7.06642320741141,-32.6673866827152
"C322A","322",208,1008,6.51419854675113,4.12967029948079,-32.3775192831298
"C322A","322",209,1009,9.424582725336,2.83497849184075,-32.5005508117953
"C322A","322",210,1010,14.2048265584542,4.42193529279947,-33.8499565148206
"C322A","322",211,1011,14.047968077658,2.64771164349259,-32.6296522162646
"C322A","322",212,1012,13.9315491530059,1.87875954344982,-31.5903264711841
"C322A","322",213,1013,21.7152985211655,3.12055036864637,-31.7572866766186
"C322A","322",214,1014,19.909672063126,8.41429977862293,-31.637377903239
"C322A","322",215,1015,21.4830714101791,6.53258691787109,-33.3774303086194
"C322A","322",216,1016,20.7478092903179,6.05010985111469,-34.4822307918565
"C322A","322",217,1017,25.1570641077016,2.56989314047835,-33.8869191721048
"C322A","322",218,1018,28.567955775325,1.44900541621801,-33.7975060139139
"C322A","322",219,1019,28.3526146468919,4.3773642084038,-33.7487737342367
"C322A","322",220,1020,19.2317717426177,1.41942304945602,-32.3767431637697
"C322A","322",221,1021,21.7800805089037,-0.347418967564772,-31.5735733839388
"C322A","322",222,1022,19.9700977766637,-0.71753890477717,-30.9373648929035
"C322A","322",223,1023,17.9552874101416,4.33576114320589,-31.9436755910052
"C322A","322",224,1024,21.9681799057326,5.30460460437056,-29.8782687443123
"C322A","322",225,1025,27.0249598969915,8.05112782046686,-32.4200542797197
"C322A","322",226,1026,29.8148168844741,6.88630322142897,-32.0843166520252
"C322A","322",227,1027,28.7281225216526,6.00241533467275,-31.4624009695998
"C322A","322",228,1028,30.2200568726037,9.82950340370657,-31.5743955869729
"C322A","322",229,1029,33.5428211416078,6.75806183478402,-32.3060156421386
"C322A","322",230,1030,36.475728209487,11.0315998719278,-33.0057045739779
"C322A","322",231,1031,31.7002300832605,13.1688726634604,-31.7300695881902
"C322A","322",232,1032,29.1053823519993,10.8158363758521,-32.0615811902224
"C322A","322",233,1033,27.1114550805454,9.97747147608138,-30.9658926487544
"C322A","322",234,1034,28.1328138944866,9.36692486534171,-29.9849031218607
"C322A","322",235,1035,39.1296010238409,3.36112118020698,-31.8674601567388
"C322A","322",236,1036,37.8957249731934,4.79250262155985,-31.0766295663723
"C322A","322",237,1037,33.0548903570638,8.52775848403584,-32.2413622144959
"C322A","322",238,1038,32.5518135280069,11.6888920663012,-32.6404958123011
"C322A","322",239,1039,27.0463395953373,11.104157110818,-31.7776107658855
"C322A","322",240,1040,18.8564626636572,14.314009929585,-31.4625689630545
"C322A","322",241,1041,19.2174430689892,13.509537279387,-32.8843072848465
"C322A","322",242,1042,21.9489877716571,12.924834986926,-31.4001684902153
"C322A","322",243,1043,26.9390336406835,11.6005279531711,-31.1384992411033
"C322A","322",244,1044,28.3719874920758,12.9846760163387,-31.2213268706189
"C322A","322",245,1045,12.3804286992584,12.7342225704567,-29.0192637452952
"C322A","322",246,1046,8.799373353944,7.42630910945687,-28.5218123841816
"C322A","322",247,1047,5.30607710554816,9.19973110632916,-28.5208585965635
"C322A","322",248,1048,3.32145795201998,9.13391445149006,-29.2136205358252
"C322A","322",249,1049,-0.400430709903149,8.2220334399991,-29.2548301575571
"C322A","322",250,1050,-0.916302219407732,8.00134359613153,-27.8742234625612
"C322A","322",251,1051,-0.407059429911311,5.6250773944982,-26.2943654180899
"C322A","322",252,1052,-1.45448370541045,3.70043239907916,-25.8865410987941
"C322A","322",253,1053,-3.60861596078931,5.25096195622875,-28.0316823987776
"C322A","322",254,1054,-4.02740340038397,3.31199627762417,-30.1210140192774
"C322A","322",255,1055,-3.02833629570926,5.27924920417157,-29.4322794901023
"C322A","322",256,1056,-1.65724735082751,8.61300825558988,-29.7495637497304
"C322A","322",257,1057,4.18292551587229,8.88699017507321,-29.9381116426355
"C322A","322",258,1058,7.32160326793872,12.2498268928093,-31.0210537394653
"C322A","322",259,1059,7.35887459071186,14.1050507881794,-31.2929395064869
"C322A","322",260,1060,5.5410759956247,10.7715232751094,-29.7599211833454
"C322A","322",261,1061,11.2837702106393,9.72727359709255,-31.0583598772263
"C322A","322",262,1062,15.2198493065263,6.18521253557319,-31.8555836759126
"C322A","322",263,1063,14.9951148465824,7.73718848218225,-34.4431638021385
"C322A","322",264,1064,11.842570090119,9.54078169202523,-32.6992811244345
"C322A","322",265,1065,8.64363539872186,5.29346841094943,-33.5451657991433
"C322A","322",266,1066,12.6419509222508,6.06948667978336,-34.2163025880644
"C322A","322",267,1067,11.342312500135,-0.898329802170254,-31.4164633205001
"C322A","322",268,1068,10.4459302511721,-1.1412141075345,-30.7453480871339
"C322A","322",269,1069,4.6037119136521,2.76720065282986,-29.5768603621346
"C322A","322",270,1070,1.01576764542161,5.5180248887597,-30.0096164130688
"C322A","322",271,1071,1.17466080054659,4.25161828658593,-29.8972699313545
"C322A","322",272,1072,8.69424197024515,11.7429063755563,-32.192932971848
"C322A","322",273,1073,9.36380916547276,17.2156019979795,-33.0497407714881
"C322A","322",274,1074,11.5700987165164,22.2349089869792,-31.9509171466406
"C322A","322",275,1075,14.5569279185629,17.0699989872196,-32.4062924001509
"C322A","322",276,1076,13.9210977844771,15.2935766113951,-32.1182777644159
"C322A","322",277,1077,6.20998451337378,16.7584726907971,-29.6408644490133
"C322A","322",278,1078,7.84204066165498,17.3700274021906,-29.4255521425091
"C322A","322",279,1079,10.8546581297514,21.0051740836413,-28.703568699789
"C322A","322",280,1080,9.91127533946681,19.0182058973928,-30.9836125470301
"C322A","322",281,1081,8.20661234535507,15.3675849085821,-29.8871689948326
"C322A","322",282,1082,6.49408868020855,11.9898815641044,-29.6299490225178
"C322A","322",283,1083,4.01513451604978,12.1817336362973,-27.3278253359113
"C322A","322",284,1084,7.32748660619494,12.4117044339033,-29.5377233943405
"C322A","322",285,1085,1.96529169793398,14.1906174080148,-28.0194928667431
"C322A","322",286,1086,3.74935573344489,17.7960072231975,-29.9547298236882
"C322A","322",287,1087,5.43541666470868,17.0276094520154,-28.2289569695561
"C322A","322",288,1088,11.3632439693426,11.8194054583818,-30.8523357973503
"C322A","322",289,1089,8.09717584366955,15.8081737712757,-31.1359665191648
"C322A","322",290,1090,-4.75774645878315,12.0459449618612,-27.8064668271054
"C322A","322",291,1091,-8.91347884718313,9.65471707708114,-27.9559474320153
"C322A","322",292,1092,-12.8988180651362,8.05146492263172,-26.6625251966939
"C322A","322",293,1093,-9.71714125835436,4.50263210930426,-25.4818292128781
"C322A","322",294,1094,1.17111260564838,1.06644883033154,-26.9754296771813
"C322A","322",295,1095,9.75403281742364,-1.02908066688479,-29.4727902629568
"C322A","322",296,1096,18.196096762566,2.30213093983775,-29.5625363310945
"C322A","322",297,1097,14.2284237127099,3.9442185677432,-31.8020162189811
"C322A","322",298,1098,9.3872029099961,2.40950142519652,-28.5541094041334
"C322A","322",299,1099,13.2298881782695,2.13101741254027,-29.6647955464995
"C322A","322",300,1100,16.9491155892957,3.19524701975326,-30.9435457092716
"C322A","322",301,1101,17.9136667823402,0.319734112197064,-29.5973312084566
"C322A","322",302,1102,18.8773168665457,-8.99418716830307,-30.9928075408426
"C322A","322",303,1103,22.9872879284191,-1.72320476830048,-32.3046928056167
"C322A","322",304,1104,21.0857556364561,-0.554751236588973,-29.9793541988197
"C322A","322",305,1105,15.9568538019653,0.131134914314445,-29.9447332501229
"C322A","322",306,1106,12.1656525670707,4.35928545091934,-28.0170151915511
"C322A","322",307,1107,6.80204783996422,7.37444895735243,-25.3011359099493
"C322A","322",308,1108,7.90566914190719,5.75783249425879,-26.2607983856763
"C322A","322",309,1109,14.3843899845193,4.73098151909674,-25.5713203790537
"C322A","322",310,1110,16.0323808038904,7.59608244877251,-24.5216815640824
"C322A","322",311,1111,14.0417198909168,1.84888878138498,-20.9736070107359
"C322A","322",312,1112,12.2402980778981,5.13434852564423,-23.0881998434434
"C322A","322",313,1113,8.77491885054708,4.07428131690531,-22.6972535582372
"C322A","322",314,1114,5.61990994563323,2.51548009549345,-21.2778273235668
"C322A","322",315,1115,4.00473273527856,1.80574695275435,-18.8728487538885
"C322A","322",316,1116,4.09951074351789,2.77381935893354,-19.9642149864837
"C322A","322",317,1117,2.03576389842025,0.283424673657343,-22.6656470533259
"C322A","322",318,1118,-2.15618608771753,-1.23495379488667,-25.8481729634198
"C322A","322",319,1119,-3.79591376401258,-1.14847469438646,-23.3729816241615
"C322A","322",320,1120,-9.35187712803311,0.549445549074825,-22.5631068538372
"C322A","322",321,1121,-8.0920177424067,-2.89396335425526,-23.1457261942026
"C322A","322",322,1122,-19.9519537104886,-3.9575663384979,-23.1937418206239
"C322A","322",323,1123,-24.2889429646263,-2.50696056082727,-20.1246958802626
"C322A","322",324,1124,-21.0107251200677,-3.22234160618083,-21.2509035155901
"C322A","322",325,1125,-19.3190030875672,-4.07632980932169,-22.179498382279
"C322A","322",326,1126,-18.7431025819193,-5.20962533633613,-23.782635650614
"C322A","322",327,1127,-20.4661413268466,-6.79198735483612,-23.4663947069532
"C322A","322",328,1128,-25.862181763484,-8.30929801822327,-21.0513319563524
"C322A","322",329,1129,-20.8390601560094,-11.7340039779063,-23.572129703842
"C322A","322",330,1130,-23.3200089375773,-16.1193237584789,-21.8746800608214
"C322A","322",331,1131,-20.7321510269693,-14.4904544716081,-24.0351013347799
"C322A","322",332,1132,-20.1775459294149,-15.242441672347,-23.308074729684
"C322A","322",333,1133,-19.9391181649214,-20.3052598802136,-22.8272093964938
"C322A","322",334,1134,-14.803994145665,-22.3935647405235,-23.0496002546832
"C322A","322",335,1135,-13.2166996846004,-23.6453570141309,-23.0972513996773
"C322A","322",336,1136,-12.3054148469562,-21.5412680785515,-20.2943022175937
"C322A","322",337,1137,-9.9127545330603,-25.8242449116559,-22.6493279843169
"C322A","322",338,1138,-8.40033270936098,-22.3596036420116,-21.3313068465143
"C322A","322",339,1139,-11.8608984738198,-18.5997421795412,-21.6319724885814
"C322A","322",340,1140,-14.8810731263217,-23.1831668356439,-22.8769630570641
"C322A","322",341,1141,-23.7284095121127,-22.8484796307802,-21.5726495761125
"C322A","322",342,1142,-22.5702361812955,-25.3466085165568,-22.990073121661
"C322A","322",343,1143,-20.5576248135317,-29.2762504295354,-22.1930818034972
"C322A","322",344,1144,-19.2053832625357,-25.8819856457388,-21.3563451891541
"C322A","322",345,1145,-23.9337314768073,-25.1746389344217,-21.4318453049479
"C322A","322",346,1146,-20.4326819726391,-25.9378673108483,-24.0610390674857
"C322A","322",347,1147,-20.5131212523874,-23.0316680069588,-23.1092317767865
"C322A","322",348,1148,-19.24157738564,-25.2487905713625,-24.7621824848577
"C322A","322",349,1149,-22.8512300422455,-22.3668503026439,-23.468670817454
"C322A","322",350,1150,-22.285096842842,-23.253705868428,-23.0127603383609
"C322A","322",351,1151,-19.0996038948562,-25.4787803380718,-21.385824297187
"C322A","322",352,1152,-18.9207738022281,-24.5974515524474,-20.22358952969
"C322A","322",353,1153,-17.696126183052,-30.8374342640033,-18.2620521259297
"C322A","322",354,1154,-17.1297250770173,-30.2847466258321,-17.0555983036457
"C322A","322",355,1155,-9.574780499531,-28.4164990111584,-19.9544297049978
"C322A","322",356,1156,-8.9250163046678,-30.4341327658606,-19.8860399878368
"C322A","322",357,1157,-5.16595428093773,-30.5264005609193,-20.1521914612934
"C322A","322",358,1158,-11.5207715015048,-32.6778757033816,-14.1798974990211
"C322A","322",359,1159,-10.5380082495173,-33.4270392730925,-13.359468810516
"C322A","322",360,1160,-11.6594191714377,-30.2637889812751,-12.1415877844737
"C322A","322",361,1161,-6.81738920480662,-30.6882816627478,-9.13118907057689
"C322A","322",362,1162,-9.91050594366524,-27.4234367011968,-10.6626132413516
"C322A","322",363,1163,-12.5617759602939,-29.4631742606377,-16.5288398623358
"C322A","322",364,1164,-13.0862665561045,-27.5458044377094,-20.2339676843751
"C322A","322",365,1165,-13.0601886340774,-29.0775010305638,-21.0555754433468
"C322A","322",366,1166,-20.114192345013,-26.8016611559781,-21.7388435426031
"C322A","322",367,1167,-21.5460816394595,-24.5921864261869,-20.9507993221506
"C322A","322",368,1168,-24.7948297771611,-16.9951622215191,-24.2119503553401
"C322A","322",369,1169,-20.2283793099406,-19.5367177084698,-25.0615715015555
"C322A","322",370,1170,-17.096157376236,-21.8470824199951,-25.6904497366172
"C322A","322",371,1171,-13.8866048123726,-22.0692616930904,-25.5471212720237
"C322A","322",372,1172,-23.6125447212275,-21.5796371774682,-21.5339658181739
"C322A","322",373,1173,-27.533002968673,-23.3668287280987,-23.2801615830227
"C322A","322",374,1174,-29.9600108586101,-24.0245121579462,-21.2170946806991
"C322A","322",375,1175,-23.4876291996177,-23.3327141705401,-24.0560079427773
"C322A","322",376,1176,-24.71290710701,-17.6500693706209,-23.9663474304937
"C322A","322",377,1177,-25.7096370222238,-14.9884556796588,-23.4739414035706
"C322A","322",378,1178,-28.7253647130502,-12.6997247844723,-22.7491761305389
"C322A","322",379,1179,-26.8010417818114,-12.4013725757347,-23.4152830139382
"C322A","322",380,1180,-26.777165311027,-8.26342735613102,-21.0063297627239
"C322A","322",381,1181,-25.5555715593434,-8.21330625207588,-21.1804667695862
"C322A","322",382,1182,-23.5801376667329,-4.86198151039987,-20.2865716347943
"C322A","322",383,1183,-21.6254046384765,-3.51246835857579,-19.2248452530728
"C322A","322",384,1184,-25.1925825479194,-7.38147686591065,-18.5928986798774
"C322A","322",385,1185,-24.3043551001002,-9.70191026426757,-14.8547213138881
"C322A","322",386,1186,-27.1512904026113,-8.99870174575184,-20.6900675160732
"C322A","322",387,1187,-27.0168590414049,-5.90894060340912,-17.8009610771244
"C322A","322",388,1188,-22.5201971020291,-8.07753071992981,-17.626591990422
"C322A","322",389,1189,-14.4835348869853,-8.33643654273559,-15.9184077531631
"C322A","322",390,1190,-15.5973624636153,-8.26097114953116,-21.7943821332069
"C322A","322",391,1191,-17.4077928589813,-7.90246365139207,-21.5743384522825
"C322A","322",392,1192,-21.276287711458,-5.89938022570916,-18.2017788975558
"C322A","322",393,1193,-29.0842920475003,-1.23197322740484,-13.4535639774194
"C322A","322",394,1194,-30.4741326552706,-2.4175367731925,-14.0381978465189
"C322A","322",395,1195,-36.2960551293062,-5.44922074668989,-15.2036302261255
"C322A","322",396,1196,-34.98776655355,-9.93529795947879,-16.5600402806158
"C322A","322",397,1197,-26.65483244677,-6.7425277331712,-19.929927168969
"C322A","322",398,1198,-25.1112654873432,-2.37393070755069,-21.3940973309554
"C322A","322",399,1199,-21.9813935289993,-2.69349199976134,-20.8577780995761
"C322A","322",400,1200,-26.8652544177009,-7.36604305460877,-21.5757825698816
"C328A","328",1,1201,20.1063072682047,8.48941974167875,-10.0061499260862
"C328A","328",2,1202,14.7476183701656,6.74345644764736,-10.4451718628343
"C328A","328",3,1203,7.83369330893808,6.24987549743375,-9.55992906515118
"C328A","328",4,1204,11.1654861047589,6.15820891237122,-6.36464308335028
"C328A","328",5,1205,7.96342931554147,4.11344104293822,-7.35577683108739
"C328A","328",6,1206,6.79625428552074,3.39382866828506,-8.23850202178733
"C328A","328",7,1207,9.54752152169545,5.64762921738953,-9.6455222748126
"C328A","328",8,1208,8.35072936422602,3.46278040939738,-10.9581092698739
"C328A","328",9,1209,6.48166026676803,2.52458652906811,-13.8034533699048
"C328A","328",10,1210,-1.33537285492632,3.71218362542722,-12.3804382525581
"C328A","328",11,1211,-8.71325684153285,6.90431741141853,-14.6520087465333
"C328A","328",12,1212,-8.52450213040929,7.35741978482502,-14.4329672153273
"C328A","328",13,1213,-13.8336003900996,9.59211988799958,-12.9801878889295
"C328A","328",14,1214,-12.9437794712903,6.29231869906316,-13.6768992830623
"C328A","328",15,1215,-14.359564577313,3.1430524864875,-13.6771864161864
"C328A","328",16,1216,-20.1618471748025,1.25259738696286,-10.4746576129488
"C328A","328",17,1217,-25.5898820612056,3.27091046148374,-1.43086270969262
"C328A","328",18,1218,-28.3865230004023,-0.278517456242793,-0.212600504850279
"C328A","328",19,1219,-31.6434744300585,-1.98774417927221,7.42283796414974
"C328A","328",20,1220,-36.2002634907956,-2.70550802279329,9.08420309816889
"C328A","328",21,1221,-28.000804940393,-5.66475063961311,7.69628563991576
"C328A","328",22,1222,-32.3612000861711,-4.97391887521692,9.28774180052573
"C328A","328",23,1223,-31.2224729688598,-5.38373028861501,8.11254999578519
"C328A","328",24,1224,-26.7876240752572,-4.13159360504373,9.02427571863931
"C328A","328",25,1225,-27.0423083553726,-0.259168054057962,16.6076633075601
"C328A","328",26,1226,-26.4880060563518,-0.794156747361767,13.6080712239107
"C328A","328",27,1227,-29.553578625901,0.365498300288526,12.1563639584898
"C328A","328",28,1228,-32.9258155522209,3.36966798139001,11.4744030926433
"C328A","328",29,1229,-26.8547272060716,3.10660759564785,9.58271313184186
"C328A","328",30,1230,-30.9435639468291,7.06227286465591,7.40620519052017
"C328A","328",31,1231,-23.2802455482883,4.17158505201942,8.42866991848834
"C328A","328",32,1232,-31.6240462731966,3.56296532029999,9.69171254125147
"C328A","328",33,1233,-27.9372634283095,1.17185528131549,13.447511200749
"C328A","328",34,1234,-29.8995193771318,2.17755980250446,11.3206767815494
"C328A","328",35,1235,-30.6189526408584,1.31214263040624,15.7533516137556
"C328A","328",36,1236,-29.9142351134037,-3.63431956920991,17.3643125898926
"C328A","328",37,1237,-29.0269236961345,-2.45562358837365,17.6275781930201
"C328A","328",38,1238,-31.2838584993626,-4.8713628480838,12.2934779936231
"C328A","328",39,1239,-32.0509847302295,-8.88349592068626,8.88864197711253
"C328A","328",40,1240,-30.39756403284,-6.63098154963251,4.16695991585322
"C328A","328",41,1241,-28.7899794369046,-8.70468010266789,5.47528729850866
"C328A","328",42,1242,-25.036371910083,-12.7879579501949,4.40799021777313
"C328A","328",43,1243,-25.8277428697344,-16.744643184413,5.15769646518674
"C328A","328",44,1244,-20.1878742894821,-17.2557494932822,3.26893446968889
"C328A","328",45,1245,-22.0123409842834,-16.208074284671,2.9764960956763
"C328A","328",46,1246,-20.5328166789077,-14.0618976656529,3.88229144463394
"C328A","328",47,1247,-18.4471496464174,-15.9317656932766,-1.49475383683359
"C328A","328",48,1248,-14.9510061678803,-14.9868425720668,0.178833751767037
"C328A","328",49,1249,-6.28891185881883,-18.2279420477842,1.68183459424196
"C328A","328",50,1250,-1.72319650155274,-17.7615775585272,6.97439892191001
"C328A","328",51,1251,-0.680968632634021,-17.8379322393599,4.74999715097451
"C328A","328",52,1252,-2.51185978792016,-15.8470065380809,6.36122575403814
"C328A","328",53,1253,-3.88143357370837,-14.1163232629184,7.70168013298288
"C328A","328",54,1254,-3.20521175059919,-12.8441407540416,-0.327135407530814
"C328A","328",55,1255,-6.52801862670313,-13.353012477898,-4.4032365644195
"C328A","328",56,1256,-3.80759109876841,-11.0212274363046,-5.3441315042103
"C328A","328",57,1257,-5.1372053107563,-8.53549118035842,-1.23343735769536
"C328A","328",58,1258,-4.7674505810959,-7.80980083511042,-5.36278358861376
"C328A","328",59,1259,-3.83866367269257,-8.3526606660828,-7.87795561492034
"C328A","328",60,1260,-8.68490569596104,-8.68702188390008,-4.81758694120278
"C328A","328",61,1261,-8.22374605580529,-6.48701237791552,-7.48439591976445
"C328A","328",62,1262,-3.704159929762,-10.3929325954503,-8.93992975796607
"C328A","328",63,1263,-0.768547704745635,-8.98651877778873,-10.3122353331531
"C328A","328",64,1264,-0.69703727804124,-9.83820615028098,-12.2692774788815
"C328A","328",65,1265,2.19436123719169,-4.25257451915649,-11.9662427809042
"C328A","328",66,1266,4.19072482651019,-4.9367352505183,-10.4793314987254
"C328A","328",67,1267,3.40422894717122,-2.22170861613261,-6.12181193062595
"C328A","328",68,1268,2.16505675442786,-2.14662109991059,-3.84946319432461
"C328A","328",69,1269,11.8382317504336,-2.93327972274962,-1.35825961611325
"C328A","328",70,1270,5.59554216166387,-0.246213973587465,-3.14502797995358
"C328A","328",71,1271,6.54612947721895,-2.11804265271169,-3.79970152793812
"C328A","328",72,1272,11.8767590130445,-2.05448253057185,-12.7002773679077
"C328A","328",73,1273,5.77112833032858,-0.595429862147129,-11.4906435833767
"C328A","328",74,1274,11.4052885709976,-1.6642673361104,-13.8103705111909
"C328A","328",75,1275,9.74459932646573,-0.23835297607531,-11.6788104904403
"C328A","328",76,1276,12.6443381994563,1.74885952996111,-11.3400003233226
"C328A","328",77,1277,7.4885624458739,3.23323713693372,-9.50205185929995
"C328A","328",78,1278,7.72842640398804,3.75583801659162,-3.9176693903174
"C328A","328",79,1279,5.26746891315673,-1.52347953292504,-1.12035131617631
"C328A","328",80,1280,7.92936903328382,-4.11229778616976,0.317159128232329
"C328A","328",81,1281,2.90530037771685,-4.1031132590295,-2.41869164842652
"C328A","328",82,1282,-2.47343308708717,0.0776827232610828,-6.44345381038151
"C328A","328",83,1283,2.62947833596353,-0.310349986497191,-4.01758254718414
"C328A","328",84,1284,6.0028224075674,1.63520674159868,-2.31448732535694
"C328A","328",85,1285,-0.234505219578625,-1.99282525863653,1.2059931615604
"C328A","328",86,1286,-2.70613013184088,-1.59967606626412,2.77677382363013
"C328A","328",87,1287,-2.74075156269212,-9.31112245448332,-0.507776047916704
"C328A","328",88,1288,-8.44800592171042,-11.5410439622313,5.01740645704259
"C328A","328",89,1289,-9.7498277229633,-13.8416661825929,6.8815105102546
"C328A","328",90,1290,-6.32630766727051,-14.1780336759434,8.08478372394936
"C328A","328",91,1291,-3.07483726430473,-14.1989242857049,5.18659290002551
"C328A","328",92,1292,-0.439470539135915,-13.3226373267129,5.75622623303446
"C328A","328",93,1293,-8.20884224084989,-9.1234352268638,6.51897039088636
"C328A","328",94,1294,-11.612066281534,-5.77043599823515,6.54452545175986
"C328A","328",95,1295,-18.3478121694034,-5.90163034519634,7.02805741434914
"C328A","328",96,1296,-14.6655847014919,-6.56152022498589,1.75984708532211
"C328A","328",97,1297,-19.8005430191599,-6.44783122084983,4.35295372125748
"C328A","328",98,1298,-21.0243138437738,-5.61671821114971,-0.779954731194662
"C328A","328",99,1299,-19.871958277472,-4.57593155065058,0.917615756101581
"C328A","328",100,1300,-14.8939006540899,-1.72542952737148,0.632222283516276
"C328A","328",101,1301,-10.2257155658627,3.3493566285846,-5.61287972642008
"C328A","328",102,1302,-9.72041672656034,0.490298123490049,-4.67397427730192
"C328A","328",103,1303,-6.30220292234812,8.50129519515478,-2.8761087371395
"C328A","328",104,1304,-12.2928360035732,5.68066840403023,-1.5759526025275
"C328A","328",105,1305,-13.5628234741164,4.69870255227717,-4.50087371360004
"C328A","328",106,1306,-9.91522911622562,5.00733987233193,-8.33928543628188
"C328A","328",107,1307,-16.8700988226595,8.2516309178652,0.34464389719753
"C328A","328",108,1308,-14.1547458955828,10.5940495614276,-5.25501175631814
"C328A","328",109,1309,-14.0760977585826,3.76965243891385,-6.68921591618688
"C328A","328",110,1310,-19.1156717848748,4.40317808402057,-2.14779701530128
"C328A","328",111,1311,-20.3403651935243,4.37747485806567,-1.37520102772405
"C328A","328",112,1312,-21.2521503013335,4.38389108175017,-2.33344832913723
"C328A","328",113,1313,-23.8192036912999,1.74121216458698,2.20671172549834
"C328A","328",114,1314,-25.5872207382604,2.55119604965793,-0.876838588181479
"C328A","328",115,1315,-25.625093541676,4.51498643125415,-0.857966668976061
"C328A","328",116,1316,-32.1801823501576,1.54419785563709,3.27455559010069
"C328A","328",117,1317,-34.778665201985,6.39554611727904,3.56343755705259
"C328A","328",118,1318,-38.6797368457785,7.65813275927173,6.8687506827685
"C328A","328",119,1319,-35.6905877751743,13.0418350911445,6.45152882354173
"C328A","328",120,1320,-33.7995663567846,10.9002757184905,5.50159973572542
"C328A","328",121,1321,-37.0861262794939,10.2114516579004,1.83273253401971
"C328A","328",122,1322,-39.0949204400813,10.9679866103745,5.44754002222879
"C328A","328",123,1323,-40.7405609491651,8.89529097930623,6.31599496845359
"C328A","328",124,1324,-37.63905526423,9.23797742218216,7.82851755298627
"C328A","328",125,1325,-42.8309772182483,9.94024330827731,4.75725055199889
"C328A","328",126,1326,-44.1052635025882,9.93817365900307,5.78919981114139
"C328A","328",127,1327,-40.5637968168235,15.9985058673578,10.4150213734034
"C328A","328",128,1328,-32.5630761655673,16.9805724981385,10.2392814844563
"C328A","328",129,1329,-32.5827133243704,13.6998466786383,11.114366318508
"C328A","328",130,1330,-35.6429979592914,14.5111414141486,12.993671641084
"C328A","328",131,1331,-31.0502628447684,13.3132742650785,11.152675626746
"C328A","328",132,1332,-27.3602574127878,16.7316579499594,2.54432159735209
"C328A","328",133,1333,-26.992106908503,19.2530012298994,-1.07058733445631
"C328A","328",134,1334,-28.6059412657498,19.1645771143899,-1.92925583998398
"C328A","328",135,1335,-33.6379516215229,16.9648483770553,-1.03184224022797
"C328A","328",136,1336,-39.8396303807885,18.2575002385311,-3.53537883819509
"C328A","328",137,1337,-33.2067484487006,19.3080284258534,-6.80449713506875
"C328A","328",138,1338,-31.650821251184,16.5888539318417,-1.80317638238952
"C328A","328",139,1339,-31.1785289466995,22.5725360708584,0.426889898880526
"C328A","328",140,1340,-24.7945179927002,22.0223106664159,-1.51690403487633
"C328A","328",141,1341,-27.9650335225591,22.3434603126301,-4.90484596993482
"C328A","328",142,1342,-20.4845303004759,25.1949731262239,2.62894241623765
"C328A","328",143,1343,-27.2195140778588,22.7856991078147,2.24943866531408
"C328A","328",144,1344,-32.4779762392249,19.3685046962774,5.62888254273192
"C328A","328",145,1345,-32.1736208866371,18.3014706000585,1.78816040525052
"C328A","328",146,1346,-36.3315957163585,24.1680698052664,5.73280249382283
"C328A","328",147,1347,-44.8373122246125,25.9005522666665,2.90765304100752
"C328A","328",148,1348,-45.4995173769116,25.0985435374869,6.02915517414692
"C328A","328",149,1349,-43.4820177514985,28.3934479065207,6.18819152565676
"C328A","328",150,1350,-38.5554185002957,25.1139729428093,5.00056021747
"C328A","328",151,1351,-37.4324974477192,22.7550050870705,8.11887410140969
"C328A","328",152,1352,-33.3113575153456,20.8326652689834,11.6465242602234
"C328A","328",153,1353,-36.422451199198,19.1270494381609,6.72038808361304
"C328A","328",154,1354,-41.1484269745947,22.7051978250195,2.85188826395372
"C328A","328",155,1355,-40.1967605957164,23.4900276874153,4.17270982860436
"C328A","328",156,1356,-36.7806040952516,28.2594408005915,3.11718541825186
"C328A","328",157,1357,-36.059795181392,25.8726968182536,-0.494814864456845
"C328A","328",158,1358,-34.84361883551,27.5537169571228,-1.81758709485177
"C328A","328",159,1359,-35.5542649989574,25.3315438064015,1.0275575787667
"C328A","328",160,1360,-37.5050423680203,28.7320177587945,1.20019910110891
"C328A","328",161,1361,-40.1581724217539,27.3102247762817,-0.0955098270472179
"C328A","328",162,1362,-46.0120394435151,27.9426950161388,-2.87744221960487
"C328A","328",163,1363,-44.4300354182743,26.5965589761992,0.784656985572585
"C328A","328",164,1364,-37.8594601982667,28.0537076185416,0.874993416699626
"C328A","328",165,1365,-31.471267001376,30.8785967000523,1.60752265871482
"C328A","328",166,1366,-26.6720155114459,26.6683997466599,-1.91596829220972
"C328A","328",167,1367,-33.1163409038586,26.6273831767912,-0.472712249058607
"C328A","328",168,1368,-41.8766403340846,26.7744981527455,-5.92341939118027
"C328A","328",169,1369,-38.0166419787606,23.8721248959064,-1.01517164261439
"C328A","328",170,1370,-42.7356832512784,27.5897899818993,-2.38867833550061
"C328A","328",171,1371,-40.8281600601283,27.0990093212042,-2.65078011130452
"C328A","328",172,1372,-41.5544085173269,25.4099467630515,-3.43357393966375
"C328A","328",173,1373,-37.4041041242631,29.5096841033651,-4.85506096677539
"C328A","328",174,1374,-41.1187326063923,29.933958417996,-2.33676559132745
"C328A","328",175,1375,-44.272148129615,31.100213038722,-2.29227945861552
"C328A","328",176,1376,-41.8883302751174,33.301198263929,-4.02298625787994
"C328A","328",177,1377,-43.164235563643,30.7986112478436,-5.34663283546606
"C328A","328",178,1378,-43.9302150931835,30.1654964925735,-4.73811947879118
"C328A","328",179,1379,-44.7982468912307,30.4091296159257,-7.4716851421547
"C328A","328",180,1380,-50.2356206933351,28.8849500993269,-10.5225077341324
"C328A","328",181,1381,-47.8875814873184,30.9275229104651,-16.0896044617358
"C328A","328",182,1382,-45.9102529267488,28.4059686702558,-14.5598035611803
"C328A","328",183,1383,-45.4677442133705,30.5576654187789,-13.085190102485
"C328A","328",184,1384,-46.0646697783173,31.6056211575521,-17.2161274725693
"C328A","328",185,1385,-46.2683506261982,29.6718706679075,-18.2692688075249
"C328A","328",186,1386,-46.3763453769465,29.5317439634084,-19.1712889995431
"C328A","328",187,1387,-50.8421396502409,30.2352745963526,-15.8159211035067
"C328A","328",188,1388,-50.9444960493718,29.347734593082,-18.5146561890321
"C328A","328",189,1389,-54.7165338676861,31.3743989127614,-14.0709796256329
"C328A","328",190,1390,-43.174558049329,35.5840147072701,-15.8680197110845
"C328A","328",191,1391,-45.7512187508612,40.4195487714373,-16.7971015640838
"C328A","328",192,1392,-39.8949143157183,38.7242128001193,-17.5254459623261
"C328A","328",193,1393,-40.6574371264273,37.2569800877469,-17.3942835928845
"C328A","328",194,1394,-34.9379660789343,36.9243977761683,-17.5664111600107
"C328A","328",195,1395,-43.4794736693611,34.4869799020861,-16.403624066344
"C328A","328",196,1396,-42.8907113375124,33.2490788315245,-14.0966172275955
"C328A","328",197,1397,-45.2179428226144,29.7906638398616,-11.9712168618339
"C328A","328",198,1398,-40.8521244345856,28.3582806994475,-13.7025272514419
"C328A","328",199,1399,-43.8090892705879,27.712737811676,-15.5401354365179
"C328A","328",200,1400,-42.9643795575709,27.9093201526435,-14.3031006115714
"C328A","328",201,1401,-36.1474609682567,34.9663719802221,-12.5416482973528
"C328A","328",202,1402,-39.2018711424103,33.8591101404545,-14.1797531166916
"C328A","328",203,1403,-41.8475963960747,32.8306817189134,-13.7149352373805
"C328A","328",204,1404,-43.3620674076893,30.7216184414232,-11.3176776382855
"C328A","328",205,1405,-50.0879972162231,30.3443783993722,-13.8487917561342
"C328A","328",206,1406,-55.2244121625733,28.6149045083707,-12.5713293166478
"C328A","328",207,1407,-52.2127773513005,31.1961873079913,-12.0536603379674
"C328A","328",208,1408,-49.3417291614979,32.9757624749706,-11.9837999194889
"C328A","328",209,1409,-50.0859594941077,26.645713457044,-15.0941242584716
"C328A","328",210,1410,-44.0346273403943,26.2813848711811,-13.881358452248
"C328A","328",211,1411,-47.3732268869991,20.1922061766889,-16.9297216989446
"C328A","328",212,1412,-51.3539166868624,19.8474842025749,-16.118099115529
"C328A","328",213,1413,-51.474560826558,21.2436718044393,-17.6557203044545
"C328A","328",214,1414,-50.8082283604827,27.988654836882,-13.5343700130626
"C328A","328",215,1415,-45.0870541016716,29.0012024427576,-14.7510978351006
"C328A","328",216,1416,-43.877827081567,31.443159527307,-14.0896501649331
"C328A","328",217,1417,-37.8646899698027,30.5761747584641,-14.7201750794622
"C328A","328",218,1418,-41.247278187419,31.8574106689365,-12.0019061803622
"C328A","328",219,1419,-40.7590550133846,28.0491347242296,-11.3215697976981
"C328A","328",220,1420,-45.0065231120842,27.3412145014635,-15.3514443425432
"C328A","328",221,1421,-48.7882742408052,27.3576863424092,-10.3291490408245
"C328A","328",222,1422,-52.361379943394,18.4794427139358,-3.20711958474489
"C328A","328",223,1423,-50.4680827409423,19.30571432316,-4.09601346687508
"C328A","328",224,1424,-50.6151594917046,18.6632253652469,-3.69525039201272
"C328A","328",225,1425,-56.7870491974521,14.2966393496238,-1.59865768135437
"C328A","328",226,1426,-63.217791950685,14.4612593513373,-2.77957973939491
"C328A","328",227,1427,-62.2234865917051,12.4402132340417,-4.09667883620705
"C328A","328",228,1428,-60.2074125599521,13.6719847888515,-8.56728880224024
"C328A","328",229,1429,-59.2996988191738,15.7819920326114,-9.80855550488261
"C328A","328",230,1430,-61.7795296465554,15.4507190019318,-12.8645021362853
"C328A","328",231,1431,-64.6486066818457,13.2914815345212,-15.8702658836494
"C328A","328",232,1432,-68.2209322349317,9.2063125476285,-14.943048715701
"C328A","328",233,1433,-67.1626278442276,6.73174235061312,-15.2963596735095
"C328A","328",234,1434,-65.1894180600505,2.59422345550867,-15.468208005516
"C328A","328",235,1435,-63.7485487261127,7.7395268770509,-17.017185435724
"C328A","328",236,1436,-63.7130032752265,6.11392312904435,-17.0369125610963
"C328A","328",237,1437,-59.8102032117068,8.95555923500888,-16.9310533719741
"C328A","328",238,1438,-63.3371985158428,5.15092331869602,-16.5454006204914
"C328A","328",239,1439,-59.9894932934903,6.14661882381462,-18.5914256083799
"C328A","328",240,1440,-59.1731687218142,7.94158055073407,-17.5134135664893
"C328A","328",241,1441,-62.3064787721833,12.2104766654681,-13.3615233112364
"C328A","328",242,1442,-58.2866131610695,14.9905963549625,-11.2191415506999
"C328A","328",243,1443,-64.7300365298185,18.6156929375083,-13.7419203820902
"C328A","328",244,1444,-60.8307955477308,16.5747292688355,-14.2762657003776
"C328A","328",245,1445,-60.4858177482498,15.3723879158682,-14.0145761857422
"C328A","328",246,1446,-57.1239894379853,16.9997287530867,-14.3546303031309
"C328A","328",247,1447,-48.020618908398,17.7757816463284,-19.3922882953665
"C328A","328",248,1448,-49.7387036406535,19.6344642467594,-19.2538864843866
"C328A","328",249,1449,-43.2502880884405,19.9332296081437,-21.0178381147195
"C328A","328",250,1450,-42.6880521116959,21.0852553908461,-21.5038032227732
"C328A","328",251,1451,-39.4909478421541,27.168402554973,-19.9532695024098
"C328A","328",252,1452,-39.8990660916454,22.3974143641142,-21.124996160964
"C328A","328",253,1453,-42.4954820679401,23.9760409995969,-21.2884714653738
"C328A","328",254,1454,-47.4891969966951,21.0138828396774,-17.6955224557672
"C328A","328",255,1455,-52.3529146816927,21.0723790422274,-19.0371364596258
"C328A","328",256,1456,-55.1027408241324,22.324605812035,-18.0783948038603
"C328A","328",257,1457,-52.4287756721795,26.8425537223813,-16.692133598237
"C328A","328",258,1458,-56.1827819456272,27.887628701954,-14.8093946258075
"C328A","328",259,1459,-60.9166371389932,23.5008830633943,-14.1385680378463
"C328A","328",260,1460,-51.6233602537033,22.8760799918129,-13.0446480517841
"C328A","328",261,1461,-58.0508809214469,24.8963641314537,-12.6545156004894
"C328A","328",262,1462,-57.2881316812989,23.4703623824249,-12.1190031151993
"C328A","328",263,1463,-55.4340873486289,20.6707958699293,-13.3957604723219
"C328A","328",264,1464,-56.19833893039,20.5919996182235,-16.3148494972359
"C328A","328",265,1465,-52.2776817165235,20.051552882433,-17.6883763241662
"C328A","328",266,1466,-51.8038752173102,18.0251956394661,-16.7211621421025
"C328A","328",267,1467,-50.6874404477209,12.7656772839997,-16.2655840545931
"C328A","328",268,1468,-47.9487685443323,10.5512213869587,-18.1102889631219
"C328A","328",269,1469,-48.6194156439082,14.01917979471,-17.5349200839168
"C328A","328",270,1470,-45.4111397161074,13.865033294434,-15.9279287737241
"C328A","328",271,1471,-41.0450840559903,10.7499734797754,-13.4571796252936
"C328A","328",272,1472,-47.1148970653389,9.64754204660839,-13.7262747487052
"C328A","328",273,1473,-45.7228938523509,9.45002163792609,-7.38290281549787
"C328A","328",274,1474,-40.6003261873661,12.7316906290795,-5.93835890212738
"C328A","328",275,1475,-38.949759385333,4.00094420448373,-5.42365891587304
"C328A","328",276,1476,-36.5941917452526,6.36413314012434,-4.70442032252429
"C328A","328",277,1477,-36.5308727272996,6.60658906561137,-5.5915093558687
"C328A","328",278,1478,-39.0949551270374,8.09209004872171,-0.174653177311241
"C328A","328",279,1479,-41.6108549161763,7.34531276114117,4.24173176251426
"C328A","328",280,1480,-42.3155226753108,5.19644919342143,-1.02451516300495
"C328A","328",281,1481,-40.8067441336753,9.07909136524273,3.9193003128534
"C328A","328",282,1482,-37.1691215642581,11.6502649598118,0.629364949468166
"C328A","328",283,1483,-40.8928226082121,9.95540607916611,2.91086524511878
"C328A","328",284,1484,-44.188192848214,7.45353699426884,2.67150512171525
"C328A","328",285,1485,-44.7521090188826,3.68858076657722,0.599910133780699
"C328A","328",286,1486,-46.2497087538094,7.34149838770832,-2.14955016457344
"C328A","328",287,1487,-43.7682400996919,10.1204743332884,-2.08607539462103
"C328A","328",288,1488,-41.9937698085556,7.99753049348243,-2.65152877922864
"C328A","328",289,1489,-40.541915976798,5.80918534370401,3.54758132119168
"C328A","328",290,1490,-37.159747384196,8.52595592215477,3.37393351320588
"C328A","328",291,1491,-41.759968569012,11.0267639361772,6.75655793334507
"C328A","328",292,1492,-39.1649437384932,8.57007754652305,1.97534119298582
"C328A","328",293,1493,-42.8553862522813,8.50260696173799,2.94387253918937
"C328A","328",294,1494,-46.142110704417,7.22722912899666,1.67590036513737
"C328A","328",295,1495,-46.0509004885967,6.72775981207086,0.271574692148372
"C328A","328",296,1496,-45.5302187770349,3.29743586985781,2.05509797493304
"C328A","328",297,1497,-47.0960970162778,6.95128480506422,5.77805519145547
"C328A","328",298,1498,-39.9236584352414,11.7319277476828,3.02716326745494
"C328A","328",299,1499,-33.0475031170792,17.0461120990403,2.601416582329
"C328A","328",300,1500,-29.9283042157705,24.6268326192514,2.33776334324896
"C328A","328",301,1501,-25.3188878102178,27.1676423133219,4.07291340392934
"C328A","328",302,1502,-31.4400985191678,21.0429710635783,6.42398449590474
"C328A","328",303,1503,-27.8412592750397,22.727851448781,4.76743012204854
"C328A","328",304,1504,-28.9182856948626,26.7161678064997,-2.40934810045346
"C328A","328",305,1505,-29.732746278058,18.5545847408742,-0.267005945102999
"C328A","328",306,1506,-25.1520069115082,18.5452029750976,-5.73871581233192
"C328A","328",307,1507,-32.2271655007666,16.7755476543508,-2.03281257675897
"C328A","328",308,1508,-32.353945927774,17.9379480833381,6.18001757765074
"C328A","328",309,1509,-33.511088116711,16.0041705694764,-2.03282915147277
"C328A","328",310,1510,-29.680238878057,15.1083028912462,-1.19668373816988
"C328A","328",311,1511,-33.3710156177811,16.5235195648134,-2.07485733472451
"C328A","328",312,1512,-31.774591450525,21.8287745537419,-4.80871348048997
"C328A","328",313,1513,-32.5159284913941,20.094271421175,-7.02895699758554
"C328A","328",314,1514,-25.4357413483835,20.6580029920228,-9.43271083694554
"C328A","328",315,1515,-18.5605778272128,18.7632230952189,-14.9924559486512
"C328A","328",316,1516,-19.1422188538099,17.9797316834655,-18.4926730735029
"C328A","328",317,1517,-19.3465232910185,15.0574789821181,-17.8176017952286
"C328A","328",318,1518,-23.0065765349886,18.103839838567,-18.429578228968
"C328A","328",319,1519,-31.653934256082,13.6488588830946,-19.4531047690563
"C328A","328",320,1520,-44.5508520150436,16.1621261428324,-18.6262927989024
"C328A","328",321,1521,-45.2764707418326,14.3362916705797,-21.0911291299655
"C328A","328",322,1522,-50.003286084559,14.4728416686781,-19.8081348790146
"C328A","328",323,1523,-47.1488073624832,13.9130837050594,-17.4248540845369
"C328A","328",324,1524,-50.4300702839817,15.1212040742207,-14.9546454005486
"C328A","328",325,1525,-54.1177921767842,10.0090085751811,-15.2366590305326
"C328A","328",326,1526,-55.0851485252837,12.8699268511126,-13.9524459214577
"C328A","328",327,1527,-53.826975908776,10.6758719239037,-13.5005973977714
"C328A","328",328,1528,-48.3804825457819,6.58080269355743,-14.0408390516663
"C328A","328",329,1529,-49.0512142814206,12.3070663917699,-15.2923598258414
"C328A","328",330,1530,-47.0376927883051,11.0238197685836,-15.3105461530316
"C328A","328",331,1531,-45.0127870984903,15.9934535722393,-18.1859249763328
"C328A","328",332,1532,-40.8127440456454,15.4097158909596,-15.5159492362025
"C328A","328",333,1533,-45.1128920793006,17.7634382278244,-10.2046764340716
"C328A","328",334,1534,-43.8073862747857,18.4965341039164,-13.8483375376993
"C328A","328",335,1535,-45.8727871968809,10.3530012770551,-16.0101257233958
"C328A","328",336,1536,-50.7777848118477,12.8770769631449,-16.8792196043512
"C328A","328",337,1537,-52.4187891721468,7.9502460590414,-15.4367490737754
"C328A","328",338,1538,-46.5663881900188,8.09148420448756,-15.8883186419883
"C328A","328",339,1539,-44.4827203694901,10.0438744754664,-14.9299303093229
"C328A","328",340,1540,-43.4998761529995,12.9099327915602,-15.8543148724205
"C328A","328",341,1541,-44.963845850148,12.5237143589558,-12.9359483024042
"C328A","328",342,1542,-41.1284906984426,14.8267544400135,-17.3818839593212
"C328A","328",343,1543,-37.52745411993,12.3208406285649,-19.8022855182857
"C328A","328",344,1544,-39.0893707697224,11.3124089316636,-20.4018839468476
"C328A","328",345,1545,-33.5472102204487,9.70430411191867,-20.0156805531676
"C328A","328",346,1546,-34.2505433613059,7.42268666412133,-22.451836033594
"C328A","328",347,1547,-34.2756814170952,7.98928880781023,-22.1294583418637
"C328A","328",348,1548,-33.8304328915076,5.27369313645533,-18.6193984076194
"C328A","328",349,1549,-34.6750696238613,8.22622985572305,-20.3157540895139
"C328A","328",350,1550,-42.1709479565129,4.93477499276058,-18.0446467248087
"C328A","328",351,1551,-44.6772498227131,0.192190519804594,-17.0471422458775
"C328A","328",352,1552,-39.3491251493507,0.839981613145774,-20.2496247592729
"C328A","328",353,1553,-41.1036078135618,2.95628455919494,-20.6403712932988
"C328A","328",354,1554,-35.059290069839,9.19041184783092,-19.2695720063139
"C328A","328",355,1555,-37.7258382841584,6.4935600085079,-20.0596573238217
"C328A","328",356,1556,-41.0717419390689,5.19098289809582,-19.8594965529824
"C328A","328",357,1557,-40.573694215629,5.28020150606224,-21.2465755100304
"C328A","328",358,1558,-43.506728336935,4.36872455550652,-19.6650165883741
"C328A","328",359,1559,-49.0034655376366,7.02768591171825,-18.7054673433821
"C328A","328",360,1560,-51.3765011222394,5.80836507330118,-19.4100340940278
"C328A","328",361,1561,-58.5676700925205,3.04287375772069,-17.9133008802028
"C328A","328",362,1562,-55.2176601926576,8.01943698121075,-19.2471668864154
"C328A","328",363,1563,-58.8945703140576,13.3354229312067,-18.0668672758544
"C328A","328",364,1564,-53.2687217988477,9.31712342170957,-18.1447938010603
"C328A","328",365,1565,-49.0920243233836,11.6627408534575,-20.4577313926048
"C328A","328",366,1566,-52.0159517038344,12.0666175235264,-18.2224094621619
"C328A","328",367,1567,-49.0219854792385,8.41185449924378,-20.102808672232
"C328A","328",368,1568,-46.758553039372,10.1119854934895,-19.734335676722
"C328A","328",369,1569,-50.9574815181508,8.42398701614101,-19.2335741940554
"C328A","328",370,1570,-44.7014544253017,9.45548000523321,-21.2872383496318
"C328A","328",371,1571,-40.305791329674,8.52878330021862,-23.3257005708437
"C328A","328",372,1572,-43.7643308875205,10.0134071152764,-20.0801512357318
"C328A","328",373,1573,-42.6321249784169,6.87509774461873,-20.9929735281484
"C328A","328",374,1574,-39.2104043730273,5.44441623337435,-21.7314898535863
"C328A","328",375,1575,-39.9416512047466,4.42148132448641,-21.4801439210878
"C328A","328",376,1576,-44.9657436395024,4.71567381172483,-16.9222821344017
"C328A","328",377,1577,-46.2304387381805,2.73641625408398,-15.9171947246859
"C328A","328",378,1578,-44.205166887635,2.09441025532818,-18.0332654979153
"C328A","328",379,1579,-50.6182229271777,-0.0250454242722076,-18.1101077244945
"C328A","328",380,1580,-51.8882032979886,1.42307115422226,-17.9101272025975
"C328A","328",381,1581,-47.5461394386941,2.6536193420466,-18.7873139265318
"C328A","328",382,1582,-44.7971331438197,0.263757468898263,-20.9549707725599
"C328A","328",383,1583,-47.502361005625,-5.23165250933439,-20.2119800400933
"C328A","328",384,1584,-46.1101126653164,-3.82651925695983,-18.982312589307
"C328A","328",385,1585,-48.7858808668499,-7.45403573870749,-19.1669409701823
"C328A","328",386,1586,-55.0737049747205,-11.0132224537435,-17.5103702691988
"C328A","328",387,1587,-52.1675349769124,-11.6814342709453,-18.2932658699112
"C328A","328",388,1588,-51.7176620800343,-14.8548984441314,-17.6997874059638
"C328A","328",389,1589,-51.4752653340281,-10.4888193435632,-16.8955440770844
"C328A","328",390,1590,-52.024229234202,-8.73572751179615,-15.9833634169382
"C328A","328",391,1591,-54.5255311397734,-7.92546044778572,-13.2357064704435
"C328A","328",392,1592,-50.705534684962,-9.53502558323614,-14.9357570270937
"C328A","328",393,1593,-51.9412051184033,-8.16724358711105,-14.6692926563272
"C328A","328",394,1594,-49.9819155957618,-8.71417971298231,-14.7468316562887
"C328A","328",395,1595,-50.2390411458079,-7.27731926397199,-15.215050966204
"C328A","328",396,1596,-51.0016079906549,-5.45051172207697,-14.4312864351397
"C328A","328",397,1597,-41.3202700205976,-0.993166734973417,-14.7215148123772
"C328A","328",398,1598,-44.0484500488737,-1.85926334145512,-15.9341408685225
"C328A","328",399,1599,-41.2419659353761,-3.73699878039284,-18.1102808102416
"C328A","328",400,1600,-39.8953252380509,-4.1643240868641,-16.3917023915914
"C350A","350",1,1601,-63.5627413286549,-37.1640989087513,-9.04447399225107
"C350A","350",2,1602,-63.1412877408724,-37.9380521110538,-9.12068650247772
"C350A","350",3,1603,-60.8613357646365,-38.2627935936998,-8.90011486224646
"C350A","350",4,1604,-59.9442244667688,-35.8174356020329,-9.24420890243119
"C350A","350",5,1605,-61.0849668580312,-35.5085113323987,-5.80470985554753
"C350A","350",6,1606,-58.5338800527706,-31.6965702241876,-4.12172743831469
"C350A","350",7,1607,-58.9758139248524,-31.9499934211965,-5.56291757846452
"C350A","350",8,1608,-59.3729129070316,-33.1886417839405,-4.13123133438494
"C350A","350",9,1609,-57.3958656954953,-26.5942990135908,-1.64828836446838
"C350A","350",10,1610,-54.0778947968521,-31.0335924096604,-1.7041321290251
"C350A","350",11,1611,-57.0351381698684,-31.762172697865,0.476748481374436
"C350A","350",12,1612,-59.0429065250053,-30.7221962151645,1.9487036966402
"C350A","350",13,1613,-57.2231956135282,-33.0547685936128,3.38673331628298
"C350A","350",14,1614,-57.7865635905721,-30.4931395198289,4.67943272649588
"C350A","350",15,1615,-57.3858114455228,-32.6193570498215,6.6976309880063
"C350A","350",16,1616,-56.0468843361995,-35.9193427434248,7.79783796836403
"C350A","350",17,1617,-56.7898416594521,-35.5326661151827,6.24420543507693
"C350A","350",18,1618,-61.0940880055693,-32.8901666729192,5.12501314889943
"C350A","350",19,1619,-63.3098082142245,-31.4024750240198,5.00794614288575
"C350A","350",20,1620,-59.5882476292697,-30.6886631751861,1.77236752416727
"C350A","350",21,1621,-60.8971447234118,-27.6649100319657,0.643547364219957
"C350A","350",22,1622,-62.5770575249581,-27.7304642477605,2.35936392189287
"C350A","350",23,1623,-62.3977232705072,-29.0837334329475,0.953069503675377
"C350A","350",24,1624,-61.658658120495,-29.6906243724725,-1.22764939572788
"C350A","350",25,1625,-63.074200506786,-28.2632925806239,-0.608551560846837
"C350A","350",26,1626,-69.8654426845246,-26.3738079615407,1.51622977612907
"C350A","350",27,1627,-63.7757711853144,-31.2803266691565,-1.8803679961715
"C350A","350",28,1628,-61.3339100423572,-33.1411283783476,-5.94349026295396
"C350A","350",29,1629,-62.4744107300218,-31.6934662842906,-4.75171007023687
"C350A","350",30,1630,-64.1290126160998,-31.4843471125638,-1.19412607658487
"C350A","350",31,1631,-62.0714653308713,-33.6597433839751,-2.53178870604501
"C350A","350",32,1632,-57.1306950687009,-30.4743728411781,-4.35498888293327
"C350A","350",33,1633,-56.7632485852522,-28.2462062983164,-2.98570077388476
"C350A","350",34,1634,-59.4976426564574,-26.0569409491397,-1.47875334783051
"C350A","350",35,1635,-66.8096166112194,-24.5463453662929,0.975107023711843
"C350A","350",36,1636,-57.4398219446903,-21.4858037853851,-2.48856592862914
"C350A","350",37,1637,-60.5172100412898,-21.3256432250037,-3.04438713676521
"C350A","350",38,1638,-58.6406152010501,-20.8669664293584,-3.00308525153071
"C350A","350",39,1639,-57.702757452291,-18.0503410098152,-4.2252670760239
"C350A","350",40,1640,-61.1769664914481,-17.5337430571308,-4.56333464275763
"C350A","350",41,1641,-63.3040320098439,-21.2596075759245,-4.04001658491948
"C350A","350",42,1642,-66.2741441769453,-19.887672584102,3.36728324003434
"C350A","350",43,1643,-69.202627463151,-21.9365835859799,-1.18433609120232
"C350A","350",44,1644,-68.4730601324844,-22.8314166876437,-0.253871288051821
"C350A","350",45,1645,-70.3278469909891,-22.716425878596,-0.312837755723817
"C350A","350",46,1646,-70.6406518678973,-23.8479009507808,-0.0562704368425858
"C350A","350",47,1647,-67.0376014048803,-20.5578259836678,-1.38914139088356
"C350A","350",48,1648,-66.5164802186683,-20.1520647163954,-0.681720914879778
"C350A","350",49,1649,-70.3768385817041,-21.9933446934496,0.399863536967272
"C350A","350",50,1650,-65.7867341544232,-22.1360277476013,1.40450451255579
"C350A","350",51,1651,-66.1098957556096,-24.4891242375868,1.02853018655174
"C350A","350",52,1652,-69.3573406797021,-29.0328497462551,3.58566073883897
"C350A","350",53,1653,-65.9059785435615,-27.403219802664,4.56495105601507
"C350A","350",54,1654,-63.2833030721487,-26.9340899339204,2.5715664997104
"C350A","350",55,1655,-65.2614722484377,-30.2126705711462,1.84070383762368
"C350A","350",56,1656,-65.9360143487606,-30.7821383457269,-0.603587782438974
"C350A","350",57,1657,-66.698611764716,-33.493084728311,-2.46288349911163
"C350A","350",58,1658,-67.2571716539374,-30.7744539945723,-2.98619491989979
"C350A","350",59,1659,-57.7495693353036,-30.3547520209577,-4.45741711983635
"C350A","350",60,1660,-63.6742375625834,-31.6823512185112,3.55647943770225
"C350A","350",61,1661,-65.7350807106478,-30.4359646460889,7.71647519023613
"C350A","350",62,1662,-66.9472204153697,-28.5938188830724,5.62232463912674
"C350A","350",63,1663,-64.0613941549183,-33.0425693246411,2.88065674840129
"C350A","350",64,1664,-69.7232122557509,-34.8180418315488,3.9889309252828
"C350A","350",65,1665,-67.2747042665702,-35.7739130401283,0.942476435535789
"C350A","350",66,1666,-67.5379708638934,-37.6244372514684,4.27177977441489
"C350A","350",67,1667,-68.4507586308194,-37.073562595198,1.3655719351627
"C350A","350",68,1668,-66.580402286607,-39.3582641380113,1.31249900684987
"C350A","350",69,1669,-70.3537311854496,-37.8481414729998,3.74144873064429
"C350A","350",70,1670,-66.8224993173881,-38.6718702808156,6.34444285694492
"C350A","350",71,1671,-68.5495541956773,-39.5815195698166,3.47440116133637
"C350A","350",72,1672,-64.7207604958747,-39.2757340323304,-1.48193496445465
"C350A","350",73,1673,-67.4728641417255,-38.0251027244322,-2.01997423644811
"C350A","350",74,1674,-65.6496366255441,-35.579668644935,0.468387831894615
"C350A","350",75,1675,-59.687021552399,-37.1190081900906,4.40819627924248
"C350A","350",76,1676,-65.4496658653451,-36.8137151831355,4.91410927181883
"C350A","350",77,1677,-65.190064975159,-34.4187572932288,5.24072283340836
"C350A","350",78,1678,-65.7106411568765,-33.9839093154816,5.96440075018312
"C350A","350",79,1679,-65.3401864400228,-37.1554308277665,3.70684032822501
"C350A","350",80,1680,-64.9992379959669,-38.3827438003154,3.53680823256114
"C350A","350",81,1681,-67.5500389666445,-38.2585936597672,6.5063533309496
"C350A","350",82,1682,-63.3545777546217,-38.2993834038595,2.72442207896078
"C350A","350",83,1683,-65.2821033912324,-35.6323552683022,2.18922507235514
"C350A","350",84,1684,-64.5017863281184,-39.0273801114099,2.69667385644147
"C350A","350",85,1685,-65.0755319281634,-32.3006638887449,3.73086183333955
"C350A","350",86,1686,-64.225970172396,-37.4784765996765,0.79371210633439
"C350A","350",87,1687,-63.7887751921416,-33.3820956230524,1.18611717989903
"C350A","350",88,1688,-64.7255559328025,-29.0089905090022,2.30894544888054
"C350A","350",89,1689,-64.5619634875127,-30.0528953928584,2.95212362573372
"C350A","350",90,1690,-65.7895948925354,-27.2009830928769,3.88461308095376
"C350A","350",91,1691,-66.238357805229,-31.5417974497494,3.40345249602576
"C350A","350",92,1692,-69.2380762130139,-31.1219637642122,3.07965370763336
"C350A","350",93,1693,-67.0705954594307,-34.5357746213818,-0.696671223353302
"C350A","350",94,1694,-67.8800944017386,-33.8251809732243,-0.737872074742346
"C350A","350",95,1695,-66.0555051043108,-33.1411735236546,-2.01788168350386
"C350A","350",96,1696,-66.7026115603772,-36.7232064230668,-2.46641969189667
"C350A","350",97,1697,-65.6563267664673,-34.6157321588998,-1.59487005127281
"C350A","350",98,1698,-72.5102038147169,-30.9901728470131,1.19721508985939
"C350A","350",99,1699,-67.5577562017222,-33.9455213553031,-0.411951242833763
"C350A","350",100,1700,-62.1602582195189,-35.2680104115371,-1.42520095024755
"C350A","350",101,1701,-66.733047646062,-35.6427029095069,-1.88151423089619
"C350A","350",102,1702,-68.225547644689,-37.5244723528084,-1.85432019593127
"C350A","350",103,1703,-66.8806638136349,-35.2853536593302,-1.2067923000027
"C350A","350",104,1704,-67.3525954896433,-37.1880183158995,0.792042324620329
"C350A","350",105,1705,-65.1539220441987,-41.6447856760194,-0.641564671594439
"C350A","350",106,1706,-61.6042964960359,-41.3829969320777,1.90985507424478
"C350A","350",107,1707,-65.4900383675193,-46.2956617525668,3.24968571443354
"C350A","350",108,1708,-64.4734016453915,-44.8704238717513,3.3628515165993
"C350A","350",109,1709,-61.3058931850388,-47.8649758248444,9.01309395763909
"C350A","350",110,1710,-56.978739856683,-44.0131185192043,10.7560401489963
"C350A","350",111,1711,-57.1108541275098,-41.5512250679769,17.3680135078395
"C350A","350",112,1712,-58.520231413551,-41.1475885703299,19.3139659406884
"C350A","350",113,1713,-60.3379362482931,-43.2314058392897,14.2462875581119
"C350A","350",114,1714,-58.0960053702438,-42.1611001043654,13.1386065212624
"C350A","350",115,1715,-59.3021062526234,-40.8936518761651,14.2884754285197
"C350A","350",116,1716,-54.5425378267806,-40.5725177441867,15.7968412716565
"C350A","350",117,1717,-55.9984801055455,-44.0479060233861,14.4617359716088
"C350A","350",118,1718,-55.1383150643858,-44.1295944454608,15.8426134089093
"C350A","350",119,1719,-54.4076347339711,-48.2754605756015,18.2173978876211
"C350A","350",120,1720,-54.8720107834647,-47.9856729861383,15.9300100372033
"C350A","350",121,1721,-53.3972125543375,-49.1427959770099,15.5709713245474
"C350A","350",122,1722,-53.4901836184593,-49.7237062725307,16.3922012947239
"C350A","350",123,1723,-57.807596155439,-46.9250576961803,17.4195806433833
"C350A","350",124,1724,-58.7195940085108,-50.9477488812983,14.6600667204207
"C350A","350",125,1725,-60.1906158250251,-52.7306085814965,12.5493573291325
"C350A","350",126,1726,-61.541316251656,-50.9617406579832,11.2525887848062
"C350A","350",127,1727,-56.5966612827218,-51.1634055621712,12.7138738796891
"C350A","350",128,1728,-62.3599646989874,-50.9930268599488,14.1686072357773
"C350A","350",129,1729,-63.7154210958349,-49.6139573722797,14.069803531293
"C350A","350",130,1730,-63.4653073932357,-49.4293551073477,16.6111498966183
"C350A","350",131,1731,-64.3861226242205,-48.2504609382566,14.3222101405382
"C350A","350",132,1732,-64.2064953992902,-49.1533923518924,13.8876598953226
"C350A","350",133,1733,-62.5676565533197,-49.2663960397543,9.9279598155053
"C350A","350",134,1734,-59.3558956028046,-48.6577949662173,7.7682296668584
"C350A","350",135,1735,-61.4879272402094,-44.3708264702454,9.22573880205271
"C350A","350",136,1736,-59.1396592706764,-45.0204395584404,14.8685517412826
"C350A","350",137,1737,-59.64185638126,-47.3125330654599,9.66799436068214
"C350A","350",138,1738,-55.9672664734983,-52.6149632826617,8.25599918387884
"C350A","350",139,1739,-57.2975684391038,-53.5334904991868,10.4495879412524
"C350A","350",140,1740,-57.3597117831474,-54.0363944973485,9.45650869438399
"C350A","350",141,1741,-54.4881865506537,-53.626411178252,8.0919051369653
"C350A","350",142,1742,-55.8847248948331,-50.8370813631474,8.35470167638463
"C350A","350",143,1743,-51.847354089332,-53.6869015186383,12.8515613675303
"C350A","350",144,1744,-53.7122820992294,-52.5505423905563,11.0231753884093
"C350A","350",145,1745,-51.8985458935539,-53.0263948111993,13.8783133832883
"C350A","350",146,1746,-54.8289972518804,-49.7620927744476,10.9768524484912
"C350A","350",147,1747,-59.4605351878941,-52.0121075872545,9.12805272143126
"C350A","350",148,1748,-56.6929094333361,-50.0539318968141,8.701486199245
"C350A","350",149,1749,-58.7378185165864,-54.8396743343537,9.26348543214324
"C350A","350",150,1750,-59.0678937724121,-52.375903764197,8.17025967160979
"C350A","350",151,1751,-59.6035247690361,-51.482606707209,10.8635296898815
"C350A","350",152,1752,-59.2031011565967,-49.7862074357749,12.7270180766928
"C350A","350",153,1753,-61.0629320104698,-47.6313910659844,9.51536602726504
"C350A","350",154,1754,-59.2917119601061,-47.043783619741,7.57621989557405
"C350A","350",155,1755,-60.5181591115785,-47.7660426816426,8.67077202326956
"C350A","350",156,1756,-58.8582113415798,-48.0275113783092,10.8249707812051
"C350A","350",157,1757,-61.5520292700673,-45.7675081841138,8.84522823187474
"C350A","350",158,1758,-62.2857810453658,-47.2381629211864,9.1985656800314
"C350A","350",159,1759,-56.2461214951375,-43.1420790891528,10.450609067012
"C350A","350",160,1760,-60.993473074354,-40.2597536427358,11.0178373347586
"C350A","350",161,1761,-56.1360999736742,-39.3970547775498,11.249950505276
"C350A","350",162,1762,-50.018235452024,-43.3150377953773,11.2917517522461
"C350A","350",163,1763,-52.2079188318876,-33.5162634572387,16.4426619475268
"C350A","350",164,1764,-55.2757994701956,-29.6312792026194,14.5466678225479
"C350A","350",165,1765,-52.5341551196468,-32.1076722792176,12.3742750479716
"C350A","350",166,1766,-50.4583811087663,-32.9727569591269,10.502846585758
"C350A","350",167,1767,-51.1794398492646,-30.5645175682248,12.5217486141298
"C350A","350",168,1768,-52.72211919637,-29.085076278741,18.9553447842026
"C350A","350",169,1769,-52.7485537537093,-28.9385086967655,17.3240989005053
"C350A","350",170,1770,-47.9832258677276,-25.9573605891138,20.6899020911175
"C350A","350",171,1771,-46.9005989043827,-28.3007908391797,18.4579341774993
"C350A","350",172,1772,-43.6811384942571,-30.8371609047698,14.1674567591042
"C350A","350",173,1773,-39.3841693366701,-29.5575353088412,10.0794378549113
"C350A","350",174,1774,-39.8297271673525,-28.4080000437824,6.50929783650045
"C350A","350",175,1775,-45.7260697607394,-27.6593510737461,4.62104411960615
"C350A","350",176,1776,-47.0477710630385,-26.2805831373901,4.44225322627883
"C350A","350",177,1777,-43.8594571017054,-28.0524228971318,7.28591135858953
"C350A","350",178,1778,-41.1136970868899,-30.436696250511,8.94782171899326
"C350A","350",179,1779,-44.6548170343128,-30.2492347279033,4.10762659254403
"C350A","350",180,1780,-45.4494013787763,-33.0693314217078,-2.0809403184894
"C350A","350",181,1781,-44.7318446936437,-30.6292288526486,-3.11737341959432
"C350A","350",182,1782,-45.376555382992,-34.1710006470823,-0.920695457721268
"C350A","350",183,1783,-47.0602917408864,-29.1858500075936,1.44529101106308
"C350A","350",184,1784,-45.95060507311,-31.0287735276951,3.20642278885865
"C350A","350",185,1785,-45.1777931188577,-28.5127998325467,6.65736737271656
"C350A","350",186,1786,-39.1177039764909,-31.6440860268865,7.53935807097969
"C350A","350",187,1787,-43.823353645934,-36.7859747244071,8.98449777185913
"C350A","350",188,1788,-44.690486565298,-38.6728276029316,11.0424610650076
"C350A","350",189,1789,-51.8812892222968,-35.5350762564681,16.4297083056242
"C350A","350",190,1790,-54.3593350707265,-33.7396594669562,14.9220910301311
"C350A","350",191,1791,-51.9614423115671,-31.5867027608882,14.7764395220187
"C350A","350",192,1792,-50.8742887184061,-31.4393502963739,12.7462774586398
"C350A","350",193,1793,-48.5248329300669,-36.0693725903029,8.24897073067519
"C350A","350",194,1794,-48.2773926375873,-37.9052279566343,0.882496030491511
"C350A","350",195,1795,-53.0768661761926,-36.692730870562,2.91315014898561
"C350A","350",196,1796,-49.2215891152321,-33.705695425032,-1.40967290765965
"C350A","350",197,1797,-51.0526872951933,-40.7833488772587,0.180652404660545
"C350A","350",198,1798,-47.6765463621906,-42.020916841816,1.25725459067964
"C350A","350",199,1799,-46.9246661343062,-43.2279412427538,0.757407699217239
"C350A","350",200,1800,-42.7384051957354,-43.8612130652436,0.465501045642759
"C350A","350",201,1801,-37.2123770582237,-42.8202592662888,0.860717078993113
"C350A","350",202,1802,-40.1280375164642,-38.8014449790667,5.68608878945851
"C350A","350",203,1803,-32.6107720648295,-39.6105554702407,3.69730114592957
"C350A","350",204,1804,-37.3796923169001,-43.5227977490403,-3.96093108946862
"C350A","350",205,1805,-34.9588684744916,-44.9944322166004,-4.19240890405509
"C350A","350",206,1806,-40.4470412702551,-45.0957379048649,-7.75765559170637
"C350A","350",207,1807,-33.1061047584696,-44.0339780155407,-4.72763407518847
"C350A","350",208,1808,-30.8347803284225,-43.2929759475367,-4.74619717434281
"C350A","350",209,1809,-30.0880281105463,-41.6957672909233,-3.42768268864786
"C350A","350",210,1810,-29.5163221425664,-42.148606351867,-8.87139771783179
"C350A","350",211,1811,-35.3854942330289,-45.9764388392079,-4.79975723926235
"C350A","350",212,1812,-38.36123811784,-46.5194861157849,-0.149920640684424
"C350A","350",213,1813,-36.7466450374488,-48.4915000830243,-2.53500744380925
"C350A","350",214,1814,-29.6792529170846,-48.7309334459114,-2.36495100625579
"C350A","350",215,1815,-31.9770595109724,-49.9685647498788,5.03877034114347
"C350A","350",216,1816,-32.6225018865831,-47.3720233791276,8.97001333878687
"C350A","350",217,1817,-30.489447025108,-42.4485642170132,11.5112635510023
"C350A","350",218,1818,-27.641455449339,-40.6116857880953,9.6842791213216
"C350A","350",219,1819,-29.9254971406867,-42.7032583657332,9.26208632658406
"C350A","350",220,1820,-26.4175390870996,-41.2969806198156,8.97291520473616
"C350A","350",221,1821,-22.6057118963894,-40.2621262767255,10.5746685243439
"C350A","350",222,1822,-27.3684509922133,-39.1311456040666,6.60486313405617
"C350A","350",223,1823,-24.039365979995,-39.2942983446916,-0.942706274690141
"C350A","350",224,1824,-23.9486938449313,-40.1828026765099,-1.19717242280505
"C350A","350",225,1825,-29.052949624847,-37.8023490519971,1.26800872322878
"C350A","350",226,1826,-32.8091122276284,-40.7030711700657,3.66305627097512
"C350A","350",227,1827,-34.5058188181053,-38.833059795544,7.81723303254427
"C350A","350",228,1828,-30.4775339349808,-37.9838408462813,6.23391870304083
"C350A","350",229,1829,-29.0329375111719,-43.3207581068632,-5.38954838290337
"C350A","350",230,1830,-29.1985108872629,-43.9231290130185,-5.00024640288852
"C350A","350",231,1831,-32.2094396601563,-45.8642328876634,-1.95099991417578
"C350A","350",232,1832,-37.5303536464413,-44.5892796491527,-0.98707815601631
"C350A","350",233,1833,-35.8401006599828,-42.8896570203412,1.82094743477889
"C350A","350",234,1834,-36.3971400136525,-44.0022476273116,6.78182135691178
"C350A","350",235,1835,-35.7385513818823,-45.3829500978991,6.01830010933734
"C350A","350",236,1836,-36.8926968624465,-46.1314794813328,5.00339373217414
"C350A","350",237,1837,-35.3603811107589,-47.9156695182963,8.09134492857911
"C350A","350",238,1838,-34.1606873226915,-47.2357743851077,3.84967438535721
"C350A","350",239,1839,-37.488912776136,-50.7677675346531,4.30451577371398
"C350A","350",240,1840,-33.9324121432648,-48.000612867906,-0.152785122461264
"C350A","350",241,1841,-41.3274538675787,-51.3291247114791,4.00653144308541
"C350A","350",242,1842,-38.0279184215003,-47.4061547192968,8.01979240253162
"C350A","350",243,1843,-36.2609520720072,-46.820398284605,8.97288865967545
"C350A","350",244,1844,-37.6782292347676,-46.1961036713511,10.1553725395914
"C350A","350",245,1845,-35.7325891361333,-45.6851249377846,13.7099273567218
"C350A","350",246,1846,-38.8821020032521,-49.0342517448053,8.28938302071902
"C350A","350",247,1847,-41.3750864411078,-44.8427424318135,7.95128365598485
"C350A","350",248,1848,-39.9426731064876,-45.3173502015025,10.9016519819763
"C350A","350",249,1849,-42.6642702658678,-43.6119537065648,7.93398426408292
"C350A","350",250,1850,-33.9622913058514,-47.6268898746217,2.13960471707073
"C350A","350",251,1851,-37.9406268081758,-42.3296241625172,2.96441340855351
"C350A","350",252,1852,-34.1026311231446,-44.6301160083702,9.01669076068327
"C350A","350",253,1853,-31.0952396208283,-44.9701401130398,9.52218684218989
"C350A","350",254,1854,-29.3491692728828,-42.0381798883991,13.0886406029792
"C350A","350",255,1855,-30.6093421457566,-37.0963199939968,13.4254471105287
"C350A","350",256,1856,-34.7287671183073,-38.213432023057,13.1527237590561
"C350A","350",257,1857,-33.2596700008365,-36.0204603083642,12.0765961971241
"C350A","350",258,1858,-31.0322422314191,-38.5429417087913,9.76058862751283
"C350A","350",259,1859,-34.5465391304337,-41.6538587937943,9.24873084916799
"C350A","350",260,1860,-33.2347854385219,-32.4104986827068,11.4399481247493
"C350A","350",261,1861,-38.8480452021268,-27.4004290798812,17.4176079411557
"C350A","350",262,1862,-30.5324899420984,-30.6837244685164,17.4073036255771
"C350A","350",263,1863,-35.9929151188359,-36.9122316878638,12.3094061228934
"C350A","350",264,1864,-39.0748573563761,-30.7225852121456,11.2704869386817
"C350A","350",265,1865,-39.2163700397684,-29.5267905256482,14.8232839975989
"C350A","350",266,1866,-42.8107412456531,-34.4395171759868,12.5272924026234
"C350A","350",267,1867,-42.6752312005399,-40.5704737268678,7.25352700781897
"C350A","350",268,1868,-47.4392198806971,-41.013157759638,10.1529977014955
"C350A","350",269,1869,-44.6189391601038,-42.0267654657483,6.07205828147554
"C350A","350",270,1870,-48.1069680497289,-44.5753089164097,4.76388968180362
"C350A","350",271,1871,-46.7784290910861,-45.7319821145237,0.548954481389596
"C350A","350",272,1872,-49.4459152396149,-43.7883267662209,4.23046485620926
"C350A","350",273,1873,-50.7743227701026,-47.1494188842863,5.28667553589571
"C350A","350",274,1874,-52.9958959558736,-49.4920050487204,-0.640274932199432
"C350A","350",275,1875,-50.6693848453854,-46.1921301814014,1.56058597110872
"C350A","350",276,1876,-51.1195670592911,-45.3945666537474,6.99741698944666
"C350A","350",277,1877,-52.0756967244117,-44.7632333397526,2.74202985450894
"C350A","350",278,1878,-50.4358039526419,-46.3431519108957,3.32206296883002
"C350A","350",279,1879,-54.2615724186009,-44.0877762876741,6.92253138009391
"C350A","350",280,1880,-49.8640690758046,-43.8729716992864,1.54198195553151
"C350A","350",281,1881,-49.8523607707205,-47.1042995406085,-2.05045263139951
"C350A","350",282,1882,-50.7462700327438,-53.819645798878,-1.70214466170037
"C350A","350",283,1883,-50.1703138802395,-50.4003142797734,-2.27363545888239
"C350A","350",284,1884,-42.7343998402122,-49.050100377031,-3.74607057371079
"C350A","350",285,1885,-41.9236805642034,-50.7840021346371,-6.15344129381664
"C350A","350",286,1886,-42.9346390496782,-50.1639147048521,-1.92384185962441
"C350A","350",287,1887,-38.7952253269862,-48.1812404421243,2.9170036927823
"C350A","350",288,1888,-37.4062298287791,-47.9491852201816,-1.80117802335742
"C350A","350",289,1889,-36.3480709472599,-44.101635451149,-5.08342877056273
"C350A","350",290,1890,-37.2278075457352,-47.9158168951275,-6.84259100551968
"C350A","350",291,1891,-39.2619820217558,-45.1581626019832,-1.34890497748791
"C350A","350",292,1892,-40.53091067084,-43.582220283633,1.62442391295174
"C350A","350",293,1893,-42.5848120772053,-42.977464351289,-1.49817291635115
"C350A","350",294,1894,-41.391074688121,-37.2309411408145,-3.06408812407233
"C350A","350",295,1895,-38.6921251372193,-34.1891957036852,3.20593994946185
"C350A","350",296,1896,-38.4270314381407,-40.238297748823,1.47000008971436
"C350A","350",297,1897,-38.0230491592602,-49.9297373017819,-1.36303725384725
"C350A","350",298,1898,-34.9214619194277,-48.4499784991308,0.0185267490475679
"C350A","350",299,1899,-36.591367002365,-53.094842121599,-0.823554924749316
"C350A","350",300,1900,-43.3067577766092,-56.2798793626512,-2.27310459125304
"C350A","350",301,1901,-45.3313121537458,-49.8123035877194,0.207839139977311
"C350A","350",302,1902,-44.857267476768,-49.3729913484318,-1.42252824513389
"C350A","350",303,1903,-46.8722502697182,-54.4525971077593,-2.44435913611922
"C350A","350",304,1904,-51.8826231563015,-58.6751216099395,-0.564159776593232
"C350A","350",305,1905,-51.7472501732875,-58.9511802140766,-4.45096246128851
"C350A","350",306,1906,-53.6683323910379,-59.6263867018555,-5.27840795721281
"C350A","350",307,1907,-55.5615015652899,-58.3707413972154,-3.94961898443103
"C350A","350",308,1908,-49.8250959522874,-58.7173985410918,-4.82419799336837
"C350A","350",309,1909,-51.6186740883714,-58.9345146400035,-3.15984053432477
"C350A","350",310,1910,-53.1185580402117,-54.8074094103994,-4.95151356421589
"C350A","350",311,1911,-49.2357356313222,-56.6685407701986,-3.46818569222138
"C350A","350",312,1912,-50.8084194829571,-51.9748115429875,-3.82139863082645
"C350A","350",313,1913,-51.5282599452115,-53.1643486564539,-4.77176989612501
"C350A","350",314,1914,-46.822850883463,-54.0802661109185,-8.89986230235184
"C350A","350",315,1915,-49.9763234302292,-50.5971702965592,-6.61781279448259
"C350A","350",316,1916,-48.3882723889541,-51.6942265773108,-7.25144365228458
"C350A","350",317,1917,-42.957067342153,-51.7503888205341,-9.63987656013868
"C350A","350",318,1918,-45.4101369773527,-54.1631069478672,-7.9162398184491
"C350A","350",319,1919,-48.2355495144103,-54.897017026039,-1.52629205392579
"C350A","350",320,1920,-50.9097673999321,-51.8293965406983,-0.0581678799258617
"C350A","350",321,1921,-46.156231798245,-47.1947028904647,7.2755738653957
"C350A","350",322,1922,-53.5330977789031,-47.83309183106,7.51374440027187
"C350A","350",323,1923,-57.1565993614441,-48.6699105534758,2.74105226218288
"C350A","350",324,1924,-54.306615005624,-49.764452660597,2.99510630718503
"C350A","350",325,1925,-54.5824532768764,-53.6783826691293,0.838964882430466
"C350A","350",326,1926,-55.3356138262758,-57.9466458427113,-1.38087111439174
"C350A","350",327,1927,-50.597948909045,-58.893037151104,-4.63912978865407
"C350A","350",328,1928,-55.330779387838,-60.8481491863752,-5.79191549286553
"C350A","350",329,1929,-55.4836000488231,-60.6189118498002,-1.82757734983367
"C350A","350",330,1930,-54.7462534410678,-58.4021701948303,1.09518940875426
"C350A","350",331,1931,-55.2741416682312,-61.6538608586566,1.73497216273901
"C350A","350",332,1932,-50.1398650264971,-61.9439231401472,-1.51053323894838
"C350A","350",333,1933,-51.200039881438,-62.7922721172082,-0.60026384618795
"C350A","350",334,1934,-51.9564842586711,-65.5888186881282,-1.10097332660077
"C350A","350",335,1935,-50.1334027536384,-61.227140271407,-4.72593241856292
"C350A","350",336,1936,-52.6127549659182,-62.8674668424545,-4.60414811120813
"C350A","350",337,1937,-53.7755877775383,-60.4921489685897,-7.67831564970851
"C350A","350",338,1938,-53.2689010160624,-60.1145107945373,-4.22134303337549
"C350A","350",339,1939,-52.5659937268837,-61.5751471000614,-8.25860236378954
"C350A","350",340,1940,-51.1351209134227,-64.8956571987365,-9.6764131774641
"C350A","350",341,1941,-48.8661922000651,-62.3171007356614,-4.64249701611539
"C350A","350",342,1942,-48.4178332969657,-62.4756822563575,-5.42426354100661
"C350A","350",343,1943,-49.6051735484966,-62.1486189528231,-4.03872783249566
"C350A","350",344,1944,-45.4596370326062,-57.8581264047958,-2.12437115285146
"C350A","350",345,1945,-48.4774556521095,-58.7357834280446,-0.319199656773419
"C350A","350",346,1946,-52.9474762723581,-61.7117131520417,0.715125847537493
"C350A","350",347,1947,-47.7885219530324,-61.9545952440725,-2.08454459947321
"C350A","350",348,1948,-49.1736846188528,-63.1143076117458,-2.41265835199571
"C350A","350",349,1949,-43.8346185269457,-65.4553539396661,-3.80772292179265
"C350A","350",350,1950,-41.7810470897085,-58.4136927941586,-3.6580548624227
"C350A","350",351,1951,-45.175904727505,-60.4423477855149,-9.0613764121352
"C350A","350",352,1952,-46.1535607678836,-61.7830763045485,-11.1634282301501
"C350A","350",353,1953,-46.0946294747786,-63.7004335691916,-12.3161489722879
"C350A","350",354,1954,-48.1130297216788,-62.4089829693497,-12.9079038291261
"C350A","350",355,1955,-49.5485456525261,-63.3501182975881,-14.8118872298117
"C350A","350",356,1956,-47.1715258672574,-65.1080451007864,-16.352579571407
"C350A","350",357,1957,-45.501366521979,-65.2853234901174,-16.1379033996832
"C350A","350",358,1958,-45.2765328004025,-64.6586380785409,-15.9878346546461
"C350A","350",359,1959,-48.2122017380867,-65.1296866374852,-15.7082844868666
"C350A","350",360,1960,-43.7529329374299,-66.5401705000254,-16.7615610756846
"C350A","350",361,1961,-39.685665538734,-65.6680503389191,-16.6754151818946
"C350A","350",362,1962,-37.0855358650444,-67.8003660130278,-16.5747265741028
"C350A","350",363,1963,-29.8757321845254,-64.3322363943923,-18.5194699779371
"C350A","350",364,1964,-32.112055103422,-56.2228722180542,-18.6467422036458
"C350A","350",365,1965,-30.5508259493233,-58.0100313778324,-20.3400914301132
"C350A","350",366,1966,-30.0484310286067,-59.5156885494523,-20.8362791284124
"C350A","350",367,1967,-30.0026836858215,-58.1848585667644,-19.8461539898911
"C350A","350",368,1968,-30.2361191296505,-57.4652250333294,-19.7033032782817
"C350A","350",369,1969,-29.5368634901844,-53.8460946209431,-19.631348515336
"C350A","350",370,1970,-24.4664728834913,-54.4854257967332,-20.0295391638979
"C350A","350",371,1971,-23.084429932643,-51.0448010716855,-18.4275410691608
"C350A","350",372,1972,-26.4984667774838,-48.7741029594771,-16.4642789466898
"C350A","350",373,1973,-27.8797276433086,-46.233847560962,-13.7432237351071
"C350A","350",374,1974,-29.5279023475931,-43.937758407113,-12.5360094151071
"C350A","350",375,1975,-27.6893740816975,-48.9856741500885,-11.5636023101139
"C350A","350",376,1976,-24.1899489200475,-45.3797990842287,-12.119294923763
"C350A","350",377,1977,-27.4702364722269,-47.9613769508397,-8.28735714648536
"C350A","350",378,1978,-25.1957303964412,-47.7287175259203,-4.7956462658878
"C350A","350",379,1979,-26.4387062519638,-53.1075481496876,-4.322264689407
"C350A","350",380,1980,-27.1372959917509,-52.5427113885811,-0.126081383678597
"C350A","350",381,1981,-26.8497814124845,-54.0272467656664,-0.529078340300645
"C350A","350",382,1982,-26.2401111029185,-54.9393928657656,-4.85454438236
"C350A","350",383,1983,-31.915530879349,-54.6664133262737,-5.71721667992428
"C350A","350",384,1984,-24.0299847579947,-53.9416578144369,-4.03318603579218
"C350A","350",385,1985,-30.5055511511435,-53.4507135042768,-0.579352577989496
"C350A","350",386,1986,-31.7947714612343,-50.5387388712845,-3.32398752594917
"C350A","350",387,1987,-30.8883331248328,-45.9249784317477,-3.22429781400372
"C350A","350",388,1988,-31.0122362631082,-47.9646998320062,2.42939886936146
"C350A","350",389,1989,-30.0999730401382,-47.7800781650771,8.55814277348315
"C350A","350",390,1990,-25.8720782175919,-48.4158326975687,10.3374092153509
"C350A","350",391,1991,-23.9187487411804,-52.7949122103244,8.33437825602784
"C350A","350",392,1992,-38.5209883184212,-49.6429948580575,4.89301002138585
"C350A","350",393,1993,-30.5224785239646,-47.8978543692976,6.68358621551496
"C350A","350",394,1994,-27.2118971206186,-49.4150250315626,-3.7287095424186
"C350A","350",395,1995,-25.6535118255585,-52.010549727651,-5.71915863098843
"C350A","350",396,1996,-29.0369859533791,-51.4926832819417,-6.47198011315616
"C350A","350",397,1997,-33.5617360273458,-51.6354499817565,-6.34743249834712
"C350A","350",398,1998,-30.6036981447507,-52.7522425067477,-6.13136056117739
"C350A","350",399,1999,-28.1345461620122,-54.2894719202509,-5.20155149580441
"C350A","350",400,2000,-30.1114683193886,-52.3523874642104,-3.67810850264272
"C303A-C322A","303-322",1,2001,40.0226456261385,-0.881091682455959,-28.8641757646032
"C303A-C322A","303-322",2,2002,26.4684904717434,5.61798796533049,3.32376167922378
"C303A-C322A","303-322",3,2003,27.0309153162419,0.618834136697919,6.82450253911424
"C303A-C322A","303-322",4,2004,33.1820016225767,3.44230915511017,-0.161518888110478
"C303A-C322A","303-322",5,2005,29.8802668882878,3.47821180620036,2.80128585334784
"C303A-C322A","303-322",6,2006,32.9520281343021,4.83679094677186,10.669944189006
"C303A-C322A","303-322",7,2007,34.4524060102818,3.73489731855717,11.7440264801572
"C303A-C322A","303-322",8,2008,34.978097411377,6.70490087077942,11.5844599762687
"C303A-C322A","303-322",9,2009,37.7884405899792,7.58060906264549,11.3712517402172
"C303A-C322A","303-322",10,2010,34.3073029013819,5.56394553670234,14.2965506868106
"C303A-C322A","303-322",11,2011,36.5910597139814,5.55153003027226,17.6050787650651
"C303A-C322A","303-322",12,2012,32.8019295535885,9.3424627145946,13.1838932630814
"C303A-C322A","303-322",13,2013,28.9441650791476,5.74224794820989,15.2003757999756
"C303A-C322A","303-322",14,2014,32.5896748313369,5.89431923272384,12.4143833458736
"C303A-C322A","303-322",15,2015,30.3452239314733,3.2704289427056,10.8661089219843
"C303A-C322A","303-322",16,2016,31.5850213225811,4.98445224320076,9.94364729554036
"C303A-C322A","303-322",17,2017,23.7018792312058,4.77693544531255,10.3565663787853
"C303A-C322A","303-322",18,2018,20.9106940282375,1.48528700452236,11.9694122706765
"C303A-C322A","303-322",19,2019,19.4905497719222,4.32039337338817,4.46401563839616
"C303A-C322A","303-322",20,2020,14.7294571041294,4.93216423712461,5.57208277351024
"C303A-C322A","303-322",21,2021,18.1950435954568,5.83119404033023,8.11538627907578
"C303A-C322A","303-322",22,2022,16.2890452748662,5.09104522849892,5.15126595649844
"C303A-C322A","303-322",23,2023,23.2824980538218,6.00055969478586,-1.47774480727983
"C303A-C322A","303-322",24,2024,21.785191767074,5.19562325994883,-1.80889383934951
"C303A-C322A","303-322",25,2025,26.9037699022293,6.38659262971341,-1.16635720307824
"C303A-C322A","303-322",26,2026,24.9057289383278,5.56092784582541,-0.324017599670949
"C303A-C322A","303-322",27,2027,24.0345688667028,4.52161506444892,1.41355629292111
"C303A-C322A","303-322",28,2028,24.7058965008086,5.25228795403857,0.542023865995039
"C303A-C322A","303-322",29,2029,21.6565792121957,5.2046563606347,4.91505721249453
"C303A-C322A","303-322",30,2030,20.9069003712599,6.90905076669365,1.29870361141696
"C303A-C322A","303-322",31,2031,19.1225316610229,5.96510104135095,0.297397418112734
"C303A-C322A","303-322",32,2032,17.0528305819175,3.31631587464523,-2.31856109096725
"C303A-C322A","303-322",33,2033,15.109679408701,6.68640118866848,-4.24183815378464
"C303A-C322A","303-322",34,2034,13.8917802919408,4.39699054970015,-5.85324681757425
"C303A-C322A","303-322",35,2035,16.8376002229805,3.30175758599886,-3.58723166883539
"C303A-C322A","303-322",36,2036,10.4209360902985,3.11481217361654,-4.69273851471028
"C303A-C322A","303-322",37,2037,13.1696954115129,3.30237583233472,-4.18634698430203
"C303A-C322A","303-322",38,2038,7.30493811376398,4.42532995150003,-1.33546481166464
"C303A-C322A","303-322",39,2039,1.9656837975624,4.89498030228546,-0.757371829158351
"C303A-C322A","303-322",40,2040,6.90527466815523,3.64501816149255,3.73164896941318
"C303A-C322A","303-322",41,2041,9.70182945652754,3.77023887981398,3.27932394162742
"C303A-C322A","303-322",42,2042,14.1683254877222,2.71369306839358,1.16447284326629
"C303A-C322A","303-322",43,2043,16.0993279262998,4.28291816941608,-2.049521122261
"C303A-C322A","303-322",44,2044,12.3032312874409,6.60369504833298,4.20318088076387
"C303A-C322A","303-322",45,2045,5.26111283359967,5.67726001333227,2.78860884421525
"C303A-C322A","303-322",46,2046,9.7031744561764,3.42191200153121,1.80564642737301
"C303A-C322A","303-322",47,2047,8.65334558295399,1.50646126983089,6.537597204493
"C303A-C322A","303-322",48,2048,8.42259473581914,-1.49671944290003,8.9275429297306
"C303A-C322A","303-322",49,2049,8.6518140143212,0.425027036481924,9.6755066477752
"C303A-C322A","303-322",50,2050,6.86840868385046,4.07006384438278,11.5032354713
"C303A-C322A","303-322",51,2051,11.9285973423955,8.14407827191815,10.7601557129736
"C303A-C322A","303-322",52,2052,11.8295195812669,10.7894455298743,10.0317224987476
"C303A-C322A","303-322",53,2053,11.5971658539166,12.7635074788102,9.76763853208734
"C303A-C322A","303-322",54,2054,6.43634472110346,12.7065586351142,8.64024012911106
"C303A-C322A","303-322",55,2055,7.75351580931099,17.1558597639788,7.10875722576206
"C303A-C322A","303-322",56,2056,9.69791219138333,15.4043996074738,12.7558711978112
"C303A-C322A","303-322",57,2057,9.36630506379122,18.4394938138808,15.499474928443
"C303A-C322A","303-322",58,2058,15.7797893165923,18.9897624725649,16.7079426570394
"C303A-C322A","303-322",59,2059,18.0708476923538,20.2216489694482,3.14803215075811
"C303A-C322A","303-322",60,2060,26.2603094060968,17.3149241580166,0.653946829678088
"C303A-C322A","303-322",61,2061,27.0058692413829,21.8358880295487,2.64490807121238
"C303A-C322A","303-322",62,2062,15.1668674577249,20.0333215068249,2.68543887370925
"C303A-C322A","303-322",63,2063,13.5042808313706,20.5297034658086,2.8119617193354
"C303A-C322A","303-322",64,2064,11.9077673336218,22.8910330879635,0.56562363085509
"C303A-C322A","303-322",65,2065,11.5583016136931,23.2476981082115,-0.691313133569287
"C303A-C322A","303-322",66,2066,9.42309443193028,23.0221280261115,2.43842223287889
"C303A-C322A","303-322",67,2067,14.0791853400675,26.5231154514331,0.700109469007396
"C303A-C322A","303-322",68,2068,9.46473735976661,22.676488477031,0.146668370319439
"C303A-C322A","303-322",69,2069,11.0825062218113,23.2069811053103,1.65697257567032
"C303A-C322A","303-322",70,2070,12.3691900845802,27.4748178983564,3.07453207988483
"C303A-C322A","303-322",71,2071,22.9935257873811,23.1469041582033,4.68301784665311
"C303A-C322A","303-322",72,2072,22.9252670041029,27.3612797067248,5.22015344873579
"C303A-C322A","303-322",73,2073,20.087050517202,25.8804335619131,2.350922681543
"C303A-C322A","303-322",74,2074,18.4425982776254,29.6776598018863,1.89381927294912
"C303A-C322A","303-322",75,2075,24.5296003583467,30.1017526920129,-0.0759087498583777
"C303A-C322A","303-322",76,2076,23.4084928024488,27.149075237494,-1.22494742632437
"C303A-C322A","303-322",77,2077,17.2489722850877,27.3681571429318,1.18745566134615
"C303A-C322A","303-322",78,2078,20.9291851325024,24.963390858036,-0.455526547440121
"C303A-C322A","303-322",79,2079,19.2210220015829,27.8999496370802,-2.2391049061961
"C303A-C322A","303-322",80,2080,18.7431139026977,29.5224380177163,5.11872729426266
"C303A-C322A","303-322",81,2081,27.0985116717498,31.2514257419327,7.86188317554954
"C303A-C322A","303-322",82,2082,31.9411237527641,28.1799347020744,2.95301116287747
"C303A-C322A","303-322",83,2083,27.5913055851202,30.2439215210028,4.44268900578999
"C303A-C322A","303-322",84,2084,32.0642395829464,30.151106819031,1.90838169548137
"C303A-C322A","303-322",85,2085,28.4136942659351,30.6781968850868,0.43341851653258
"C303A-C322A","303-322",86,2086,28.5582361273716,30.6491479896487,-4.36581733486884
"C303A-C322A","303-322",87,2087,29.1183608682532,32.1389661764467,-9.17075186574021
"C303A-C322A","303-322",88,2088,24.3211676375554,28.0892301583494,-5.83021638172994
"C303A-C322A","303-322",89,2089,19.9227935934165,28.220696991164,0.986162605797992
"C303A-C322A","303-322",90,2090,20.1687710741423,26.8142068778303,0.76563363713762
"C303A-C322A","303-322",91,2091,17.9516105164629,29.579661624806,-0.334388154306315
"C303A-C322A","303-322",92,2092,6.46672860276762,33.793795191161,0.0829340419811692
"C303A-C322A","303-322",93,2093,3.43938580604667,36.9323129178815,2.27256748067518
"C303A-C322A","303-322",94,2094,4.24399528834031,33.7681405891949,-1.11964223012127
"C303A-C322A","303-322",95,2095,14.1869565843102,31.0447809716497,3.68352199031367
"C303A-C322A","303-322",96,2096,15.7352725342784,30.486893181468,-1.51199437577074
"C303A-C322A","303-322",97,2097,14.319555721018,29.4746389743471,3.44201252819888
"C303A-C322A","303-322",98,2098,17.9358066791184,27.5845250480844,4.33449935789219
"C303A-C322A","303-322",99,2099,21.5689587464862,26.3684683121453,4.0148738508748
"C303A-C322A","303-322",100,2100,21.2349184091974,25.9803531059809,5.44987248954887
"C303A-C322A","303-322",101,2101,20.4015175709597,22.7160286162301,7.00558433827494
"C303A-C322A","303-322",102,2102,14.9932908418867,17.7950239575846,8.19191199706428
"C303A-C322A","303-322",103,2103,20.6797787492158,18.4363388558164,13.6130795250676
"C303A-C322A","303-322",104,2104,21.8320903691795,18.12512998804,16.6126942045523
"C303A-C322A","303-322",105,2105,26.856074484992,21.9074520285391,17.5337895658878
"C303A-C322A","303-322",106,2106,26.9879948591555,20.3140123388184,22.0782184760057
"C303A-C322A","303-322",107,2107,30.4240793807802,19.7637634793756,18.7984251632261
"C303A-C322A","303-322",108,2108,34.727497862485,18.1167098829431,12.9641841251644
"C303A-C322A","303-322",109,2109,39.4677979260974,19.6960489826327,13.5633744399398
"C303A-C322A","303-322",110,2110,43.8965506395909,16.9985767217314,6.07311207557961
"C303A-C322A","303-322",111,2111,47.7864372844889,13.8429709275653,12.0017258111861
"C303A-C322A","303-322",112,2112,44.4845853949197,11.6531120459442,13.6238767665505
"C303A-C322A","303-322",113,2113,49.9801668374083,14.7617088812028,11.4455797553191
"C303A-C322A","303-322",114,2114,48.0126153222373,17.9766449535001,10.6645699993715
"C303A-C322A","303-322",115,2115,46.4080736112541,19.2613274753373,4.50832638552059
"C303A-C322A","303-322",116,2116,47.9021165945531,16.6573813638122,6.20798855104633
"C303A-C322A","303-322",117,2117,47.9802029715154,19.0694191318607,11.5474500105275
"C303A-C322A","303-322",118,2118,49.2565403546576,15.2018993851158,10.1240286738878
"C303A-C322A","303-322",119,2119,51.9491167631397,12.6513575378072,11.1294605990338
"C303A-C322A","303-322",120,2120,51.6740661963064,19.349048375473,12.8867508206987
"C303A-C322A","303-322",121,2121,50.5326744768255,19.0145893994056,12.827332705661
"C303A-C322A","303-322",122,2122,52.3536507437157,17.6817603934228,12.8366061980786
"C303A-C322A","303-322",123,2123,52.3577859619063,20.4893293102367,9.86754302693672
"C303A-C322A","303-322",124,2124,55.609340638859,21.9837980460497,6.2934570986289
"C303A-C322A","303-322",125,2125,50.6879156601034,19.1963097460907,10.7090136564479
"C303A-C322A","303-322",126,2126,51.7990833792201,15.5443923250953,11.9160710025808
"C303A-C322A","303-322",127,2127,49.5782309410077,13.7766505716041,14.7607780889937
"C303A-C322A","303-322",128,2128,50.5517496904546,12.0346784444644,14.909057118318
"C303A-C322A","303-322",129,2129,50.3288214968428,13.449690767887,12.8600859872987
"C303A-C322A","303-322",130,2130,52.4739750324104,10.8145599410301,15.4176326667846
"C303A-C322A","303-322",131,2131,50.1637816899045,15.7208481150116,15.911932408061
"C303A-C322A","303-322",132,2132,47.9079223923771,9.80149876230901,17.7672246443366
"C303A-C322A","303-322",133,2133,51.8922646389546,12.0061657562242,17.9082588319308
"C303A-C322A","303-322",134,2134,54.1862810566059,6.20604714561332,16.7804382065332
"C303A-C322A","303-322",135,2135,51.1282610417577,12.0471897506577,19.0228286720464
"C303A-C322A","303-322",136,2136,55.0853936524315,11.3961852972469,18.2553265915508
"C303A-C322A","303-322",137,2137,53.2116302160692,11.5348401063457,16.5046541550188
"C303A-C322A","303-322",138,2138,47.6529611638622,15.504773363901,14.7804596458518
"C303A-C322A","303-322",139,2139,43.8599805830228,16.9347040890941,13.6503053021938
"C303A-C322A","303-322",140,2140,42.2541669511902,16.1995686360643,14.8771867484039
"C303A-C322A","303-322",141,2141,42.443247602627,17.5360556249219,17.5153045929972
"C303A-C322A","303-322",142,2142,43.9958569627897,18.1501065827538,14.134902995787
"C303A-C322A","303-322",143,2143,34.8983647458632,17.0242629905187,13.6288370557164
"C303A-C322A","303-322",144,2144,25.7177268805043,16.0083162012152,16.7712282904619
"C303A-C322A","303-322",145,2145,28.0653168064584,19.1599121469474,17.9872283976587
"C303A-C322A","303-322",146,2146,20.3053457768368,20.7264024339746,15.4942974292559
"C303A-C322A","303-322",147,2147,17.0077365293509,21.3852909746671,13.01228071429
"C303A-C322A","303-322",148,2148,11.3022134143912,20.6659403585157,13.5975529276663
"C303A-C322A","303-322",149,2149,15.3622719409969,19.8819337031353,11.2364507007288
"C303A-C322A","303-322",150,2150,12.5902881260435,17.7273238418892,9.9375408390927
"C303A-C322A","303-322",151,2151,8.78471635634359,19.8046263962982,10.4371431125227
"C303A-C322A","303-322",152,2152,14.83316923163,20.1224508667631,9.61326714750717
"C303A-C322A","303-322",153,2153,12.0509603318025,20.9656644126392,9.2588514154736
"C303A-C322A","303-322",154,2154,9.73061782297579,16.5779838443028,10.1760222650455
"C303A-C322A","303-322",155,2155,8.77518795170731,17.6499331087043,11.2959593470435
"C303A-C322A","303-322",156,2156,10.9415360762668,13.4996428887478,10.2608309389541
"C303A-C322A","303-322",157,2157,17.6528412069643,19.1050706960504,12.5459330382727
"C303A-C322A","303-322",158,2158,21.1725761721009,19.5446166834812,13.7486754604142
"C303A-C322A","303-322",159,2159,17.0168998865445,18.4886709068839,13.9311030319699
"C303A-C322A","303-322",160,2160,17.5492305661236,20.1711265066855,9.88499469253919
"C303A-C322A","303-322",161,2161,14.5193100090059,12.9225354000707,12.9482578344995
"C303A-C322A","303-322",162,2162,11.8423789399446,11.9074877654972,10.635870251383
"C303A-C322A","303-322",163,2163,11.5757061868976,11.9567105701105,13.5506098088715
"C303A-C322A","303-322",164,2164,9.60151321386242,12.8297358223044,9.22217505704679
"C303A-C322A","303-322",165,2165,7.29472378398163,12.6571522793615,11.8758569161653
"C303A-C322A","303-322",166,2166,7.75143224541775,16.1980429232835,12.8108758005456
"C303A-C322A","303-322",167,2167,14.1053097531918,13.8392507977467,7.90421762809307
"C303A-C322A","303-322",168,2168,12.2053543794185,15.1761084522025,14.4550061118315
"C303A-C322A","303-322",169,2169,13.3854729119279,18.8286688342405,11.8973378434458
"C303A-C322A","303-322",170,2170,16.1149672572044,16.0337700902125,15.6732242709642
"C303A-C322A","303-322",171,2171,10.7860598862621,14.749230924867,17.7822682091067
"C303A-C322A","303-322",172,2172,7.73708475333626,15.6601184208421,16.1046698677484
"C303A-C322A","303-322",173,2173,6.18330630668653,14.9573593320378,18.9298043510773
"C303A-C322A","303-322",174,2174,7.61818730918808,12.0348822539166,11.5295538600912
"C303A-C322A","303-322",175,2175,7.86242840214789,9.08933689314318,7.8630349660189
"C303A-C322A","303-322",176,2176,4.23700030790792,12.3601951562437,5.04821531511278
"C303A-C322A","303-322",177,2177,16.9701397303796,10.3554019363558,12.175654352602
"C303A-C322A","303-322",178,2178,19.2379201998629,10.3482634268823,14.9497379410398
"C303A-C322A","303-322",179,2179,17.6463424728674,11.6892705576584,17.0339813602476
"C303A-C322A","303-322",180,2180,12.9922435185126,10.0496233232628,13.5645657417744
"C303A-C322A","303-322",181,2181,13.1347612965149,9.66828620392336,13.2724719359866
"C303A-C322A","303-322",182,2182,16.9704484679251,7.93916198114545,10.9317662165247
"C303A-C322A","303-322",183,2183,19.9060858387271,7.40232866100436,9.95439829782438
"C303A-C322A","303-322",184,2184,16.8881477105555,13.0716756166058,6.07159263075914
"C303A-C322A","303-322",185,2185,20.1202833065786,11.5331114299019,5.54668019124738
"C303A-C322A","303-322",186,2186,15.4381969286706,8.6632396981077,8.44368579274755
"C303A-C322A","303-322",187,2187,9.90581580771682,9.5537625185361,8.53646713053834
"C303A-C322A","303-322",188,2188,9.97061861396739,8.20384745869775,12.5432161447083
"C303A-C322A","303-322",189,2189,9.28630814123025,3.05325391388734,8.0369764300805
"C303A-C322A","303-322",190,2190,9.0230932524106,3.98960689398325,4.46817108810271
"C303A-C322A","303-322",191,2191,7.90947595878186,4.35382953729435,5.11698831611633
"C303A-C322A","303-322",192,2192,10.4852185851267,2.41997486829678,3.50846246856737
"C303A-C322A","303-322",193,2193,15.702803941601,4.14178105388094,0.0411930042458647
"C303A-C322A","303-322",194,2194,22.1237790331452,1.71042071166258,3.80986082013139
"C303A-C322A","303-322",195,2195,20.2672409641372,5.21327998854954,2.65123446103164
"C303A-C322A","303-322",196,2196,20.2284446684734,2.97215305223586,4.32289624624838
"C303A-C322A","303-322",197,2197,17.5369979693438,3.23673258946242,6.08573893627586
"C303A-C322A","303-322",198,2198,21.3721086449996,2.95404538676684,3.65597795291559
"C303A-C322A","303-322",199,2199,24.7603431767439,0.513059945925026,6.05408731729779
"C303A-C322A","303-322",200,2200,26.2532507322156,0.956338225513081,7.48665571774541
"C303A-C322A","303-322",201,2201,24.9168246176327,1.11299890914038,3.14288482589576
"C303A-C322A","303-322",202,2202,22.5509525624457,-0.35441208682501,3.30490735677566
"C303A-C322A","303-322",203,2203,18.1151572083599,2.81984630561114,3.42904294495502
"C303A-C322A","303-322",204,2204,20.5998922706518,1.61154153153336,2.67905970179158
"C303A-C322A","303-322",205,2205,26.0328690138039,-1.53825207870269,5.93320633035002
"C303A-C322A","303-322",206,2206,29.8302439778429,-7.04721044233509,9.9511064894532
"C303A-C322A","303-322",207,2207,26.5303469813164,-6.44068314287884,11.2983570004329
"C303A-C322A","303-322",208,2208,29.9291368276276,-3.66941431822348,10.2548381987193
"C303A-C322A","303-322",209,2209,27.6439727460691,-2.02104102590487,7.62464635432952
"C303A-C322A","303-322",210,2210,26.0721944870205,-0.321771204927657,2.84064856159788
"C303A-C322A","303-322",211,2211,31.4080370160635,2.99848859158624,7.25293941644605
"C303A-C322A","303-322",212,2212,33.2193554905322,-0.346962128661758,7.71535554686438
"C303A-C322A","303-322",213,2213,35.0939388343157,-1.0694344934422,8.8044422491034
"C303A-C322A","303-322",214,2214,38.3779524115027,-2.55729952749875,7.85961123643619
"C303A-C322A","303-322",215,2215,30.4637160455632,-5.49820822336446,3.2756516341162
"C303A-C322A","303-322",216,2216,30.1427245536137,-1.7738521818205,7.35410218457165
"C303A-C322A","303-322",217,2217,33.2796257972359,-1.91310206400404,8.5790543921065
"C303A-C322A","303-322",218,2218,28.930300932493,-5.03475250817968,6.02101285702719
"C303A-C322A","303-322",219,2219,25.4221413252027,-4.29582470311216,4.00925961019184
"C303A-C322A","303-322",220,2220,33.3303313108585,-6.027924223498,0.823013519793254
"C303A-C322A","303-322",221,2221,35.3558944842149,-11.6978343654657,3.90385126746663
"C303A-C322A","303-322",222,2222,33.4848510262904,-8.39242226805887,-1.026911515276
"C303A-C322A","303-322",223,2223,35.010535255557,-6.13239774512502,-4.55622606795193
"C303A-C322A","303-322",224,2224,36.7443531810641,-7.98299287551202,-0.241031604235976
"C303A-C322A","303-322",225,2225,36.4306915293289,-6.44964075492936,0.816729949408627
"C303A-C322A","303-322",226,2226,34.4665724291882,-0.959726993810385,-3.53325136637673
"C303A-C322A","303-322",227,2227,36.2158652566981,-2.95987000771826,-2.86104131749398
"C303A-C322A","303-322",228,2228,36.2206297827773,-5.82856457832305,-4.41268817892367
"C303A-C322A","303-322",229,2229,37.2225546829712,-5.85008747864062,0.39877710663038
"C303A-C322A","303-322",230,2230,38.1330539293115,-3.91935384605915,0.0236616033150453
"C303A-C322A","303-322",231,2231,49.0101937954205,-1.08160094736555,-4.32857216678044
"C303A-C322A","303-322",232,2232,54.4001716812431,0.70379914333175,-3.55614233450472
"C303A-C322A","303-322",233,2233,58.5161317053446,-0.163787620769092,-6.176332473176
"C303A-C322A","303-322",234,2234,62.0253644751348,4.72812841586714,-3.71608980762327
"C303A-C322A","303-322",235,2235,64.970793553893,2.66731285052947,-9.44344171978665
"C303A-C322A","303-322",236,2236,61.4392481332196,7.29040314416386,-9.21973042704634
"C303A-C322A","303-322",237,2237,58.5561250417289,7.78660934624692,-12.1430961563154
"C303A-C322A","303-322",238,2238,59.0228000406532,7.28714146734798,-17.1134704120335
"C303A-C322A","303-322",239,2239,57.8004941541328,10.3524462185833,-15.6114790142566
"C303A-C322A","303-322",240,2240,58.1199648620754,8.97052359318256,-17.6325406345585
"C303A-C322A","303-322",241,2241,49.5758662099976,8.82253164204099,-18.7345341313617
"C303A-C322A","303-322",242,2242,43.3020269793717,11.4855714347834,-16.1807249777529
"C303A-C322A","303-322",243,2243,43.4377729398239,8.80045871198037,-13.2841954307417
"C303A-C322A","303-322",244,2244,39.9691499910508,9.59134194016567,-9.78230789905752
"C303A-C322A","303-322",245,2245,38.477320270127,10.3838915697208,-4.77891581548548
"C303A-C322A","303-322",246,2246,27.6829403387888,8.1781512194098,-13.2820986437248
"C303A-C322A","303-322",247,2247,29.2554055339809,7.60858464057591,-14.5219968330046
"C303A-C322A","303-322",248,2248,28.0248017357735,10.6869881801684,-15.9790850663132
"C303A-C322A","303-322",249,2249,23.4020075466803,11.0341716449193,-15.812860362319
"C303A-C322A","303-322",250,2250,15.219171576748,12.2701120017091,-6.53725139281462
"C303A-C322A","303-322",251,2251,11.5846445821848,9.26383171316595,-8.36585798471137
"C303A-C322A","303-322",252,2252,3.99604328565738,10.859160988355,-8.31674675084654
"C303A-C322A","303-322",253,2253,6.8722122485398,8.60207597092198,-6.41109076551438
"C303A-C322A","303-322",254,2254,9.27944379724184,7.77569176696069,-7.14835164962913
"C303A-C322A","303-322",255,2255,1.42667245044607,6.33495851519044,-2.86565219763239
"C303A-C322A","303-322",256,2256,3.82695831657337,5.13741176218019,-6.45306860998901
"C303A-C322A","303-322",257,2257,3.03108241492106,6.24693398588894,-4.06675103687643
"C303A-C322A","303-322",258,2258,5.7824628690084,0.380134419344685,-8.60239816074631
"C303A-C322A","303-322",259,2259,6.00188851478567,5.25418601223474,-11.2426218634725
"C303A-C322A","303-322",260,2260,6.3134754643669,6.33325451742655,-16.7940357676083
"C303A-C322A","303-322",261,2261,3.90394739111297,6.25942811368927,-14.8642487699103
"C303A-C322A","303-322",262,2262,-0.672121058672615,3.62925043776393,-14.3764379314595
"C303A-C322A","303-322",263,2263,6.33493372833933,5.75321804246925,-13.7292350788475
"C303A-C322A","303-322",264,2264,9.87592326022258,4.64187845209348,-10.7755534784093
"C303A-C322A","303-322",265,2265,3.81501811427635,3.33048804254327,-13.0090729940247
"C303A-C322A","303-322",266,2266,1.89266626137882,4.40144225814282,-14.2700935195938
"C303A-C322A","303-322",267,2267,9.13338292677895,6.1998516568848,-15.9705477061382
"C303A-C322A","303-322",268,2268,1.11446713148512,6.52038087133413,-17.7862337588693
"C303A-C322A","303-322",269,2269,-5.88275363200871,4.5222488909321,-11.1059527815909
"C303A-C322A","303-322",270,2270,-5.65147551052074,7.70235689375059,-6.05592730860166
"C303A-C322A","303-322",271,2271,-1.10778907306077,7.37670609656042,-8.06412654548246
"C303A-C322A","303-322",272,2272,-0.507522745730503,7.06406972527702,-4.20716575964357
"C303A-C322A","303-322",273,2273,1.51724784012647,7.09577483291274,-8.89933939675407
"C303A-C322A","303-322",274,2274,-0.399559224222401,8.54394256107891,-5.97964373710488
"C303A-C322A","303-322",275,2275,1.68053543890248,10.4763337169842,-4.44269568301589
"C303A-C322A","303-322",276,2276,4.76444518183728,11.636657847209,-3.45309522511113
"C303A-C322A","303-322",277,2277,-1.66770382732658,12.3044985350118,-4.16459597532046
"C303A-C322A","303-322",278,2278,-7.48868312555692,12.9141689606584,-10.2325391754963
"C303A-C322A","303-322",279,2279,-8.60348920861886,12.2468727951039,-10.659307393214
"C303A-C322A","303-322",280,2280,-11.798122780946,8.63783955839755,-13.9736415755917
"C303A-C322A","303-322",281,2281,-26.7509644027823,3.43471558438955,-10.2958332436437
"C303A-C322A","303-322",282,2282,-32.9392623840056,3.50363308850579,-13.0264188519426
"C303A-C322A","303-322",283,2283,-36.3369684892929,7.00899869794625,-15.3122729490067
"C303A-C322A","303-322",284,2284,-38.4460245828706,11.0489529535604,-7.28293496175738
"C303A-C322A","303-322",285,2285,-38.6633842944934,8.14138923604542,-12.0136563192947
"C303A-C322A","303-322",286,2286,-40.4938351210364,5.69861493787243,-11.2702098897373
"C303A-C322A","303-322",287,2287,-45.7654634482982,12.3890777986113,-6.12098084387319
"C303A-C322A","303-322",288,2288,-44.6256664576182,11.3451004577257,-12.300168048586
"C303A-C322A","303-322",289,2289,-45.5225570676385,7.37875406709888,-14.4967659235313
"C303A-C322A","303-322",290,2290,-47.6465224981959,7.00569246515936,-11.2153261433651
"C303A-C322A","303-322",291,2291,-46.2149843531595,10.5463404566098,-12.9826271492736
"C303A-C322A","303-322",292,2292,-44.6975241843086,11.5458337292653,-7.92492802560779
"C303A-C322A","303-322",293,2293,-49.5288677045166,9.69728067254698,-7.24643987450065
"C303A-C322A","303-322",294,2294,-48.3506894076236,5.79488408298669,-7.02539522634435
"C303A-C322A","303-322",295,2295,-44.8388100329957,6.49348925568039,-6.80861384321425
"C303A-C322A","303-322",296,2296,-46.3452138933528,8.73419493659595,-5.06728959454188
"C303A-C322A","303-322",297,2297,-47.9371746170834,8.4432611489401,-7.21825062642221
"C303A-C322A","303-322",298,2298,-46.8572403179855,13.3371023782386,-8.16967893830207
"C303A-C322A","303-322",299,2299,-43.6743597454708,13.520439851299,-8.92124015129415
"C303A-C322A","303-322",300,2300,-42.8611750702918,9.67277891364926,-5.58487415892596
"C303A-C322A","303-322",301,2301,-35.654413175414,13.0782798223623,-3.42857856851056
"C303A-C322A","303-322",302,2302,-33.5418159489857,13.4580954944089,-0.276442465335691
"C303A-C322A","303-322",303,2303,-36.8246335652765,14.106586428615,-4.69788146484498
"C303A-C322A","303-322",304,2304,-32.6694687412734,11.1312707192231,-2.2984963741363
"C303A-C322A","303-322",305,2305,-35.0714530627856,9.98898072235846,-3.27294198808452
"C303A-C322A","303-322",306,2306,-38.5453464483978,11.4255421916747,-2.62342040645959
"C303A-C322A","303-322",307,2307,-38.1943556831978,11.4040785331785,-1.67069824239952
"C303A-C322A","303-322",308,2308,-40.413963221142,9.01838602220804,-0.174946329538117
"C303A-C322A","303-322",309,2309,-38.5812065385991,16.879268898126,1.20621234496335
"C303A-C322A","303-322",310,2310,-38.649930369767,16.9758373116118,4.10038608065069
"C303A-C322A","303-322",311,2311,-32.5844447380091,18.5814869465668,5.1113650166865
"C303A-C322A","303-322",312,2312,-30.0732585004012,12.923272422842,7.46610493774376
"C303A-C322A","303-322",313,2313,-34.9826258289406,19.1065457579697,-1.13525055566242
"C303A-C322A","303-322",314,2314,-28.6205047777924,26.910466663428,2.56146963974625
"C303A-C322A","303-322",315,2315,-26.1676089034833,23.0843493045955,2.36790892739901
"C303A-C322A","303-322",316,2316,-26.379922988911,17.5136892895832,2.78804987673875
"C303A-C322A","303-322",317,2317,-24.5635273969726,15.3977338998648,-5.67805251171023
"C303A-C322A","303-322",318,2318,-23.698099608531,16.5069478266109,-9.86726084847464
"C303A-C322A","303-322",319,2319,-20.65596625182,10.9166987048161,-13.3675101589688
"C303A-C322A","303-322",320,2320,-26.030223002117,13.440880939353,-10.090176051964
"C303A-C322A","303-322",321,2321,-30.0966603729148,10.888303907982,-10.6496468914038
"C303A-C322A","303-322",322,2322,-32.9086057150288,9.67602131889254,-9.45821949238609
"C303A-C322A","303-322",323,2323,-34.557421541094,10.3047089907656,-12.8870160954055
"C303A-C322A","303-322",324,2324,-30.5922633068693,11.1384949961527,-10.1471971074926
"C303A-C322A","303-322",325,2325,-33.4538154306606,15.3185075647578,-6.02341960097683
"C303A-C322A","303-322",326,2326,-28.1442601240254,12.0251895246802,-9.12094122997381
"C303A-C322A","303-322",327,2327,-25.8217566836804,14.8679258158802,-7.53528993602283
"C303A-C322A","303-322",328,2328,-26.9090969139344,11.6710286093753,-10.546143065542
"C303A-C322A","303-322",329,2329,-19.6607795906508,12.153222671445,-3.49888328504843
"C303A-C322A","303-322",330,2330,-21.6253711743627,8.90164918612374,-7.26805031619457
"C303A-C322A","303-322",331,2331,-11.3307640886605,6.01741551242704,-8.26834622517018
"C303A-C322A","303-322",332,2332,-15.6110034479075,4.69588422653426,-5.29385483041276
"C303A-C322A","303-322",333,2333,-21.1277510177889,5.75376818008691,-4.69217383550031
"C303A-C322A","303-322",334,2334,-16.0393396694717,9.56730488227438,-0.738394997679532
"C303A-C322A","303-322",335,2335,-16.1746913162737,9.32794143454184,-7.69196768640685
"C303A-C322A","303-322",336,2336,-21.9074237991098,13.7866580330261,-7.08730458145271
"C303A-C322A","303-322",337,2337,-18.0615269695129,13.9169275590198,1.1646017164233
"C303A-C322A","303-322",338,2338,-15.8677687513691,10.7279010869132,0.959930892893051
"C303A-C322A","303-322",339,2339,-20.8710249742623,13.0787046955403,2.63489368846778
"C303A-C322A","303-322",340,2340,-22.7856183366025,9.88043368074771,1.21938686738471
"C303A-C322A","303-322",341,2341,-21.2253645544757,10.3091194392621,-1.81656705591786
"C303A-C322A","303-322",342,2342,-17.7443280750011,5.93766672409616,-3.63385609903782
"C303A-C322A","303-322",343,2343,-20.8781566559464,12.0637438122175,0.793137925510404
"C303A-C322A","303-322",344,2344,-18.0398215028735,12.4577126651532,-2.00500457611133
"C303A-C322A","303-322",345,2345,-15.4719143904453,9.54706223332022,2.49089019005342
"C303A-C322A","303-322",346,2346,-15.9907995228421,10.2003104174932,-0.877200972917434
"C303A-C322A","303-322",347,2347,-16.5209248583727,9.37685875960833,4.2022020826622
"C303A-C322A","303-322",348,2348,-10.1890368018957,6.20119205274937,1.6194514105713
"C303A-C322A","303-322",349,2349,-10.8817804197426,10.1675456282826,3.11347696164841
"C303A-C322A","303-322",350,2350,-6.68015275324993,9.44725559946201,5.69619920889579
"C303A-C322A","303-322",351,2351,-11.6188685862671,5.48282608000511,8.96439463338266
"C303A-C322A","303-322",352,2352,-11.5194019146129,5.90611401826867,8.28409057847115
"C303A-C322A","303-322",353,2353,-8.3959750338928,13.0851426233945,6.07058233473109
"C303A-C322A","303-322",354,2354,-8.60606311403089,10.8231963172423,10.3761292386798
"C303A-C322A","303-322",355,2355,-8.07206299079367,11.5518398431923,16.8232119075367
"C303A-C322A","303-322",356,2356,-5.20770606060985,11.661207618637,13.6561300055025
"C303A-C322A","303-322",357,2357,-1.17510703901066,12.3955790804261,12.5254704137348
"C303A-C322A","303-322",358,2358,-8.3099565075208,10.8164804725678,8.77449858762019
"C303A-C322A","303-322",359,2359,-5.86331634791088,10.1280661941139,9.64084066338316
"C303A-C322A","303-322",360,2360,-3.27132283350484,12.4563610580114,4.44006868034384
"C303A-C322A","303-322",361,2361,-2.28261837145569,10.648336965398,8.45972280437126
"C303A-C322A","303-322",362,2362,-0.558161396119418,10.0413383829943,9.84109858287328
"C303A-C322A","303-322",363,2363,-1.99904387884768,9.89485640226458,12.6596744008577
"C303A-C322A","303-322",364,2364,5.60988607452508,11.8557862177174,10.6819292652856
"C303A-C322A","303-322",365,2365,4.39545506211403,9.65873992703992,9.7010811403909
"C303A-C322A","303-322",366,2366,7.26058678667057,11.1568226874452,4.53327180511594
"C303A-C322A","303-322",367,2367,7.1778502586837,8.31287511249418,7.4624353571176
"C303A-C322A","303-322",368,2368,2.5645289340151,7.84960162005284,5.74024383360671
"C303A-C322A","303-322",369,2369,0.874986162237251,11.1129470744465,2.18409064849012
"C303A-C322A","303-322",370,2370,-0.986404576353705,12.0474805095343,4.8671410141073
"C303A-C322A","303-322",371,2371,4.76513642681449,14.8381028946195,4.86888874265689
"C303A-C322A","303-322",372,2372,2.43758784952792,10.3322424854539,0.92612359377907
"C303A-C322A","303-322",373,2373,0.658469175342567,7.03061161680794,7.85724766855356
"C303A-C322A","303-322",374,2374,-1.51668554499556,7.93058504812564,5.98124072854049
"C303A-C322A","303-322",375,2375,4.08646200130327,9.2353995369913,4.61348413247119
"C303A-C322A","303-322",376,2376,3.92746184605766,10.5277530273929,0.696795437981172
"C303A-C322A","303-322",377,2377,1.57262182000629,10.2860169087858,-0.445635093251898
"C303A-C322A","303-322",378,2378,8.7297855453129,17.1285806596114,0.965960712628794
"C303A-C322A","303-322",379,2379,3.46015631166007,17.6600594740161,-2.05960858038501
"C303A-C322A","303-322",380,2380,1.13927565326156,20.2310758107925,-4.37661469427763
"C303A-C322A","303-322",381,2381,-8.62546938464638,21.6709552045031,0.516460487926049
"C303A-C322A","303-322",382,2382,-5.31946762487156,20.9571321332872,0.872570596810997
"C303A-C322A","303-322",383,2383,-12.0949571002175,24.2516387980875,6.36899469814106
"C303A-C322A","303-322",384,2384,-11.5602502793211,22.6136071293345,6.57697593322867
"C303A-C322A","303-322",385,2385,-11.0741174765715,21.0812839219975,3.49269636737852
"C303A-C322A","303-322",386,2386,-7.81406505009693,16.9395294502011,-0.943235800708265
"C303A-C322A","303-322",387,2387,-15.0580183308218,13.8096277281686,4.33697648781032
"C303A-C322A","303-322",388,2388,-21.5312225627614,14.4720566344143,3.85507523043228
"C303A-C322A","303-322",389,2389,-15.9767546838609,20.2173168999657,5.88607301866816
"C303A-C322A","303-322",390,2390,-21.316933592089,18.2920824195839,3.58210752789341
"C303A-C322A","303-322",391,2391,-14.2709533880892,16.1785329796409,10.5799889825569
"C303A-C322A","303-322",392,2392,-15.408207256549,13.6319939080268,12.2901382786222
"C303A-C322A","303-322",393,2393,-18.1348803636891,13.6025072755486,11.2673064697944
"C303A-C322A","303-322",394,2394,-20.1625702399634,10.5083627669882,8.6826559764251
"C303A-C322A","303-322",395,2395,-24.5737145175195,9.64574223662426,13.1095640186078
"C303A-C322A","303-322",396,2396,-28.4809977466846,14.4326530880944,13.5706973715161
"C303A-C322A","303-322",397,2397,-33.8426589946331,12.5514388847747,9.34121205525254
"C303A-C322A","303-322",398,2398,-26.5509853009004,9.8041751080846,-0.688084355109781
"C303A-C322A","303-322",399,2399,-23.7161010930061,12.8803569457101,7.53149159681993
"C303A-C322A","303-322",400,2400,-22.1761026418246,8.10720461839062,0.344512483627457
"C303A-C322A","303-322",401,2401,-21.0253511995205,12.2441099975776,-2.38540960190199
"C303A-C328A","303-328",1,2402,89.5856458834883,-28.1363031882603,7.46248585775287
"C303A-C328A","303-328",2,2403,86.9617831081887,-27.0841582301903,11.8647727358132
"C303A-C328A","303-328",3,2404,85.8141332920493,-30.1370859940097,13.4843805283086
"C303A-C328A","303-328",4,2405,85.5442304298608,-28.0016073162277,14.8291030202033
"C303A-C328A","303-328",5,2406,88.5209030779893,-25.9551431869916,15.03679982455
"C303A-C328A","303-328",6,2407,82.2329516581083,-21.9963232548229,16.3826469595646
"C303A-C328A","303-328",7,2408,78.3624561216456,-19.5408758029447,16.3327548649775
"C303A-C328A","303-328",8,2409,77.1501821169865,-19.3403599847208,17.9035995183494
"C303A-C328A","303-328",9,2410,67.6079372466609,-22.7978989090727,19.6524823677176
"C303A-C328A","303-328",10,2411,74.541987140153,-22.1401184427791,18.6535541344381
"C303A-C328A","303-328",11,2412,84.2334075420356,-23.752064116972,18.6532129130864
"C303A-C328A","303-328",12,2413,83.6935363660182,-24.1431999193319,19.4275950820887
"C303A-C328A","303-328",13,2414,86.4442824642166,-28.087779030135,18.4131338104081
"C303A-C328A","303-328",14,2415,79.2992145854807,-28.5981524475436,18.1693371443034
"C303A-C328A","303-328",15,2416,85.1148626990082,-34.0188603048682,17.2095335220123
"C303A-C328A","303-328",16,2417,89.1123235906518,-30.8755362477285,15.9771327654539
"C303A-C328A","303-328",17,2418,83.991853621806,-30.1259272420002,15.2972759963443
"C303A-C328A","303-328",18,2419,76.5065655598307,-31.348611787797,16.8941920115743
"C303A-C328A","303-328",19,2420,72.9966712858664,-28.9516287857804,20.5478961996716
"C303A-C328A","303-328",20,2421,72.6110323346212,-31.0780995191771,21.3704753806233
"C303A-C328A","303-328",21,2422,73.5838634515554,-27.2453721823992,20.1911275398434
"C303A-C328A","303-328",22,2423,76.3565908750777,-26.5097479685925,19.9262780063521
"C303A-C328A","303-328",23,2424,78.3660458452501,-23.47863107665,18.1690635036013
"C303A-C328A","303-328",24,2425,80.520450371922,-21.4482218192696,17.5420225370251
"C303A-C328A","303-328",25,2426,84.3343259803717,-22.7224776530431,13.061518636065
"C303A-C328A","303-328",26,2427,88.5714054582986,-21.3909074873906,12.9705404788417
"C303A-C328A","303-328",27,2428,85.1622859461725,-18.9378920853601,10.1843363269584
"C303A-C328A","303-328",28,2429,90.9766799674569,-19.061876448114,8.88308389636947
"C303A-C328A","303-328",29,2430,92.573262066965,-16.5999267685112,11.0408798898341
"C303A-C328A","303-328",30,2431,88.893786509316,-16.9186906011051,16.2641165165154
"C303A-C328A","303-328",31,2432,94.3803957177031,-18.5930588219343,16.790645777249
"C303A-C328A","303-328",32,2433,98.9286697452123,-16.8577503305352,15.8709838781073
"C303A-C328A","303-328",33,2434,104.672569394213,-17.4963616399314,16.8026747734164
"C303A-C328A","303-328",34,2435,107.424163496199,-17.409661056751,15.5511318210804
"C303A-C328A","303-328",35,2436,103.898823196212,-17.1529541285775,16.4445200268383
"C303A-C328A","303-328",36,2437,98.4404659616995,-15.7703490863456,17.0814797850501
"C303A-C328A","303-328",37,2438,97.0390080104404,-15.6342461754186,16.8562652945649
"C303A-C328A","303-328",38,2439,97.0162899325515,-16.3529697833724,16.5165592583201
"C303A-C328A","303-328",39,2440,102.402154130886,-15.1107897570657,16.5582522643732
"C303A-C328A","303-328",40,2441,102.789560127782,-11.1918971979435,14.06413653207
"C303A-C328A","303-328",41,2442,101.42521660822,-9.5386199909709,12.6057891184682
"C303A-C328A","303-328",42,2443,98.0464357548122,-11.161780174737,10.7319238210913
"C303A-C328A","303-328",43,2444,103.419929541823,-14.4190453333139,14.3213772664951
"C303A-C328A","303-328",44,2445,99.2133854352316,-8.93000781928601,13.2956977424473
"C303A-C328A","303-328",45,2446,99.9567028362694,-10.4824096158981,14.132746709919
"C303A-C328A","303-328",46,2447,104.061093975384,-8.15911819074067,12.1148454618004
"C303A-C328A","303-328",47,2448,105.517668522179,-10.3022088181932,10.2528120101831
"C303A-C328A","303-328",48,2449,111.169583260644,-12.8960964248284,10.9487498056117
"C303A-C328A","303-328",49,2450,106.93894367014,-11.3356816506423,11.114077435317
"C303A-C328A","303-328",50,2451,105.110834281741,-11.0476665834799,11.4043999577785
"C303A-C328A","303-328",51,2452,108.555139126792,-11.6838484832141,12.3281154298828
"C303A-C328A","303-328",52,2453,106.679480651553,-16.3650307277443,15.535865839401
"C303A-C328A","303-328",53,2454,103.222956428837,-16.7167627565052,15.1531243062017
"C303A-C328A","303-328",54,2455,100.803954153438,-17.9407616912418,15.2015536137156
"C303A-C328A","303-328",55,2456,99.3561649988459,-23.1226834838436,17.9225386780206
"C303A-C328A","303-328",56,2457,100.639261925665,-25.9630122158036,18.120184405815
"C303A-C328A","303-328",57,2458,95.9564760249567,-28.1526634453342,19.4707928940281
"C303A-C328A","303-328",58,2459,94.0386680321461,-28.2326229727101,19.9694180021932
"C303A-C328A","303-328",59,2460,92.7464714385018,-33.3043401852339,21.1607282047116
"C303A-C328A","303-328",60,2461,89.0488423304801,-31.0881431738449,21.9664704202488
"C303A-C328A","303-328",61,2462,84.2935276578359,-28.7179726798369,23.2268121096853
"C303A-C328A","303-328",62,2463,86.6386097853265,-25.5923686711116,21.8490359645818
"C303A-C328A","303-328",63,2464,88.2380618082284,-22.9556939739298,21.4732509941552
"C303A-C328A","303-328",64,2465,88.471685446012,-20.900261111659,21.2882293623948
"C303A-C328A","303-328",65,2466,87.1215035477142,-19.7633708818111,20.1279739903318
"C303A-C328A","303-328",66,2467,79.6439273907187,-17.6532712710098,22.9475116441219
"C303A-C328A","303-328",67,2468,82.7181019596648,-19.630446296699,21.7017245173072
"C303A-C328A","303-328",68,2469,85.0036361449012,-22.1725732075349,22.2827953284423
"C303A-C328A","303-328",69,2470,85.5867521209798,-19.9326105941044,21.2493932482417
"C303A-C328A","303-328",70,2471,86.6805046973624,-18.9621108198513,19.7147286345393
"C303A-C328A","303-328",71,2472,93.3971501802679,-21.3877646970778,17.5701118347968
"C303A-C328A","303-328",72,2473,95.2135416665137,-18.9817254204107,16.0542448437686
"C303A-C328A","303-328",73,2474,96.1602935249369,-21.748695437997,17.6727969886787
"C303A-C328A","303-328",74,2475,94.5622900713438,-18.1940011509425,16.4296627844838
"C303A-C328A","303-328",75,2476,92.7303241748394,-20.2368785342339,16.9961277514327
"C303A-C328A","303-328",76,2477,89.8192670719116,-14.8811388665965,18.4729885240572
"C303A-C328A","303-328",77,2478,84.772778275919,-12.5403766391711,18.7261523955287
"C303A-C328A","303-328",78,2479,88.3627256698413,-17.0174005276269,16.5478101872809
"C303A-C328A","303-328",79,2480,89.571144406894,-13.6186435621215,14.7820314392704
"C303A-C328A","303-328",80,2481,87.6648277190432,-10.9000599108007,13.4625985914199
"C303A-C328A","303-328",81,2482,84.9764853878808,-11.6424300416069,15.7278971209483
"C303A-C328A","303-328",82,2483,86.9951815296295,-12.101384994692,17.8035463744986
"C303A-C328A","303-328",83,2484,80.9829447168666,-11.188549273336,19.2561005196742
"C303A-C328A","303-328",84,2485,77.5760074202748,-8.87813516987895,18.2095442508691
"C303A-C328A","303-328",85,2486,79.5393994000063,-10.1950744235183,19.50231329498
"C303A-C328A","303-328",86,2487,80.5368296315847,-10.7323432616772,20.3258906733058
"C303A-C328A","303-328",87,2488,81.2987949519633,-9.75135014234474,19.993143457501
"C303A-C328A","303-328",88,2489,79.1262596744419,-12.5936855587949,21.6574423279837
"C303A-C328A","303-328",89,2490,83.6184547193743,-12.8529396220892,20.4842699143897
"C303A-C328A","303-328",90,2491,82.3937220128857,-12.6546222178596,19.4576296804921
"C303A-C328A","303-328",91,2492,80.2976702763527,-14.45382670465,20.405598969448
"C303A-C328A","303-328",92,2493,76.591130982568,-9.30632582649097,20.1020802862796
"C303A-C328A","303-328",93,2494,70.3456533789189,-7.30635791814779,19.1986927968851
"C303A-C328A","303-328",94,2495,71.7786812150068,-1.47413954365375,19.7931724832208
"C303A-C328A","303-328",95,2496,71.04460729325,-4.66357489989402,20.9199169277079
"C303A-C328A","303-328",96,2497,67.834698323179,-4.43292478656893,20.6218927337302
"C303A-C328A","303-328",97,2498,64.8582058614313,-1.17793552157335,20.4630401251735
"C303A-C328A","303-328",98,2499,63.411706881083,-1.09954706409222,18.7057479108145
"C303A-C328A","303-328",99,2500,65.2210477892088,2.98920944767508,12.9163410455585
"C303A-C328A","303-328",100,2501,70.4113428360263,3.58857846023548,14.0641158918624
"C303A-C328A","303-328",101,2502,68.6487848845009,-1.94087857217824,17.2111611528283
"C303A-C328A","303-328",102,2503,73.6488319533244,-1.97344262072207,20.0576116340445
"C303A-C328A","303-328",103,2504,68.8460864726936,-4.26310250253994,16.971482720444
"C303A-C328A","303-328",104,2505,61.8316065485852,1.49052857438004,18.6461600961057
"C303A-C328A","303-328",105,2506,59.2143132655127,6.15412504069207,19.6189536988571
"C303A-C328A","303-328",106,2507,52.4126908882976,2.09838500214801,22.2842017036611
"C303A-C328A","303-328",107,2508,51.0472751768203,0.973315120057912,19.989924737915
"C303A-C328A","303-328",108,2509,47.8717492200883,4.24184308305312,19.100651727542
"C303A-C328A","303-328",109,2510,49.4210501310872,5.7877824223025,20.2667272933977
"C303A-C328A","303-328",110,2511,52.515982706331,4.1767571175095,24.3572806215576
"C303A-C328A","303-328",111,2512,63.7253722910761,-1.42897950506575,22.4422530807804
"C303A-C328A","303-328",112,2513,74.4865155671433,-0.48013426364368,19.9676588979339
"C303A-C328A","303-328",113,2514,69.66241747391,4.67634237133909,16.858337549964
"C303A-C328A","303-328",114,2515,73.9088293172899,4.84695600753821,15.4175797748306
"C303A-C328A","303-328",115,2516,70.1823776945946,0.90247544654386,13.0563985552148
"C303A-C328A","303-328",116,2517,65.7444754104833,3.22016109247118,12.4127958998118
"C303A-C328A","303-328",117,2518,63.5443476183103,4.81324661205148,15.1508885116226
"C303A-C328A","303-328",118,2519,61.5172805198704,1.46549580303441,19.2111598677457
"C303A-C328A","303-328",119,2520,60.1081395842748,-1.97379765161597,23.3598045097524
"C303A-C328A","303-328",120,2521,60.6040461878197,-2.77209847450067,24.2156778269885
"C303A-C328A","303-328",121,2522,59.6891437764113,-2.28969567929975,24.1713975810352
"C303A-C328A","303-328",122,2523,63.7631415435265,-1.24914398007317,25.3929160443775
"C303A-C328A","303-328",123,2524,70.236585403131,-7.1298577839211,22.9770712632294
"C303A-C328A","303-328",124,2525,67.5415233928669,-6.62214024601731,23.9570962617137
"C303A-C328A","303-328",125,2526,64.0488878933423,-3.80340070382781,24.3926338196806
"C303A-C328A","303-328",126,2527,56.2623900875018,-1.05178651829178,21.9789778699795
"C303A-C328A","303-328",127,2528,56.526367571003,-0.227914332624575,23.9258366500661
"C303A-C328A","303-328",128,2529,47.7991031554315,-0.35270238604747,22.3545852538832
"C303A-C328A","303-328",129,2530,45.7742101939718,-2.03645087059727,26.1599069918575
"C303A-C328A","303-328",130,2531,52.9505270797857,0.530599795603425,25.3519926685901
"C303A-C328A","303-328",131,2532,49.1157019843911,2.09185811253726,22.261706924637
"C303A-C328A","303-328",132,2533,46.9796332815674,5.84650026395332,21.7717478172161
"C303A-C328A","303-328",133,2534,48.2175016226989,5.73841059316631,21.5480106329965
"C303A-C328A","303-328",134,2535,46.9982887129155,4.14094299442771,20.3462733101421
"C303A-C328A","303-328",135,2536,57.5857711708126,3.96612195842886,18.3465875630733
"C303A-C328A","303-328",136,2537,57.6460929084205,-0.724791071747887,19.0153228271653
"C303A-C328A","303-328",137,2538,47.5782026745356,3.60392982530106,17.9310988991211
"C303A-C328A","303-328",138,2539,53.7160969693388,-2.25831563270553,21.2458103915941
"C303A-C328A","303-328",139,2540,50.6433591701472,1.06582187248045,20.3452470756435
"C303A-C328A","303-328",140,2541,48.661471593334,-0.871375384096097,15.5904209212769
"C303A-C328A","303-328",141,2542,50.1713161645983,-7.20518124032353,16.7038019583064
"C303A-C328A","303-328",142,2543,51.6762629533685,-7.95936767095302,17.539929028507
"C303A-C328A","303-328",143,2544,45.6382287467851,-7.30925716220808,22.0557706108916
"C303A-C328A","303-328",144,2545,51.1895913654278,-8.10538189298662,16.2092862905386
"C303A-C328A","303-328",145,2546,57.6075750592362,-10.4242514874041,15.7462829381265
"C303A-C328A","303-328",146,2547,53.7239955351401,-7.07295650464196,17.4269728300535
"C303A-C328A","303-328",147,2548,58.6107164067152,-7.48480092456038,20.2099572178523
"C303A-C328A","303-328",148,2549,61.1161623849055,-15.3423002570545,21.4415816018457
"C303A-C328A","303-328",149,2550,68.2136466156694,-13.284336425108,19.3948640448184
"C303A-C328A","303-328",150,2551,62.8181073058696,-12.8863046057467,21.5965926154983
"C303A-C328A","303-328",151,2552,62.9828846280312,-19.2768446376894,23.648998212638
"C303A-C328A","303-328",152,2553,59.856310930538,-20.5033450652447,23.4391500117241
"C303A-C328A","303-328",153,2554,58.966318553239,-31.2484668150138,24.045461098503
"C303A-C328A","303-328",154,2555,53.0906029779579,-31.4575355103836,24.4395596409818
"C303A-C328A","303-328",155,2556,52.5656242606311,-30.9942097480063,24.9029639361887
"C303A-C328A","303-328",156,2557,55.8927646177884,-29.6827241201055,22.5162229020555
"C303A-C328A","303-328",157,2558,58.6976604033197,-33.0583748487903,21.9078895908587
"C303A-C328A","303-328",158,2559,60.4426665826153,-36.0006086960229,22.9337782775935
"C303A-C328A","303-328",159,2560,59.9445054113857,-33.8193651177601,21.473127923735
"C303A-C328A","303-328",160,2561,53.1829679984499,-30.2263926612557,25.8091366783468
"C303A-C328A","303-328",161,2562,47.4800877602993,-25.6614061451256,19.2126508968674
"C303A-C328A","303-328",162,2563,46.3750899409421,-23.8223310040545,21.3943719158179
"C303A-C328A","303-328",163,2564,40.3706498497115,-24.0738394581225,21.9523335672682
"C303A-C328A","303-328",164,2565,34.1569665687966,-21.7649511554163,24.8230568974149
"C303A-C328A","303-328",165,2566,36.2050498265936,-22.0357694360388,18.1267058811858
"C303A-C328A","303-328",166,2567,43.6135745510639,-24.0492249584733,24.053421153383
"C303A-C328A","303-328",167,2568,43.2558733561578,-22.6020071527503,24.30947547694
"C303A-C328A","303-328",168,2569,42.4522109849722,-23.6280704365642,26.0794983307916
"C303A-C328A","303-328",169,2570,39.031071487468,-27.1902519515882,25.550368825671
"C303A-C328A","303-328",170,2571,38.1917134887531,-26.2431929427045,20.6446055738223
"C303A-C328A","303-328",171,2572,35.722748710409,-23.3733835249156,16.218348977438
"C303A-C328A","303-328",172,2573,28.7209854034661,-23.3672465315068,12.1047111062965
"C303A-C328A","303-328",173,2574,28.1830238602171,-24.087919191557,13.7854781548244
"C303A-C328A","303-328",174,2575,27.3347499179367,-22.8538029210278,15.8389603896078
"C303A-C328A","303-328",175,2576,24.9588189032232,-22.558262017018,13.9533439428857
"C303A-C328A","303-328",176,2577,29.9810675093103,-21.7874702796737,16.1364219957292
"C303A-C328A","303-328",177,2578,36.314136503442,-17.6879642081808,13.5857679471128
"C303A-C328A","303-328",178,2579,38.2730491701285,-14.6325926592608,12.3006030198929
"C303A-C328A","303-328",179,2580,39.8847397570584,-17.4242228647233,11.2876808042015
"C303A-C328A","303-328",180,2581,44.8228718580138,-13.131115168883,11.740219203864
"C303A-C328A","303-328",181,2582,40.8589700763439,-19.1042192244391,15.4069205876865
"C303A-C328A","303-328",182,2583,39.9968380893549,-20.059004097934,16.5820022519093
"C303A-C328A","303-328",183,2584,38.0580475386505,-23.1532145129943,12.7950790205983
"C303A-C328A","303-328",184,2585,42.0745033617967,-17.610312347551,10.2214860627916
"C303A-C328A","303-328",185,2586,38.0919173851342,-15.8651752453796,9.97050857694212
"C303A-C328A","303-328",186,2587,37.6859749753409,-13.8032855915803,11.9797947749475
"C303A-C328A","303-328",187,2588,42.0552114116156,-12.924832400855,11.991658751326
"C303A-C328A","303-328",188,2589,43.065003390352,-10.6634187835668,11.1001262696444
"C303A-C328A","303-328",189,2590,48.8357891760321,-11.6406368589638,10.4079934895657
"C303A-C328A","303-328",190,2591,48.2174576321439,-16.4435900223215,14.4460219805475
"C303A-C328A","303-328",191,2592,47.8033007366021,-12.4542900347588,12.2324101033463
"C303A-C328A","303-328",192,2593,42.7264388043152,-12.9517769898981,13.7910516230601
"C303A-C328A","303-328",193,2594,52.1479808797412,-14.795733723514,11.6686448090395
"C303A-C328A","303-328",194,2595,48.36906863592,-13.2720699599155,11.2238723019968
"C303A-C328A","303-328",195,2596,51.5838249090934,-13.0290183205495,12.5266964172509
"C303A-C328A","303-328",196,2597,49.5783614624063,-11.772064729867,11.1256052999633
"C303A-C328A","303-328",197,2598,56.7897713178476,-1.97703296227494,11.5999085672686
"C303A-C328A","303-328",198,2599,52.299060439777,-4.81005669457308,16.5469291853814
"C303A-C328A","303-328",199,2600,54.910656148479,-3.25546484972863,13.5497636820242
"C303A-C328A","303-328",200,2601,52.2121211652861,-5.52961320735707,9.92594335668681
"C303A-C328A","303-328",201,2602,46.5453156056066,-6.85329152999085,12.2458862955574
"C303A-C328A","303-328",202,2603,49.4445971759994,-7.14259185580691,19.7300198310955
"C303A-C328A","303-328",203,2604,46.445628881746,-4.96462691211515,20.7406531263501
"C303A-C328A","303-328",204,2605,40.9555139973203,-4.82934142331374,21.794077492273
"C303A-C328A","303-328",205,2606,45.7229544525977,-5.06033244860471,22.3349313399481
"C303A-C328A","303-328",206,2607,40.5963542089974,-5.6831591301278,20.1232867631058
"C303A-C328A","303-328",207,2608,43.5780143215981,-5.54603113194932,12.3569843054052
"C303A-C328A","303-328",208,2609,45.7711476319426,-4.69197157025065,18.5572876869025
"C303A-C328A","303-328",209,2610,44.2523980570214,-0.494239689461033,18.0309313609761
"C303A-C328A","303-328",210,2611,45.9349810148704,-5.32087116971212,19.7404670062101
"C303A-C328A","303-328",211,2612,45.0655193663435,-3.93377849606625,19.8151653521915
"C303A-C328A","303-328",212,2613,45.829521486784,-2.93673292990441,16.7289158681323
"C303A-C328A","303-328",213,2614,47.9941651096603,-1.65868582625608,14.7941357522859
"C303A-C328A","303-328",214,2615,46.6259040071293,-0.238141840709524,16.2734558427672
"C303A-C328A","303-328",215,2616,41.7432982402779,-0.395267175047522,17.2136687921094
"C303A-C328A","303-328",216,2617,40.8008143952401,-0.694239688650667,15.865069016924
"C303A-C328A","303-328",217,2618,40.2231817878291,0.746850303182795,17.2445908833666
"C303A-C328A","303-328",218,2619,41.0860617205392,-2.42874251557331,19.0461396802944
"C303A-C328A","303-328",219,2620,39.1252363992241,-2.62414459368375,21.0560897021988
"C303A-C328A","303-328",220,2621,30.9348223156142,-4.46150008669738,23.4225092513471
"C303A-C328A","303-328",221,2622,35.8404734578221,-3.88986838644333,21.8119734655718
"C303A-C328A","303-328",222,2623,34.3968875228892,-3.71053200084885,27.0548820982202
"C303A-C328A","303-328",223,2624,35.8942076540718,-7.21623257960958,24.9331944991246
"C303A-C328A","303-328",224,2625,35.8826405934666,-10.9116465985461,26.4043119789717
"C303A-C328A","303-328",225,2626,36.0217570102944,-5.58913740280418,25.5800967803071
"C303A-C328A","303-328",226,2627,31.1676662190637,-6.81551902402443,24.770431821931
"C303A-C328A","303-328",227,2628,32.4984404734356,-10.5250884564808,23.3733301114384
"C303A-C328A","303-328",228,2629,30.8549554757656,-6.05884888602263,21.3523550546563
"C303A-C328A","303-328",229,2630,28.9457330577938,-4.25373998172428,18.5255209397501
"C303A-C328A","303-328",230,2631,31.6251530565887,-0.310579050270146,13.2299146074085
"C303A-C328A","303-328",231,2632,24.9555668465611,-1.92544336747943,15.2705665723596
"C303A-C328A","303-328",232,2633,24.1801420917584,0.971996443348487,16.437548574386
"C303A-C328A","303-328",233,2634,29.4528720380374,-1.60094304355361,15.5413990061133
"C303A-C328A","303-328",234,2635,24.7673735396645,-0.868740956941508,17.2139062944691
"C303A-C328A","303-328",235,2636,26.7566372229601,0.878263395538409,9.70030230514413
"C303A-C328A","303-328",236,2637,18.1116864866232,4.1456816058019,11.183468704849
"C303A-C328A","303-328",237,2638,16.3978925130334,-1.70335405143819,11.6362982530246
"C303A-C328A","303-328",238,2639,19.2779040057245,-2.32609921863937,19.2395482053854
"C303A-C328A","303-328",239,2640,23.0596113653094,-4.61887281477167,15.4642602420875
"C303A-C328A","303-328",240,2641,23.2118011509266,-2.96070356383926,16.7176604657282
"C303A-C328A","303-328",241,2642,22.0384443558425,-3.37664167547095,22.9813727974836
"C303A-C328A","303-328",242,2643,14.1119799964144,-6.66881380007382,23.9351337940641
"C303A-C328A","303-328",243,2644,13.1932081759157,-7.57904237235349,17.7989733972888
"C303A-C328A","303-328",244,2645,14.2940102205533,-9.58806316447862,19.117391833206
"C303A-C328A","303-328",245,2646,12.7771438788993,-12.1777265390287,25.917689489456
"C303A-C328A","303-328",246,2647,15.4351717026292,-16.4768876987786,27.7377783370632
"C303A-C328A","303-328",247,2648,25.9385449046949,-16.4401379503843,31.7651649377488
"C303A-C328A","303-328",248,2649,26.4075540914489,-20.3789346857445,30.8782737123773
"C303A-C328A","303-328",249,2650,22.4181557852401,-20.1010849732679,32.7570635901671
"C303A-C328A","303-328",250,2651,28.2008967677048,-17.0216358748373,29.8647694601387
"C303A-C328A","303-328",251,2652,29.3685403078285,-16.8187724497896,27.6808217396754
"C303A-C328A","303-328",252,2653,27.7552909844749,-13.8479743653314,26.4125922078855
"C303A-C328A","303-328",253,2654,21.2597391180818,-10.6449203339261,26.5603317192701
"C303A-C328A","303-328",254,2655,17.35781912059,-7.88483287920077,28.9287603544242
"C303A-C328A","303-328",255,2656,15.9134209406042,-5.48182709595648,29.959008477618
"C303A-C328A","303-328",256,2657,19.4034559835019,-8.92968987294181,27.1150815958863
"C303A-C328A","303-328",257,2658,16.8899630239555,-11.3299559320888,26.6489972084552
"C303A-C328A","303-328",258,2659,15.6960107679869,-11.2901674324861,28.8915229736883
"C303A-C328A","303-328",259,2660,17.2603202009669,-15.8924455196704,27.9587073436774
"C303A-C328A","303-328",260,2661,14.2578204146255,-17.5555632055745,26.3001999521222
"C303A-C328A","303-328",261,2662,19.0630113201826,-14.1915160711754,24.7480202962164
"C303A-C328A","303-328",262,2663,24.1124773054679,-13.2968309775303,23.7178701274996
"C303A-C328A","303-328",263,2664,27.5665670807845,-14.7005148729021,27.0249796742958
"C303A-C328A","303-328",264,2665,20.5396772659197,-16.6321207678746,24.6016268189435
"C303A-C328A","303-328",265,2666,21.5505653030006,-14.8313810079777,24.9631180737485
"C303A-C328A","303-328",266,2667,24.5013033045734,-16.972141927869,25.54861842115
"C303A-C328A","303-328",267,2668,23.8805260737691,-15.8946416810571,25.4459472564375
"C303A-C328A","303-328",268,2669,25.7451635630031,-20.6422458601236,29.1034790670238
"C303A-C328A","303-328",269,2670,25.7599205119906,-13.8284367912159,26.1580869643104
"C303A-C328A","303-328",270,2671,23.2469695918465,-12.1772046022626,27.196521068187
"C303A-C328A","303-328",271,2672,20.96620277449,-13.520381854828,26.6631313121135
"C303A-C328A","303-328",272,2673,17.2696371431886,-10.5875663136574,24.3482705689003
"C303A-C328A","303-328",273,2674,10.7077709325467,-7.02936229623799,24.3793570990996
"C303A-C328A","303-328",274,2675,8.05574547586245,-7.46364119440151,29.26040425345
"C303A-C328A","303-328",275,2676,11.8658758870085,-7.22868920908303,28.4412360279801
"C303A-C328A","303-328",276,2677,12.0691179408641,-5.99355428695211,30.0387189461653
"C303A-C328A","303-328",277,2678,15.0435983551009,-8.06691005403361,28.6307529525305
"C303A-C328A","303-328",278,2679,6.98160216296953,-7.84305538829811,26.6655238739123
"C303A-C328A","303-328",279,2680,6.54873358200004,-3.33651595097865,24.3304665303778
"C303A-C328A","303-328",280,2681,13.531735041435,-5.30977242966879,19.7091110744835
"C303A-C328A","303-328",281,2682,17.0393317472253,-2.903183457927,21.8503652059957
"C303A-C328A","303-328",282,2683,16.6276544875474,-6.02936277992968,21.3561603341585
"C303A-C328A","303-328",283,2684,22.5251459708017,-8.16188255703276,20.2145675468675
"C303A-C328A","303-328",284,2685,26.9215620778392,-10.0845190476071,21.4535918662881
"C303A-C328A","303-328",285,2686,35.7563656238695,-17.5830064932707,21.7958332402975
"C303A-C328A","303-328",286,2687,47.2260324584883,-17.0315733856582,23.8550092884281
"C303A-C328A","303-328",287,2688,52.955201566032,-17.29307490959,25.3464736362206
"C303A-C328A","303-328",288,2689,50.5590215019582,-21.5029726973241,25.3298225072888
"C303A-C328A","303-328",289,2690,49.4892184684239,-20.6630165959309,26.8827668796628
"C303A-C328A","303-328",290,2691,43.9611596819603,-20.7500513861493,26.5629366252972
"C303A-C328A","303-328",291,2692,48.0895859878896,-21.2553810549733,24.8118482975222
"C303A-C328A","303-328",292,2693,58.3891992913602,-19.3932573732543,21.0560588654928
"C303A-C328A","303-328",293,2694,62.0887284836027,-17.6325753347727,23.1094671987478
"C303A-C328A","303-328",294,2695,68.5487996407271,-23.0228025977796,21.0428164797988
"C303A-C328A","303-328",295,2696,67.3747596878519,-25.3336491423231,21.5501958231443
"C303A-C328A","303-328",296,2697,67.0528796404364,-26.3428915616673,24.3364142246053
"C303A-C328A","303-328",297,2698,68.0476615048779,-28.0696801139761,24.492869083536
"C303A-C328A","303-328",298,2699,69.9004542405431,-28.9083849958236,25.2876597754565
"C303A-C328A","303-328",299,2700,64.1039801040992,-28.0846039757586,26.1407663420821
"C303A-C328A","303-328",300,2701,59.7011750411687,-31.5875455150854,27.9362799663763
"C303A-C328A","303-328",301,2702,56.4035743214787,-28.0528683982368,27.0916538430143
"C303A-C328A","303-328",302,2703,58.6667925177443,-22.5239542458124,26.4451952649434
"C303A-C328A","303-328",303,2704,54.2666301634574,-19.5140999169965,27.7245657467409
"C303A-C328A","303-328",304,2705,53.7656056536113,-17.0060354573182,28.4147942872867
"C303A-C328A","303-328",305,2706,52.7502882337818,-16.4792271752053,26.8071495704558
"C303A-C328A","303-328",306,2707,50.3086303467372,-16.8693931819917,25.1393700486336
"C303A-C328A","303-328",307,2708,54.8805134018723,-14.5184033675318,26.7147600506206
"C303A-C328A","303-328",308,2709,47.2592327548689,-10.7735564969458,27.2698614888141
"C303A-C328A","303-328",309,2710,47.1218789447404,-10.3755341173322,29.457954522851
"C303A-C328A","303-328",310,2711,47.6986168531719,-5.35519933344747,29.0834769165688
"C303A-C328A","303-328",311,2712,44.9675369572699,-4.53955893679508,30.2984898938789
"C303A-C328A","303-328",312,2713,47.2717258723749,-7.362997496738,29.5772578372919
"C303A-C328A","303-328",313,2714,48.6679913322212,-6.55444493081235,27.9093408187
"C303A-C328A","303-328",314,2715,46.9920872994909,-10.4890205542463,30.384584421707
"C303A-C328A","303-328",315,2716,44.5914707200686,-4.18595299212833,29.3458659025374
"C303A-C328A","303-328",316,2717,42.0423905512573,-7.99078483296765,29.368581553818
"C303A-C328A","303-328",317,2718,44.9966301707641,-10.0646879204989,29.3104254384154
"C303A-C328A","303-328",318,2719,36.9572638191134,-11.9037772220799,28.0600328615319
"C303A-C328A","303-328",319,2720,27.2983583429411,-9.96561770508667,26.8933498341423
"C303A-C328A","303-328",320,2721,25.6811225272053,-11.2194491773336,27.2647836049495
"C303A-C328A","303-328",321,2722,28.5002865257773,-10.4791844728964,23.0343753375258
"C303A-C328A","303-328",322,2723,25.6525240970695,-7.8720271382119,18.2895872759303
"C303A-C328A","303-328",323,2724,33.6430231045446,-11.785190117939,18.1474339768453
"C303A-C328A","303-328",324,2725,33.2908943150718,-7.83391165415374,14.8282776315019
"C303A-C328A","303-328",325,2726,32.9427821567928,-10.3008569032116,17.6081231852286
"C303A-C328A","303-328",326,2727,35.4471556180134,-9.09766965752273,21.8197995787678
"C303A-C328A","303-328",327,2728,34.4781146833606,-10.1918307961206,24.354006483745
"C303A-C328A","303-328",328,2729,34.2904197124076,-11.9936035215107,24.4839365790818
"C303A-C328A","303-328",329,2730,30.6112145123916,-13.249061126685,22.4460975214696
"C303A-C328A","303-328",330,2731,33.969746110377,-12.8656953299665,22.7007742583347
"C303A-C328A","303-328",331,2732,28.1755826204917,-10.7342333151157,23.4878233749384
"C303A-C328A","303-328",332,2733,24.1658874868899,-12.9537894303174,23.7274331992353
"C303A-C328A","303-328",333,2734,24.121821243385,-7.62095537533449,21.9114276060276
"C303A-C328A","303-328",334,2735,15.1889001175577,-8.55509967870634,23.6836571064247
"C303A-C328A","303-328",335,2736,10.9887086110794,-7.81585060454957,23.7450150595519
"C303A-C328A","303-328",336,2737,14.9758081950507,-6.51225487474148,16.9725123554687
"C303A-C328A","303-328",337,2738,7.49903352548367,-8.69805853618228,19.2045577649533
"C303A-C328A","303-328",338,2739,1.8974483061504,-7.51269654770672,26.5298603121094
"C303A-C328A","303-328",339,2740,6.11632962228877,-4.95738251936801,18.856884634023
"C303A-C328A","303-328",340,2741,8.81930109872011,-7.58437293702669,17.753680822208
"C303A-C328A","303-328",341,2742,8.68796982642288,-8.1864645794598,20.6920314959637
"C303A-C328A","303-328",342,2743,10.2451256186894,-10.0141625895244,24.1642126532929
"C303A-C328A","303-328",343,2744,8.30177437637403,-6.98092131021879,29.582660629606
"C303A-C328A","303-328",344,2745,15.8350235756267,-2.62333729315549,30.1074527984112
"C303A-C328A","303-328",345,2746,12.7240349945747,-2.79458555684529,28.656458030515
"C303A-C328A","303-328",346,2747,13.0789870794054,-5.07825698468955,28.8780636027748
"C303A-C328A","303-328",347,2748,7.21330854790107,-1.39458837362716,31.40779844764
"C303A-C328A","303-328",348,2749,7.3555224207563,-1.03113630740406,30.0391884974301
"C303A-C328A","303-328",349,2750,10.2212643016736,2.18105482050701,31.8312596785039
"C303A-C328A","303-328",350,2751,13.4669953744145,7.74992082263546,29.0542346304759
"C303A-C328A","303-328",351,2752,14.5753255010895,7.75492428735979,31.7190131621928
"C303A-C328A","303-328",352,2753,17.4757530262709,5.77705492826046,27.8198475006818
"C303A-C328A","303-328",353,2754,16.043088181281,8.48808569401961,29.7561483133372
"C303A-C328A","303-328",354,2755,6.6764724302331,6.22567425320642,28.970788901741
"C303A-C328A","303-328",355,2756,8.59670305327123,4.59860676985714,27.0141924839557
"C303A-C328A","303-328",356,2757,9.26799258425628,1.89566477066798,23.3591484468991
"C303A-C328A","303-328",357,2758,3.2546274558064,2.27973788492969,17.0308382849289
"C303A-C328A","303-328",358,2759,13.8751757023577,-3.19953306890897,16.8217366100336
"C303A-C328A","303-328",359,2760,8.81941993250696,-0.565856755481829,15.2551362266473
"C303A-C328A","303-328",360,2761,0.222758904785237,-1.14702640021825,17.5871916391952
"C303A-C328A","303-328",361,2762,6.48929438498561,-3.59795679063774,12.9799975907192
"C303A-C328A","303-328",362,2763,6.90389458370513,-6.51216680794785,10.7866737751981
"C303A-C328A","303-328",363,2764,8.958214057196,-4.17885488016477,12.0888900031997
"C303A-C328A","303-328",364,2765,7.98510745598118,-3.04944450704587,12.6707964000683
"C303A-C328A","303-328",365,2766,4.01151299324081,-2.73189186441444,10.891191043945
"C303A-C328A","303-328",366,2767,8.89081064040308,-5.98307216539295,17.4330901452611
"C303A-C328A","303-328",367,2768,18.688487313951,-10.1890808691712,17.325089246806
"C303A-C328A","303-328",368,2769,11.4081686168221,-5.23407961068816,14.8803973939001
"C303A-C328A","303-328",369,2770,14.9023194748569,-5.76382261997826,17.6278077946231
"C303A-C328A","303-328",370,2771,15.7684409615634,-2.74230000556104,18.1968381909157
"C303A-C328A","303-328",371,2772,13.4319437672108,-0.453860833040772,18.4130842744524
"C303A-C328A","303-328",372,2773,5.00666679599656,0.835437931269274,19.5994527274502
"C303A-C328A","303-328",373,2774,6.28451189931852,3.12956589219368,16.1568451554596
"C303A-C328A","303-328",374,2775,5.22937011039925,-0.164997925433246,13.0179676998932
"C303A-C328A","303-328",375,2776,14.1382908899263,2.95723381019289,13.5232058738617
"C303A-C328A","303-328",376,2777,19.6627842148809,2.062079904396,11.7453994788273
"C303A-C328A","303-328",377,2778,15.9278745180129,-0.334139531308879,10.2238276849266
"C303A-C328A","303-328",378,2779,21.6036305070396,-0.12211318458697,7.0045949028032
"C303A-C328A","303-328",379,2780,14.0547996842257,-0.792389526193087,3.70251669870411
"C303A-C328A","303-328",380,2781,23.4099914878185,-3.16006406046347,8.63506322033365
"C303A-C328A","303-328",381,2782,21.4476762823931,-4.24727513562244,13.9019208133305
"C303A-C328A","303-328",382,2783,18.858062102529,-1.68898264891252,22.0263605354765
"C303A-C328A","303-328",383,2784,20.9494680458655,-3.55121283450091,17.7437693918601
"C303A-C328A","303-328",384,2785,19.8578556526356,2.74724434146059,16.8241960060491
"C303A-C328A","303-328",385,2786,17.0050287764337,0.997456370490804,14.1193123311602
"C303A-C328A","303-328",386,2787,5.14774658571779,3.76612494699863,14.2347798787421
"C303A-C328A","303-328",387,2788,2.44268118437439,4.01978910927603,15.9658441299325
"C303A-C328A","303-328",388,2789,0.698034393129368,5.16555716069283,12.6316463410727
"C303A-C328A","303-328",389,2790,-0.381043052319697,4.5862308859488,14.893035046556
"C303A-C328A","303-328",390,2791,-2.88009416187307,6.89749827379885,12.9652791969208
"C303A-C328A","303-328",391,2792,3.45939661025914,5.69737613556319,15.9152316717702
"C303A-C328A","303-328",392,2793,7.83302247251995,7.51874289277371,22.0738554499465
"C303A-C328A","303-328",393,2794,1.90024765820067,9.20057582253573,22.8801164240722
"C303A-C328A","303-328",394,2795,-3.45769475780558,12.5523570867325,20.9863851105964
"C303A-C328A","303-328",395,2796,-5.1120059516569,9.66327935556784,20.0554365203103
"C303A-C328A","303-328",396,2797,-9.16440939389356,11.0915441256841,12.8036612832083
"C303A-C328A","303-328",397,2798,-3.10543959330281,10.8974514183407,7.62024359528692
"C303A-C328A","303-328",398,2799,-5.34093456812933,9.53551997473454,9.6468189484473
"C303A-C328A","303-328",399,2800,-6.5706683985356,5.94186729262033,8.37820077447952
"C303A-C328A","303-328",400,2801,-3.16019941589876,9.40919050491577,8.15094655852092
"C303A-C350A","303-350",1,2802,-2.23425402005106,18.1250646171569,-24.3549531497547
"C303A-C350A","303-350",2,2803,-4.1955885270143,17.2884825464792,-23.3797283968301
"C303A-C350A","303-350",3,2804,-7.91896527682556,18.0855710848311,-21.7423368105513
"C303A-C350A","303-350",4,2805,-10.157408488257,19.301816729972,-18.6991592211355
"C303A-C350A","303-350",5,2806,-8.3572205175901,19.5000492726249,-16.7132245984934
"C303A-C350A","303-350",6,2807,-4.37279301486835,18.9505618741555,-15.0057950564673
"C303A-C350A","303-350",7,2808,-11.2696416725762,21.6256499537431,-15.8061555966623
"C303A-C350A","303-350",8,2809,-2.41853667546983,24.3918657602753,-18.5960362620589
"C303A-C350A","303-350",9,2810,-3.96681306819397,24.2713567325782,-18.1108190482023
"C303A-C350A","303-350",10,2811,-12.5763845154134,26.0174632615116,-18.3113939324652
"C303A-C350A","303-350",11,2812,-7.12939297698094,24.9614711572125,-19.14968217974
"C303A-C350A","303-350",12,2813,-0.287706860717656,25.5751083163858,-17.6530428600208
"C303A-C350A","303-350",13,2814,3.62366335186656,27.7786098069105,-14.5263623168894
"C303A-C350A","303-350",14,2815,-4.43153263191437,26.5806375449753,-18.9870416875917
"C303A-C350A","303-350",15,2816,-7.85241642975236,28.2467395084474,-14.9065961734315
"C303A-C350A","303-350",16,2817,-7.82770356026126,25.8892618310236,-17.5660572285848
"C303A-C350A","303-350",17,2818,-1.34856396805632,20.9979843690265,-13.837507739545
"C303A-C350A","303-350",18,2819,1.30865223733168,19.4477663681554,-14.0196249128846
"C303A-C350A","303-350",19,2820,2.02773419264301,23.1657453213696,-18.0628901076557
"C303A-C350A","303-350",20,2821,6.31737206998573,26.1226720577833,-19.0607841282734
"C303A-C350A","303-350",21,2822,5.99615032013601,25.6734732543548,-16.2605593512715
"C303A-C350A","303-350",22,2823,-1.591491615093,25.9516187062204,-17.7321246053536
"C303A-C350A","303-350",23,2824,-0.997819608914487,26.7827009261171,-14.7546280897852
"C303A-C350A","303-350",24,2825,0.0764647501468085,24.3432352196258,-16.2675272630907
"C303A-C350A","303-350",25,2826,-2.02663504820894,21.923208543427,-13.6613848165867
"C303A-C350A","303-350",26,2827,1.06250831010008,25.4941092217075,-18.3341857297614
"C303A-C350A","303-350",27,2828,4.258028932532,28.3993940998162,-22.6868906543216
"C303A-C350A","303-350",28,2829,4.1964531283505,23.4255286724507,-22.7302513885026
"C303A-C350A","303-350",29,2830,0.908546657344197,24.2025818957427,-20.3115260007011
"C303A-C350A","303-350",30,2831,3.11848236995256,23.7396784636895,-20.1466809009772
"C303A-C350A","303-350",31,2832,3.17903036452061,26.3614586388235,-15.9504938265783
"C303A-C350A","303-350",32,2833,-4.39879227693923,26.9821178620416,-19.0811192885328
"C303A-C350A","303-350",33,2834,-7.7772470119959,25.4093132240518,-18.3771760664353
"C303A-C350A","303-350",34,2835,-2.63358600440522,22.9923825988927,-22.1569679330774
"C303A-C350A","303-350",35,2836,-1.49671722742958,21.9185207873589,-22.066089001664
"C303A-C350A","303-350",36,2837,6.85575147064877,18.6957779074351,-18.6199735344822
"C303A-C350A","303-350",37,2838,11.0564814994659,22.4503424236503,-20.5524074490519
"C303A-C350A","303-350",38,2839,2.59713835898989,26.3209412634842,-17.2910372552989
"C303A-C350A","303-350",39,2840,1.24648109809479,28.5006021133049,-17.9819985295845
"C303A-C350A","303-350",40,2841,2.36594089480874,24.7370197350095,-18.288067579617
"C303A-C350A","303-350",41,2842,2.14649972314088,22.0947183418285,-18.5768044352519
"C303A-C350A","303-350",42,2843,5.40024176420966,23.1673203797919,-22.5147384845051
"C303A-C350A","303-350",43,2844,2.6326807537756,22.9285279436927,-21.4646135396463
"C303A-C350A","303-350",44,2845,2.79597289467133,22.248487253098,-21.0872417961775
"C303A-C350A","303-350",45,2846,1.37430618401731,17.240405068752,-23.338902721961
"C303A-C350A","303-350",46,2847,0.0713804320246948,20.2481251434564,-21.2943857432362
"C303A-C350A","303-350",47,2848,-5.19296127114782,21.9676151758311,-18.2302295830391
"C303A-C350A","303-350",48,2849,-2.16146722292546,18.6887397974308,-18.858532588994
"C303A-C350A","303-350",49,2850,6.98432835718366,16.0207500605579,-22.2256537227543
"C303A-C350A","303-350",50,2851,7.18267056426241,16.2104456335175,-23.3282184549472
"C303A-C350A","303-350",51,2852,3.07716330986355,11.9411095302049,-21.5993260616498
"C303A-C350A","303-350",52,2853,0.833703157653207,9.23281041511422,-20.178025425226
"C303A-C350A","303-350",53,2854,-1.42776896045539,11.2292863045591,-21.2018335740974
"C303A-C350A","303-350",54,2855,0.109350758277184,10.7489009518614,-22.2289825458296
"C303A-C350A","303-350",55,2856,-0.147159916453629,11.1175222497442,-24.3148954566377
"C303A-C350A","303-350",56,2857,-1.94050128283723,12.5100393422143,-24.4899676169939
"C303A-C350A","303-350",57,2858,-6.26951794637329,12.3483198374087,-21.7800248854222
"C303A-C350A","303-350",58,2859,1.17320164737744,10.7375805008964,-19.0538766441808
"C303A-C350A","303-350",59,2860,-1.54447337735491,12.2033123602571,-21.4170650838755
"C303A-C350A","303-350",60,2861,5.69709116989119,13.465546470295,-21.8394849718914
"C303A-C350A","303-350",61,2862,2.54874133495144,11.2405554698389,-18.1376716064146
"C303A-C350A","303-350",62,2863,7.92777044120994,12.4009704904523,-22.7192425577124
"C303A-C350A","303-350",63,2864,12.8986976971555,17.2564981354384,-21.5082912826704
"C303A-C350A","303-350",64,2865,20.7728934560848,20.495570823245,-20.501204587069
"C303A-C350A","303-350",65,2866,22.423403959774,18.624412547307,-18.0196581976991
"C303A-C350A","303-350",66,2867,22.6891682030475,17.1760666395936,-18.211619006278
"C303A-C350A","303-350",67,2868,20.651786718936,20.0819002246794,-22.0871499907914
"C303A-C350A","303-350",68,2869,26.4342846242368,21.0611433486475,-27.1094042597535
"C303A-C350A","303-350",69,2870,27.6291558964923,20.7282491824655,-30.9575999211269
"C303A-C350A","303-350",70,2871,25.7742771062037,20.3383155998013,-30.8699627288311
"C303A-C350A","303-350",71,2872,25.8727770468,25.0068371889644,-29.2675639839997
"C303A-C350A","303-350",72,2873,23.0954370866842,24.2784811732333,-26.9310515030772
"C303A-C350A","303-350",73,2874,21.9388847584357,23.0437043569382,-26.9554062550352
"C303A-C350A","303-350",74,2875,16.2044573458103,16.8583183316935,-29.5071575542092
"C303A-C350A","303-350",75,2876,13.7473605741458,14.3415062621914,-31.0831332153176
"C303A-C350A","303-350",76,2877,11.7033146650657,11.1514579036106,-29.5147558439818
"C303A-C350A","303-350",77,2878,12.0610537630302,13.3443565973814,-29.0382642209984
"C303A-C350A","303-350",78,2879,15.3523939135402,16.3195930395041,-30.2684955865966
"C303A-C350A","303-350",79,2880,10.7981759370402,15.9960636296778,-28.3670397347642
"C303A-C350A","303-350",80,2881,10.0986168908432,16.678204485753,-28.6602227394237
"C303A-C350A","303-350",81,2882,17.2251370135309,21.6690705067465,-31.0774091839664
"C303A-C350A","303-350",82,2883,14.9337402906579,26.3505439532087,-31.365657962356
"C303A-C350A","303-350",83,2884,15.8020459760138,28.1845433056896,-30.5512060872044
"C303A-C350A","303-350",84,2885,19.6109813324945,24.3382770554726,-33.557247261487
"C303A-C350A","303-350",85,2886,15.8885387815489,22.4492799553449,-31.3240024395785
"C303A-C350A","303-350",86,2887,11.2447094611235,22.1987419999302,-31.4784483555153
"C303A-C350A","303-350",87,2888,13.4840974259323,22.3642741277544,-31.1333905877207
"C303A-C350A","303-350",88,2889,16.3142773345854,25.8611885970475,-30.8797090425213
"C303A-C350A","303-350",89,2890,10.8737462849127,25.2618506652039,-29.3518584528337
"C303A-C350A","303-350",90,2891,7.027757241859,26.6170531227371,-29.7697626464954
"C303A-C350A","303-350",91,2892,5.26201289662885,30.8694900793916,-27.4592702731807
"C303A-C350A","303-350",92,2893,12.9582714059371,31.0182719057449,-28.5768687527072
"C303A-C350A","303-350",93,2894,16.2823547838934,33.0111480631228,-28.7594448111163
"C303A-C350A","303-350",94,2895,20.1853367515755,35.2724473753779,-27.111422719837
"C303A-C350A","303-350",95,2896,18.1599992982728,33.1728333966109,-25.1122595403871
"C303A-C350A","303-350",96,2897,20.6770007648635,31.2711391586683,-27.5998551388958
"C303A-C350A","303-350",97,2898,20.9629041059833,30.2772140770586,-27.5663817550879
"C303A-C350A","303-350",98,2899,20.9517805033069,32.1809723908975,-29.3060425202867
"C303A-C350A","303-350",99,2900,19.1430443284842,30.8978850011987,-26.7356657223416
"C303A-C350A","303-350",100,2901,17.7842562663427,28.9530476005152,-25.3416400350368
"C303A-C350A","303-350",101,2902,14.8856491526822,23.1270734168939,-26.2381781289816
"C303A-C350A","303-350",102,2903,8.1691802362231,25.6122948692268,-26.8952371830455
"C303A-C350A","303-350",103,2904,8.67867501771676,24.9140620337722,-29.1542297854575
"C303A-C350A","303-350",104,2905,7.79068654588627,27.0813290179659,-27.1322783837347
"C303A-C350A","303-350",105,2906,0.53377619076526,23.7322500540866,-28.5013094293305
"C303A-C350A","303-350",106,2907,3.093383672181,20.7585813077083,-28.8969597873853
"C303A-C350A","303-350",107,2908,10.3765286413399,20.8884166055018,-30.6982096601168
"C303A-C350A","303-350",108,2909,10.16183420312,18.7360722108378,-28.7083192996985
"C303A-C350A","303-350",109,2910,9.53900266960222,21.0826995445655,-29.6102056547326
"C303A-C350A","303-350",110,2911,10.547568773484,22.4532109255319,-30.8378507348339
"C303A-C350A","303-350",111,2912,6.89787647879897,24.9754655230045,-29.5315752902704
"C303A-C350A","303-350",112,2913,9.9992435266582,24.9906775757707,-28.4804919385416
"C303A-C350A","303-350",113,2914,7.92159367771146,25.2138956978349,-27.9976493230566
"C303A-C350A","303-350",114,2915,9.40574006163014,23.7702921198215,-28.7109545594276
"C303A-C350A","303-350",115,2916,10.2341510540443,24.9976470556521,-28.8580256638991
"C303A-C350A","303-350",116,2917,7.42641368255135,22.3644331918432,-28.070316990947
"C303A-C350A","303-350",117,2918,10.0991036193809,24.2089068055222,-26.9766421853963
"C303A-C350A","303-350",118,2919,11.6699811377954,26.3577499673831,-27.9096506307696
"C303A-C350A","303-350",119,2920,15.2926551781864,25.8738536181881,-26.9268268654187
"C303A-C350A","303-350",120,2921,14.4615075052309,23.3610549146456,-28.4406979671148
"C303A-C350A","303-350",121,2922,17.4901295239624,25.3264518910581,-27.6953241583316
"C303A-C350A","303-350",122,2923,19.1569743846272,25.0514556533752,-28.9683147330495
"C303A-C350A","303-350",123,2924,16.043985362298,25.2797677960433,-27.4824159380274
"C303A-C350A","303-350",124,2925,13.3021767878173,29.7390396490627,-25.3640943615486
"C303A-C350A","303-350",125,2926,13.8997592817273,29.3243140011968,-27.4809609684498
"C303A-C350A","303-350",126,2927,18.6234075316959,26.0246197975374,-28.4302773785465
"C303A-C350A","303-350",127,2928,20.343981575651,27.1632179877776,-30.1214152929876
"C303A-C350A","303-350",128,2929,19.749294727131,26.595518246595,-30.9331938568639
"C303A-C350A","303-350",129,2930,23.6309412947434,23.6010248527198,-31.8155754302481
"C303A-C350A","303-350",130,2931,20.7824407385743,25.4547853480318,-29.776772878658
"C303A-C350A","303-350",131,2932,14.9990048980271,24.0800425348902,-27.0688137320695
"C303A-C350A","303-350",132,2933,13.4585383035666,26.5433861866255,-26.390519957178
"C303A-C350A","303-350",133,2934,6.62736810159269,23.8319250856426,-28.7125204289873
"C303A-C350A","303-350",134,2935,14.6764018148596,29.8185075352963,-26.3068399439277
"C303A-C350A","303-350",135,2936,22.4883498915085,29.3004488475483,-25.9534984251898
"C303A-C350A","303-350",136,2937,20.4136241406528,26.8925686893703,-26.8437949846664
"C303A-C350A","303-350",137,2938,15.6707815703234,27.5924037820964,-24.3208461234568
"C303A-C350A","303-350",138,2939,13.9658942013316,23.0259488699258,-24.4826438209282
"C303A-C350A","303-350",139,2940,13.9472300294921,25.2960348223775,-25.8353016739395
"C303A-C350A","303-350",140,2941,18.199166825138,28.392382289591,-20.2705780908636
"C303A-C350A","303-350",141,2942,15.2121901064277,29.827558268782,-19.8049688818735
"C303A-C350A","303-350",142,2943,23.4776191943367,27.8282492991009,-17.1602462821739
"C303A-C350A","303-350",143,2944,27.777981121364,29.1933529519839,-18.9165910732282
"C303A-C350A","303-350",144,2945,32.5140255953059,31.7741412773949,-22.6598977666543
"C303A-C350A","303-350",145,2946,34.126060921193,31.1261255791274,-18.4936384842643
"C303A-C350A","303-350",146,2947,31.2455414853091,33.0381029807665,-21.5266874780015
"C303A-C350A","303-350",147,2948,35.0068123139032,29.102848738238,-22.6580578591603
"C303A-C350A","303-350",148,2949,36.8170663505881,28.3503428266652,-27.3594843914409
"C303A-C350A","303-350",149,2950,37.2791722642119,27.8403482603295,-30.347189676897
"C303A-C350A","303-350",150,2951,41.2730977424633,27.8170029015661,-24.972204664784
"C303A-C350A","303-350",151,2952,36.8406450584148,27.748201500457,-23.310719729789
"C303A-C350A","303-350",152,2953,33.1170473022162,28.0277097371877,-23.3260313622855
"C303A-C350A","303-350",153,2954,34.8139546461721,26.6160424875004,-24.1890028847484
"C303A-C350A","303-350",154,2955,25.7476299213659,25.706175746007,-28.2803990893271
"C303A-C350A","303-350",155,2956,23.649991700211,26.8024051417519,-26.1382375489483
"C303A-C350A","303-350",156,2957,32.4088273329459,26.1644144548707,-28.1230631355041
"C303A-C350A","303-350",157,2958,25.6943715715165,31.5499911394292,-25.3292380051735
"C303A-C350A","303-350",158,2959,30.7186589562662,31.0141293952669,-24.6611051833322
"C303A-C350A","303-350",159,2960,23.7407975830498,26.5377752227511,-27.5237909495402
"C303A-C350A","303-350",160,2961,18.7805896613725,22.7661744951631,-24.2612071528575
"C303A-C350A","303-350",161,2962,21.9255121020809,26.3212536867175,-22.8680451054766
"C303A-C350A","303-350",162,2963,25.5744353726503,23.8454046955249,-28.1278491417903
"C303A-C350A","303-350",163,2964,17.2495502479765,21.9049537522439,-25.3231020051598
"C303A-C350A","303-350",164,2965,16.9061943944439,17.8812516216157,-28.269798965034
"C303A-C350A","303-350",165,2966,13.1161894601585,18.3603507644711,-27.4465969923045
"C303A-C350A","303-350",166,2967,4.96574153300809,25.1961906700064,-25.8384544150308
"C303A-C350A","303-350",167,2968,9.8274547110132,29.1083927388137,-25.0949837219469
"C303A-C350A","303-350",168,2969,8.78650873381303,25.5795320279279,-23.40041648276
"C303A-C350A","303-350",169,2970,1.74373180585453,22.8946028168626,-24.4004222367643
"C303A-C350A","303-350",170,2971,5.24681933444192,22.9835696383888,-24.6225561492141
"C303A-C350A","303-350",171,2972,10.5151109188557,25.2930350398995,-25.8539244855008
"C303A-C350A","303-350",172,2973,16.6796196520525,27.9972845669104,-25.379288204097
"C303A-C350A","303-350",173,2974,14.5288359447595,25.3864594072006,-22.9874008632068
"C303A-C350A","303-350",174,2975,8.67670974408943,26.9548155031866,-23.3353690715328
"C303A-C350A","303-350",175,2976,15.2674975654725,25.6156727468876,-26.9302269866885
"C303A-C350A","303-350",176,2977,16.6499966485775,23.2188015767342,-27.1253176427901
"C303A-C350A","303-350",177,2978,17.4009310702959,21.6181248739271,-28.4874863600294
"C303A-C350A","303-350",178,2979,19.538485264679,17.4401180618113,-31.4408298281251
"C303A-C350A","303-350",179,2980,17.6221247417547,21.1613805040955,-29.7394692280399
"C303A-C350A","303-350",180,2981,17.8885278138315,25.758693038718,-27.8340138574941
"C303A-C350A","303-350",181,2982,24.7122269213876,24.019261267042,-28.7308047964563
"C303A-C350A","303-350",182,2983,27.4163204448998,21.1356052729207,-30.0243246232771
"C303A-C350A","303-350",183,2984,30.0483091807207,23.4037888105299,-27.7747658626904
"C303A-C350A","303-350",184,2985,33.3238339449923,21.2532940482149,-27.8624158076239
"C303A-C350A","303-350",185,2986,33.6792012808615,22.2512164857542,-30.6290123066019
"C303A-C350A","303-350",186,2987,39.0666531716766,21.6412632432504,-30.6619666696368
"C303A-C350A","303-350",187,2988,40.7914111357974,20.582057677923,-30.710029900908
"C303A-C350A","303-350",188,2989,51.8992664945642,24.235908984186,-28.8141373803611
"C303A-C350A","303-350",189,2990,49.0806747646591,25.2871759134773,-29.433543017065
"C303A-C350A","303-350",190,2991,49.2235622562493,28.3516089814947,-29.4485804872518
"C303A-C350A","303-350",191,2992,44.417271704677,25.0072313641102,-28.7003184079323
"C303A-C350A","303-350",192,2993,45.006767816078,30.0614026118101,-19.8887042570441
"C303A-C350A","303-350",193,2994,44.2904663380746,31.7902076465871,-18.5040420322796
"C303A-C350A","303-350",194,2995,39.0579731516021,30.2560462405864,-26.9284807328806
"C303A-C350A","303-350",195,2996,37.5228086099019,30.1650803610017,-25.2215693286897
"C303A-C350A","303-350",196,2997,42.6218105790595,28.3455932556774,-24.6854361654567
"C303A-C350A","303-350",197,2998,39.7756732719046,23.9168522678433,-20.2334891786334
"C303A-C350A","303-350",198,2999,26.24368971639,27.7659675638722,-16.459185571679
"C303A-C350A","303-350",199,3000,29.1787292304399,24.6469225411259,-20.4147782264071
"C303A-C350A","303-350",200,3001,35.0425154771208,25.8043950577695,-22.7409263876021
"C303A-C350A","303-350",201,3002,31.9078868907724,25.6358157393847,-21.5054310929731
"C303A-C350A","303-350",202,3003,32.3431781908055,25.8155799698407,-21.2289526820241
"C303A-C350A","303-350",203,3004,29.7152720830235,24.548633979828,-17.9909808659991
"C303A-C350A","303-350",204,3005,23.7499223886716,27.6211985560907,-15.6517723013135
"C303A-C350A","303-350",205,3006,29.673947840897,26.3308174615042,-13.9161144050583
"C303A-C350A","303-350",206,3007,30.6708618290509,29.6758655964042,-14.439118786651
"C303A-C350A","303-350",207,3008,25.7003021818814,26.6168638007101,-18.5125080762145
"C303A-C350A","303-350",208,3009,31.1812925189253,26.1039909469673,-17.965807061829
"C303A-C350A","303-350",209,3010,17.3127698368419,32.8806688687799,-18.7241738536868
"C303A-C350A","303-350",210,3011,16.2127124011743,33.4622769269838,-15.4018207394509
"C303A-C350A","303-350",211,3012,9.17825134828963,32.7539426359543,-12.3783969852555
"C303A-C350A","303-350",212,3013,8.03368927979823,31.1313195701186,-10.4025988692421
"C303A-C350A","303-350",213,3014,8.99323195116398,28.7508956290256,-5.24675846817685
"C303A-C350A","303-350",214,3015,-4.28018931183787,25.9325201851095,-7.96488305633277
"C303A-C350A","303-350",215,3016,-11.3262808467397,26.5624077078389,-4.99522706952485
"C303A-C350A","303-350",216,3017,-13.6348716981094,22.0917751003018,-4.56213317473849
"C303A-C350A","303-350",217,3018,-6.26162712256761,23.632316605444,-8.66286857947441
"C303A-C350A","303-350",218,3019,-3.83778429174365,29.2585955401802,-8.91929073772383
"C303A-C350A","303-350",219,3020,-1.73967791949874,25.6804933988,-6.7197669801117
"C303A-C350A","303-350",220,3021,-7.68852394313997,26.4985455858936,-5.02894823081725
"C303A-C350A","303-350",221,3022,-4.87272268186859,26.1048533808044,-3.68357214431279
"C303A-C350A","303-350",222,3023,-10.5077581627043,22.365886531355,-5.00807644093421
"C303A-C350A","303-350",223,3024,-6.29486967301383,28.0893249693033,-4.35582870309701
"C303A-C350A","303-350",224,3025,-9.91028808875029,23.2430404340517,-9.59402224777103
"C303A-C350A","303-350",225,3026,-10.2411139740237,19.5556053333036,-11.5347564321688
"C303A-C350A","303-350",226,3027,-11.3540468867867,21.3305759703723,-10.9941318714527
"C303A-C350A","303-350",227,3028,-4.00928010464666,20.1837990686294,-15.3113899943682
"C303A-C350A","303-350",228,3029,-6.8730711962664,16.2580361522233,-16.9868302637763
"C303A-C350A","303-350",229,3030,-8.62655790633678,20.0586478788303,-12.7334168599957
"C303A-C350A","303-350",230,3031,-3.44416332083468,23.6102024626036,-13.0807182386404
"C303A-C350A","303-350",231,3032,-5.64796365781844,28.1005753318412,-12.1953591294398
"C303A-C350A","303-350",232,3033,2.6749903648963,27.277900617566,-15.8244329081841
"C303A-C350A","303-350",233,3034,1.57288061993356,26.676910573636,-16.7714519295707
"C303A-C350A","303-350",234,3035,-3.01485509569475,24.8718844968135,-14.7987044091138
"C303A-C350A","303-350",235,3036,-1.56843240178712,25.8954298230511,-10.0640844458697
"C303A-C350A","303-350",236,3037,-0.0468615257483781,28.3195341051429,-12.527141257106
"C303A-C350A","303-350",237,3038,-7.84969594709365,30.9482972848636,-10.0294458729787
"C303A-C350A","303-350",238,3039,1.2073615427721,26.30595235323,-12.2157558366466
"C303A-C350A","303-350",239,3040,2.66525863140032,29.1052264596727,-16.8776596875237
"C303A-C350A","303-350",240,3041,1.92416335169599,29.6550475693689,-16.0332125891539
"C303A-C350A","303-350",241,3042,2.91314854344777,22.9174504788563,-17.2393170187257
"C303A-C350A","303-350",242,3043,-3.15282696744654,24.6096099546185,-17.3952852744083
"C303A-C350A","303-350",243,3044,-1.58845289540211,21.2078512109849,-20.5335361141408
"C303A-C350A","303-350",244,3045,-0.578939523018041,19.8873434537758,-20.2520129559381
"C303A-C350A","303-350",245,3046,4.59551479461485,17.2261186868911,-15.3143288623815
"C303A-C350A","303-350",246,3047,4.98946494026915,15.4146628117288,-16.1930500393508
"C303A-C350A","303-350",247,3048,9.3458674122667,14.6016327493742,-22.8598681914123
"C303A-C350A","303-350",248,3049,16.6895363538647,12.2500367376488,-24.5178963289928
"C303A-C350A","303-350",249,3050,18.8706429302623,16.7971444281101,-23.086533188444
"C303A-C350A","303-350",250,3051,18.2149651238298,17.5910323296005,-23.4663782405755
"C303A-C350A","303-350",251,3052,17.400607714925,16.1709498088568,-23.8159859667703
"C303A-C350A","303-350",252,3053,14.7657898944026,14.7525576576756,-25.3644081376064
"C303A-C350A","303-350",253,3054,22.224443854921,11.7884273852512,-26.0767792902624
"C303A-C350A","303-350",254,3055,19.9473631312977,11.95208510293,-23.1019015882773
"C303A-C350A","303-350",255,3056,17.5509335756781,7.83962920421251,-23.5018016402013
"C303A-C350A","303-350",256,3057,15.1040500427284,13.0183502914563,-20.6517041925152
"C303A-C350A","303-350",257,3058,24.0585519620084,12.3289689763133,-19.1151013206711
"C303A-C350A","303-350",258,3059,21.3164323705984,15.3682490401698,-17.127395536351
"C303A-C350A","303-350",259,3060,19.5035057500276,15.4169376781782,-17.5870134416138
"C303A-C350A","303-350",260,3061,12.3348787879958,15.7109943081647,-18.9085680679783
"C303A-C350A","303-350",261,3062,16.38172143739,18.6229741720075,-21.2234627564045
"C303A-C350A","303-350",262,3063,16.5331505266544,17.9096663472804,-18.9153567842491
"C303A-C350A","303-350",263,3064,16.9055110720115,22.2431815316534,-13.6421508041736
"C303A-C350A","303-350",264,3065,24.7875143465654,24.7168226616313,-11.7058125801021
"C303A-C350A","303-350",265,3066,17.5458815226698,22.2263611581298,-15.4453463545817
"C303A-C350A","303-350",266,3067,7.63202223725513,19.5691189938878,-13.5719239580164
"C303A-C350A","303-350",267,3068,12.0864110366572,24.3832089803479,-15.218831554817
"C303A-C350A","303-350",268,3069,7.52905545308021,24.8310580494762,-11.2326245610775
"C303A-C350A","303-350",269,3070,12.040396486458,29.5723960681674,-6.9236164653317
"C303A-C350A","303-350",270,3071,21.0006097476038,32.3274975008004,-3.76117401127626
"C303A-C350A","303-350",271,3072,21.6703650597245,31.6936877452745,-1.87963546489262
"C303A-C350A","303-350",272,3073,20.1990422337813,26.7390083504784,-11.222729475553
"C303A-C350A","303-350",273,3074,14.3293543017745,25.7124305026708,-10.8548689979465
"C303A-C350A","303-350",274,3075,17.8718274960208,28.6988525601727,-11.3166912940864
"C303A-C350A","303-350",275,3076,15.4140326990584,32.1207582726118,-6.01079324965806
"C303A-C350A","303-350",276,3077,23.1861765932328,31.601514567155,-9.90592375771898
"C303A-C350A","303-350",277,3078,28.6309951821611,33.2556489894946,-11.4417510451031
"C303A-C350A","303-350",278,3079,28.6980391582201,28.0986312632974,-13.2836176163318
"C303A-C350A","303-350",279,3080,25.6669439107694,33.1458763164961,-12.3827286532923
"C303A-C350A","303-350",280,3081,17.8152907051962,35.6988568229835,-9.43583267750987
"C303A-C350A","303-350",281,3082,17.6095532655653,33.4514171751154,-10.3724671225549
"C303A-C350A","303-350",282,3083,14.1206733864566,32.05907339751,-5.85557311420648
"C303A-C350A","303-350",283,3084,19.5617747209094,30.0310535323062,-7.4345225626723
"C303A-C350A","303-350",284,3085,17.7626071372425,27.3748342784623,-3.67865517305416
"C303A-C350A","303-350",285,3086,18.7754716386181,26.5274304515748,-9.14868521758117
"C303A-C350A","303-350",286,3087,27.5358242594975,27.61406040796,-9.77862603251651
"C303A-C350A","303-350",287,3088,26.4280551293291,27.9293562705396,-14.6620130207325
"C303A-C350A","303-350",288,3089,30.7351269201383,28.5987719860563,-13.7367758167916
"C303A-C350A","303-350",289,3090,33.9095595490718,25.0071200211155,-15.8845073592326
"C303A-C350A","303-350",290,3091,35.7820167962187,24.402068071503,-16.0633317802725
"C303A-C350A","303-350",291,3092,29.4278630682272,19.4456507311259,-13.8120711946743
"C303A-C350A","303-350",292,3093,31.4362738260685,18.9541647429323,-10.6479578315195
"C303A-C350A","303-350",293,3094,33.6708963270251,21.6357751607923,-10.9593773318606
"C303A-C350A","303-350",294,3095,33.0881708932602,22.2430808878693,-13.4280381739257
"C303A-C350A","303-350",295,3096,31.3242822247631,21.8396645100173,-14.3778290446279
"C303A-C350A","303-350",296,3097,36.8466568417614,21.3285816496296,-10.7155253134983
"C303A-C350A","303-350",297,3098,39.0422680411451,18.9296846455184,-13.3304539794094
"C303A-C350A","303-350",298,3099,30.3525448871347,18.6402949295008,-14.3416990418752
"C303A-C350A","303-350",299,3100,31.8066166278292,22.9634641169763,-7.53743666327103
"C303A-C350A","303-350",300,3101,30.011614770828,22.1445837802374,-16.2671989351686
"C303A-C350A","303-350",301,3102,31.978052701376,26.5413277815881,-7.23498207932882
"C303A-C350A","303-350",302,3103,29.4658940138392,26.7193472135066,-7.07036919636848
"C303A-C350A","303-350",303,3104,28.0548957557995,30.2308203121251,-5.58556659148539
"C303A-C350A","303-350",304,3105,22.6446636156101,29.1647712582594,-3.45670655314046
"C303A-C350A","303-350",305,3106,23.6947281366745,23.2250913353636,-13.8918233504033
"C303A-C350A","303-350",306,3107,29.6375862275249,26.3222951406422,-11.526697214832
"C303A-C350A","303-350",307,3108,31.8944905915808,24.1177750108186,-9.24430368726826
"C303A-C350A","303-350",308,3109,30.3067622973327,24.843195538858,-10.2207063360799
"C303A-C350A","303-350",309,3110,34.6876735327464,24.6799522565396,-12.9276875288323
"C303A-C350A","303-350",310,3111,37.1478536835968,26.7989245888613,-15.8460508797429
"C303A-C350A","303-350",311,3112,29.0180218087554,23.5804990747243,-16.4031430040415
"C303A-C350A","303-350",312,3113,32.874538522862,19.1158223085369,-15.7668606396805
"C303A-C350A","303-350",313,3114,33.3325072480164,12.1440687791088,-20.4021323938018
"C303A-C350A","303-350",314,3115,33.8404418988567,16.3843984069077,-22.2441954681844
"C303A-C350A","303-350",315,3116,27.303832276809,15.1154207520132,-14.4385880392747
"C303A-C350A","303-350",316,3117,27.8597449233185,16.4973452484533,-15.4265906644012
"C303A-C350A","303-350",317,3118,19.2410178868543,13.1697319824405,-18.4997081361817
"C303A-C350A","303-350",318,3119,15.0573362455792,13.9989388216227,-17.1673059650266
"C303A-C350A","303-350",319,3120,8.44565439996859,16.2096856133755,-16.3654790365863
"C303A-C350A","303-350",320,3121,1.9010472234666,15.3827222227655,-13.4702320563753
"C303A-C350A","303-350",321,3122,0.475214900314137,12.6800454339453,-19.9683710495322
"C303A-C350A","303-350",322,3123,0.737553127090722,10.3491037162527,-18.0314090278693
"C303A-C350A","303-350",323,3124,1.27203853569167,14.2852016676794,-17.0277352368307
"C303A-C350A","303-350",324,3125,-2.42052629833059,17.2863982647342,-14.3448834779945
"C303A-C350A","303-350",325,3126,-8.62446409509385,19.0219343594749,-11.421990486876
"C303A-C350A","303-350",326,3127,-5.095385316425,18.5877051045351,-15.0400909571955
"C303A-C350A","303-350",327,3128,-3.99800581690076,13.9997383468009,-12.8888939007725
"C303A-C350A","303-350",328,3129,-4.37583695727537,16.4633949221375,-8.5225754091483
"C303A-C350A","303-350",329,3130,-2.7992091457752,21.1120100869121,-9.25589973507518
"C303A-C350A","303-350",330,3131,-1.261705117814,18.0197935671179,-3.05373030660651
"C303A-C350A","303-350",331,3132,-4.2548040606857,21.2748928609567,-1.92447307526521
"C303A-C350A","303-350",332,3133,-6.20585985800246,16.5397303222195,-4.47263691201157
"C303A-C350A","303-350",333,3134,-2.38305535222107,16.4716048053466,-9.28984940885453
"C303A-C350A","303-350",334,3135,-4.06586793598846,16.9988283211261,-14.9473822838077
"C303A-C350A","303-350",335,3136,5.38738144176156,15.3651759406465,-18.0815282508619
"C303A-C350A","303-350",336,3137,8.5134995756872,16.7285381970477,-14.8295601833682
"C303A-C350A","303-350",337,3138,7.27373148979946,13.4271009161849,-14.5534300158621
"C303A-C350A","303-350",338,3139,5.35613340048014,11.4850536164792,-19.7570897461833
"C303A-C350A","303-350",339,3140,5.21043635923328,10.3133986521285,-19.9144592922794
"C303A-C350A","303-350",340,3141,5.75815276347095,5.25696360025282,-19.5137249269725
"C303A-C350A","303-350",341,3142,9.41285415465754,10.7936245568501,-20.5380398979149
"C303A-C350A","303-350",342,3143,8.66080244536231,13.7543434610071,-17.1364679920177
"C303A-C350A","303-350",343,3144,2.30418235429625,11.4967883988834,-9.94620146077636
"C303A-C350A","303-350",344,3145,-4.45597976711648,10.771908928191,-9.90920616859883
"C303A-C350A","303-350",345,3146,-3.36881770311157,9.11762584638408,-14.0169322920264
"C303A-C350A","303-350",346,3147,-4.88424658223482,9.5419073881018,-18.1484550960175
"C303A-C350A","303-350",347,3148,-4.3681834943698,12.1730268042542,-18.2240337833148
"C303A-C350A","303-350",348,3149,-3.6759885282679,14.9897699018643,-21.4362757326413
"C303A-C350A","303-350",349,3150,-3.94792319481527,15.1821601400769,-21.3184531905262
"C303A-C350A","303-350",350,3151,2.61931310218182,15.0734444840645,-22.2121552220466
"C303A-C350A","303-350",351,3152,0.369234261390965,9.55402698176808,-20.978359653904
"C303A-C350A","303-350",352,3153,0.739693809003581,6.06173698988758,-24.8645818558427
"C303A-C350A","303-350",353,3154,-1.55956199387856,2.68238307898962,-23.4800375945172
"C303A-C350A","303-350",354,3155,-10.9972315407478,9.36852829007872,-19.8443751942002
"C303A-C350A","303-350",355,3156,-12.3797649779348,9.99719743578815,-19.2455379539702
"C303A-C350A","303-350",356,3157,-5.81042346009507,13.6053312535806,-16.7720690439561
"C303A-C350A","303-350",357,3158,-13.3778869116979,11.6345637183257,-11.8804166088437
"C303A-C350A","303-350",358,3159,-7.33751525800502,10.4824017578092,-17.4844432912065
"C303A-C350A","303-350",359,3160,-13.8915918815783,14.4674672099114,-17.0763974344716
"C303A-C350A","303-350",360,3161,-11.5648006707314,17.9363516434336,-13.0876536206557
"C303A-C350A","303-350",361,3162,-5.8946603124107,15.1707167798049,-12.37413482379
"C303A-C350A","303-350",362,3163,-3.96086882911784,15.8467134623795,-10.6422046762818
"C303A-C350A","303-350",363,3164,1.24289656178584,19.5555129895056,-10.8451146392579
"C303A-C350A","303-350",364,3165,3.04445905100943,21.6928514585483,-11.351462585371
"C303A-C350A","303-350",365,3166,-10.6960996568199,20.2230417824552,-12.5353123612441
"C303A-C350A","303-350",366,3167,-12.4932970063762,27.0811562304195,-10.1655004329391
"C303A-C350A","303-350",367,3168,-9.76040316783041,29.5109094499837,-14.9618019202116
"C303A-C350A","303-350",368,3169,-6.383498301896,24.3412550931183,-16.8363158644512
"C303A-C350A","303-350",369,3170,-12.0572224464028,23.7578951040519,-14.6605646035383
"C303A-C350A","303-350",370,3171,-11.7353698253201,26.5275549951514,-16.7124490387954
"C303A-C350A","303-350",371,3172,-11.0662159972359,23.9459965820083,-13.8503215635804
"C303A-C350A","303-350",372,3173,-4.8383046796985,26.5686556758365,-10.3456612896241
"C303A-C350A","303-350",373,3174,0.449091221065676,25.6401362557531,-7.80799849098899
"C303A-C350A","303-350",374,3175,-7.21416538333689,22.0446894716568,-10.718392538703
"C303A-C350A","303-350",375,3176,-4.91800900221972,14.8388059017782,-11.6333500360417
"C303A-C350A","303-350",376,3177,-9.95466230385806,16.1529422443185,-10.0330561256164
"C303A-C350A","303-350",377,3178,-3.23603456567058,15.4206900700262,-10.1263767864188
"C303A-C350A","303-350",378,3179,-12.4581366560672,16.1066566306689,-14.1031300146522
"C303A-C350A","303-350",379,3180,-4.99268007817893,19.5016035849039,-16.6705181433098
"C303A-C350A","303-350",380,3181,-7.59751140264035,16.1817318795169,-18.3987094506955
"C303A-C350A","303-350",381,3182,-9.63070173892626,21.4801245209303,-13.5259133856652
"C303A-C350A","303-350",382,3183,-10.4119303715389,18.8439538748449,-13.6076257127505
"C303A-C350A","303-350",383,3184,-16.4766428651549,18.9237510494477,-14.6950457194067
"C303A-C350A","303-350",384,3185,-14.8935637548641,14.8514671638838,-10.8116352703718
"C303A-C350A","303-350",385,3186,-11.5873255950894,14.040368479547,-13.4357277470948
"C303A-C350A","303-350",386,3187,-16.7587543364611,14.9481259772806,-14.2773023968066
"C303A-C350A","303-350",387,3188,-17.4946110534823,13.2723831139342,-17.7426135122905
"C303A-C350A","303-350",388,3189,-11.7121024590667,11.9010259051994,-16.2712198689189
"C303A-C350A","303-350",389,3190,-8.45509479571549,16.9547885960347,-9.7838836558749
"C303A-C350A","303-350",390,3191,-4.1449004142592,19.4433026278644,-13.3036346420163
"C303A-C350A","303-350",391,3192,0.0293218918529756,16.0709969093306,-15.773673795253
"C303A-C350A","303-350",392,3193,-5.6098094706876,13.3975152225375,-17.1648732195474
"C303A-C350A","303-350",393,3194,-5.19751397841463,12.4377719546366,-18.9929792615931
"C303A-C350A","303-350",394,3195,-2.42689764055598,14.6449034510138,-16.7497381712852
"C303A-C350A","303-350",395,3196,1.86249030096628,13.3672543325827,-19.1725934190039
"C303A-C350A","303-350",396,3197,0.46491858104004,13.9706076060926,-14.1759488716076
"C303A-C350A","303-350",397,3198,6.63274486450071,20.4869167812028,-19.161873207246
"C303A-C350A","303-350",398,3199,7.9191242498723,21.7125061767264,-15.2069235441977
"C303A-C350A","303-350",399,3200,7.27856625157637,20.9725580515297,-17.6464718210823
"C303A-C350A","303-350",400,3201,4.07070986776664,18.7752721852142,-19.5274556792931
"C322A-C328A","322-328",1,3202,-11.1134188787571,9.5634315352052,8.7857235328228
"C322A-C328A","322-328",2,3203,-4.61027488650767,9.3626349271933,9.28883221351465
"C322A-C328A","322-328",3,3204,0.427959554102457,7.42899000571803,12.2353822812776
"C322A-C328A","322-328",4,3205,0.228477881170679,5.80935936623892,8.73320831732288
"C322A-C328A","322-328",5,3206,2.51517900537876,2.83159885354242,10.7281475161249
"C322A-C328A","322-328",6,3207,3.41637463830188,3.08777248900311,14.465806931603
"C322A-C328A","322-328",7,3208,12.6581019752308,5.68539329103041,10.0192893774922
"C322A-C328A","322-328",8,3209,8.18098693010422,6.32184641186934,12.4027000674584
"C322A-C328A","322-328",9,3210,11.364488613617,6.60157125796517,7.47371488202767
"C322A-C328A","322-328",10,3211,12.2088391477342,8.27366528150073,5.20999751291257
"C322A-C328A","322-328",11,3212,12.6370829521341,13.7259036712064,2.05184842117427
"C322A-C328A","322-328",12,3213,9.04747308156176,12.9668898550806,4.80658043619188
"C322A-C328A","322-328",13,3214,5.30835451559226,12.3729346279361,6.3650208712562
"C322A-C328A","322-328",14,3215,0.881206393671341,10.4033441850846,13.3397366147367
"C322A-C328A","322-328",15,3216,10.5191784377287,8.56993382057098,10.5933790146503
"C322A-C328A","322-328",16,3217,8.57174868745372,12.9371388461335,14.6323806678985
"C322A-C328A","322-328",17,3218,5.53960221614246,15.058706294135,13.046729455701
"C322A-C328A","322-328",18,3219,13.0669162861659,16.2485768700964,13.9807718427799
"C322A-C328A","322-328",19,3220,8.5856970100379,15.8342853975174,16.4701152073081
"C322A-C328A","322-328",20,3221,14.0362228239852,15.273466952885,9.54844590633109
"C322A-C328A","322-328",21,3222,17.4313646917536,15.0280294214799,4.37276952900722
"C322A-C328A","322-328",22,3223,13.2899728226831,11.8740283128157,8.95013653528872
"C322A-C328A","322-328",23,3224,18.479575618159,14.229281613409,7.19153492296228
"C322A-C328A","322-328",24,3225,22.8932617085814,17.2901458874938,8.17148427605739
"C322A-C328A","322-328",25,3226,25.9535799896427,18.2429487002348,0.743753820383283
"C322A-C328A","322-328",26,3227,23.5944342615424,21.8962238567911,-1.35939691801002
"C322A-C328A","322-328",27,3228,18.5473530108706,21.454939225039,-4.96946421286033
"C322A-C328A","322-328",28,3229,18.9889898786762,16.2112630769822,-6.5161072978064
"C322A-C328A","322-328",29,3230,15.8043287317289,17.6445598789407,-8.13946157275457
"C322A-C328A","322-328",30,3231,14.5214452571157,19.7773245901872,-2.88869711406219
"C322A-C328A","322-328",31,3232,15.6860469572281,20.8106218360152,-5.52095490604223
"C322A-C328A","322-328",32,3233,18.623836712369,19.8471714891884,-4.89243969352184
"C322A-C328A","322-328",33,3234,22.8112323059212,23.6088429230363,-0.235803502988145
"C322A-C328A","322-328",34,3235,25.1829869029724,24.3204819614712,-6.23945559271355
"C322A-C328A","322-328",35,3236,23.8281020599372,19.6194273108102,-3.99552278589251
"C322A-C328A","322-328",36,3237,25.7330339449175,24.3351282178749,-9.44489270432845
"C322A-C328A","322-328",37,3238,20.0337075917301,20.4635943389514,-7.98954083902611
"C322A-C328A","322-328",38,3239,20.0536739730924,22.4444437775914,-3.49481828496396
"C322A-C328A","322-328",39,3240,23.3198030875648,20.0809370422786,-9.20667219961638
"C322A-C328A","322-328",40,3241,16.5053489117783,19.9146455192197,-9.20903442940211
"C322A-C328A","322-328",41,3242,12.8367049320173,18.3763351752184,-2.61772256534333
"C322A-C328A","322-328",42,3243,1.39117624392748,22.1915039318519,4.95756966555506
"C322A-C328A","322-328",43,3244,7.20598247870522,12.5534080076295,3.26630277201366
"C322A-C328A","322-328",44,3245,4.12450089118208,15.7216625395199,9.63008595971346
"C322A-C328A","322-328",45,3246,4.23452660598915,16.2338919866299,8.96511244846749
"C322A-C328A","322-328",46,3247,8.69063464471111,13.8248642361614,8.32821751286308
"C322A-C328A","322-328",47,3248,9.88282273837793,13.8745657460851,9.15139243824527
"C322A-C328A","322-328",48,3249,11.9857053510764,15.9052749796457,5.00127707938028
"C322A-C328A","322-328",49,3250,0.271321501992625,13.720060141665,3.92250288308974
"C322A-C328A","322-328",50,3251,4.19458654896332,12.5457865716443,5.88866864806617
"C322A-C328A","322-328",51,3252,4.88989236928409,10.8818147088702,5.43827741104109
"C322A-C328A","322-328",52,3253,3.19408067395435,9.81473268142002,4.65567902857283
"C322A-C328A","322-328",53,3254,4.99976399011349,9.5220028086831,-3.42946676282415
"C322A-C328A","322-328",54,3255,3.25813028326207,8.44569589817839,-4.93373872424577
"C322A-C328A","322-328",55,3256,0.988802160611032,9.49595955762732,0.215401380463953
"C322A-C328A","322-328",56,3257,1.59568705172379,6.33046817417803,4.92806068626035
"C322A-C328A","322-328",57,3258,4.86948949494823,8.85776205628553,-0.362699742087652
"C322A-C328A","322-328",58,3259,11.3878002560954,5.4946518369871,1.08316791604724
"C322A-C328A","322-328",59,3260,5.00497350448279,5.36326826176413,0.000369510454205531
"C322A-C328A","322-328",60,3261,7.49357741506818,6.35439941669177,1.36311619422264
"C322A-C328A","322-328",61,3262,8.82961432440221,3.37249458792361,0.110142403845694
"C322A-C328A","322-328",62,3263,6.42979108458832,7.78209870413458,-1.20604438070287
"C322A-C328A","322-328",63,3264,2.96138629649561,3.75875386885389,-3.53279569927008
"C322A-C328A","322-328",64,3265,7.33198982502578,7.77098736163939,2.36958928172984
"C322A-C328A","322-328",65,3266,6.24714433917012,10.1919467111972,8.22584699444692
"C322A-C328A","322-328",66,3267,16.6474269586185,10.2721550804279,0.835620558663278
"C322A-C328A","322-328",67,3268,13.8473368209586,10.7482732320953,0.169560408237813
"C322A-C328A","322-328",68,3269,8.13656790071556,9.74904884662644,1.17044077535126
"C322A-C328A","322-328",69,3270,9.68088003373905,7.10347976917393,-1.23278763501419
"C322A-C328A","322-328",70,3271,10.7446917396824,8.77018122633299,-6.7709352989592
"C322A-C328A","322-328",71,3272,19.0414756761956,7.50658558243142,-10.4631738470153
"C322A-C328A","322-328",72,3273,25.5306008898332,10.1396722158704,-11.7226444526352
"C322A-C328A","322-328",73,3274,22.9272488560194,10.988230600431,-10.3025198706124
"C322A-C328A","322-328",74,3275,27.4215878771852,10.9690103476727,-12.6235654243643
"C322A-C328A","322-328",75,3276,25.6413179115394,11.8520371068931,-6.29380824425439
"C322A-C328A","322-328",76,3277,22.7541933949577,16.344136373409,-6.91551523775033
"C322A-C328A","322-328",77,3278,24.4140351368773,16.5891631010982,-5.15470558152124
"C322A-C328A","322-328",78,3279,26.623214070332,12.7829251548035,-8.67356365383601
"C322A-C328A","322-328",79,3280,25.0210298294369,14.289954390064,-4.85705575153307
"C322A-C328A","322-328",80,3281,24.9738219375437,14.8828038535751,-5.90660211449238
"C322A-C328A","322-328",81,3282,28.7896733173401,17.2770962946284,-8.10976843907364
"C322A-C328A","322-328",82,3283,28.7069547480841,19.8045409637583,-2.91447990036985
"C322A-C328A","322-328",83,3284,23.7644805284613,20.2448535553689,-5.36527302125586
"C322A-C328A","322-328",84,3285,18.771008267013,18.205964890171,-8.29757991045381
"C322A-C328A","322-328",85,3286,18.1078813425267,18.7276111130855,-10.1303711055714
"C322A-C328A","322-328",86,3287,18.5657077443994,16.7352881788198,-14.0523598343464
"C322A-C328A","322-328",87,3288,14.8293976973182,12.021445149119,-16.7414299306337
"C322A-C328A","322-328",88,3289,11.8710805583395,18.2295481151714,-14.9558798603831
"C322A-C328A","322-328",89,3290,16.4842864813883,20.2479147399987,-12.4030573624487
"C322A-C328A","322-328",90,3291,19.528611016626,20.4654388809784,-11.0403249561379
"C322A-C328A","322-328",91,3292,20.6498005999495,20.6934310338485,-5.85772513441696
"C322A-C328A","322-328",92,3293,18.5580098264498,22.9505097874478,-0.824825372900203
"C322A-C328A","322-328",93,3294,17.9436980895589,24.4432561662333,-5.49018536323912
"C322A-C328A","322-328",94,3295,22.0405074160133,23.9413525168969,-5.05097174216793
"C322A-C328A","322-328",95,3296,21.5146508154887,22.205686887892,-6.27723064073362
"C322A-C328A","322-328",96,3297,11.6284632547589,24.3696698425548,-5.04168879646923
"C322A-C328A","322-328",97,3298,13.0766685481634,26.107267320699,-11.0443788315476
"C322A-C328A","322-328",98,3299,13.2265304212417,24.1905933208328,-14.1563335980989
"C322A-C328A","322-328",99,3300,13.1385546898878,26.0897525773562,-17.4563300712579
"C322A-C328A","322-328",100,3301,13.3757290974799,25.8746371870156,-14.5224543175838
"C322A-C328A","322-328",101,3302,11.7882874957118,26.819045432902,-9.36603330576282
"C322A-C328A","322-328",102,3303,20.6266392547363,23.7424338724347,-7.89904345259237
"C322A-C328A","322-328",103,3304,13.2957369401694,26.1220399072036,-6.13864341880504
"C322A-C328A","322-328",104,3305,9.6408533827545,20.9059290718514,-2.06985437091497
"C322A-C328A","322-328",105,3306,10.988927760962,20.8430951937532,0.772683324763936
"C322A-C328A","322-328",106,3307,16.3466220856211,20.4349123825705,-0.0479804485536568
"C322A-C328A","322-328",107,3308,18.1783500096324,20.0038629971123,-5.36812951891101
"C322A-C328A","322-328",108,3309,16.191661646118,23.2231127157232,-6.05460665263833
"C322A-C328A","322-328",109,3310,17.764867480881,22.3712607548611,-7.58772770487382
"C322A-C328A","322-328",110,3311,10.8875222920621,21.7881186537929,-4.37642820006509
"C322A-C328A","322-328",111,3312,11.1312270778159,15.8149318065848,-4.81000033140865
"C322A-C328A","322-328",112,3313,11.1862592055282,18.6037187830322,-5.01972775455501
"C322A-C328A","322-328",113,3314,15.7425748154326,20.9735829760347,-4.74072756886539
"C322A-C328A","322-328",114,3315,13.5209055093909,18.1748993529856,1.94316053514236
"C322A-C328A","322-328",115,3316,9.19517306738862,15.2745618243537,5.9464696177988
"C322A-C328A","322-328",116,3317,11.9710823774533,10.6995675882606,6.0632441034344
"C322A-C328A","322-328",117,3318,12.0568798989125,12.2594595139067,7.51853699509196
"C322A-C328A","322-328",118,3319,8.08047051201213,11.3171058441651,4.56570847051165
"C322A-C328A","322-328",119,3320,8.44965971329627,8.43321209348918,4.53853825012217
"C322A-C328A","322-328",120,3321,8.39151839029959,8.47035434420916,-0.975677418482833
"C322A-C328A","322-328",121,3322,8.63113241958577,12.2016718467954,-2.6079659619291
"C322A-C328A","322-328",122,3323,13.8088447667904,9.81354100166002,2.6130735887017
"C322A-C328A","322-328",123,3324,14.6237017000941,13.3649691428737,-1.06793074042328
"C322A-C328A","322-328",124,3325,17.3870443222883,18.9833169829252,-3.03382263333679
"C322A-C328A","322-328",125,3326,18.5476598010775,15.8043171184409,-0.550831183049302
"C322A-C328A","322-328",126,3327,22.1861361004292,13.5451138199435,1.90508668996696
"C322A-C328A","322-328",127,3328,19.3541121786506,13.0966692415434,-2.48783921188869
"C322A-C328A","322-328",128,3329,20.196417728326,15.1794942278491,-0.884668504811895
"C322A-C328A","322-328",129,3330,18.8821688907023,16.7076727445473,-0.919139946889483
"C322A-C328A","322-328",130,3331,20.6768195062465,14.1527863177107,-1.40456250281512
"C322A-C328A","322-328",131,3332,22.3377431673009,14.2865449509466,1.24645568794895
"C322A-C328A","322-328",132,3333,22.660380451293,14.2428926733212,5.51497629304224
"C322A-C328A","322-328",133,3334,24.5750173732813,9.27554835139557,4.92931128471082
"C322A-C328A","322-328",134,3335,15.6575153815745,8.79244619212583,4.6158139207998
"C322A-C328A","322-328",135,3336,22.1338865672367,6.85207762386906,1.33656047319974
"C322A-C328A","322-328",136,3337,21.0003784967644,7.06123780957896,2.43180743735068
"C322A-C328A","322-328",137,3338,16.6884430833589,11.5965271154956,3.65741968933854
"C322A-C328A","322-328",138,3339,10.4811869893363,9.4663790077924,2.54580954548364
"C322A-C328A","322-328",139,3340,8.39586116048588,11.9440349768555,2.83162864905818
"C322A-C328A","322-328",140,3341,6.12223268379974,12.6006783997037,4.60617321456131
"C322A-C328A","322-328",141,3342,4.87215523268362,8.99497450032163,2.94697210777919
"C322A-C328A","322-328",142,3343,6.05259934347468,13.2215725198281,9.90419905571529
"C322A-C328A","322-328",143,3344,6.71246376753717,12.0108118814906,5.22893687310854
"C322A-C328A","322-328",144,3345,2.1434162414788,13.8329815335059,4.47842010185486
"C322A-C328A","322-328",145,3346,1.99852752325454,13.503023454316,0.125241866217032
"C322A-C328A","322-328",146,3347,8.72148897023929,18.5778804880166,-3.9428868073463
"C322A-C328A","322-328",147,3348,7.19715594006022,19.9817191367422,-3.02514411791025
"C322A-C328A","322-328",148,3349,12.2740559644111,19.1870489206495,-0.121852547790856
"C322A-C328A","322-328",149,3350,11.7672143338381,17.7289223280318,-2.22565093268196
"C322A-C328A","322-328",150,3351,8.75960285295816,22.9963440685526,-2.26513847289062
"C322A-C328A","322-328",151,3352,5.26585375545799,17.6646850699039,-1.3161038488493
"C322A-C328A","322-328",152,3353,7.71132259934462,17.0035425200832,-2.38538741042625
"C322A-C328A","322-328",153,3354,8.92439124343733,18.8259467943259,-6.67397426001588
"C322A-C328A","322-328",154,3355,11.2328814848505,16.8102226104172,-6.19237113414014
"C322A-C328A","322-328",155,3356,1.49631607597043,16.3447853296914,-3.17890467144483
"C322A-C328A","322-328",156,3357,-0.86937424930998,14.2960052508482,-4.29777178138675
"C322A-C328A","322-328",157,3358,0.964072909658251,12.3267142679875,-4.75972119555824
"C322A-C328A","322-328",158,3359,6.55043429495173,15.3081367463627,-2.76363707799361
"C322A-C328A","322-328",159,3360,10.0556372165537,13.0741843512309,-5.62175022745188
"C322A-C328A","322-328",160,3361,12.2294664680067,10.3936880080136,0.602722544794602
"C322A-C328A","322-328",161,3362,13.4713420639879,10.2481239551542,-3.55099907451586
"C322A-C328A","322-328",162,3363,4.9933518944593,9.39153314768533,2.49868814682428
"C322A-C328A","322-328",163,3364,6.19493886222268,13.8667601004932,3.68253147556137
"C322A-C328A","322-328",164,3365,7.1958005228459,15.7856519634019,5.39712805570768
"C322A-C328A","322-328",165,3366,9.96369187751191,12.8058745964649,-1.57051089824357
"C322A-C328A","322-328",166,3367,12.9535981668328,17.1565116748054,-2.20459338934875
"C322A-C328A","322-328",167,3368,9.41407141155922,16.0667859118895,-1.51021870025884
"C322A-C328A","322-328",168,3369,9.20950310188186,14.4184303515049,-6.99803071343342
"C322A-C328A","322-328",169,3370,5.44721867904002,14.8692281925808,-4.11206517339383
"C322A-C328A","322-328",170,3371,2.60724378600188,17.9991418373101,-4.88720992214293
"C322A-C328A","322-328",171,3372,2.05182136298594,13.7227332949483,-6.82910707711335
"C322A-C328A","322-328",172,3373,5.67995028820473,17.3796318994723,-8.31267629603436
"C322A-C328A","322-328",173,3374,2.99733270273552,15.5783587146436,-4.69690539940775
"C322A-C328A","322-328",174,3375,-4.99467560584994,19.823046959613,-2.9941957014059
"C322A-C328A","322-328",175,3376,-2.41781577601708,18.1362313848979,3.01617502637383
"C322A-C328A","322-328",176,3377,-6.96244518422383,18.8298678454641,6.04189889228983
"C322A-C328A","322-328",177,3378,-6.62565679874047,13.1391420625792,4.75094889058697
"C322A-C328A","322-328",178,3379,-6.74782432254175,19.1422671713337,5.76100266945876
"C322A-C328A","322-328",179,3380,-8.67623260969744,16.8396178047558,6.60460746114725
"C322A-C328A","322-328",180,3381,-14.6507723130303,16.1235296902195,7.46374430598238
"C322A-C328A","322-328",181,3382,-13.2501481801826,11.2137986209152,8.15618707525037
"C322A-C328A","322-328",182,3383,-6.71153380080587,9.8884361268251,9.90207490852876
"C322A-C328A","322-328",183,3384,-6.47953251141817,11.6068297403642,15.7733935777468
"C322A-C328A","322-328",184,3385,-6.85859058060199,9.87096229220382,13.799286239396
"C322A-C328A","322-328",185,3386,-9.75431817027513,5.17159453072659,9.81634631501651
"C322A-C328A","322-328",186,3387,-4.54645058760099,4.05575404044149,15.1149657543004
"C322A-C328A","322-328",187,3388,-1.43642971766597,2.52609212189201,8.87020679115327
"C322A-C328A","322-328",188,3389,-2.68166859557591,2.85856830288168,11.1943364157355
"C322A-C328A","322-328",189,3390,-5.94747425851233,5.71656383539138,14.0758281707946
"C322A-C328A","322-328",190,3391,-2.98397363028958,3.08998831189812,14.1736946429412
"C322A-C328A","322-328",191,3392,0.804979442755572,4.98113731803273,13.5506786004525
"C322A-C328A","322-328",192,3393,-6.76527006793769,7.69912267922762,10.2135980744126
"C322A-C328A","322-328",193,3394,-2.35528116918051,6.71775596518687,8.81492991186427
"C322A-C328A","322-328",194,3395,-3.57647995096359,5.83107331977802,2.55422799346454
"C322A-C328A","322-328",195,3396,4.18225634264004,10.5251872763889,9.32446879060096
"C322A-C328A","322-328",196,3397,1.66444294934969,7.82716610775412,13.2935352905845
"C322A-C328A","322-328",197,3398,-1.1943771736609,5.99435399693968,6.52704100293326
"C322A-C328A","322-328",198,3399,11.19989949654,11.1230253094355,8.04559050123991
"C322A-C328A","322-328",199,3400,11.2122920851907,14.7913363819843,6.56937050825613
"C322A-C328A","322-328",200,3401,11.0085702667864,17.6338718889575,6.97692169719222
"C322A-C328A","322-328",201,3402,8.64236772485622,12.4971139410354,11.3055671393011
"C322A-C328A","322-328",202,3403,10.8898203085723,14.8162731846625,2.8412337833748
"C322A-C328A","322-328",203,3404,13.2901981708447,14.1956434701015,1.52659255218681
"C322A-C328A","322-328",204,3405,10.0328841203191,16.1554011580282,2.33473538544928
"C322A-C328A","322-328",205,3406,16.97987806746,15.8096177783435,0.206262620907293
"C322A-C328A","322-328",206,3407,21.7406170538974,19.0421770096379,2.99089614254444
"C322A-C328A","322-328",207,3408,15.0011345620341,16.7863637088603,0.393081781443049
"C322A-C328A","322-328",208,3409,19.3586246237297,18.8783203855797,-1.97677826967902
"C322A-C328A","322-328",209,3410,19.0993396441762,20.0328525715467,-5.82447353689261
"C322A-C328A","322-328",210,3411,8.01201529402184,15.8143632895197,-7.04738969083484
"C322A-C328A","322-328",211,3412,9.80165591640897,13.3728735486334,-8.7234297952786
"C322A-C328A","322-328",212,3413,13.7118649050552,14.7432009236853,-8.20338983170703
"C322A-C328A","322-328",213,3414,14.4062667971634,16.8054624620443,-3.58619379070806
"C322A-C328A","322-328",214,3415,8.11039435600317,18.1570925345213,-0.723016573023145
"C322A-C328A","322-328",215,3416,6.73386447638462,20.4376424630411,2.86873615746152
"C322A-C328A","322-328",216,3417,12.6870819739917,26.7461738969758,0.269937577834993
"C322A-C328A","322-328",217,3418,18.1586731219711,26.6864208318582,-2.80750869995472
"C322A-C328A","322-328",218,3419,15.5746600819646,29.0214261067174,-1.51268902938514
"C322A-C328A","322-328",219,3420,15.6451617751086,30.771045151847,3.05085295067089
"C322A-C328A","322-328",220,3421,26.2733867420659,29.778266810466,3.64079097499639
"C322A-C328A","322-328",221,3422,32.669536378503,30.6026220837607,4.17905235384873
"C322A-C328A","322-328",222,3423,36.4210997194985,34.4093994387026,1.68772707708549
"C322A-C328A","322-328",223,3424,31.5512337088261,32.6922771320092,-2.62546551463107
"C322A-C328A","322-328",224,3425,39.9943429743247,32.4538629752395,-3.80560675560455
"C322A-C328A","322-328",225,3426,39.6837522432168,31.9095995383585,-1.33838101140867
"C322A-C328A","322-328",226,3427,37.3776848889085,31.536862681571,1.09856924208332
"C322A-C328A","322-328",227,3428,36.0280651754948,25.6435882412284,7.38144907760179
"C322A-C328A","322-328",228,3429,41.8669232504679,25.7833949927495,12.3430103408035
"C322A-C328A","322-328",229,3430,38.6849675964336,24.5605675542634,20.4273599364972
"C322A-C328A","322-328",230,3431,36.7549122917647,22.3112261433832,16.4327740430368
"C322A-C328A","322-328",231,3432,40.1006327238706,25.5680763707013,13.5106799803269
"C322A-C328A","322-328",232,3433,34.2930831135184,24.0747462704084,18.756033415926
"C322A-C328A","322-328",233,3434,43.8047526296749,24.5245364616785,13.2485679816399
"C322A-C328A","322-328",234,3435,44.7256970633648,23.7092608856109,13.9357580557872
"C322A-C328A","322-328",235,3436,44.4729868059105,25.7797700837371,10.2884101657138
"C322A-C328A","322-328",236,3437,45.0564819205259,21.1910599986199,10.6811784779084
"C322A-C328A","322-328",237,3438,45.7104618378002,16.315235343355,8.13375285287029
"C322A-C328A","322-328",238,3439,39.7564898566407,17.1722794826442,5.53056084020195
"C322A-C328A","322-328",239,3440,30.9675738313027,15.1152951398183,10.2081689558528
"C322A-C328A","322-328",240,3441,27.6824963536682,16.3699557819618,9.20571119817743
"C322A-C328A","322-328",241,3442,24.5371805684593,16.9527669765571,10.6516256012837
"C322A-C328A","322-328",242,3443,21.8746764270268,16.1590649265234,14.2998505301983
"C322A-C328A","322-328",243,3444,20.2909629889932,18.2349089901327,14.5689349263448
"C322A-C328A","322-328",244,3445,19.6048365129312,17.8276083643802,14.9430551675169
"C322A-C328A","322-328",245,3446,24.634691146191,14.1231117474257,19.8275713131104
"C322A-C328A","322-328",246,3447,26.1239056978501,14.8935451392833,17.5862075142466
"C322A-C328A","322-328",247,3448,26.2280242613455,11.1971362706396,15.8609603862755
"C322A-C328A","322-328",248,3449,26.6124200127044,8.94535915834817,13.0128449023286
"C322A-C328A","322-328",249,3450,29.440468666302,12.8317663377008,16.4388695867765
"C322A-C328A","322-328",250,3451,28.6463381766205,12.6118319096138,17.4377185463247
"C322A-C328A","322-328",251,3452,28.8071579691061,13.2886525270618,18.6888526593158
"C322A-C328A","322-328",252,3453,26.4331009392434,17.2258063033116,14.2950441702622
"C322A-C328A","322-328",253,3454,23.5515139696736,17.4021455044611,9.29156087621414
"C322A-C328A","322-328",254,3455,24.2091370206478,15.4050692831588,9.02543509608857
"C322A-C328A","322-328",255,3456,24.1706521381103,13.5168818199912,8.74359917221631
"C322A-C328A","322-328",256,3457,24.2017411405548,11.5786793513829,10.7161901828674
"C322A-C328A","322-328",257,3458,26.3369705611485,14.1565870867644,6.39813804604636
"C322A-C328A","322-328",258,3459,18.1443380439009,12.1251514998822,3.62048407971319
"C322A-C328A","322-328",259,3460,13.9333304855262,9.50606296206628,5.71797248094053
"C322A-C328A","322-328",260,3461,14.5663472457524,14.0136159115456,6.31014811481993
"C322A-C328A","322-328",261,3462,17.3232483193426,13.6525396732403,4.16654782344902
"C322A-C328A","322-328",262,3463,11.8132463895598,12.8336754178453,6.20855663978842
"C322A-C328A","322-328",263,3464,8.84419941747676,12.8043219333256,7.8905221940637
"C322A-C328A","322-328",264,3465,13.3482444843218,14.7296506762673,14.4386015605651
"C322A-C328A","322-328",265,3466,11.2702098309004,15.0974112163579,10.8024390605838
"C322A-C328A","322-328",266,3467,10.5217806065124,13.5324911528474,0.776293274196741
"C322A-C328A","322-328",267,3468,7.13141708132632,14.0058924586033,1.05901224858649
"C322A-C328A","322-328",268,3469,-0.179067795972007,13.8026862637692,0.211263089655859
"C322A-C328A","322-328",269,3470,-3.57510477249679,13.2166627042608,6.54183857959474
"C322A-C328A","322-328",270,3471,-2.39453501619686,12.2619468772219,2.88451629821398
"C322A-C328A","322-328",271,3472,-2.10699625395854,17.5922746819379,-0.566076465365421
"C322A-C328A","322-328",272,3473,-5.4385051498692,15.9329617769857,5.68374931899281
"C322A-C328A","322-328",273,3474,3.16898688601909,16.0248587665472,9.73172921670576
"C322A-C328A","322-328",274,3475,-5.25124399198763,18.6828018465678,12.8939386607916
"C322A-C328A","322-328",275,3476,-6.52067162675694,22.3020533536134,3.30987120267339
"C322A-C328A","322-328",276,3477,-8.97895922076017,18.1168873621042,4.47027254732386
"C322A-C328A","322-328",277,3478,-7.30152031632304,14.9753012891552,9.6724962053302
"C322A-C328A","322-328",278,3479,-4.67086417541685,11.9608596337226,14.2734364331652
"C322A-C328A","322-328",279,3480,-6.95581655841572,11.3322087535577,9.61022206406885
"C322A-C328A","322-328",280,3481,-1.99603123682562,13.5759580568968,8.92809677949104
"C322A-C328A","322-328",281,3482,0.404516714512183,13.5808525388303,8.79083139434222
"C322A-C328A","322-328",282,3483,0.659924027657177,11.4910354581199,11.4993217275402
"C322A-C328A","322-328",283,3484,-0.986640672107872,9.27794357418471,6.88391526077272
"C322A-C328A","322-328",284,3485,-5.0569613200235,4.31063642709165,4.6053894929897
"C322A-C328A","322-328",285,3486,-4.78172624370168,10.4047692705229,-0.196864732829092
"C322A-C328A","322-328",286,3487,0.797276927060695,8.45361024456967,0.449331330024214
"C322A-C328A","322-328",287,3488,1.33124221033324,7.93428973827387,-0.179000983821278
"C322A-C328A","322-328",288,3489,6.42605577497578,2.00177363710922,3.7681608971772
"C322A-C328A","322-328",289,3490,9.35031125570571,1.00388188858526,4.4510520558545
"C322A-C328A","322-328",290,3491,8.53033884331217,0.0248765759214716,7.03982245155294
"C322A-C328A","322-328",291,3492,6.98184586849495,-1.74053778994133,10.8166791045407
"C322A-C328A","322-328",292,3493,10.4102698474152,-2.87326877379207,9.9872364370026
"C322A-C328A","322-328",293,3494,14.1210384473284,-2.33597624606149,9.43353237871686
"C322A-C328A","322-328",294,3495,12.4260820978673,-0.366553038945152,5.94823671552455
"C322A-C328A","322-328",295,3496,6.48820863729411,3.95464455274185,6.60006560601489
"C322A-C328A","322-328",296,3497,12.3736545113648,7.57460214012841,6.94418050398319
"C322A-C328A","322-328",297,3498,14.6996658684549,2.05087588533898,3.9790492453768
"C322A-C328A","322-328",298,3499,11.6223703992321,-5.12791268882217,6.85947121659342
"C322A-C328A","322-328",299,3500,7.98881608033797,-8.82971334397341,11.3048821849842
"C322A-C328A","322-328",300,3501,10.2111885060144,-4.7348059855978,8.4977460108432
"C322A-C328A","322-328",301,3502,5.98700877552485,-5.26378679492279,6.2834444564866
"C322A-C328A","322-328",302,3503,7.09168040422186,-4.26851167141208,2.08466611710271
"C322A-C328A","322-328",303,3504,-0.142903147003764,-8.5866273501278,1.35345596275487
"C322A-C328A","322-328",304,3505,-4.60260931279187,-4.67664281845328,7.7150904609028
"C322A-C328A","322-328",305,3506,-6.72364331913844,0.886836357453985,8.17891077428943
"C322A-C328A","322-328",306,3507,-7.89876018820951,-5.78490545608794,5.97376813564498
"C322A-C328A","322-328",307,3508,-6.78119390008358,-7.25865631782887,7.49309220525803
"C322A-C328A","322-328",308,3509,-7.602371678389,-0.463817659112803,4.90792418181256
"C322A-C328A","322-328",309,3510,-10.3787148583695,2.81721719170352,5.70103650817395
"C322A-C328A","322-328",310,3511,-7.07148823825364,6.03000592290768,-1.27362392444146
"C322A-C328A","322-328",311,3512,-11.8930468528603,4.29956664830713,-3.6569634111402
"C322A-C328A","322-328",312,3513,-8.82460474025524,4.54292148626864,-5.14909039930263
"C322A-C328A","322-328",313,3514,-8.2313699824072,6.42346207407635,-9.79173919529778
"C322A-C328A","322-328",314,3515,-11.174362873143,8.90553543732468,-13.5081390957769
"C322A-C328A","322-328",315,3516,-10.8205989588738,15.163113608408,-9.85005612717848
"C322A-C328A","322-328",316,3517,-13.4226913679596,11.7819550814343,-5.52845678635512
"C322A-C328A","322-328",317,3518,-20.1268598237727,19.1504458210205,-3.87728361142733
"C322A-C328A","322-328",318,3519,-21.3425029591526,12.8010007693845,-10.0068009966862
"C322A-C328A","322-328",319,3520,-22.1277714364941,8.83263875447333,-11.7508247580729
"C322A-C328A","322-328",320,3521,-12.6392386967172,12.1585570637354,-11.4845993427056
"C322A-C328A","322-328",321,3522,-8.37569684152031,14.5903245203589,-14.2430452467075
"C322A-C328A","322-328",322,3523,-0.676402925185017,17.6628965737938,-9.65916645665718
"C322A-C328A","322-328",323,3524,3.60105403153119,20.8917248625967,-12.3051390258343
"C322A-C328A","322-328",324,3525,4.33437191794819,19.6552716176703,-11.4084344172118
"C322A-C328A","322-328",325,3526,5.0323587721239,15.9962161356524,-8.96343312489769
"C322A-C328A","322-328",326,3527,0.306933851455015,16.1365337232931,-14.3633008490708
"C322A-C328A","322-328",327,3528,0.739940579617767,14.854865508463,-9.30704542087196
"C322A-C328A","322-328",328,3529,-1.77146617157212,18.1761071427589,-6.62850329917056
"C322A-C328A","322-328",329,3530,-3.86005652443376,11.6393094645933,-14.5770329717101
"C322A-C328A","322-328",330,3531,-3.40477863897893,14.8304523001654,-15.9897224907126
"C322A-C328A","322-328",331,3532,-5.83211569825348,12.0682460966047,-15.2720794652747
"C322A-C328A","322-328",332,3533,-8.68789610879297,12.4396324281968,-19.5104352692874
"C322A-C328A","322-328",333,3534,-8.93394345848913,10.9552073946634,-20.566392569177
"C322A-C328A","322-328",334,3535,-3.3505813277838,13.5022618349141,-23.4379880242207
"C322A-C328A","322-328",335,3536,-5.80468412748756,10.9722249022465,-23.3961305632534
"C322A-C328A","322-328",336,3537,1.4353923983267,14.7236905196668,-23.65614916366
"C322A-C328A","322-328",337,3538,8.62920588204111,12.614881448811,-22.4961324492802
"C322A-C328A","322-328",338,3539,14.0840922342622,11.671820289929,-24.9936886252452
"C322A-C328A","322-328",339,3540,7.86531417200859,12.7127994777125,-23.2252593413986
"C322A-C328A","322-328",340,3541,10.2103495790723,11.7152867066832,-18.0533082629637
"C322A-C328A","322-328",341,3542,3.49651440340682,9.71461711903203,-18.0003117533635
"C322A-C328A","322-328",342,3543,3.5662683944605,9.42662137225671,-18.2300422964657
"C322A-C328A","322-328",343,3544,5.00286838017642,6.64322429219176,-16.9717328078384
"C322A-C328A","322-328",344,3545,2.97059719504445,5.59310518470336,-16.3159872504953
"C322A-C328A","322-328",345,3546,-0.928325730357973,9.25767214941156,-11.9192757998437
"C322A-C328A","322-328",346,3547,-5.93185536383194,8.07539481024837,-8.48146116596614
"C322A-C328A","322-328",347,3548,-0.994613806999832,7.11664160307811,-8.55640704730123
"C322A-C328A","322-328",348,3549,-7.44292741790308,8.58631374261575,-8.77128189435506
"C322A-C328A","322-328",349,3550,-10.6807368028186,9.74441328080875,-3.74671952566784
"C322A-C328A","322-328",350,3551,2.36600490476741,16.8013275319093,0.73179633877045
"C322A-C328A","322-328",351,3552,5.66188779714848,19.5207891073313,-2.17039388841499
"C322A-C328A","322-328",352,3553,13.6077577466376,18.3406903850183,-2.82844790072022
"C322A-C328A","322-328",353,3554,13.8594953807451,18.0586757181361,-2.07024363413976
"C322A-C328A","322-328",354,3555,12.8499873457856,17.111170744554,-4.97065510017448
"C322A-C328A","322-328",355,3556,12.228273968637,19.1621732348488,-5.56960438909102
"C322A-C328A","322-328",356,3557,8.14960685103846,22.1354890040596,-5.16330456672733
"C322A-C328A","322-328",357,3558,7.21423695375784,21.5155292460617,2.41234107188167
"C322A-C328A","322-328",358,3559,1.137060401288,28.0251077859694,6.99003141501456
"C322A-C328A","322-328",359,3560,6.84792981615936,26.5797583252483,6.54953951997076
"C322A-C328A","322-328",360,3561,5.87482029023205,24.1184861180336,11.788991144843
"C322A-C328A","322-328",361,3562,9.74622995509265,22.2956315117441,11.9580583830109
"C322A-C328A","322-328",362,3563,3.02888428118111,20.3399694867538,10.9963634349825
"C322A-C328A","322-328",363,3564,-0.405293723495726,22.9883900997882,7.60477926556977
"C322A-C328A","322-328",364,3565,-1.59077704427059,26.1452216130479,9.41432768477797
"C322A-C328A","322-328",365,3566,-3.36196866779671,23.1749564534763,0.118129394938304
"C322A-C328A","322-328",366,3567,-3.73958599751749,24.2947161621401,-0.263241751320219
"C322A-C328A","322-328",367,3568,0.0670990752923404,23.5457316574646,-4.63841880190043
"C322A-C328A","322-328",368,3569,5.77588840457198,19.0939942145826,0.211267239680634
"C322A-C328A","322-328",369,3570,5.2462938948218,22.0655482288187,-1.30499375791131
"C322A-C328A","322-328",370,3571,-1.56364587734446,25.9190771858703,4.24467903886217
"C322A-C328A","322-328",371,3572,4.3917430728821,28.6943021437757,-5.06307694187201
"C322A-C328A","322-328",372,3573,7.53602621449766,28.7778967742342,-4.75339142207971
"C322A-C328A","322-328",373,3574,2.40092017992089,32.8504770211143,-4.61898117292373
"C322A-C328A","322-328",374,3575,2.20496377393766,28.4833184221643,-7.71171968204538
"C322A-C328A","322-328",375,3576,2.62023392322428,28.1545311010992,-8.25418050032408
"C322A-C328A","322-328",376,3577,-3.3565371114644,28.8095949159092,-4.48754014039902
"C322A-C328A","322-328",377,3578,-7.19439508110734,29.723411545174,-0.60018650647646
"C322A-C328A","322-328",378,3579,-10.1712419797717,33.111314341442,-7.24116964641522
"C322A-C328A","322-328",379,3580,-1.78763241952204,35.4052054201938,-14.2167418244497
"C322A-C328A","322-328",380,3581,-6.92424462847972,42.1953325145085,-9.91401721357871
"C322A-C328A","322-328",381,3582,-7.11386286592453,41.4373078581672,-15.0187848306062
"C322A-C328A","322-328",382,3583,-11.798615017213,42.2971002360997,-3.45072118166198
"C322A-C328A","322-328",383,3584,-23.1046825368902,39.4198826144889,-3.22053086537196
"C322A-C328A","322-328",384,3585,-26.4287369996587,38.0071081310294,-8.55241600657291
"C322A-C328A","322-328",385,3586,-28.6190692350479,39.9808421143871,-13.1412687047495
"C322A-C328A","322-328",386,3587,-25.0275917330082,40.5557246818856,-14.8894232330447
"C322A-C328A","322-328",387,3588,-29.1048159912194,38.0922482042612,-18.7601455762386
"C322A-C328A","322-328",388,3589,-29.8558340905017,38.4179251821872,-18.958833176084
"C322A-C328A","322-328",389,3590,-34.402705594765,38.0917056720014,-14.9055517974087
"C322A-C328A","322-328",390,3591,-34.0861723436917,38.8139344020641,-16.3776674351699
"C322A-C328A","322-328",391,3592,-29.8842279826896,45.7376239845927,-14.4712109112718
"C322A-C328A","322-328",392,3593,-31.731261115452,42.6830419434066,-13.9756798776433
"C322A-C328A","322-328",393,3594,-28.5749446238792,47.491418284314,-14.4993470662513
"C322A-C328A","322-328",394,3595,-23.8966249992934,43.7243007205397,-17.1623592470194
"C322A-C328A","322-328",395,3596,-31.7335456713702,39.536469035711,-13.0745051138746
"C322A-C328A","322-328",396,3597,-34.3009575202446,41.9254970154423,-12.9930723704108
"C322A-C328A","322-328",397,3598,-35.8684722388539,42.4059946493339,-10.3876732959049
"C322A-C328A","322-328",398,3599,-36.3737775092367,37.3942279371027,-5.93083889376479
"C322A-C328A","322-328",399,3600,-43.8859993248643,36.4674860240733,-4.05997334906067
"C322A-C328A","322-328",400,3601,-45.7947803096319,35.9851164234172,-1.22609458589102
"C322A-C350A","322-350",1,3602,4.31688552117485,18.343513918557,7.78233221392288
"C322A-C350A","322-350",2,3603,-5.64861844094662,19.8599987862105,2.88776453094742
"C322A-C350A","322-350",3,3604,2.97811338593881,18.4609373572695,2.59863747073006
"C322A-C350A","322-350",4,3605,4.71296216046675,13.9231459560069,4.18317149524191
"C322A-C350A","322-350",5,3606,4.46887447821808,18.528750525199,2.84445539645516
"C322A-C350A","322-350",6,3607,0.806519675172927,18.6076223968475,1.52577438525432
"C322A-C350A","322-350",7,3608,2.23129434592354,17.6073165561598,-0.623503161793788
"C322A-C350A","322-350",8,3609,1.30228307367119,18.264649115824,-3.65045751805746
"C322A-C350A","322-350",9,3610,-5.26685628707632,15.8998673017713,2.00003335721412
"C322A-C350A","322-350",10,3611,-1.11450120132627,17.0808867092007,1.6488415770697
"C322A-C350A","322-350",11,3612,10.5468470729464,17.5595279509174,1.34037598455735
"C322A-C350A","322-350",12,3613,3.89119827413808,17.0261454946715,6.30593631714463
"C322A-C350A","322-350",13,3614,4.94508469014957,17.5722975072852,4.92927793481978
"C322A-C350A","322-350",14,3615,3.06627930210454,19.0603510209516,2.98661790427983
"C322A-C350A","322-350",15,3616,8.42056087871001,19.2185236750126,2.58601177757278
"C322A-C350A","322-350",16,3617,4.08339255372265,14.7603094173006,7.50888427668072
"C322A-C350A","322-350",17,3618,6.57581633875124,12.2294587156651,10.402050609819
"C322A-C350A","322-350",18,3619,10.5454693194157,16.0139728033292,2.58774053690246
"C322A-C350A","322-350",19,3620,8.91704719218773,13.0525826389461,2.6723450651379
"C322A-C350A","322-350",20,3621,5.91378567025967,13.62127924399,0.224308031393754
"C322A-C350A","322-350",21,3622,7.23655507479575,16.2513298974735,0.402160565152105
"C322A-C350A","322-350",22,3623,8.75051084358927,17.6806989027388,-1.22676965063127
"C322A-C350A","322-350",23,3624,6.92064239800035,19.9068583313223,0.876008564898347
"C322A-C350A","322-350",24,3625,1.05656428068946,21.5047420905027,0.233687045369044
"C322A-C350A","322-350",25,3626,3.72580511589597,21.1833971571695,-3.7114527912615
"C322A-C350A","322-350",26,3627,2.75313489753599,22.8868639845293,0.721614131386332
"C322A-C350A","322-350",27,3628,-1.39221731612475,24.7018317309203,1.43483138014837
"C322A-C350A","322-350",28,3629,-4.11186298388558,29.5263903187889,-1.41268312739826
"C322A-C350A","322-350",29,3630,-1.85901085825591,22.6883590294952,1.30318666117726
"C322A-C350A","322-350",30,3631,-2.42460931470845,16.1462392307131,0.30801041813141
"C322A-C350A","322-350",31,3632,1.15059412504976,14.3129081439216,-1.86532025881999
"C322A-C350A","322-350",32,3633,4.27168155369234,17.4398903710342,-0.693539823805892
"C322A-C350A","322-350",33,3634,6.09452563987967,17.2423310995628,1.36771925698019
"C322A-C350A","322-350",34,3635,3.36656662577973,14.0749015684378,3.37876240270923
"C322A-C350A","322-350",35,3636,4.09054170706235,10.9548077248533,-1.43517136480494
"C322A-C350A","322-350",36,3637,11.2082738686192,6.44194925129962,-4.30535695370763
"C322A-C350A","322-350",37,3638,1.04872211257675,7.97893300766172,-8.37218321614086
"C322A-C350A","322-350",38,3639,-5.59207686185331,6.71836497895045,-6.0681069327581
"C322A-C350A","322-350",39,3640,2.12611134791389,7.32454626571768,-2.83554915475512
"C322A-C350A","322-350",40,3641,3.4153793816185,8.69082504575074,3.01138756024684
"C322A-C350A","322-350",41,3642,6.98605915436284,7.84121491804792,1.83775702714278
"C322A-C350A","322-350",42,3643,8.68986636167001,11.2774741432186,2.05619943957778
"C322A-C350A","322-350",43,3644,10.1755684274282,15.3267846640584,-2.1465031603723
"C322A-C350A","322-350",44,3645,12.8245762878507,14.0228772378423,-1.84940328704941
"C322A-C350A","322-350",45,3646,15.3721845257125,11.8620732224456,4.43677719405434
"C322A-C350A","322-350",46,3647,12.655121409131,11.5090189575906,-2.21661035779536
"C322A-C350A","322-350",47,3648,11.94328683289,10.1698402153367,-4.7603305368651
"C322A-C350A","322-350",48,3649,12.0503405634196,12.626490511574,-3.96285669417923
"C322A-C350A","322-350",49,3650,18.4583196037482,10.1218304721492,-1.89930423793759
"C322A-C350A","322-350",50,3651,18.0050251519665,8.96989067473795,-4.08010749060351
"C322A-C350A","322-350",51,3652,17.6615328720737,12.2915670631958,-5.93873151081659
"C322A-C350A","322-350",52,3653,10.5392467051272,13.9553209719279,-6.29396129263751
"C322A-C350A","322-350",53,3654,13.2199683118826,11.8780395850057,-5.27968127520917
"C322A-C350A","322-350",54,3655,9.57040981274833,11.3822297551431,-3.8050219590342
"C322A-C350A","322-350",55,3656,12.0694915225619,12.961983410156,-4.20689893838424
"C322A-C350A","322-350",56,3657,12.11537144477,12.4016073319591,-1.9489159958313
"C322A-C350A","322-350",57,3658,19.5440246295748,13.4591594624573,-1.25293065905013
"C322A-C350A","322-350",58,3659,17.3077662324039,15.8738147475377,-0.536964386033634
"C322A-C350A","322-350",59,3660,12.7160317198704,15.6979135150089,-2.92005711444562
"C322A-C350A","322-350",60,3661,13.9363140514197,12.2910560069949,2.66993823154026
"C322A-C350A","322-350",61,3662,12.0278033750832,14.6045961676884,5.61967745253283
"C322A-C350A","322-350",62,3663,4.6313520740282,11.2541387345814,3.80114793062749
"C322A-C350A","322-350",63,3664,9.29990987891184,4.90824495889243,-2.65985358047133
"C322A-C350A","322-350",64,3665,11.5826076027576,8.300812481884,-0.309290640187238
"C322A-C350A","322-350",65,3666,14.2775805413974,5.28600369779878,-4.79598497235799
"C322A-C350A","322-350",66,3667,17.0124880757479,6.14600594187086,-4.52792623951991
"C322A-C350A","322-350",67,3668,19.7122955891752,9.34060112444536,-12.8745305079674
"C322A-C350A","322-350",68,3669,25.3366186160006,5.90959762589178,-15.0843138014978
"C322A-C350A","322-350",69,3670,22.0647365005303,7.59025467971234,-15.9298685591686
"C322A-C350A","322-350",70,3671,27.5634732983577,8.70051356920023,-14.5392719323135
"C322A-C350A","322-350",71,3672,25.1230738192852,10.7057425273932,-14.6157793010437
"C322A-C350A","322-350",72,3673,23.1301261145898,11.0461104470352,-13.0353663626398
"C322A-C350A","322-350",73,3674,19.92434757433,11.1531161242868,-8.34763882210266
"C322A-C350A","322-350",74,3675,16.5883212134797,10.9639126939134,-7.36719681588499
"C322A-C350A","322-350",75,3676,19.7842908480853,8.75212785695527,-5.65435164355595
"C322A-C350A","322-350",76,3677,30.8407874928889,6.70406580742674,-10.1714781315134
"C322A-C350A","322-350",77,3678,28.288786296802,7.03884256199136,-7.2256959296213
"C322A-C350A","322-350",78,3679,30.7526538305474,7.67642824686995,-8.23069199674163
"C322A-C350A","322-350",79,3680,42.363470807511,7.23823917749434,-10.4726163729457
"C322A-C350A","322-350",80,3681,39.8479635478999,7.55646789878695,-9.3873351497496
"C322A-C350A","322-350",81,3682,35.4147597414334,8.82284043796437,-8.6758661350879
"C322A-C350A","322-350",82,3683,31.1281796882021,12.0723240012566,-9.16396446258861
"C322A-C350A","322-350",83,3684,37.9937041162145,11.9847329191198,-14.6714220343683
"C322A-C350A","322-350",84,3685,31.907806745021,15.5909367571071,-9.42007779603144
"C322A-C350A","322-350",85,3686,23.6725813706346,19.7442503894287,-5.98751315270558
"C322A-C350A","322-350",86,3687,19.4827142848695,18.2409489593818,-5.59574877561139
"C322A-C350A","322-350",87,3688,19.9565333804019,17.7535810060438,-6.91793595696285
"C322A-C350A","322-350",88,3689,20.1620873986353,16.3235489486306,-2.69469214641334
"C322A-C350A","322-350",89,3690,18.4121363630933,13.8023793559826,-6.17793661881292
"C322A-C350A","322-350",90,3691,16.435666144581,14.3321616319698,-5.99876310430195
"C322A-C350A","322-350",91,3692,20.7056906162629,11.5151951562576,-6.61164470212853
"C322A-C350A","322-350",92,3693,24.7831134205512,12.3001277530312,-6.15332949594117
"C322A-C350A","322-350",93,3694,31.8482172162947,16.296289450269,-7.00378080733185
"C322A-C350A","322-350",94,3695,31.8110068651327,19.1096198504916,-9.40774429189002
"C322A-C350A","322-350",95,3696,30.8927502320132,18.9345473564612,-3.55263030988173
"C322A-C350A","322-350",96,3697,25.5547926155115,21.7132188913617,-8.66619245371544
"C322A-C350A","322-350",97,3698,25.0846581254209,20.4227005569058,-9.11340471531387
"C322A-C350A","322-350",98,3699,23.6984332492546,18.9669527861276,-9.40303748718438
"C322A-C350A","322-350",99,3700,22.400537605131,20.2466456402675,-15.1190081239755
"C322A-C350A","322-350",100,3701,15.759632063434,18.5354076685459,-15.7697488687464
"C322A-C350A","322-350",101,3702,14.1932113978773,18.0317622046906,-14.0095910117555
"C322A-C350A","322-350",102,3703,15.424588918932,18.4720871894405,-14.2092521268012
"C322A-C350A","322-350",103,3704,19.2941289817751,19.0769436004529,-12.4329107767585
"C322A-C350A","322-350",104,3705,20.2143679859314,18.8086211565771,-19.0871151512332
"C322A-C350A","322-350",105,3706,15.7068245252432,23.1127379203903,-12.9864572197705
"C322A-C350A","322-350",106,3707,19.3862307961446,23.2713425344039,-7.18848840947394
"C322A-C350A","322-350",107,3708,19.8828614431582,21.0119722270068,-13.0583909663019
"C322A-C350A","322-350",108,3709,17.9766661810496,18.7977997768447,-13.7931212096708
"C322A-C350A","322-350",109,3710,20.9323443202486,17.7810157793463,-14.2986361029839
"C322A-C350A","322-350",110,3711,15.400276002158,11.2476482144132,-16.4729201147597
"C322A-C350A","322-350",111,3712,16.1223183489764,9.89659939152379,-16.8423107851115
"C322A-C350A","322-350",112,3713,12.0814865476045,14.5597950936876,-18.2084704931752
"C322A-C350A","322-350",113,3714,13.689224562268,14.7777439808501,-18.6123422884368
"C322A-C350A","322-350",114,3715,11.9315355116899,14.9632478987947,-16.6503787250135
"C322A-C350A","322-350",115,3716,12.8695535565284,9.98901935260814,-14.8448611663592
"C322A-C350A","322-350",116,3717,15.8243539863676,8.21031446926867,-12.2343046699639
"C322A-C350A","322-350",117,3718,11.9252620096,11.8924374642749,-12.3512725960346
"C322A-C350A","322-350",118,3719,9.90091478448646,9.14097638209004,-10.6017137892847
"C322A-C350A","322-350",119,3720,8.07861756502795,10.7450229881413,-16.0855788381618
"C322A-C350A","322-350",120,3721,9.14658821249202,9.81014566486093,-21.2369030134832
"C322A-C350A","322-350",121,3722,18.7715408355422,8.36939435217674,-24.5182852839076
"C322A-C350A","322-350",122,3723,11.5530027163179,10.8858888457288,-19.0264381097757
"C322A-C350A","322-350",123,3724,13.0773719392149,12.8344784177627,-20.7265971692408
"C322A-C350A","322-350",124,3725,11.8356132936534,15.6837611922697,-13.3613514290959
"C322A-C350A","322-350",125,3726,20.8682752438064,15.12470777782,-10.8010117294192
"C322A-C350A","322-350",126,3727,22.8935020066596,16.280421528477,-8.65693794979975
"C322A-C350A","322-350",127,3728,17.8573429710371,13.4843403836188,-6.67324741660773
"C322A-C350A","322-350",128,3729,17.5123942115962,19.2894472598832,-9.96506690290622
"C322A-C350A","322-350",129,3730,18.2333587258869,14.7543230501806,-12.8307567479283
"C322A-C350A","322-350",130,3731,12.5010089268975,13.8992384315265,-8.90532047228842
"C322A-C350A","322-350",131,3732,7.85603124703633,15.6600005984589,-5.87181203352143
"C322A-C350A","322-350",132,3733,9.78015985653967,12.5766530376201,-9.86025767205169
"C322A-C350A","322-350",133,3734,9.21210471453574,11.3543698960077,-11.6282090223693
"C322A-C350A","322-350",134,3735,6.52841561875173,13.7095251836886,-8.05014919386013
"C322A-C350A","322-350",135,3736,11.6521135426525,15.7662980854359,-10.661746878949
"C322A-C350A","322-350",136,3737,10.2059090562622,15.9887181895972,-10.9737811240463
"C322A-C350A","322-350",137,3738,10.5296800376439,11.2953169809683,-7.20696962526287
"C322A-C350A","322-350",138,3739,15.4507290997431,15.9945014269472,-8.25536458485043
"C322A-C350A","322-350",139,3740,18.2557671842097,15.7770038371217,-10.6061496021713
"C322A-C350A","322-350",140,3741,16.7233479938678,14.8494079038545,-9.51737246990475
"C322A-C350A","322-350",141,3742,18.8838363574622,15.4220603720386,-15.2272422885174
"C322A-C350A","322-350",142,3743,12.6770256871529,12.4809634226594,-8.24252011804838
"C322A-C350A","322-350",143,3744,15.7224917781107,16.3497021033904,-6.41730875662338
"C322A-C350A","322-350",144,3745,16.251734287861,20.9059609632771,-2.30262192270016
"C322A-C350A","322-350",145,3746,16.9557026474558,21.5012014018542,-1.3256721755987
"C322A-C350A","322-350",146,3747,19.4928949824348,20.1978204529775,1.82187946440302
"C322A-C350A","322-350",147,3748,9.60462791641038,22.9383748275911,0.426624168214577
"C322A-C350A","322-350",148,3749,8.42983356668517,19.0494056642375,-0.0315680841899147
"C322A-C350A","322-350",149,3750,5.25735415692774,23.258425718602,4.67272160591159
"C322A-C350A","322-350",150,3751,-1.38328301778294,28.182119006939,8.56581438783662
"C322A-C350A","322-350",151,3752,3.86992679735234,29.5495476470868,13.5354168057554
"C322A-C350A","322-350",152,3753,7.00984135929781,24.42614822909,9.59124391534567
"C322A-C350A","322-350",153,3754,9.83009488519467,28.4159217060887,10.4581878601252
"C322A-C350A","322-350",154,3755,8.91957008274617,28.2546401365841,10.0503917094877
"C322A-C350A","322-350",155,3756,13.8022950611541,28.4032162640274,11.5302939732595
"C322A-C350A","322-350",156,3757,10.3060206367223,27.9916959362531,6.8126508769596
"C322A-C350A","322-350",157,3758,6.90492265954845,30.2673742891801,7.67871448108693
"C322A-C350A","322-350",158,3759,9.71191940788278,31.1901969698931,5.70904397670917
"C322A-C350A","322-350",159,3760,-1.26914275833908,29.1554464271183,7.10525901218289
"C322A-C350A","322-350",160,3761,1.2436160074318,21.5760204403186,12.4890537749143
"C322A-C350A","322-350",161,3762,4.58867700866282,25.6894960001893,8.76581025989782
"C322A-C350A","322-350",162,3763,7.86346585278602,25.5429044461797,13.2444649448127
"C322A-C350A","322-350",163,3764,11.5698856912388,29.8308418300618,20.41240784604
"C322A-C350A","322-350",164,3765,9.85663163063831,30.3336737012489,25.1639777328303
"C322A-C350A","322-350",165,3766,11.1235214636572,29.8897370953278,26.2198608515095
"C322A-C350A","322-350",166,3767,10.8061054790644,30.9577655826977,25.3677500572592
"C322A-C350A","322-350",167,3768,9.97871913628004,32.0708713441188,23.604066335054
"C322A-C350A","322-350",168,3769,17.1423865209518,32.235538245015,21.2771040781114
"C322A-C350A","322-350",169,3770,24.3479429442011,30.8311858691373,20.8879973336763
"C322A-C350A","322-350",170,3771,27.7445383111661,31.2933158365366,21.569483418584
"C322A-C350A","322-350",171,3772,27.862653820241,32.2633812003087,20.9423353364176
"C322A-C350A","322-350",172,3773,30.0871471962817,28.3308786371885,23.999164483407
"C322A-C350A","322-350",173,3774,28.5242709497674,30.7281202698518,21.4329332367068
"C322A-C350A","322-350",174,3775,25.707504338182,33.8711569474381,19.1421209050791
"C322A-C350A","322-350",175,3776,31.0183269775104,30.2549955425764,15.3520846207523
"C322A-C350A","322-350",176,3777,33.2903554780032,32.3545020040584,16.5485397323944
"C322A-C350A","322-350",177,3778,41.1296003618784,31.0816860397493,14.4715414983032
"C322A-C350A","322-350",178,3779,41.4188435938044,34.17691590778,13.7892129965045
"C322A-C350A","322-350",179,3780,35.4726435636932,35.0694961143739,4.95025406287608
"C322A-C350A","322-350",180,3781,35.3759946487924,38.8142818408423,-1.30790862271866
"C322A-C350A","322-350",181,3782,36.6328214054061,37.1606552899642,-1.80633381734034
"C322A-C350A","322-350",182,3783,39.1566012021012,40.7891074683793,1.13806566037564
"C322A-C350A","322-350",183,3784,38.7299559579971,39.6851674201096,4.54957244510819
"C322A-C350A","322-350",184,3785,36.6047590005238,36.6687157680388,7.36919407589446
"C322A-C350A","322-350",185,3786,41.1154903016592,36.0715319384779,-2.20054195851942
"C322A-C350A","322-350",186,3787,40.8079480322445,34.8437711330263,8.41355510012847
"C322A-C350A","322-350",187,3788,38.1855834349535,34.8973801054784,9.1121007062423
"C322A-C350A","322-350",188,3789,39.6050811639479,31.8732329200182,15.7846866678986
"C322A-C350A","322-350",189,3790,42.733170444519,28.3455183044686,13.6585736159643
"C322A-C350A","322-350",190,3791,45.1537988766622,28.2673753165795,6.36135438114425
"C322A-C350A","322-350",191,3792,46.3255544262653,28.8787938403153,7.33915916834167
"C322A-C350A","322-350",192,3793,52.7242050944987,30.8567874317376,1.21478741542925
"C322A-C350A","322-350",193,3794,47.9728640751773,33.9037345228445,0.308871692302886
"C322A-C350A","322-350",194,3795,56.6885347744352,31.6314208924154,2.03734474899673
"C322A-C350A","322-350",195,3796,59.4447632870876,30.056725339575,2.64517217103978
"C322A-C350A","322-350",196,3797,56.9541103715248,26.165508412267,0.692162912922059
"C322A-C350A","322-350",197,3798,60.1347008859859,17.3216199909942,0.798167579812673
"C322A-C350A","322-350",198,3799,60.4397340508768,18.5112544982178,-1.81306023197832
"C322A-C350A","322-350",199,3800,59.5126655839134,17.0994436320425,-2.27669753781275
"C322A-C350A","322-350",200,3801,58.5131940774017,18.5835526879135,-6.46455428711609
"C322A-C350A","322-350",201,3802,59.0612594175236,19.9112753900132,-7.93928338855787
"C322A-C350A","322-350",202,3803,54.4241433529651,22.3057874636364,-3.34419019494761
"C322A-C350A","322-350",203,3804,52.6700946107951,20.9062035322023,1.29043368359354
"C322A-C350A","322-350",204,3805,61.6198618504629,19.5686278300647,2.47435888510475
"C322A-C350A","322-350",205,3806,61.1527805585627,20.5019326630199,3.92294658682446
"C322A-C350A","322-350",206,3807,52.7840031062048,26.0188290199487,7.21303604573491
"C322A-C350A","322-350",207,3808,50.2477373256024,27.3022182095684,10.9031936263248
"C322A-C350A","322-350",208,3809,50.3197016328364,26.0809327207997,9.21718430558783
"C322A-C350A","322-350",209,3810,48.6421421066031,24.6498399514703,10.012270190409
"C322A-C350A","322-350",210,3811,47.6151720941638,24.4756422110312,13.2175209637564
"C322A-C350A","322-350",211,3812,46.3657393625852,26.8334904485441,9.70937904984121
"C322A-C350A","322-350",212,3813,52.0324795474136,24.6236056706749,6.80970964677066
"C322A-C350A","322-350",213,3814,54.7848471276947,28.8587873029732,2.93405228672413
"C322A-C350A","322-350",214,3815,55.4054459066359,31.690221624688,9.1794119079027
"C322A-C350A","322-350",215,3816,53.8191764170158,27.6118729906095,5.44088253075157
"C322A-C350A","322-350",216,3817,53.4188509388273,25.0692258402583,4.05448273703768
"C322A-C350A","322-350",217,3818,51.318073235361,25.8226403813475,3.92497125744779
"C322A-C350A","322-350",218,3819,52.9545288998846,29.9411210793556,5.88573461506817
"C322A-C350A","322-350",219,3820,58.9795999055551,29.731806752678,6.77576890628515
"C322A-C350A","322-350",220,3821,53.2600012793485,26.5858478729671,6.86055693210692
"C322A-C350A","322-350",221,3822,42.7998059826769,30.4421603526283,2.73801817314861
"C322A-C350A","322-350",222,3823,43.7903650948812,27.7419476281353,2.97495038307065
"C322A-C350A","322-350",223,3824,43.2638183595134,29.8679737570743,0.772629060164207
"C322A-C350A","322-350",224,3825,43.9205146798229,29.0310823382352,4.99140722362601
"C322A-C350A","322-350",225,3826,44.0433492334998,26.0535418414469,1.71079650579632
"C322A-C350A","322-350",226,3827,47.9823587901658,27.8798896918092,-3.10659018003001
"C322A-C350A","322-350",227,3828,45.9261279106006,24.7558659167922,-7.48188575339738
"C322A-C350A","322-350",228,3829,49.4157523301598,25.4672431940274,-5.53474471495218
"C322A-C350A","322-350",229,3830,49.5569940423423,20.5015568391723,-1.40305578653875
"C322A-C350A","322-350",230,3831,48.0190688191556,18.433753785096,-5.50044588380097
"C322A-C350A","322-350",231,3832,51.5446923851128,17.3160063714071,-3.1277323486348
"C322A-C350A","322-350",232,3833,53.7916804608393,19.4033719326238,-2.72804485910122
"C322A-C350A","322-350",233,3834,47.7619452290643,17.0274154892079,-2.25020362431721
"C322A-C350A","322-350",234,3835,46.2727246326286,14.6827626896883,-4.85711378998052
"C322A-C350A","322-350",235,3836,40.6580196424646,9.99996052763152,-0.277123780466566
"C322A-C350A","322-350",236,3837,44.0904655465492,15.4801812257543,-1.04484416499108
"C322A-C350A","322-350",237,3838,36.7293088171487,14.9286334217664,-1.35733271640543
"C322A-C350A","322-350",238,3839,35.665072871174,14.86800169029,1.36752287639237
"C322A-C350A","322-350",239,3840,38.9026015873735,10.7053672123255,-1.84540215561486
"C322A-C350A","322-350",240,3841,45.9401353339308,13.3243882811244,0.767895200676354
"C322A-C350A","322-350",241,3842,47.4840731700863,15.1533089296455,-0.718502155847313
"C322A-C350A","322-350",242,3843,52.7851219068175,11.9598348295478,-1.75431574642084
"C322A-C350A","322-350",243,3844,58.0735420416072,13.705944486767,-2.12804794306062
"C322A-C350A","322-350",244,3845,53.9204470859284,15.9206060420804,-3.39821793327047
"C322A-C350A","322-350",245,3846,55.7453955208982,18.2751600143943,-6.06475721858271
"C322A-C350A","322-350",246,3847,55.58537814514,16.0589453319795,-2.91351812949683
"C322A-C350A","322-350",247,3848,53.3846977542209,17.7192212891534,-4.38743985352473
"C322A-C350A","322-350",248,3849,52.2202721257896,22.3395501904487,-0.120498536658965
"C322A-C350A","322-350",249,3850,45.2504501518446,21.0522970043459,8.33329069689296
"C322A-C350A","322-350",250,3851,41.8175227219708,18.6625846071605,11.1725813120482
"C322A-C350A","322-350",251,3852,49.3208386387006,22.867436587107,10.8453256581775
"C322A-C350A","322-350",252,3853,43.930397568854,20.7132709135404,9.02129094830874
"C322A-C350A","322-350",253,3854,41.6873545973041,19.66127933693,7.9138366153528
"C322A-C350A","322-350",254,3855,41.6011212037182,22.9765138477671,2.58229404322834
"C322A-C350A","322-350",255,3856,37.2149900393492,19.5479724413925,7.71925874255154
"C322A-C350A","322-350",256,3857,37.1995567955814,13.780219904471,8.99939196350241
"C322A-C350A","322-350",257,3858,44.0402153702803,14.9954732475748,8.45088827356707
"C322A-C350A","322-350",258,3859,45.82678532971,15.1889372584881,9.14367774981751
"C322A-C350A","322-350",259,3860,41.4959674320533,11.9858358783433,2.64443620534276
"C322A-C350A","322-350",260,3861,35.2889039756958,15.1017157358306,2.19062491193619
"C322A-C350A","322-350",261,3862,36.0987867616181,16.9073365498304,1.74897892009555
"C322A-C350A","322-350",262,3863,39.5210240519427,15.3574548982588,4.138979259332
"C322A-C350A","322-350",263,3864,37.3332270539703,16.2502070019743,5.57947750999983
"C322A-C350A","322-350",264,3865,43.3231404428586,16.6039550130771,6.88952360250589
"C322A-C350A","322-350",265,3866,38.313938037973,16.944890609936,4.84919955702198
"C322A-C350A","322-350",266,3867,32.4751501991981,17.2998139589997,5.84222747051808
"C322A-C350A","322-350",267,3868,35.3049741497364,15.1110499610318,2.11022564962118
"C322A-C350A","322-350",268,3869,37.39041667248,21.2136008327517,1.37294897148516
"C322A-C350A","322-350",269,3870,36.6288754913535,21.820826607784,-0.206778533469967
"C322A-C350A","322-350",270,3871,31.4427461761005,17.1347301934021,-1.66245673067414
"C322A-C350A","322-350",271,3872,23.1713548540938,15.7626736616792,0.245277357082275
"C322A-C350A","322-350",272,3873,14.0081893259251,16.5093380249353,0.999617946612649
"C322A-C350A","322-350",273,3874,11.4844137601677,19.6134731019026,-0.801758190180964
"C322A-C350A","322-350",274,3875,15.3021248352541,23.6090302818138,1.38043374293918
"C322A-C350A","322-350",275,3876,10.2328437404469,21.0891094625894,-1.06192849595384
"C322A-C350A","322-350",276,3877,13.774126301069,21.6042924532491,0.825916284541891
"C322A-C350A","322-350",277,3878,19.3328029342988,22.2724645789363,-1.80882345804185
"C322A-C350A","322-350",278,3879,15.6594059556831,28.3726829886549,-2.74140038283182
"C322A-C350A","322-350",279,3880,13.4887560667495,27.4725176448702,-2.0763259747232
"C322A-C350A","322-350",280,3881,17.9993309817507,24.9491305055319,-1.4323723677657
"C322A-C350A","322-350",281,3882,18.4138530884594,27.729632383592,2.74163668797567
"C322A-C350A","322-350",282,3883,19.5126680255297,28.5246481953816,9.85230851108483
"C322A-C350A","322-350",283,3884,15.7113038180301,29.0074871620325,8.31827730748859
"C322A-C350A","322-350",284,3885,16.3298434942273,27.0877147235126,6.07642254694118
"C322A-C350A","322-350",285,3886,19.8241921728426,29.2724978352952,5.84537423358944
"C322A-C350A","322-350",286,3887,15.3949435008209,29.5720661368722,4.34593409128257
"C322A-C350A","322-350",287,3888,15.4223102387099,24.8360533704973,9.20638584638024
"C322A-C350A","322-350",288,3889,21.1041272881085,22.3395175880047,12.3451433611391
"C322A-C350A","322-350",289,3890,22.2514308848155,19.3777858300417,9.84768022987328
"C322A-C350A","322-350",290,3891,11.5759968678583,20.4944002335893,8.1155101869648
"C322A-C350A","322-350",291,3892,17.5072564618209,22.3310259623998,5.90111947270958
"C322A-C350A","322-350",292,3893,19.543864158178,21.252683619719,2.20363705884779
"C322A-C350A","322-350",293,3894,17.7489656760763,24.549199378543,-3.44470696691765
"C322A-C350A","322-350",294,3895,10.1303757181339,22.4087919600785,-1.33608787175863
"C322A-C350A","322-350",295,3896,9.83798686022606,28.7929677118899,-0.356147815668022
"C322A-C350A","322-350",296,3897,6.81136399012372,29.6203732142418,6.05934121725038
"C322A-C350A","322-350",297,3898,10.8743471630297,23.2160438870807,3.66515880797212
"C322A-C350A","322-350",298,3899,8.99555510994074,23.7975947535376,5.37328959142727
"C322A-C350A","322-350",299,3900,8.91555398891056,23.948419538919,2.67602342082257
"C322A-C350A","322-350",300,3901,10.5956659141446,18.6049889200573,4.65087620211528
"C322A-C350A","322-350",301,3902,19.3396321943546,22.9807714380962,9.25931838717876
"C322A-C350A","322-350",302,3903,18.2661735608185,20.7212678046076,5.21906584014223
"C322A-C350A","322-350",303,3904,17.6253263974076,17.6354556934398,0.519828120198453
"C322A-C350A","322-350",304,3905,18.0812305317944,15.6144802826558,4.1253961381142
"C322A-C350A","322-350",305,3906,17.4102674151008,16.1003847105958,-0.375202688505109
"C322A-C350A","322-350",306,3907,14.2474717820887,14.6337022541668,0.848996158907812
"C322A-C350A","322-350",307,3908,19.0912372018199,18.4648680559661,6.34162179995676
"C322A-C350A","322-350",308,3909,26.3279094709757,20.7296590916209,9.12418952223791
"C322A-C350A","322-350",309,3910,29.6988346792744,21.1730655513524,11.014619757466
"C322A-C350A","322-350",310,3911,27.1204349115482,18.9637731111086,15.6817333586305
"C322A-C350A","322-350",311,3912,32.4732459914559,20.4010740283305,15.1147669367188
"C322A-C350A","322-350",312,3913,27.6881541944848,19.1481453313812,17.1456328157066
"C322A-C350A","322-350",313,3914,31.5436574788277,15.7143397689529,12.2822841006836
"C322A-C350A","322-350",314,3915,32.727375142464,18.0182834055174,8.67785090003144
"C322A-C350A","322-350",315,3916,36.4706269723448,14.2813919981722,15.3637909379688
"C322A-C350A","322-350",316,3917,37.7178008032018,16.1339252946731,13.7930018159809
"C322A-C350A","322-350",317,3918,37.3641364735675,16.7603516348983,12.7018730701613
"C322A-C350A","322-350",318,3919,37.2989990598005,15.0194989040031,13.7544627999208
"C322A-C350A","322-350",319,3920,39.8045012703876,17.2667353009432,12.0331716344117
"C322A-C350A","322-350",320,3921,40.4838238256787,14.4565949341027,11.2720168897858
"C322A-C350A","322-350",321,3922,36.8339837820291,17.56208038103,7.42313821969293
"C322A-C350A","322-350",322,3923,36.4697735593691,18.5385596535412,12.3352977573749
"C322A-C350A","322-350",323,3924,37.8749355005878,19.0811271328765,12.5142067451173
"C322A-C350A","322-350",324,3925,33.0897561177398,22.9456175698977,13.5167648118813
"C322A-C350A","322-350",325,3926,33.9627561453899,22.7043209116871,15.2019914924787
"C322A-C350A","322-350",326,3927,36.3938043832498,24.1688160760145,16.6112783115091
"C322A-C350A","322-350",327,3928,38.1782995036883,21.7945865072912,17.1928474965911
"C322A-C350A","322-350",328,3929,39.5536815676902,25.1914310071709,16.7656974056699
"C322A-C350A","322-350",329,3930,37.4020591406574,21.8865027596406,17.777487602046
"C322A-C350A","322-350",330,3931,45.4199410675044,26.9896134797756,16.5356123772866
"C322A-C350A","322-350",331,3932,36.8527833260136,29.4546903663192,12.5430830995601
"C322A-C350A","322-350",332,3933,33.7082654874301,30.8407671320951,12.9825424401089
"C322A-C350A","322-350",333,3934,33.1871773471551,27.7111228258673,0.16935418774943
"C322A-C350A","322-350",334,3935,32.696439360413,28.8013943778463,3.91430417950484
"C322A-C350A","322-350",335,3936,35.3297844113212,29.2595674088379,5.05060571816788
"C322A-C350A","322-350",336,3937,37.1535086036736,29.0776354883635,6.40093374525095
"C322A-C350A","322-350",337,3938,37.2340068462268,28.4360804864846,3.48761321307169
"C322A-C350A","322-350",338,3939,41.2925728036681,26.8203680986725,-1.39708225176714
"C322A-C350A","322-350",339,3940,45.3294523809541,23.8896769009497,-2.93196283820466
"C322A-C350A","322-350",340,3941,46.338555535936,25.8094870863077,-0.812041228288672
"C322A-C350A","322-350",341,3942,44.7873447326167,30.4015316923736,2.92229922947854
"C322A-C350A","322-350",342,3943,48.691583563078,31.0349165835044,2.38590339944413
"C322A-C350A","322-350",343,3944,50.8163909942813,29.4816066326285,0.781427296679895
"C322A-C350A","322-350",344,3945,49.2185356705431,26.6244058856781,-0.129570721838898
"C322A-C350A","322-350",345,3946,45.5936563361148,28.5778546614194,-2.69711843786358
"C322A-C350A","322-350",346,3947,49.9258351977363,28.4318651336227,2.7640593193589
"C322A-C350A","322-350",347,3948,47.5307823236159,27.4071243747474,5.12857507330651
"C322A-C350A","322-350",348,3949,51.5740531479483,24.661275472408,4.81267928218856
"C322A-C350A","322-350",349,3950,57.1838909393901,25.0230160716987,1.8267304504508
"C322A-C350A","322-350",350,3951,56.7417247311127,23.4084776651702,1.3668847624415
"C322A-C350A","322-350",351,3952,59.1788933946222,18.6639657077552,5.80463479464315
"C322A-C350A","322-350",352,3953,54.6522231636743,23.2356650862542,3.49382193428488
"C322A-C350A","322-350",353,3954,54.3307980558892,21.6911601625289,1.10113984654442
"C322A-C350A","322-350",354,3955,50.071284084169,23.5632845447048,0.799056620111925
"C322A-C350A","322-350",355,3956,41.8715316290262,25.6247877253969,0.807724650814635
"C322A-C350A","322-350",356,3957,37.6574773356596,26.037262941898,-4.32639478993537
"C322A-C350A","322-350",357,3958,35.7862681234435,28.9426951141306,1.71165911513804
"C322A-C350A","322-350",358,3959,33.0256202010626,23.9387570244565,3.34827490631873
"C322A-C350A","322-350",359,3960,35.9390353089982,27.7751753324895,1.46217461619806
"C322A-C350A","322-350",360,3961,36.6533147371969,30.7461888719077,4.7510860762921
"C322A-C350A","322-350",361,3962,36.4452340868906,33.6968113758249,11.639364067042
"C322A-C350A","322-350",362,3963,39.2476150464716,30.507074595577,10.7842890411265
"C322A-C350A","322-350",363,3964,39.8451476022247,27.0654870084482,13.2267607162032
"C322A-C350A","322-350",364,3965,42.3111951005804,29.3358282720687,13.3746145113399
"C322A-C350A","322-350",365,3966,35.5689590759106,33.2532043872057,11.6172858920283
"C322A-C350A","322-350",366,3967,42.3812004359665,34.7665968956567,12.5851731248181
"C322A-C350A","322-350",367,3968,37.4020208651907,36.5982887505998,10.5721395298189
"C322A-C350A","322-350",368,3969,39.2532578758328,39.997404341221,13.9464329503565
"C322A-C350A","322-350",369,3970,33.4724386421861,36.7732393054801,10.247187604216
"C322A-C350A","322-350",370,3971,31.2762934201387,38.9123041322206,9.17060194880113
"C322A-C350A","322-350",371,3972,32.0172888485861,36.4146237929294,13.6189685160757
"C322A-C350A","322-350",372,3973,33.4107951855225,36.0611730750146,18.4931754806126
"C322A-C350A","322-350",373,3974,31.903941856311,37.915482091823,15.6094445575
"C322A-C350A","322-350",374,3975,34.3874076923658,37.267306831886,15.7030953163618
"C322A-C350A","322-350",375,3976,37.713659883941,37.2051523820895,14.3473040805428
"C322A-C350A","322-350",376,3977,31.494269376606,34.6530151912475,16.4171288507828
"C322A-C350A","322-350",377,3978,29.9883773804021,32.9840150277747,13.6533696003596
"C322A-C350A","322-350",378,3979,25.1096495078447,33.2676893063544,13.6332249356738
"C322A-C350A","322-350",379,3980,26.4258642070532,34.3203534745406,15.7044255500929
"C322A-C350A","322-350",380,3981,25.3607051227034,34.365649183062,12.0797358362331
"C322A-C350A","322-350",381,3982,30.9553477180612,32.2479034938387,18.5387727862022
"C322A-C350A","322-350",382,3983,37.8595408759967,31.4180833480053,21.221882047359
"C322A-C350A","322-350",383,3984,43.2957493905805,27.9697351024709,20.1501829269054
"C322A-C350A","322-350",384,3985,44.9945364689747,26.6172169242459,19.8296818905943
"C322A-C350A","322-350",385,3986,46.948253486057,27.5457529772673,19.0701147163233
"C322A-C350A","322-350",386,3987,50.0970015368847,29.3719218895542,16.1764395851804
"C322A-C350A","322-350",387,3988,49.7468639887391,32.7669328833112,14.7361653352458
"C322A-C350A","322-350",388,3989,55.8115588312133,37.3093586754243,10.5036216433523
"C322A-C350A","322-350",389,3990,50.2818622051531,36.212666434121,12.8617339349945
"C322A-C350A","322-350",390,3991,55.4491502568216,39.3464377980974,10.6674027259354
"C322A-C350A","322-350",391,3992,52.4249617546668,39.4067788326179,10.1538211164541
"C322A-C350A","322-350",392,3993,46.284336551299,39.9418516118496,16.9753133520922
"C322A-C350A","322-350",393,3994,41.3661759523388,39.9513458714417,17.9792915513012
"C322A-C350A","322-350",394,3995,42.5580588622789,39.6516308239112,16.231992033666
"C322A-C350A","322-350",395,3996,46.6443044463257,38.4824261855444,11.1304992888579
"C322A-C350A","322-350",396,3997,41.9139381799748,40.369592102066,12.7658621431892
"C322A-C350A","322-350",397,3998,46.1261307243725,39.4385495143113,7.31559972428143
"C322A-C350A","322-350",398,3999,47.4134776204572,41.4597325111191,8.89661811679583
"C322A-C350A","322-350",399,4000,45.209110225755,41.8161709239491,7.69588208262478
"C322A-C350A","322-350",400,4001,49.1188356348922,40.1373065092892,10.3786815612111
"C328A-C350A","328-350",1,4002,38.1302596739344,-10.8012883129584,28.250793200012
"C328A-C350A","328-350",2,4003,35.9275915509072,-7.45747257562914,30.3794818323678
"C328A-C350A","328-350",3,4004,26.5231118011787,-7.7984895975603,31.7899730636706
"C328A-C350A","328-350",4,4005,24.3693128829535,-2.4495557636346,27.4474736655659
"C328A-C350A","328-350",5,4006,29.4823347691377,-4.28459001728748,26.2725455092112
"C328A-C350A","328-350",6,4007,32.4475253941269,-6.77596753998609,24.6776635763924
"C328A-C350A","328-350",7,4008,33.5181825484919,-8.74667044261182,25.9941417704378
"C328A-C350A","328-350",8,4009,32.4613263164848,-7.57057416074875,21.489435960269
"C328A-C350A","328-350",9,4010,25.7147049413137,-9.35326471689037,24.5532699863503
"C328A-C350A","328-350",10,4011,23.0582378479616,-9.33336924729565,29.3641723134303
"C328A-C350A","328-350",11,4012,20.1788904593721,-9.52736224321987,27.8471382818391
"C328A-C350A","328-350",12,4013,15.4750006536547,-7.97957892926751,28.4783260975144
"C328A-C350A","328-350",13,4014,18.2556148610324,-5.76454509566018,24.1308892113746
"C328A-C350A","328-350",14,4015,16.5035462600319,-7.92423513142527,26.0350456741989
"C328A-C350A","328-350",15,4016,9.58864337006979,-8.94256673108578,25.761654116046
"C328A-C350A","328-350",16,4017,12.2606955024816,-7.41578760703527,27.9823316038224
"C328A-C350A","328-350",17,4018,18.4459932338613,-7.05328853199842,30.9239305618683
"C328A-C350A","328-350",18,4019,16.8330585091121,-5.17458530459138,30.2381596094312
"C328A-C350A","328-350",19,4020,18.9434070837789,-5.12086874273707,31.6065478567369
"C328A-C350A","328-350",20,4021,19.4899735082115,-4.96837620261891,31.6154115657956
"C328A-C350A","328-350",21,4022,17.0229033831664,-5.08442676205616,29.8014570419683
"C328A-C350A","328-350",22,4023,17.1170163898124,-6.21700066093128,29.8926702100542
"C328A-C350A","328-350",23,4024,20.6096280953665,-9.83045443685356,32.5943073702327
"C328A-C350A","328-350",24,4025,19.2047966241757,-7.41015200049793,32.9311517572161
"C328A-C350A","328-350",25,4026,27.4173051352349,-8.06330104023296,31.4640699790724
"C328A-C350A","328-350",26,4027,27.4569665038943,-7.98791080695338,28.7794766205482
"C328A-C350A","328-350",27,4028,31.8803404578898,-6.23130660132666,28.1009527181029
"C328A-C350A","328-350",28,4029,27.3947671366663,-8.81206720689043,30.3245785688697
"C328A-C350A","328-350",29,4030,23.8629871802322,-6.57566400174179,29.0595190551654
"C328A-C350A","328-350",30,4031,17.3235660935046,-4.29643388681408,27.4346365916238
"C328A-C350A","328-350",31,4032,16.7749537802135,-6.2150163274775,26.89050291777
"C328A-C350A","328-350",32,4033,24.4425134212231,-9.11001832335099,24.2100209083116
"C328A-C350A","328-350",33,4034,27.8516895075032,-10.8504008143662,25.7401503671939
"C328A-C350A","328-350",34,4035,26.234848281486,-12.6289073868137,27.9268072387626
"C328A-C350A","328-350",35,4036,22.4336081112986,-10.7169123960476,27.9687571800272
"C328A-C350A","328-350",36,4037,29.1342296792312,-8.96439128356781,27.4122338607138
"C328A-C350A","328-350",37,4038,26.3196069889948,-9.25443137901335,27.464493369972
"C328A-C350A","328-350",38,4039,26.1666080201361,-5.81254787887493,21.207511784989
"C328A-C350A","328-350",39,4040,24.7585604058628,-6.89024757801204,25.7880243381625
"C328A-C350A","328-350",40,4041,26.3529137283402,-6.15302086169275,27.3735737772609
"C328A-C350A","328-350",41,4042,31.6324048501134,-8.69292738884785,29.4804264028308
"C328A-C350A","328-350",42,4043,30.396089534849,-7.76425928125559,32.4892309488043
"C328A-C350A","328-350",43,4044,37.9517556073082,-9.4955452230912,30.8421396158501
"C328A-C350A","328-350",44,4045,32.4637874051546,-11.4770879342291,33.0847065973364
"C328A-C350A","328-350",45,4046,38.5032108130188,-12.0328617437596,32.8918887973252
"C328A-C350A","328-350",46,4047,31.7392404352898,-9.39133545165025,32.5069771111663
"C328A-C350A","328-350",47,4048,27.9332231049033,-8.83068577768718,33.1392764362928
"C328A-C350A","328-350",48,4049,26.3187144598321,-8.95932030297636,33.3203781099962
"C328A-C350A","328-350",49,4050,33.152247411966,-7.5032846586243,30.6243415467604
"C328A-C350A","328-350",50,4051,30.6865920576794,-13.6898247536049,31.5274682158094
"C328A-C350A","328-350",51,4052,32.313815647357,-13.0088941876814,28.9563293499137
"C328A-C350A","328-350",52,4053,38.1671275970126,-10.8175847341606,28.6287379436327
"C328A-C350A","328-350",53,4054,42.0860475922148,-12.3844171237894,25.6918006639992
"C328A-C350A","328-350",54,4055,35.6118588606358,-13.6078273712333,29.4589855145781
"C328A-C350A","328-350",55,4056,37.6540462349365,-15.0084938652292,26.8543646037918
"C328A-C350A","328-350",56,4057,34.1914781683491,-14.8060453175284,29.6746039167436
"C328A-C350A","328-350",57,4058,29.205522345367,-15.0014418325818,32.4040404630304
"C328A-C350A","328-350",58,4059,30.5791311361324,-16.9985751998357,31.9382780551067
"C328A-C350A","328-350",59,4060,29.8301909895698,-14.3034571121549,33.7482528494112
"C328A-C350A","328-350",60,4061,33.8448003451335,-14.677278452234,32.4046759498386
"C328A-C350A","328-350",61,4062,29.8596251373019,-14.2001383644375,34.0623854488691
"C328A-C350A","328-350",62,4063,29.5884489829383,-18.4310074409744,30.9498500302752
"C328A-C350A","328-350",63,4064,33.8378823503651,-18.6714945137262,27.961182288446
"C328A-C350A","328-350",64,4065,34.1365654931814,-21.6803072461218,28.7831458295908
"C328A-C350A","328-350",65,4066,37.2459478192906,-25.1095312536551,28.2921115011678
"C328A-C350A","328-350",66,4067,38.1718561450915,-30.2616010681743,31.1615051215768
"C328A-C350A","328-350",67,4068,36.0054956118401,-29.3943017407235,33.0455567375747
"C328A-C350A","328-350",68,4069,41.7540085157196,-28.9985684627973,31.208774952785
"C328A-C350A","328-350",69,4070,49.9759312543415,-24.7038757248029,30.6128280164085
"C328A-C350A","328-350",70,4071,48.331047771583,-27.7156332002884,32.2394751469185
"C328A-C350A","328-350",71,4072,46.5636879750689,-26.0296420494871,31.902706968189
"C328A-C350A","328-350",72,4073,42.021626904567,-26.0260437952463,32.864552188607
"C328A-C350A","328-350",73,4074,39.8113509375584,-25.0553750519948,33.0010677891588
"C328A-C350A","328-350",74,4075,34.0070948994207,-28.871941753655,32.6595235944066
"C328A-C350A","328-350",75,4076,28.4173587541472,-29.1784886043744,33.278917725782
"C328A-C350A","328-350",76,4077,24.7242018867305,-28.4860553871311,34.4964273052704
"C328A-C350A","328-350",77,4078,24.7611721432842,-29.66877194162,34.648930203006
"C328A-C350A","328-350",78,4079,27.9636011934197,-27.657328808346,34.9450733544334
"C328A-C350A","328-350",79,4080,28.9510966967712,-25.0258883244031,35.1416286414232
"C328A-C350A","328-350",80,4081,31.5608057527462,-22.0032878356547,34.3183126710168
"C328A-C350A","328-350",81,4082,31.3285904503365,-22.3039531674936,34.3763830883611
"C328A-C350A","328-350",82,4083,29.5246076768961,-20.5157151278096,35.1878366306554
"C328A-C350A","328-350",83,4084,25.958907899081,-21.0898293904069,36.0235604955013
"C328A-C350A","328-350",84,4085,30.0888916763867,-21.1887639440104,35.5494639116338
"C328A-C350A","328-350",85,4086,26.3948473803829,-23.649231192181,35.6900087185332
"C328A-C350A","328-350",86,4087,29.9739569963199,-24.5314659272536,35.6809003653146
"C328A-C350A","328-350",87,4088,23.107320910023,-20.3530190205611,35.8449456166534
"C328A-C350A","328-350",88,4089,18.592003794106,-18.1318661557304,35.0864307675058
"C328A-C350A","328-350",89,4090,19.8321444316883,-19.6549264420864,37.2408122031206
"C328A-C350A","328-350",90,4091,20.1409870589768,-18.8311731873439,36.3246027350526
"C328A-C350A","328-350",91,4092,11.6231461840341,-13.0551043686562,38.9479963291199
"C328A-C350A","328-350",92,4093,9.61427405765853,-12.0769356875178,38.5936013629321
"C328A-C350A","328-350",93,4094,5.75669084691469,-14.1168747649019,39.960297486446
"C328A-C350A","328-350",94,4095,4.74898002191216,-16.2154278463509,39.4406214738604
"C328A-C350A","328-350",95,4096,3.70582111205167,-18.0298491239801,39.5103274736745
"C328A-C350A","328-350",96,4097,5.16172471219806,-19.0910380594927,40.5504075906216
"C328A-C350A","328-350",97,4098,6.37777521772262,-16.5993507931211,40.1558031517304
"C328A-C350A","328-350",98,4099,3.10617376129654,-14.0843723031802,39.7097565019376
"C328A-C350A","328-350",99,4100,6.88206985427272,-17.4244284210367,39.6594993684647
"C328A-C350A","328-350",100,4101,5.51003468878712,-18.7285873988305,39.7647747507301
"C328A-C350A","328-350",101,4102,11.0545267307673,-16.7812971697009,38.5947317980818
"C328A-C350A","328-350",102,4103,11.3741298638918,-17.7468687759001,37.2708230351852
"C328A-C350A","328-350",103,4104,11.6031641911543,-21.3738675390662,34.1978346524017
"C328A-C350A","328-350",104,4105,5.55674972972694,-15.5547958775099,35.157444153835
"C328A-C350A","328-350",105,4106,-3.86051960717533,-16.7442756887917,36.7048364299874
"C328A-C350A","328-350",106,4107,-7.09060660921994,-17.0082236944057,37.8265081229535
"C328A-C350A","328-350",107,4108,-5.8807504924529,-14.6661771755867,38.0719173492715
"C328A-C350A","328-350",108,4109,-0.0146132097204649,-16.1187383040885,34.9989460140976
"C328A-C350A","328-350",109,4110,-0.711572923818642,-21.1681892687583,36.7665335805219
"C328A-C350A","328-350",110,4111,-6.01038925313166,-18.2148888627589,38.4046012383828
"C328A-C350A","328-350",111,4112,-5.0711167464379,-21.7525314549977,39.8670557792195
"C328A-C350A","328-350",112,4113,-4.41300214522892,-22.4547030983241,40.6511224573272
"C328A-C350A","328-350",113,4114,-5.30067427610366,-22.8920759468877,40.2762464690505
"C328A-C350A","328-350",114,4115,-7.08216599462829,-22.8390034443996,42.0735361183413
"C328A-C350A","328-350",115,4116,5.13344086662347,-19.9987211880242,40.9097404741505
"C328A-C350A","328-350",116,4117,-0.856064203757916,-22.1946225906747,41.4785692035093
"C328A-C350A","328-350",117,4118,-3.31786666491882,-26.9112098723681,41.430595775155
"C328A-C350A","328-350",118,4119,-0.441899897117812,-25.2668113165111,40.8574845940717
"C328A-C350A","328-350",119,4120,2.55631290133796,-23.2095482855584,39.6412611489619
"C328A-C350A","328-350",120,4121,4.88477307322998,-23.1346636539041,39.7631143763282
"C328A-C350A","328-350",121,4122,10.0558407321118,-25.4722029515683,39.4966769401156
"C328A-C350A","328-350",122,4123,12.9685131785931,-32.8832088566715,39.9231852813058
"C328A-C350A","328-350",123,4124,4.92216335736791,-32.9139882652658,38.4859286601192
"C328A-C350A","328-350",124,4125,10.7759418135865,-28.0346165574355,35.6705402368728
"C328A-C350A","328-350",125,4126,5.91482809368034,-29.445473503989,37.2470962203925
"C328A-C350A","328-350",126,4127,3.76383469181099,-30.047351464435,38.1196132351323
"C328A-C350A","328-350",127,4128,9.46840155183434,-30.6299329742352,37.9118577138199
"C328A-C350A","328-350",128,4129,19.1170690760874,-26.9904124679188,37.9430170769051
"C328A-C350A","328-350",129,4130,23.0483981850518,-28.2410444077161,35.6502654378391
"C328A-C350A","328-350",130,4131,23.4415278469519,-27.7280305091531,34.892406830316
"C328A-C350A","328-350",131,4132,25.6620013963384,-28.5761984210975,34.8996128348386
"C328A-C350A","328-350",132,4133,29.797635815532,-28.4495937311041,32.9224436405921
"C328A-C350A","328-350",133,4134,25.9629664044371,-34.0119880537048,30.658679906801
"C328A-C350A","328-350",134,4135,31.2930421814113,-32.446386703205,31.097676910537
"C328A-C350A","328-350",135,4136,33.8614618395528,-29.430358645595,27.8762338327702
"C328A-C350A","328-350",136,4137,39.0117554638268,-31.0483362894531,27.3162757098916
"C328A-C350A","328-350",137,4138,34.071747350223,-32.8011641096548,30.453927625209
"C328A-C350A","328-350",138,4139,32.8336045994573,-28.3589785274649,28.9668346322247
"C328A-C350A","328-350",139,4140,34.7787766504078,-25.5090373901994,27.3280145116558
"C328A-C350A","328-350",140,4141,33.3969271391813,-26.1103974551485,26.9078439413557
"C328A-C350A","328-350",141,4142,29.8132867213555,-25.6695274253789,27.7765376649393
"C328A-C350A","328-350",142,4143,27.4402860152714,-20.9308827511566,30.5010499064541
"C328A-C350A","328-350",143,4144,28.2911985097474,-22.805880280708,28.4454196348426
"C328A-C350A","328-350",144,4145,25.2877714171462,-22.8787647821916,30.0275341945672
"C328A-C350A","328-350",145,4146,28.3039650612675,-26.0134088827803,23.5603815603583
"C328A-C350A","328-350",146,4147,28.9164535727903,-26.8663980239402,24.0754175162557
"C328A-C350A","328-350",147,4148,20.3677445083776,-20.8676347631235,25.6504265243601
"C328A-C350A","328-350",148,4149,21.6630262221083,-21.19952671227,25.3023485752322
"C328A-C350A","328-350",149,4150,30.1978456195836,-19.8350273006883,21.988740060359
"C328A-C350A","328-350",150,4151,26.0124418189703,-17.9511620678071,27.8809457427176
"C328A-C350A","328-350",151,4152,22.4221310701052,-16.3287330601338,29.2100633451473
"C328A-C350A","328-350",152,4153,26.5898590143794,-16.2371493535255,30.8328701094803
"C328A-C350A","328-350",153,4154,21.7500468566121,-19.917123408571,27.3581782097216
"C328A-C350A","328-350",154,4155,28.6818062255723,-22.2217794403254,23.6311333501486
"C328A-C350A","328-350",155,4156,25.6375055966286,-21.732947069635,24.7740371245888
"C328A-C350A","328-350",156,4157,23.1781541294266,-20.2842831134216,23.1614892367426
"C328A-C350A","328-350",157,4158,29.0808081985907,-21.20084832242,25.3426535543753
"C328A-C350A","328-350",158,4159,29.8266954346766,-18.1694273045883,27.3996900792254
"C328A-C350A","328-350",159,4160,25.489860801566,-18.9235094340021,29.6899477736095
"C328A-C350A","328-350",160,4161,25.6990819060911,-17.7291678644748,26.5632817270936
"C328A-C350A","328-350",161,4162,25.7175390061977,-21.2617257516854,18.5597128002475
"C328A-C350A","328-350",162,4163,25.9248779471268,-21.15822422831,25.7637082030827
"C328A-C350A","328-350",163,4164,28.0039726720322,-22.28349593158,22.2157987072916
"C328A-C350A","328-350",164,4165,32.3236950193955,-24.0417430009991,24.5688620046918
"C328A-C350A","328-350",165,4166,35.0301758739397,-22.0332459563489,23.9163197464291
"C328A-C350A","328-350",166,4167,35.1929591406514,-21.7655316668094,21.4932854667532
"C328A-C350A","328-350",167,4168,35.3063333445338,-19.2380878783766,22.7992890173451
"C328A-C350A","328-350",168,4169,34.1710881035155,-25.4613039234853,19.6085797690592
"C328A-C350A","328-350",169,4170,29.5784011072677,-25.3486811788285,20.1646070399405
"C328A-C350A","328-350",170,4171,34.4928241433796,-23.6150891933036,26.5065038250412
"C328A-C350A","328-350",171,4172,35.5179799616902,-25.5082389186488,25.6419039643531
"C328A-C350A","328-350",172,4173,31.5149329411413,-19.654838051392,25.0155689200743
"C328A-C350A","328-350",173,4174,24.5350020385506,-18.4155720739139,24.120108758118
"C328A-C350A","328-350",174,4175,23.3805471929934,-16.0705898529481,29.0706052702894
"C328A-C350A","328-350",175,4176,22.4747838197242,-17.5611264815915,30.4200171179079
"C328A-C350A","328-350",176,4177,24.0664545978679,-13.3649043360598,32.7415666394956
"C328A-C350A","328-350",177,4178,29.4719264494074,-8.8573194591059,32.482566380205
"C328A-C350A","328-350",178,4179,30.5159807358814,-8.84381843161777,30.9458818104869
"C328A-C350A","328-350",179,4180,30.7374041675977,-7.08505434374643,32.2348526561398
"C328A-C350A","328-350",180,4181,31.2507754929231,-11.7823660351452,27.4910064452667
"C328A-C350A","328-350",181,4182,23.3458090919876,-12.6970233036901,30.3956473551719
"C328A-C350A","328-350",182,4183,24.270941755878,-15.2796938721773,25.4714795411844
"C328A-C350A","328-350",183,4184,25.5290654069232,-11.8988684875575,27.0240145030695
"C328A-C350A","328-350",184,4185,27.7692044891329,-16.114166626389,22.7866377754249
"C328A-C350A","328-350",185,4186,30.6855552504261,-15.7433859312407,23.0608940421193
"C328A-C350A","328-350",186,4187,29.5495547432585,-18.3694183390834,28.9330999898921
"C328A-C350A","328-350",187,4188,26.2034079645508,-18.8689944116419,31.8256221520445
"C328A-C350A","328-350",188,4189,22.1826579947298,-16.9456244728367,32.1490163769383
"C328A-C350A","328-350",189,4190,15.8310174923777,-18.8365741057614,33.2774274332925
"C328A-C350A","328-350",190,4191,20.2924645725849,-18.580910915572,34.318034094033
"C328A-C350A","328-350",191,4192,18.4492844220018,-18.3558369461685,35.4922950056936
"C328A-C350A","328-350",192,4193,11.5880902921295,-15.8154829256852,36.4120613640074
"C328A-C350A","328-350",193,4194,18.7221986069319,-17.4284892988056,35.9767006750543
"C328A-C350A","328-350",194,4195,22.205461688172,-20.1467424542654,36.6051335879907
"C328A-C350A","328-350",195,4196,22.4008336273198,-16.6388562740436,36.4057545615764
"C328A-C350A","328-350",196,4197,22.7979589506132,-13.7650953327173,38.0159898666898
"C328A-C350A","328-350",197,4198,21.0038308015001,-10.1495370741801,37.88167308461
"C328A-C350A","328-350",198,4199,18.0470447513355,-12.6321034430517,39.1206647019864
"C328A-C350A","328-350",199,4200,21.8417674319509,-10.8768529648739,36.395783340272
"C328A-C350A","328-350",200,4201,21.6646580213182,-8.01880828203122,36.0334632433795
"C328A-C350A","328-350",201,4202,19.8587306979636,-4.66328061367909,35.7584743231208
"C328A-C350A","328-350",202,4203,24.1323608659464,-3.82637646027731,36.2628748183662
"C328A-C350A","328-350",203,4204,26.2859611649632,-7.67060578156284,34.4790465548919
"C328A-C350A","328-350",204,4205,29.3211945339714,-7.54297635604179,33.7449222470351
"C328A-C350A","328-350",205,4206,34.5240263611418,-10.0083944269195,32.8443866005011
"C328A-C350A","328-350",206,4207,36.7234332961248,-10.579125433084,32.5078884021459
"C328A-C350A","328-350",207,4208,32.026938413116,-6.77141745109175,34.0478284474482
"C328A-C350A","328-350",208,4209,36.4911519083635,-6.14898673949104,32.9053602760105
"C328A-C350A","328-350",209,4210,39.4548628877249,-11.2216363123231,31.8693762649622
"C328A-C350A","328-350",210,4211,43.5496528758778,-16.9447335477618,28.9299005901656
"C328A-C350A","328-350",211,4212,46.4796201065647,-16.1534487680028,30.7698470708885
"C328A-C350A","328-350",212,4213,52.5084552393339,-19.5511405599138,30.3425167412421
"C328A-C350A","328-350",213,4214,54.6866542586806,-18.2100439051505,28.7279846580355
"C328A-C350A","328-350",214,4215,49.9991561653515,-19.930891317495,28.536354313705
"C328A-C350A","328-350",215,4216,44.86047353155,-15.0567132715648,31.8837320676909
"C328A-C350A","328-350",216,4217,38.6578837765213,-17.4638481704818,31.2735428718816
"C328A-C350A","328-350",217,4218,37.9724360427057,-17.6614993011633,27.8101608569138
"C328A-C350A","328-350",218,4219,38.7760108514801,-18.7236632156466,27.6277827518431
"C328A-C350A","328-350",219,4220,35.7900232199762,-15.8658759912194,31.252537072062
"C328A-C350A","328-350",220,4221,28.0448549659525,-21.7912450255484,29.7674176198501
"C328A-C350A","328-350",221,4222,25.9290745045373,-21.1536143691069,26.8503202058173
"C328A-C350A","328-350",222,4223,26.2809035087864,-15.4694515603037,32.3026822106271
"C328A-C350A","328-350",223,4224,24.7861144096285,-10.4319372520865,30.9632794265987
"C328A-C350A","328-350",224,4225,27.0683080199564,-12.6644779825242,29.432212762107
"C328A-C350A","328-350",225,4226,30.2169690885505,-13.6596454607821,26.7105165444773
"C328A-C350A","328-350",226,4227,32.8287745107265,-11.083408868957,29.718185697285
"C328A-C350A","328-350",227,4228,33.5863166055284,-13.6092294825402,30.1225227824772
"C328A-C350A","328-350",228,4229,40.5445590076077,-13.6287890170735,25.7000846494781
"C328A-C350A","328-350",229,4230,41.1285955284576,-14.3780929081763,24.4908786639508
"C328A-C350A","328-350",230,4231,37.3746313805215,-11.953993898621,23.3496885285324
"C328A-C350A","328-350",231,4232,37.0299613121589,-10.6041027759636,19.4067240426036
"C328A-C350A","328-350",232,4233,39.4417439159444,-11.6686678215356,22.0338729903635
"C328A-C350A","328-350",233,4234,38.978030519204,-14.1609393385724,24.0512216155175
"C328A-C350A","328-350",234,4235,46.7907801854696,-13.2003440909846,23.0996371702606
"C328A-C350A","328-350",235,4236,46.7969660273238,-11.3400812943392,22.4020551885307
"C328A-C350A","328-350",236,4237,45.1258220582022,-14.059290407545,23.091703575245
"C328A-C350A","328-350",237,4238,43.2695489094199,-18.4310354241227,17.416042545156
"C328A-C350A","328-350",238,4239,41.8064057509301,-22.46548692931,19.9212618378964
"C328A-C350A","328-350",239,4240,46.763826719336,-18.3530722798887,19.6859391948666
"C328A-C350A","328-350",240,4241,42.5730649750795,-19.9731769048643,25.2722286747535
"C328A-C350A","328-350",241,4242,45.2774462275591,-23.8868562592558,19.2661972618907
"C328A-C350A","328-350",242,4243,51.1644787125118,-20.0298711414586,20.2963412090531
"C328A-C350A","328-350",243,4244,51.4400557885215,-14.8136792792836,24.0084165428611
"C328A-C350A","328-350",244,4245,50.5960092083814,-18.2223416132863,25.9555217347157
"C328A-C350A","328-350",245,4246,47.9341735609357,-17.639758535678,30.7865309566614
"C328A-C350A","328-350",246,4247,50.0902232060604,-11.1402267637046,31.1002407126314
"C328A-C350A","328-350",247,4248,48.1013444516669,-11.8831351512379,31.6882004499409
"C328A-C350A","328-350",248,4249,54.5376891229794,-14.5763101126287,30.0538424528568
"C328A-C350A","328-350",249,4250,47.7187798974997,-21.0875421925733,32.0328464095807
"C328A-C350A","328-350",250,4251,43.9169111059659,-20.8957212333706,32.7451170351661
"C328A-C350A","328-350",251,4252,36.1537960238773,-24.1417323360826,34.2438324573802
"C328A-C350A","328-350",252,4253,30.1937071479658,-27.7312857995779,36.0658795846492
"C328A-C350A","328-350",253,4254,33.157140619668,-27.6696478375458,33.755928739438
"C328A-C350A","328-350",254,4255,38.9945281434344,-29.2400798113537,32.2599492277365
"C328A-C350A","328-350",255,4256,35.3400279099218,-24.309025887637,32.4028831637521
"C328A-C350A","328-350",256,4257,31.3862899005622,-23.8603589715714,34.8832314497943
"C328A-C350A","328-350",257,4258,26.706736317329,-23.6543280534833,37.0000923733561
"C328A-C350A","328-350",258,4259,25.9288596848762,-20.5807890965967,35.4184354585145
"C328A-C350A","328-350",259,4260,26.0016049883522,-21.2250876693988,33.5760339314717
"C328A-C350A","328-350",260,4261,30.4371543770944,-26.4372596146445,29.8710462559899
"C328A-C350A","328-350",261,4262,29.4983806245038,-24.7284750597748,30.1782936245594
"C328A-C350A","328-350",262,4263,29.9214933186948,-25.6913318035872,28.9488563816635
"C328A-C350A","328-350",263,4264,27.6713071141176,-24.9433860954787,29.3558635743257
"C328A-C350A","328-350",264,4265,23.2236245863701,-19.0211262557972,33.3572397558228
"C328A-C350A","328-350",265,4266,19.3787319932856,-20.6839729964109,36.1513362845854
"C328A-C350A","328-350",266,4267,14.8587935496218,-23.5589495368108,37.2215447482323
"C328A-C350A","328-350",267,4268,12.7054078102232,-21.4029809779486,38.2195973742334
"C328A-C350A","328-350",268,4269,15.8976054820585,-21.8144818588854,36.412976971252
"C328A-C350A","328-350",269,4270,23.7280408629646,-14.8347497889777,36.6206535311986
"C328A-C350A","328-350",270,4271,32.9345745550491,-14.0863725976914,35.7247308432734
"C328A-C350A","328-350",271,4272,24.1200317337683,-15.4706137059394,36.784424734843
"C328A-C350A","328-350",272,4273,21.6791566508563,-17.4406136928331,31.1802343945326
"C328A-C350A","328-350",273,4274,18.8666457130281,-15.413645877133,30.3126035743955
"C328A-C350A","328-350",274,4275,23.2358803556945,-13.6401633722013,29.8101028611566
"C328A-C350A","328-350",275,4276,22.7542776531029,-14.6045434317707,30.7372161787764
"C328A-C350A","328-350",276,4277,23.5579051656754,-14.5837301924814,28.5767589260738
"C328A-C350A","328-350",277,4278,31.1903204570127,-15.698651248689,27.908666908972
"C328A-C350A","328-350",278,4279,25.2724134983066,-15.6227059866277,27.1668645006997
"C328A-C350A","328-350",279,4280,25.4928498155792,-16.4581391390224,23.252952874116
"C328A-C350A","328-350",280,4281,31.1817211008547,-12.2005126944921,23.2285082875177
"C328A-C350A","328-350",281,4282,28.1221102750941,-9.96925016234075,24.7852308239266
"C328A-C350A","328-350",282,4283,26.6195464402262,-10.0267342332973,26.8074704965345
"C328A-C350A","328-350",283,4284,23.5579120350938,-13.9894952903293,26.5050023331984
"C328A-C350A","328-350",284,4285,17.6076040912897,-12.7283789866071,29.4619898149289
"C328A-C350A","328-350",285,4286,14.1069998554888,-17.0668956176185,31.4071579889492
"C328A-C350A","328-350",286,4287,10.0954485011674,-17.2963708368871,29.6997076978481
"C328A-C350A","328-350",287,4288,8.30643370822278,-15.5709219439862,27.9190539749095
"C328A-C350A","328-350",288,4289,15.5400414909136,-14.7664892184433,31.4345563829989
"C328A-C350A","328-350",289,4290,13.2067818062461,-14.9060362306414,32.2744020154507
"C328A-C350A","328-350",290,4291,6.903063288379,-12.7172020917969,31.5295262285151
"C328A-C350A","328-350",291,4292,4.82790861441665,-17.0518642414739,33.9786832967843
"C328A-C350A","328-350",292,4293,6.20916567419186,-18.0158368607351,33.2599245052609
"C328A-C350A","328-350",293,4294,8.92740320021943,-17.7371169568627,32.4173860496751
"C328A-C350A","328-350",294,4295,10.6247645723392,-17.5627305629926,33.0540279291684
"C328A-C350A","328-350",295,4296,8.83681440540439,-17.3098699710483,27.6948657010857
"C328A-C350A","328-350",296,4297,7.93413765745676,-23.1387801311179,31.2520628970008
"C328A-C350A","328-350",297,4298,10.0512946839967,-22.480628350982,30.7051221923703
"C328A-C350A","328-350",298,4299,8.35519047805213,-26.6957177388911,32.8591300484264
"C328A-C350A","328-350",299,4300,9.35761189938109,-25.9194162323309,28.0492300661883
"C328A-C350A","328-350",300,4301,7.27242331366361,-23.8687616066087,30.488810642515
"C328A-C350A","328-350",301,4302,1.093461933237,-22.5322981750045,32.5474864882788
"C328A-C350A","328-350",302,4303,-0.996781393045135,-27.286279084017,31.9095083176205
"C328A-C350A","328-350",303,4304,-1.07967242468819,-28.7478326241378,31.6794872616253
"C328A-C350A","328-350",304,4305,4.09272172198226,-23.8193488300875,25.0847600675123
"C328A-C350A","328-350",305,4306,-2.97227097123442,-24.0132507834959,26.2696771012074
"C328A-C350A","328-350",306,4307,-0.870512037091116,-21.5236454948678,24.6176796127486
"C328A-C350A","328-350",307,4308,-3.00986986242571,-25.1325799329829,24.050929661067
"C328A-C350A","328-350",308,4309,-4.05005623932963,-23.7877601532183,30.6115226072896
"C328A-C350A","328-350",309,4310,1.66603551918492,-22.8748535860941,29.6466028205656
"C328A-C350A","328-350",310,4311,-0.252210449654006,-20.4295011871241,33.5319674074214
"C328A-C350A","328-350",311,4312,3.265438727201,-21.7839816741888,36.0494980983966
"C328A-C350A","328-350",312,4313,3.12373165587894,-24.3710254705001,34.39800711703
"C328A-C350A","328-350",313,4314,-1.32763727744246,-26.7949912857146,35.3279095259106
"C328A-C350A","328-350",314,4315,4.62588539028668,-26.7286161151098,35.0278595619948
"C328A-C350A","328-350",315,4316,9.72850122824189,-24.0569589052828,38.5705740121699
"C328A-C350A","328-350",316,4317,11.1281156214973,-24.8507506234605,38.1337891461853
"C328A-C350A","328-350",317,4318,19.2294331917875,-24.7458046904373,35.180479178066
"C328A-C350A","328-350",318,4319,23.0218657847277,-31.2137205147782,32.4014873705498
"C328A-C350A","328-350",319,4320,31.267462148982,-34.6119099254347,25.4904125558075
"C328A-C350A","328-350",320,4321,31.5557508179554,-32.762820571825,27.0864628031403
"C328A-C350A","328-350",321,4322,31.595391425351,-30.2174586985835,27.8189816281155
"C328A-C350A","328-350",322,4323,24.5542637451275,-29.6514514742709,31.7751890276667
"C328A-C350A","328-350",323,4324,22.3339196120926,-29.6447159099845,32.2950629372485
"C328A-C350A","328-350",324,4325,15.5581268907328,-25.5673561625806,33.6962889997999
"C328A-C350A","328-350",325,4326,20.4219475988571,-25.7155112114203,33.0246655871275
"C328A-C350A","328-350",326,4327,26.0269390235218,-29.4214919084226,33.8493591877916
"C328A-C350A","328-350",327,4328,28.644702447915,-22.2612626839281,33.0939461093711
"C328A-C350A","328-350",328,4329,32.2527574857149,-26.0292694499979,32.8578466040937
"C328A-C350A","328-350",329,4330,24.794002738063,-28.2873493025238,33.4696917490747
"C328A-C350A","328-350",330,4331,24.4199370856044,-29.2361472725908,30.7984058680054
"C328A-C350A","328-350",331,4332,27.5290906075318,-30.9102926697032,28.9795257745842
"C328A-C350A","328-350",332,4333,34.7248689831394,-34.3966634059466,27.6387197090969
"C328A-C350A","328-350",333,4334,31.3214242824448,-33.5402768644486,27.3764007151455
"C328A-C350A","328-350",334,4335,24.2966940327772,-27.5071895457322,31.975511458302
"C328A-C350A","328-350",335,4336,26.8239574914091,-29.4180969924263,33.4963990072594
"C328A-C350A","328-350",336,4337,26.9166015310484,-29.6638809601774,32.7896453243943
"C328A-C350A","328-350",337,4338,30.9081608888709,-26.0815903534233,31.2270266380651
"C328A-C350A","328-350",338,4339,23.2497591752675,-24.7147799742344,29.9648378508181
"C328A-C350A","328-350",339,4340,22.8115933581654,-25.1467789206292,31.5983923835964
"C328A-C350A","328-350",340,4341,18.109374853863,-25.8331002012927,32.1249577004865
"C328A-C350A","328-350",341,4342,19.5026319094563,-21.3031643375704,35.8864131951491
"C328A-C350A","328-350",342,4343,19.9867290253099,-23.991377023131,35.044418950176
"C328A-C350A","328-350",343,4344,18.2570044634771,-22.1497303338088,36.5487764546046
"C328A-C350A","328-350",344,4345,16.8457519055703,-20.8110804933386,36.8257078201557
"C328A-C350A","328-350",345,4346,13.4822863191345,-18.1019951708445,36.9486779647198
"C328A-C350A","328-350",346,4347,12.063987958166,-19.6149551201065,38.1560336797985
"C328A-C350A","328-350",347,4348,20.0097034555084,-17.179503463741,36.5340629829701
"C328A-C350A","328-350",348,4349,23.6245915445189,-14.1255245982583,34.8558652361885
"C328A-C350A","328-350",349,4350,25.0240630761174,-10.8669632435652,36.1791198209993
"C328A-C350A","328-350",350,4351,14.5681836054224,-10.6102649463733,36.5360556254289
"C328A-C350A","328-350",351,4352,16.8726087357771,-5.74256162205841,35.420010803914
"C328A-C350A","328-350",352,4353,15.5199076915628,-11.6303588692531,35.0979914768491
"C328A-C350A","328-350",353,4354,21.7830421692744,-8.88982395363574,32.0462355858632
"C328A-C350A","328-350",354,4355,12.5587163589408,-9.55203876997955,33.9248972382336
"C328A-C350A","328-350",355,4356,11.0714477757776,-9.09088097580556,30.0847277181032
"C328A-C350A","328-350",356,4357,17.449272186943,-6.50034391269284,30.4928932348764
"C328A-C350A","328-350",357,4358,23.3194279528629,-11.3086384765548,26.7797959970945
"C328A-C350A","328-350",358,4359,21.2284030838249,-10.8805066409403,22.2411615568115
"C328A-C350A","328-350",359,4360,20.3935108300875,-10.5455110559377,25.1612360630842
"C328A-C350A","328-350",360,4361,11.7589690424946,-8.42303332029685,30.9690675394211
"C328A-C350A","328-350",361,4362,7.48143515046603,-13.4041108594471,33.1513694246435
"C328A-C350A","328-350",362,4363,7.92098787602683,-12.8225901546947,33.8623737727125
"C328A-C350A","328-350",363,4364,6.59313768812683,-11.3530698528597,34.4062441811115
"C328A-C350A","328-350",364,4365,8.69444764634189,-16.8743382321222,33.0143468926947
"C328A-C350A","328-350",365,4366,7.26156198021489,-16.4943970861136,36.1887034212056
"C328A-C350A","328-350",366,4367,-0.445771867936578,-17.3400109913079,36.1264569311323
"C328A-C350A","328-350",367,4368,-1.02198089615613,-13.4865806011723,37.09657126393
"C328A-C350A","328-350",368,4369,-3.24814571508655,-16.589661646903,39.1880191944936
"C328A-C350A","328-350",369,4370,-6.38960391904643,-15.0769543432122,38.9224950355121
"C328A-C350A","328-350",370,4371,-2.34677775237087,-16.6584391667658,36.5460188530825
"C328A-C350A","328-350",371,4372,4.74851347289114,-20.246070645978,36.9148548920855
"C328A-C350A","328-350",372,4373,4.24257439295442,-18.5054224871211,32.1973890579066
"C328A-C350A","328-350",373,4374,4.55991297062199,-19.3325784838523,30.556474163907
"C328A-C350A","328-350",374,4375,12.7338597554866,-16.0667227664493,30.3127139817536
"C328A-C350A","328-350",375,4376,10.528967606799,-17.6308473353078,31.7732738619346
"C328A-C350A","328-350",376,4377,8.8238482859729,-18.1780321292609,32.6954000084925
"C328A-C350A","328-350",377,4378,17.1893170951914,-19.2877621531729,25.401818816342
"C328A-C350A","328-350",378,4379,15.9940335725487,-20.2253709486117,22.3894835556921
"C328A-C350A","328-350",379,4380,15.0328519418991,-22.6636711924705,23.3661181154253
"C328A-C350A","328-350",380,4381,10.3923392699085,-20.7282285294203,28.0987494966983
"C328A-C350A","328-350",381,4382,12.4380928266736,-17.275804220653,32.9106987379967
"C328A-C350A","328-350",382,4383,8.34236765559014,-22.0203286496182,34.1534289240333
"C328A-C350A","328-350",383,4384,6.51437674196948,-19.9612733751583,36.4177134912953
"C328A-C350A","328-350",384,4385,8.17744161131318,-17.0801667302586,35.0657757667404
"C328A-C350A","328-350",385,4386,14.8466497914967,-19.5773278931008,33.7181963313365
"C328A-C350A","328-350",386,4387,5.30526288901041,-21.2982208257085,35.3309656248252
"C328A-C350A","328-350",387,4388,7.21483329023435,-20.0546977625196,37.9677051206598
"C328A-C350A","328-350",388,4389,4.34937167391745,-16.6106872086091,34.2257735331598
"C328A-C350A","328-350",389,4390,4.3204297658559,-18.4543976567407,33.8048350152225
"C328A-C350A","328-350",390,4391,11.1660570981737,-18.6240714730255,32.6156099371371
"C328A-C350A","328-350",391,4392,12.1989186597056,-17.8954951690647,33.4389413736544
"C328A-C350A","328-350",392,4393,8.17579232367575,-17.1786520350508,33.8474874811945
"C328A-C350A","328-350",393,4394,5.48678356458482,-20.0110647285922,36.7370011672704
"C328A-C350A","328-350",394,4395,8.83079439753273,-18.1985376451426,34.446731166954
"C328A-C350A","328-350",395,4396,-1.60529662715054,-19.9100397031256,34.63502662158
"C328A-C350A","328-350",396,4397,0.0244988597668966,-22.7702926659881,33.2215649424384
"C328A-C350A","328-350",397,4398,-1.34221566565149,-29.8009446732734,31.0061784357737
"C328A-C350A","328-350",398,4399,0.892517402197998,-28.0309182314229,32.4044672068659
"C328A-C350A","328-350",399,4400,6.71930732321918,-22.7479238278555,31.777262752482
"C328A-C350A","328-350",400,4401,1.77117327120069,-21.134752703142,35.1763479137307
